ID,UUID, LocationTitle,AddressLine1,AddressLine2,Town,StateOrProvince,Postcode,Country,Latitude,Longitude,Distance,DistanceUnit,Addr_ContactTelephone1,Addr_ContactTelephone2,Addr_ContactEmail,Addr_AccessComments,Addr_GeneralComments,Addr_RelatedURL,ConnectionType,ChargerType,UsageType,NumberOfPoints,GeneralComments,DateLastConfirmed,StatusType,DateLastStatusUpdate,DateCreated
497946,8E6EFD41-AE79-4EB6-8C15-9DE63BB5B7E5,EL shaddai EV station,"No:544/10 B1,Kumbakonam salai, keezhakollai Marungur",,,Tamil Nadu,607308,,11.63971963,79.55066305,,0,9367637632,7604845895,,,,,,,,1,,,,07-11-26 17:00,07-08-26 16:57
497874,F5B9D9D8-8D58-4032-9478-5425D053E929,EL Shadaai EVCS (Charge Mod),Kumbakonam  Bypass Road,Near NLC Arch Gate,Neyveli,Tamilnadu,607308,,11.64166691,79.55021664,,0,9367637632,7604845895,,,,,,,,1,,,,07-11-26 9:53,07-08-26 9:48
497713,5E2193CC-6853-4613-B84A-8293EC77065E,"Park Inn by Radisson, Vellore","Katpadi Road, Vellore",,Vellore,Tamil Nadu,632004,,12.9321726,79.13688026,,0,4224233600,,,,,http://www.salzernexcharge.com,,,,2,,,,07-10-26 5:42,07-07-26 5:39
496646,B571C0C0-B016-4DEB-885D-3AB81D8355D5,Gali Number 9,Gali Number 9,Civil Lines Tehsil,Delhi,Burari,110084,,28.75191135,77.2008688,,0,,,,,,,,,,1,,,,07-03-26 15:18,06/30/2026 15:14:00
495322,2BEDEA44-D47B-4AC1-9AE0-81233F7C81F4,Salzer EV Charging Station,Coimbatore Bypass,,Madukkarai,Tamil Nadu,641105,,10.8953673,76.94041881,,0,4224233600,4224233677,,Use the Mobile app named Salzer EV to start the EV Charging,,http://www.salzernexcharge.com,,,,2,EV Charging Station operated by Salzer Electronics,,,07-10-26 5:27,06/25/2026 07:05:00
494161,ADD59873-FBB0-4C5F-B30F-75C91C5A2395,SASS EV charging station⛽,"HUDA layout, plot number 111D, Nallagandla, Hyderabad, Telangana",,Nallagandla,Telangana,500019,,17.46701201,78.30910574,,0,7995854617,,,exactly behind DMart Nallagandla,,,,,,4,,,,06/20/2026 03:04:00,06/17/2026 02:59:00
490933,FCFB4CDC-CC2A-445F-B005-6FA45B06CD92,Chargex Chrging Station,"RS 231/2 , Gowripatnam Village , Devarapalle Mandal,",,Devarapalle,Andhra Pradesh,534313,,17.05333623,81.59152434,,0,,,,,,http://chargexindia.com,,,,7,"240Kw , 120 KW, 60KW , CCS2 chargers",,,06/18/2026 16:05:00,05/25/2026 06:45:00
490795,FCE4F6DD-9955-43A4-BB86-3D6651C7EB8E,Hotel Paladin Pride,"SH-61, Thalavaipadu, Pellakur",,Naidupeta,Andhra Pradesh,524126,,13.89066581,79.87981695,,0,9154092666,9959734704,,,,,,,,2,,,,05/27/2026 09:09:00,05/24/2026 09:04:00
489836,C60A5089-5B72-421B-A3C4-CB495791A368,Madhav Midway Treat,NH45,,Udaipura,Madhya Pradesh,464770,,23.09049535,78.48162264,,0,,,,,,,,,,1,,,,05/17/2026 09:50:00,05/17/2026 09:50:00
489138,49C174CE-F579-41D2-8753-BF685D4B3E70,Punjabi Haveli,NH-44,,Jammu,Jammu and Kashmir,,,32.88658102,74.9563885,,0,,,,,,,,,,1,,,,05-12-26 6:51,05-12-26 6:51
488067,B8E2C091-E38D-49CB-BDE8-C55C07EC72C4,G R Charging,E V Charging Station,,,Maharashtra,425438,,21.3402489,74.9376926,,0,,,,,,,,,,2,,,,05-04-26 15:12,05-04-26 15:12
488062,06533FD9-BC83-4BCD-ABDB-964B75FA35B5,Saguna Family Restaurant,NH52,,,Maharashtra,,,17.87700895,75.97602203,,0,,,,,,,,,,2,,,,05-11-26 1:43,05-04-26 6:50
487809,D64CE3A4-4D6D-4374-9FC7-4AD65C536259,Menu 99,Dindigul Puravazhi Saalai,Mettupatti,,Tamil Nadu,624001,,10.33734724,77.95757892,,0,,,,,,,,,,2,,,,05-02-26 6:32,05-02-26 6:32
486925,B71B961F-609E-444B-A120-AED7A6ADC7E2,VeChaarge EV Charging Station - Hilly Aqua,Thodupuzha - Puliyanmala Road,,Muttam,Kerala,685587,,9.857073849,76.72914896,,0,096458 00045,,,,,http://www.vechaarge.in,,,,1,,,,04/28/2026 07:23:00,04/25/2026 07:19:00
485927,3D5C39A4-BE4E-4841-8A77-B710840EAC50,Guntur - Chirala Road,Guntur - Chirala Road,,,Andhra Pradesh,522003,,16.23096782,80.50969931,,0,,,,,,,,,,1,,,,04/20/2026 11:07:00,04/17/2026 11:06:00
485770,9AC048C5-A0AE-4AD3-AEF7-E31200397763,Hotel Shri Durga,"N H75, Kadosi Valya",,Sathikallu,Karnataka,574325,,12.82496944,75.1754366,,0,,,,,,,,,,1,,,,04/16/2026 15:31:00,04/16/2026 15:31:00
485543,C0FC5CA0-9DF4-416A-A879-E32637898E0E,VeChaarge Charging Station,"NH 544, Athani, Nedumbassery, Aluva","Near Mar Athanasius Higher secondary school, Athani, Aluva, Kerala 683585",Athani,Kerala,683585,,10.15896309,76.35822819,,0,+91 9645800045,,,,,http://www.vechaarge.in,,,,2,,,,04/17/2026 04:16:00,04/14/2026 04:12:00
485466,FEC9C019-9CA2-45F9-B438-A5695A36B842,Srinivasa Residency,BM Road,,Sakaleshpura,Karnataka,573134,,12.94513515,75.79442762,,0,,,,,,,,,,1,,,,04/13/2026 16:06:00,04/13/2026 16:06:00
485444,07C5928C-6E9B-4F17-AE62-501FDEE8487F,Shakthi Charging Station,"Opposite Sagar Auditorium, Neharu Nagara,","Narikombu Post, Panemangalore",Bantwal,Karnataka,574231,,12.87898066,75.04671422,,0,,,,,,,,,,1,,,,04/13/2026 16:00:00,04/13/2026 16:00:00
485113,AB974D43-1D69-4350-A9A7-3D92668C66A1,Panchjanya Automobiles,"N H 48 Service Road, Warje",Shivane,Pune,Maharashtra,411058,,18.4826951,73.80274365,,0,,,,,,,,,,1,,,,04-10-26 14:43,04-10-26 14:43
485112,5D0636EA-99CB-4888-8664-5CCC85D4A2BB,Nanded City,"Destination Center, Nanded City Sinhgad Road",Nanded,Pune,Maharashtra,411068,,18.45952287,73.78559864,,0,,,,,,,,,,2,,,,04-10-26 14:39,04-10-26 14:39
485111,9D311C6D-1D61-4CD0-9A74-880004A4BB53,Datsons Electronics Pvt. Ltd,"Gat.No.30, Sinhagad Road, Gorhe Budruk, Tal- Haveli Next To Savali Resort, Off Sinhagad Road, Village Gorhe",Nearest Land-Mark - 3 km Far From Khadakwasla Dam Towards,Pune,Maharashtra,411025,,18.42334583,73.75486583,,0,,,,,,,,,,1,,,,04-10-26 14:32,04-10-26 14:32
485110,73FA1A6C-F6B9-4A8C-91AC-C4951C1273D9,Shell Petrol Pump,"Mumbai - Satara Highway, Vil","near Rasoi Magic, T Bhor, Varve Bk",Pune,Maharashtra,412205,,18.31054253,73.86760941,,0,,,,,,,,,,1,,,,04-10-26 14:26,04-10-26 14:26
485109,88CB937E-4B69-43B2-999F-68AC3E6B4B67,Jio-BP Mobility,"Chainage No 813, NH 48",,Kelawade,Maharashtra,412205,,18.28557563,73.87505233,,0,,,,,,,,,,1,,,,04-10-26 14:23,04-10-26 14:23
485108,BA3EF903-2712-4690-A77E-E8D63CFD77E8,Grand Food Plaza,"N H 48, 562/2",,Kelwade Bhor,Maharashtra,412213,,18.28154498,73.87636353,,0,,,,,,,,,,1,,,,04-10-26 14:21,04-10-26 14:21
485107,7038327D-E519-4139-898A-03D815FBE5B6,Hotel Nanjundeshwara,"Sannappana Palya,",Kyathasandra,Pandithanahalli,Karnataka,572104,,13.28561801,77.18274959,,0,,,,,,,,,,2,,,,04-10-26 14:13,04-10-26 14:13
485099,6304C132-E067-4DC7-BEDB-258CAF732D67,"VeChaarge EV Charging Station - Chemmanda, Thrissur","96M2+G4F, Chemmanda, Kerala 680711, India",,Thrissur,Kerala,680711,,10.38445,76.20057,,0,9645800045,,,,,http://www.vechaarge.in,,,,2,,,,04/13/2026 11:34:00,04-10-26 11:34
484948,AA05D799-C55E-4CE0-A3DC-9D7A7FD2CED5,Sant Sawatamali,"Pandharpur phata,","near Star City, Moh tarf shirwal",,Maharashtra,412801,,18.12750024,73.98387516,,0,,,,,,,,,,1,,,,04-09-26 13:32,04-09-26 13:32
484947,28C9EFDB-F89D-426E-8896-5C18F83AEDC0,The Farmer's Kitchen,"Gate No 321, Near PARI COMPANY",Shirwal,Khandala,Maharashtra,412801,,18.11790759,73.98729378,,0,,,,,,,,,,1,,,,04-09-26 13:29,04-09-26 13:29
484946,8216894E-2170-49D2-8039-E3EDDF533A9C,Hotel Aram Regency,"N H 48, Khambatki Ghat",,Wele,Maharashtra,415517,,18.00265467,73.99485812,,0,,,,,,,,,,1,,,,04-09-26 13:26,04-09-26 13:26
484945,A7F7EDC4-A79C-4444-8D9F-9ACB46FDE9DE,Hotel Ashirwad Inn,Pune - Satara Road,,Wele,Maharashtra,415517,,17.9908306,73.99070514,,0,,,,,,,,,,1,,,,04-09-26 13:25,04-09-26 13:25
484944,32EDA284-B078-4632-B074-B19641F1B30F,OscarWadi Misal,NH 48,,Wele,Maharashtra,415517,,17.98773786,73.98952588,,0,,,,,,,,,,2,,,,04-09-26 13:23,04-09-26 13:23
484943,B814120A-53AA-451E-BD1F-A32D2408E37C,Hotel Sai Park Inn,"Sr. No. 803, A/P Surur",Pune Bangalore Road,Surur,Maharashtra,415517,,17.9778043,73.9881483,,0,,,,,,,,,,1,,,,04-09-26 13:20,04-09-26 13:20
484942,799903F3-276E-436D-A8AA-9D13F128CDFD,Hotel Sai Palace,"N H 48, near JB Petroleum",Joshi Vihir,Anavadi,Maharashtra,415515,,17.91698145,73.97485404,,0,,,,,,,,,,1,,,,04-09-26 13:16,04-09-26 13:16
484941,7A4FB38D-4492-4A7F-BDB6-B80599888271,Hotel Ruchi Park,Madras Bombay Trunk Road,Joshi Vihir,Badewadi,Maharashtra,415515,,17.89954189,73.97251179,,0,,,,,,,,,,1,,,,04-09-26 13:13,04-09-26 13:13
484940,8820A86A-D79D-41E6-AFEB-0F963CC18A2B,Hotel Tatyancha Wada,N H 48,,Asale,Maharashtra,415513,,17.86785874,73.95717787,,0,,,,,,,,,,1,,,,04-09-26 13:11,04-09-26 13:11
484939,533FEBA0-C5E2-4F11-AC3F-50D3326CD51C,Anewadi Toll Plaza,"PSTR Anewadi Toll Plaza, N H 48",,Anewadi,Maharashtra,415020,,17.81036487,73.97103556,,0,,,,,,,,,,1,,,,04-09-26 13:08,04-09-26 13:08
484938,92AAFBC6-A283-4475-950C-4ED03915C256,Amrai Resort,"NH 48, Shendre - Songaon Road",Satara,Shendre,Maharashtra,415519,,17.63772084,74.01241296,,0,,,,,,,,,,3,,,,04-09-26 13:01,04-09-26 13:01
484937,7710F8B2-919D-4A10-B540-9945F4C43B8A,Hotel Rajmarg,Bharatgaonwadi Satara-Kolhapur,"NH 48, Highway",Satara,Maharashtra,415519,,17.60601431,74.03155559,,0,,,,,,,,,,1,,,,04-09-26 12:57,04-09-26 12:57
484936,B25FCADF-D4B6-4E8F-A57E-7C1FE51E2908,Hotel Mahendra,"NH 48, At. Gote Post. Mundhe",Madras Bombay Trunk Road,Gote,Maharashtra,415124,,17.29809581,74.16724216,,0,,,,,,,,,,1,,,,04-09-26 12:54,04-09-26 12:54
484935,0313A20F-9A2B-40C5-8082-E25074C1BBF7,Hotel Sangam,"NH 48, Pune-Bangalore Road",Near Kolhapur Naka,Malkapur,Maharashtra,415110,,17.27376684,74.18033478,,0,,,,,,,,,,1,,,,04-09-26 12:51,04-09-26 12:51
484933,96D7B0E5-9350-47B6-9008-0A58DA687599,Sai Restaurant and Cafe,"NH 48, Kale - Pachwad Road",near by AHPS Academics Helghts Public School,Nandlapur,Maharashtra,415539,,17.22568825,74.1800445,,0,,,,,,,,,,1,,,,04-09-26 12:48,04-09-26 12:48
484931,4A1CD4C9-4CC6-4E6B-9523-0FCC81C790E8,HR Resort,Chandoli Road,,Kale,Maharashtra,415104,,17.20688926,74.15671571,,0,,,,,,,,,,1,,,,04-09-26 12:42,04-09-26 12:42
484930,F7502490-8093-44A3-9DE6-2B7CD40CC44B,One Bite Restaurant & Captains Paradise Lodge,"518, Gate no. 73/2",near Pawar CNG Pump,Kedargaon,Maharashtra,415406,,17.10677267,74.20528463,,0,,,,,,,,,,1,,,,04-09-26 12:40,04-09-26 12:40
484929,3AA7EF5D-5B29-496C-9133-2CF52D9D1D8D,Jio-BP Mobility Station,"NH 48, 600, Bangalore - Pune Highway","near Milestone 645, Walwa",Sangli,Maharashtra,415403,,16.96074918,74.27238858,,0,,,,,,,,,,1,,,,04-09-26 12:35,04-09-26 12:35
484928,12F49BA8-FE7D-4179-BE06-94FDEB7E38A0,Hotel 7/12 Food Mall,opp. to Chetan Motors,"Ghorpade mala, Uchgaon",Kini,Maharashtra,416112,,16.8618706,74.29702276,,0,,,,,,,,,,1,,,,04-09-26 12:33,04-09-26 12:33
484927,E7AEAFBB-F023-4252-83E0-76EA088B8543,Nakshatra Hotel,Opposite Jio Petrol Pump,Vadgaon Kasaba,Peth Vadgoan,Maharashtra,416112,,16.82184906,74.28634525,,0,,,,,,,,,,1,,,,04-09-26 12:29,04-09-26 12:29
484926,9EB30BD7-A648-474C-BDDB-26BD06709979,Jio-BP Mobility Station,"Survey No 335/336, NH 48, Vadgaon Peth",Vadgaon Kasaba,Kolhapur,Maharashtra,416112,,16.82115204,74.28579031,,0,,,,,,,,,,1,,,,04-09-26 12:26,04-09-26 12:26
484925,758736AA-9FCD-41B3-A078-8DD4E60B9D18,Hotel Vanashree Garden,Kolhapur - Sangli Highway,Herle,Kolhapur,Maharashtra,416005,,16.74506412,74.32510322,,0,,,,,,,,,,1,,,,04-09-26 12:22,04-09-26 12:22
484924,87AD3352-C8A1-4484-9AC9-EEC8C8781AD8,Konduskar Kia,"Plot No 6, Pune - Bengaluru Highway, near GNAT Industries","MIDC, Shiroli",Kolhapur,Maharashtra,416122,,16.75365747,74.2789491,,0,,,,,,,,,,1,,,,04-09-26 12:20,04-09-26 12:20
484923,88E1A6CA-0EE4-4799-BAD4-4D9BC430B531,"Unique Hyundai, Shiroli","122/1, Pune-Bangalore Highway",,Shiroli,Maharashtra,416122,,16.73132464,74.28183032,,0,,,,,,,,,,1,,,,04-09-26 12:17,04-09-26 12:17
484922,71B6E01A-8E87-4243-B041-F3203A6FFD8B,Highway Tadka,Goa Road,,Mugad,Karnataka,580007,,15.43949698,74.88361552,,0,,,,,,,,,,2,,,,04-09-26 12:04,04-09-26 12:04
481512,967EE64B-9DF4-4A3D-8D61-0258CD87864C,Reliance Mall,"Site No 61, Subhash Road, Old Dalal Market",Laxmipuri,Kolhapur,Maharashtra,416002,,16.69887651,74.23114175,,0,,,,,,,,,,1,,,,04-08-26 17:30,04-08-26 17:30
481511,B5989086-5E3C-4B67-BA9D-8B55A3FD86DF,Kolhapur Railway Station,"757, 3rd Ln, E Ward",Shahupuri,Kolhapur,Maharashtra,416001,,16.70295635,74.23709669,,0,,,,,,,,,,1,,,,04-08-26 17:27,04-08-26 17:27
481510,1F31263E-FCD2-47B1-98A1-7E76C99D8A1F,MAI Hyundai Kolhapur,"517, E, Ground Floor, GPT Complex, Old Pune-Bangalore Highway",opposite Opal Hotel,Kolhapur,Maharashtra,416001,,16.70238665,74.250298,,0,,,,,,,,,,1,,,,04-08-26 17:24,04-08-26 17:24
481509,6831D2FF-38C6-44D7-85BA-719B7BD42096,CWC Kolhapur - I,Plot M - 12,Shahu Market Yard,Kolhapur,Maharashtra,416005,,16.70252428,74.26649372,,0,,,,,,,,,,1,,,,04-08-26 17:21,04-08-26 17:21
481508,5D05A821-3EF3-44AD-9E6F-EA589F0BF4C9,Hotel Jurkis Thali Junction Kolhapur,"158/1, NH 48 Highway Service Road",near Burger King,Sarnobatwadi,Maharashtra,416004,,16.68280173,74.27190755,,0,,,,,,,,,,1,,,,04-08-26 17:16,04-08-26 17:16
481507,7BFEFD11-98EC-4C7E-8036-59491964920B,Hotel Purn Kolhapuri,NH 48 highway Jajal Petrol Pump,,Kaneriwadi,Maharashtra,416234,,16.62190539,74.29599619,,0,,,,,,,,,,1,,,,04-08-26 17:13,04-08-26 17:13
481506,E9770D4E-EF0E-4E70-8913-550BC7BA1CA8,Hotel Udupi Grand,NH 48 Service Road,Nippani Bypass,Nipani,Karnataka,591237,,16.39544759,74.3733639,,0,,,,,,,,,,1,,,,04-08-26 17:09,04-08-26 17:09
481505,1B484F8B-7003-4483-BF8F-C5F26D267A49,Regenta Resort Belagavi,State Highway 54,"140/1, Jamboti Road",Belagavi,Karnataka,590018,,15.75274449,74.41115324,,0,,,,,,,,,,1,,,,04-08-26 17:04,04-08-26 17:04
481504,944A6532-2B05-4082-9C50-A1DC4B437739,Bellad Hyundai,Dharwad - Goa Road,Kelgeri,Dharwad,Karnataka,580008,,15.46306589,74.97746246,,0,,,,,,,,,,1,,,,04-08-26 16:59,04-08-26 16:59
481503,0441042D-7CA7-4F8D-BDB1-FDE08FB36DA7,Big Mishra Pedha Hubli-Dharwad Highway,"Jogellapur, NH-48 bypass",near Nuggikeri Temple,Hubballi,Karnataka,580114,,15.39447873,75.0085407,,0,,,,,,,,,,1,,,,04-08-26 16:56,04-08-26 16:56
481502,11DDF95E-5C5E-47F1-8D68-2A2AD4132643,Manickbag Automobiles,Dharwad Road,"next to Hans Hotel, Vidya Nagar",Hubballi,Karnataka,580031,,15.36955185,75.11909437,,0,,,,,,,,,,1,,,,04-08-26 16:52,04-08-26 16:52
481501,F61572D1-BDEF-4C60-8BF7-F53DD6F0EBE3,Hotel Punjab Junction,"near Shri Shiva Shakti Dham, Palikoppa",,Agadi,Karnataka,581207,,15.18493648,75.1361246,,0,,,,,,,,,,1,,,,04-08-26 16:48,04-08-26 16:48
481500,AF0F1A8F-687B-42F8-BFA7-532235341410,Paakashala @ Chitradurga,"97/1, NH 48","Kasaba Hobli, Gonuru Grama",Chitradurga,Karnataka,577517,,14.24887928,76.42599147,,0,,,,,,,,,,1,,,,04-08-26 16:41,04-08-26 16:40
481499,96659E36-4761-409B-9212-413C864E1372,Sri Kamadenu Veg Restaurant,Kallambella,,Karijevnahalli,Karnataka,572125,,13.61215891,76.95345953,,0,,,,,,,,,,1,,,,04-08-26 16:32,04-08-26 16:32
481498,1E44D299-01C7-46A7-8A6A-57D86A209516,Shell Recharge Sus Road,Sus Lane Sus,,Pune,Maharashtra,411021,,18.55166848,73.76101557,,0,,,,,,,,,,1,,,,04-08-26 15:13,04-08-26 15:13
481497,4DC7D94B-BD38-431F-84D7-AF8EF2D69351,B4S Baner,"Phase 01, Mohan Nagar, Survey No 36/1, GF, Tierra Viva Society",Baner,Pune,Maharashtra,411045,,18.55341993,73.77066239,,0,,,,,,,,,,1,,,,04-08-26 15:12,04-08-26 15:12
481496,90F72804-3CF6-4EA1-9A16-0220932D9251,"Crystal Kia, Baner","Axis Centra, Baner Road","opposite Bitwise, Baner",Pune,Maharashtra,411069,,18.55734577,73.77053982,,0,,,,,,,,,,1,,,,04-08-26 15:10,04-08-26 15:10
481495,F8467842-8A51-45C1-8BA5-F9A2C92D41CD,Aditya School,"Aditya School, 20, Pancard Club Road","near Aditya English Medium School, Baner",Pune,Maharashtra,411069,,18.56124353,73.7812057,,0,,,,,,,,,,1,,,,04-08-26 15:09,04-08-26 15:09
481494,3B53673A-98DB-4569-86D2-04A9B64A22DF,Amar Business Zone,"Swati Park, Veerbhadra Nagar",Baner,Pune,Maharashtra,411045,,18.56414083,73.77645743,,0,,,,,,,,,,1,,,,04-08-26 15:07,04-08-26 15:07
481493,F3CE9B9F-4CA5-416A-AC77-36324DBF4D67,Balewadi Charge Park,Balewadi,,Pune,Maharashtra,411045,,18.57893576,73.76250207,,0,,,,,,,,,,1,,,,04-08-26 15:05,04-08-26 15:05
481492,58473A27-19AE-4745-8E1D-B68A436C8E50,Gaurav Icon Tower,"Shankar Kalat Nagar, Wakad",Pimpri-Chinchwad,Pune,Maharashtra,411057,,18.59629964,73.75599936,,0,,,,,,,,,,1,,,,04-08-26 15:02,04-08-26 15:02
481491,B436775E-0099-429B-A990-4D1CCB68BBDF,MG Motor B.U. Bhandari Showroom,"Survey No 142, Hissa No 1/2/5 Mumbai Banglore Highway",Wakad,Pune,Maharashtra,411057,,18.59901231,73.75415703,,0,,,,,,,,,,1,,,,04-08-26 15:00,04-08-26 15:00
481489,28688696-218C-42BF-9F00-A344B03D5CF3,Hotel Sayaji Wakad,"135/136, Mumbai-Banglore Bypass Highway, Shankar Kalat Nagar","Wakad,Pimpri-Chinchwad",Pune,Maharashtra,411057,,18.59909099,73.75190356,,0,,,,,,,,,,1,,,,04-08-26 14:57,04-08-26 14:57
481488,4E692823-DF9B-4221-9C7E-F7459AE49A01,Garve Hyundai,"S.No - 136/ 1, A/ 6, Pune - Mumbai Highway","Wakad, Pimpri-Chinchwad",Pune,Maharashtra,411057,,18.59991835,73.75371611,,0,,,,,,,,,,1,,,,04-08-26 14:54,04-08-26 14:54
480935,C615B47A-F76A-442B-9447-F0CBAD2F51CD,Shell Tathawade,"T Mulshi, Bengaluru - Mumbai Highway, Vill,","Tathawade, Pimpri-Chinchwad",Pune,Maharashtra,411033,,18.61358685,73.74883334,,0,,,,,,,,,,1,,,,04-07-26 17:18,04-07-26 17:18
480934,66B6455D-47C5-44D3-99C6-28CFF99FB5C1,"Burger King, Tathawade","Survey No 81/7, Unit No 1, 81/8",Tathawade,Pune,Maharashtra,411033,,18.61652961,73.74773834,,0,,,,,,,,,,1,,,,04-07-26 17:15,04-07-26 17:15
480933,29E64FD7-4231-4903-9DEB-5D1733C81ACE,Tata Motors Tathawade,"S No 129/23/1, near Mehendale Transformer, Ashok Nagar,","Tathawade , Pimpri-Chinchwad",Pune,Maharashtra,411033,,18.62348821,73.74548105,,0,,,,,,,,,,1,,,,04-07-26 17:12,04-07-26 17:12
480932,FD24F5FA-3790-493C-A55C-DDB2C3B2E865,Sai Darbar Hotel,"Ashok Nagar, Tathawade Bearing Gate No-129/2B/1 At Village Tathawde, Taluka-Mulshi, Katraj-Dehu Road Bypass, Ashok Nagar","Tathawade, Pimpri-Chinchwad",Pune,Maharashtra,411033,,18.62389627,73.74563734,,0,,,,,,,,,,2,,,,04-07-26 17:10,04-07-26 17:10
480931,FD400388-5F78-44A5-A025-F2843362CB1C,"Life Republic, Hingewadi","Survey No.74, Marunji, Hinjawadi - Kasarsai Road","Hinjawadi, Mulshi",Pune,Maharashtra,411057,,18.62469386,73.71614384,,0,,,,,,,,,,1,,,,04-07-26 17:05,04-07-26 17:05
480930,BD304687-CD71-45EC-9A19-E394DDF184C2,E Fill Electric Charging Station,"NH4, Ravet",,Pimpri-Chinchwad,Maharashtra,412101,,18.65176178,73.73354792,,0,,,,,,,,,,2,,,,04-07-26 16:59,04-07-26 16:54
480439,02B79248-B1DB-486A-86D0-D73F503E671C,O by Tamara Trivandrum,NH Service Road,Kochuveli,,Kerala,695001,,8.51270013,76.90155717,,0,,,,,,,,,,1,,,,03/16/2026 13:29:00,03/16/2026 13:29:00
480438,48B1E833-B211-41F6-9F26-6A0540FBDC56,Mall Of Travancore,Thiruvananthapuram Bypass,Eanchakkal,,Kerala,695024,,8.487399351,76.92638659,,0,,,,,,,,,,2,,,,03/16/2026 13:25:00,03/16/2026 13:25:00
480437,0BFD05CB-903C-47D2-8DA6-5763A3CCDBFF,Al Ameen EVCS,Calicut-Malappuram-Palakkad Highway,Hotel Sulthan Palace,Malappuram,Kerala,673642,,11.08301217,76.06846693,,0,,,,,,,,,,3,,,,03/16/2026 13:17:00,03/16/2026 13:17:00
480436,3328469B-297F-497F-A1EF-798A7ACFA861,Caritas Hospital,Kandanchira - Aruvakurinji Road,Caritas Hospital,Thellakom,Kerala,686630,,9.643106439,76.54978698,,0,,,,,,,,,,2,,,,03/16/2026 13:10:00,03/16/2026 13:10:00
480435,618462D8-3B5A-42F4-9085-70CC172316F6,Sihla Energy EVCS,Pathanamthitta Ring Road,Nannuvakadu,Pathanamthitta,Kerala,689671,,9.265237173,76.7780351,,0,,,,,,,,,,3,,,,03/16/2026 13:07:00,03/16/2026 13:07:00
480434,A3BBE4C3-B637-4FC0-B72D-8B7E8386DA16,Vandanam Vibe EVCS,Salem-Kochi-Kanyakumari Road,Vandanam,Alappuzha,Kerala,688004,,9.412054897,76.34976819,,0,,,,,,,,,,1,,,,03/16/2026 12:52:00,03/16/2026 12:52:00
480433,A4D5090C-845D-4EB1-AB9E-8C208100ABC5,Thanneermukkom Soorya EVCS,Alappuzha - Thannermukkam Road,,Thanneermukkom,Kerala,688555,,9.651227575,76.37388826,,0,,,,,,,,,,2,,,,03/16/2026 12:49:00,03/16/2026 12:49:00
480432,A8608EBA-1F4A-4853-A910-E602E84EF4E6,Chavassery Power Boost EVCS,Thalassery - Coorg Highway,,Chavassery,Kerala,670702,,11.94808244,75.61538494,,0,,,,,,,,,,2,,,,03/16/2026 12:41:00,03/16/2026 12:41:00
480431,25A0B3D2-B037-4ED4-B7E7-EC110A56BE38,Kakkanad Thomas Tower EVCS,InfoPark Express Way,Thomas Tower,Kakkanad,Kerala,682042,,10.00309923,76.36193325,,0,,,,,,,,,,2,,,,03/16/2026 12:34:00,03/16/2026 12:34:00
480430,B8F2AE11-7372-4333-BF65-476908CFE02B,Vyttila I-Drive EVCS,October Road,Lazza I-Drive,Vyttila,Kerala,680019,,9.976617428,76.31789612,,0,,,,,,,,,,1,,,,03/16/2026 12:32:00,03/16/2026 12:32:00
480429,01D3984C-C0A7-4CE6-BE87-2A0EB513492C,Centre Square Mall EVCS,Mahatma Gandhi Road,Rajaji Junction,Kochi,Kerala,682035,,9.977956768,76.28359498,,0,,,,9:00 am to 11:00 pm,,,,,,3,Parking fee applicable as per mall policy,,,03/16/2026 12:29:00,03/16/2026 12:28:00
480428,DFF04FBD-2A0F-477E-80E4-5986302711EC,Kadavanthra Hi-Span EVCS,KP Vallon Road,Kadavanthra,Elamkulam,Kerala,682020,,9.966419154,76.300202,,0,,,,,,,,,,3,Please remove your EV within 10 mins of charge completion or Rs. 80/Hour parking penalty applicable.,,,03/16/2026 12:23:00,03/16/2026 12:23:00
480427,D675C721-92B9-4194-9B39-39BB5A06AF99,Thiruvankulam Thuruthiyil ECVS,Kochi Madurai Dhanushkodi Road,,Thiruvankulam,Kerala,682305,,9.944941655,76.37495422,,0,,,,,,,,,,2,,,,03/16/2026 12:19:00,03/16/2026 12:19:00
480426,418B681E-8FA1-4A13-846A-56A2167A83DC,Thiruvankulam Edifice EVCS,Kochi Madurai Dhanushkodi Road,Thuruthiyil Building,Thiruvankulam,Kerala,682305,,9.944357341,76.37454933,,0,,,,,,,,,,1,,,,03/16/2026 12:17:00,03/16/2026 12:17:00
480425,A88BEFA4-78F3-4723-AC49-4C007D52D7E8,New Central Talkies EVCS,Ettumanoor - Ernakulam Road,Kinar Junction,Thrippunithura,Kerala,682301,,9.932870963,76.35402261,,0,,,,,,,,,,4,,,,03/16/2026 12:13:00,03/16/2026 12:13:00
480424,198AE800-26BC-4DAF-9CC0-F7D3F66FCD8B,Nucleus Mall EVCS,Kochi - Dhanushkodi Road,Maradu,Thrippunithura,Kerala,682304,,9.939769328,76.33084768,,0,,,,,,,,,,4,,,,03/16/2026 12:08:00,03/16/2026 12:08:00
480423,4E9E19FA-8558-4A20-8F3E-08F5F96952D7,Maradu Crowne Plaza EVCS,Kundanoor Junction,,Maradu,Kerala,682304,,9.934295516,76.31882007,,0,,,,,,,,,,2,,,,03/16/2026 12:06:00,03/16/2026 12:06:00
480422,66078E71-D68E-48CF-A009-863B4A5F075D,Nettoor Royal Drive Smart EVCS,INTUC Bus Stop,Maradu,Nettoor,Kerala,682304,,9.928512582,76.31755484,,0,,,,,,,,,,2,,,,03/16/2026 12:04:00,03/16/2026 12:04:00
480421,31A8E2B5-D3BC-4686-8457-D01BADD833D4,VPS Lakeshore Hospital EVCS,Lakeshore Hospital Road,Nettoor,Ernakulam,Kerala,682040,,9.918898936,76.31841806,,0,,,,,,,,,,4,,,,03/16/2026 12:01:00,03/16/2026 12:01:00
480420,30FE4452-AB2E-426C-893E-F466F785BACF,Wayside Inn EVCS,Salem - Kochi - Kanyakumari Road,Mayithara,Cherthala,Kerala,688539,,9.649388802,76.33665331,,0,,,,,,,,,,1,,,,03/16/2026 11:58:00,03/16/2026 11:58:00
480419,C328D2D7-C95A-4CAC-835B-713978790AF2,Kanjikuzhy Silver Sand EVCS,Salem - Kochi - Kanyakumari Road,Mararikulam,Kanjikuzhi,Kerala,688523,,9.609362415,76.32996534,,0,,,,,,,,,,2,,,,03/16/2026 11:55:00,03/16/2026 11:55:00
480418,C867EE91-92FD-442B-AB6C-1A368F3DDCFF,CGH Coconut Lagoon,Kumarakom - Vechoor Road,Kavanattinkara,Kumarakom,Kerala,686563,,9.629063773,76.42994326,,0,,,,,,,,,,1,,,,03/16/2026 11:51:00,03/16/2026 11:51:00
480417,7BB8BD00-B1B6-4443-AA3C-37B6C54E1475,Manipuzha Lazza EVCS,MC Road,Kodimatha,Kottayam,Kerala,686001,,9.568985393,76.51967655,,0,,,,,,,,,,1,,,,03/16/2026 11:47:00,03/16/2026 11:47:00
480416,ACB65A1F-995E-43C8-8C9C-BBDEA9FE32FE,Changanassery Kohinoor EVCS,MC Road,Vazhappally East Village,Changanassery,Kerala,686103,,9.467585942,76.52983617,,0,,,,,,,,,,2,,,,03/16/2026 11:32:00,03/16/2026 11:32:00
480415,C619E92E-6F7D-43C1-A9DB-6EA8959B3CE8,Changanassery Chaitanya Greem,MC Road,Perunna,Changanassery,Kerala,686102,,9.432753474,76.54375728,,0,,,,,,,,,,2,,,,03/16/2026 11:27:00,03/16/2026 11:27:00
480414,C8954E67-D3C7-4EBF-8EAD-0850FC9AB68F,TK Road Power Park EVCS,Thiruvalla - Pathanamthitta Road,Thottabhagam,Thiruvalla,Kerala,689541,,9.385812704,76.61916026,,0,,,,,,,,,,2,,,,03/16/2026 11:22:00,03/16/2026 11:22:00
480413,B31B0BB4-DF6A-401E-89AC-10F9E7FF9756,Kaviyoor M Point EVCS,Changanassery Kaviyoor Road,Manjadi,Thiruvalla,Kerala,689582,,9.390662542,76.6072281,,0,,,,,,,,,,2,,,,03/16/2026 11:20:00,03/16/2026 11:20:00
480412,A69B2228-6A45-4D01-BADA-E415607D0394,SR Commercial Centre EVCS,Mavelikkara-Kozhencherry Highway,Kollakadavu,Mavelikkara,Kerala,690509,,9.2536824,76.58650166,,0,,,,,,,,,,2,,,,03/16/2026 11:16:00,03/16/2026 11:16:00
480411,698B6BDF-5CEC-45CA-967F-64204CFB2BD5,Haripad Saugandhika EVCS,Salem - Kochi - Kanyakumari Road,Nangiarkulangara,Haripad,Kerala,690513,,9.266620589,76.46132376,,0,,,,,,,,,,2,,,,03/16/2026 11:16:00,03/16/2026 11:11:00
480410,DC4E265F-DAFD-45F6-844F-53149E2ADCEA,Karunagappally Energy Spot,NH66,,Karunagapally,Kerala,690518,,9.059438003,76.53579911,,0,,,,,,,,,,2,,,,03/16/2026 11:07:00,03/16/2026 11:07:00
480409,FAB871C8-B772-465C-BDDA-7EBD97E43E9C,Karunagappally Memories Inn,Salem - Kochi - Kanyakumari Road,Puthiyakavu,Karunagapally,Kerala,690544,,9.089815631,76.52725224,,0,,,,,,,,,,2,,,,03/16/2026 11:04:00,03/16/2026 11:04:00
480408,18E6A3FC-3C25-4C3C-B4CC-CF2380E4EF71,Ochira Merit EVCS,Salem - Kochi - Kanyakumari Road,SD Bhavanam,Ochira,Kerala,690528,,9.119213418,76.51867061,,0,,,,,,,,,,2,,,,03/16/2026 11:01:00,03/16/2026 11:01:00
480407,096E6924-E12B-4A8C-AA1C-2D4C567CC962,Power Plus EVCS,MC Road,Naalpathinayiram Padi,Adoor,Kerala,689518,,9.168893147,76.7163129,,0,,,,,,,,,,2,,,,03/16/2026 10:57:00,03/16/2026 10:57:00
480406,C8F806D3-A243-4B37-8590-C6E30E2979B0,Pathanapuram Anjana EVCS,Kayamkulam - Pathanapuram Road,Parakode,Pathanapuram,Kerala,691524,,9.096268712,76.8466689,,0,,,,,,,,,,3,,,,03/16/2026 10:54:00,03/16/2026 10:54:00
480405,9004A546-F46D-42C9-93F5-A3DCB723A3A3,Kallambalam Power Bay EVCS,NH66,Navaikulam,Thiruvananthapuram,Kerala,695603,,8.756819929,76.79358309,,0,,,,,,,,,,1,,,,03/16/2026 10:51:00,03/16/2026 10:51:00
480404,64440A4D-6ADE-4BF9-A4E2-A05A3A705DC3,Pulimath Maram Chai Cafe EVCS,MC Road,Kilimanoor,Thiruvananthapuram,Kerala,695600,,8.746709854,76.89821761,,0,,,,,,,,,,1,,,,03/16/2026 10:49:00,03/16/2026 10:49:00
480403,4166F951-C5AC-4C0E-959C-4F74BBEAFD3C,Nedumangad KFC EVCS,Thiruvanathapuram - Thenmala Road SH 2,Housing Board,Nedumangad,Kerala,695544,,8.604154391,76.99784557,,0,,,,,,,,,,2,,,,03/16/2026 10:45:00,03/16/2026 10:45:00
480402,7E4F4DE3-95FA-4321-B3B7-D48569658D8B,RashMishi DLF South Court,South Court Mall,"Saket District Centre, Sector 6, Pushp Vihar",NewDelhi,Delhi,110017,,28.52735112,77.22113007,,0,,,,Use Ionage Application,,http://rashmishi.in,,,,2,,,,03/19/2026 09:32:00,03/16/2026 09:31:00
479727,CC04B5A5-C33E-41C1-846A-4522E27E5E10,Nikol EV Charging station,"Pune Ahilyanagar Highway, Near Sai Shraddha Cng station,",kondhapuri,Pune,,411014,,18.7171819,74.18292088,,0,,,,,,,,,,1,,,,03-06-26 8:32,03-03-26 8:28
479445,730E15EF-24C7-4AE5-A397-0486AC9002C6,Blaze Fast Charger For 2 Ev Wheeler,,"PLOT NO 6, Nagarjuna Sagar Rd, opposite Alekhya Towers, Sagar Enclave, Hyderabad, Bairamalguda, Telangana 500035",Lb Nagar,Telangana,,,17.34047579,78.5453955,,0,8919407736,,,Inside bats and bites Drive-In,,https://boltearth.app.link/MyIXiaV270b,,,,1,,,,03-03-26 14:43,02/28/2026 14:42:00
479438,483DE475-F203-45CF-9504-4FBD0042FCF8,Tata Power Charging Station,"7QPR+Q9Q, Mumbai - Kolkata Hwy, Chhota Arjuna, , Baharagora",,,Odisha,,,22.2869608,86.7909833,,0,,,,,,,,,,1,Network: Tata Power. Google Place ID: ChIJ4YMZzHGZHToRmhCD773_rZA,,,03-01-26 9:24,02/28/2026 08:13:00
479437,ABBB2E8B-1CA1-4CD8-8D0B-22AC331C1C3B,Hindustan Petroleum Corporation Limited Charging Station,"33, National Highway, Dhalbhumgarh",,,Odisha,,,22.4497441,86.5949437,,0,,,,,,,,,,2,Network: Other. Google Place ID: ChIJR-7KnNuMHToRItKp54UDejE,,,03-01-26 9:24,02/28/2026 08:13:00
479436,5414B181-48C3-48B0-B780-F63C13EF6334,Hindustan Petroleum Corporation Limited,"Ground Floor, NH 18, Tata Baharagora Road, Kokpara",,,Odisha,,,22.4498584,86.5950411,,0,,,,,,,,,,1,Network: Other. Google Place ID: ChIJVxSp8peNHToRWfTbNO4rzWk,,,03-01-26 9:24,02/28/2026 08:13:00
479435,FD670C08-D04A-4858-941C-D7664A87D30B,Jio-bp,"Kh No 6, PN 2442, 2443 & 2453, Thana No522",,,Odisha,,,22.14025,85.71265,,0,,,,,,,,,,1,Network: Jio-bp. Google Place ID: ChIJQ7BeXwBJHjoRdLlamnYL9CU,,,03-01-26 9:24,02/28/2026 08:13:00
479434,3A8CB2C1-257F-4418-97EB-77D8C45B3133,Jio-bp,"Khata No 66/87, Plot No 586/728P Barbil, Bhadrasahi, Shree Metaliks Plant, Rugudi, Kendujhar",,,Odisha,,,22.0015401,85.3279801,,0,,,,,,,,,,1,Network: Jio-bp. Google Place ID: ChIJzW0HJpi9HzoRdt8h7hFPSS4,,,03-01-26 9:24,02/28/2026 08:13:00
479433,0384D5DD-99F2-433B-B3E4-BA9F686EBB9D,Ather Grid Charging Station,"KHATA NO.- 3/1, UNIT-4, NEAR BANK COLONY, PLOT NO.- 94/95, Chhend Colony, Rourkela",,,Odisha,,,22.243666,84.827354,,0,,,,,,,,,,3,Network: Ather Grid. Google Place ID: ChIJq6m772QZIDoR1apOKJNLquM,,,03-01-26 9:24,02/28/2026 08:13:00
479432,860C0473-BEBD-4088-B2D4-E0C1DC8A3E88,Ather Grid Charging Station,"Khata NO-6, IDCO Plot NO: 5G/3, Pahadi Bar, Vedvyas, Rourkela",,,Odisha,,,22.23666,84.77015,,0,,,,,,,,,,1,Network: Ather Grid. Google Place ID: ChIJj_NnyFkXIDoR1q0L_zHluFk,,,03-01-26 9:24,02/28/2026 08:13:00
479431,52B3C2D1-5F50-4513-8F8D-ACF558BB2A8F,Ather Grid Charging Station,"Railway Station, Junction, Madhusudan Marg, Daily Market, Udit Nagar, Rourkela",,,Odisha,,,22.2267046,84.8641165,,0,,,,,,,,,,1,Network: Ather Grid. Google Place ID: ChIJMWmrr8keIDoRcM18__wCqN0,,,03-01-26 9:24,02/28/2026 08:13:00
479430,4AFB2192-C85E-434F-ABF3-8036079E7D7E,Tata Power Charging Station,"6QGW+PCF, Dayanand Nagar, Dandiapali, Rourkela",,,Odisha,,,22.2268099,84.7960364,,0,,,,,,,,,,1,Network: Tata Power. Google Place ID: ChIJp4692L8ZIDoRsNJw6Mz9cAI,,,03-01-26 9:24,02/28/2026 08:13:00
479429,7AFF9A8C-A177-48EB-BB0C-9899E53AC35B,Ather Charging Station,"Ground floor, Ekka Furniture Dua Complex, plot no- 11/352, Madhusudan Road, Civil Township, Rourkela",,,Odisha,,,22.2278125,84.8183874,,0,,,,,,,,,,2,Network: Ather Grid. Google Place ID: ChIJzV5CzXQZIDoRUpQ8tXFXuqs,,,03-01-26 9:24,02/28/2026 08:13:00
479428,4816F688-648E-4664-B4CC-42EF4BD48DB6,Ather charging station,"423Q+H22, Sundargarh",,,Odisha,,,22.1040381,84.0375432,,0,,,,,,,,,,1,Network: Ather Grid. Google Place ID: ChIJa8CMAwDtIDoRdsMD-MW59xw,,,03-01-26 9:24,02/28/2026 08:13:00
479427,6089C308-3FAE-40BA-82E6-FD08DDBE634A,Jio-bp,"Khatian No 307, Plot No 986/3778, Raigarh - Sundargarh Rd, Bharat Petroleum Petrol Pump, Bandhapali, Sundargarh",,,Odisha,,,22.1100379,83.9953189,,0,,,,,,,,,,1,Network: Jio-bp. Google Place ID: ChIJqzyWBgDrIDoRLYB6aLyXPnE,,,03-01-26 9:24,02/28/2026 08:13:00
479426,173A58A1-608E-430F-BF3A-F477FC4FAC65,Ather Grid Charging Station,"Plot No:- 949, Ujalpur",,,Odisha,,,22.105083,84.037895,,0,,,,,,,,,,1,Network: Ather Grid. Google Place ID: ChIJQ-jUsursIDoRL_FlaRKbd4Q,,,03-01-26 9:24,02/28/2026 08:13:00
479425,948A29C2-6125-4EE4-A89A-3982A9B1A7D0,Tata Power Charging Station,"Khata no - 35/5, Plot no - 57/199, Khadisul, Patharchatia",,,Odisha,,,21.762953,87.010724,,0,,,,,,,,,,1,Network: Tata Power. Google Place ID: ChIJ6QIobUP8HDoRaqwUUghJKzI,,,03-01-26 9:24,02/28/2026 08:13:00
479424,6BFA53CD-CA88-46A2-9B6C-315B383D1D39,Ather Grid Charging Station,"Ward No -19, Baghra Road, Darogahhai Shiv Mandir, Ward No.3, Sai Niketan, Baripada",,,Odisha,,,21.940046,86.744606,,0,,,,,,,,,,1,Network: Ather Grid. Google Place ID: ChIJf7AI8R6uHToR1TWD8B_4-VI,,,03-01-26 9:24,02/28/2026 08:13:00
479423,0F3AAFF9-DB15-4991-9E09-4DDEC1252FBC,WARIVO ELECTRIC SCOOTER SHOWROOM -PREMJIT MOTORS BARIPADA,"Dhipa Sahi, Plot No-556, Station Road, Station Bazar, Prafulla Nagar, Baripada",,,Odisha,,,21.9265285,86.7319555,,0,,,,,,,,,,1,Network: Other. Google Place ID: ChIJsQnLYDmxHToRxWo9C_uTkDk,,,03-01-26 9:24,02/28/2026 08:12:00
479422,3F29ECCE-2D16-4A51-9A6F-BCB9F7C74B78,Ather Grid Charging Station,"SWAMPVILLA NH-5, PLOT NO-90/523, MANCHABANDHA, BUDHI KHAMARI, baripada, Baripada",,,Odisha,,,21.909101,86.751335,,0,,,,,,,,,,1,Network: Ather Grid. Google Place ID: ChIJRWwQrvqtHToRmyt5m-NuN4U,,,03-01-26 9:24,02/28/2026 08:12:00
479421,C735E4A1-FD15-43F7-9507-CCCB4C26EB53,Electric Vehicle Charging Station,"RX4W+83, Pakamunda",,,Odisha,,,21.8057616,85.9951672,,0,,,,,,,,,,1,Network: Other. Google Place ID: ChIJAYFMZwCLHjoRXVXsnk9_DT4,,,03-01-26 9:24,02/28/2026 08:12:00
479420,62030AC7-8EA6-4A83-8BF3-044145A349D5,Ather Grid Charging Station,"2411, Plot no 2229&2229, Bypass Road, Infinity Hyundai, Sarasmal, Jharsuguda",,,Odisha,,,21.85272,83.99909,,0,,,,,,,,,,1,Network: Ather Grid. Google Place ID: ChIJc4KlG7fmIDoRPvJ39PcGQbQ,,,03-01-26 9:24,02/28/2026 08:12:00
479419,84627A32-55E5-4243-B1BA-F5F745CA6DF0,Tata Power Charging Station,"Singh Brothers Works & Engineering (P) Limited, AT- NH-49, Power Grid Sub Station, H-Katapali, Budhipadar, Hansamurakatapali",,,Odisha,,,21.86703,83.966208,,0,,,,,,,,,,1,Network: Tata Power. Google Place ID: ChIJQQdFYRjnIDoRy-ruxSXQ5ZU,,,03-01-26 9:24,02/28/2026 08:12:00
479418,64CA5054-8BEF-49CA-9A62-2EB9DA627565,Ather Grid Charging Station,"No. 1/3, Shop, Jindal Rd, Hotel Shreshtha, Bhagwanpur, Raigarh",,,Odisha,,,21.917408,83.38266,,0,,,,,,,,,,1,Network: Ather Grid. Google Place ID: ChIJMeQ89NQ6JzoRQujiKK4_2Ys,,,03-01-26 9:24,02/28/2026 08:12:00
479417,10C2CF7E-68A7-4016-B495-976603889425,Tata Power Charging Station,"W9CC+778, Jindal Rd, Sankar nagar, Shivam Vihar Colony, Bhagwanpur, Raigarh",,,Odisha,,,21.920674,83.370714,,0,,,,,,,,,,1,Network: Tata Power. Google Place ID: ChIJs6JafC47JzoRpT1aoRqPqXw,,,03-01-26 9:24,02/28/2026 08:12:00
479416,63887B96-AAFC-421D-9464-3FF380E8A866,BPCL Charging Station,"V9FQ+48X, Industrial Area, Raigarh",,,Odisha,,,21.872869,83.388349,,0,,,,,,,,,,1,Network: BPCL. Google Place ID: ChIJBVXZDAYlJzoRvPK-uxI7a2w,,,03-01-26 9:24,02/28/2026 08:12:00
479415,A0BE5452-C1AB-4EEB-8881-660D34FECFDA,Ankush Vehicles,"Sakti, Chhattisgarh 495690, India",,,Odisha,,,21.8485001,82.7791088,,0,,,,,,,,,,1,Network: Other. Google Place ID: ChIJd7OcOAevJzoRT21uOGcVWag,,,03-01-26 9:24,02/28/2026 08:12:00
479414,0D892F76-DD5C-4E03-910D-2C5266ACBA3C,CharjKaro Charging Station,"Shahpur Jat, Siri fort, New Delhi",,,Odisha,,,21.8069144,82.7525293,,0,,,,,,,,,,2,Network: Other. Google Place ID: ChIJpXiQDADjDDkRnudAlIZDWwQ,,,03-01-26 9:24,02/28/2026 08:12:00
479413,B3CCAD16-7525-4156-A038-B04DA622C910,BPCL Charging Station,"VF76+JRX, RO at Pamgarh, Pamgarh Shivrinarayan Road Di Nailajanjgir",,,Odisha,,,21.8641043,82.4621088,,0,,,,,,,,,,1,Network: BPCL. Google Place ID: ChIJrfnh0FrPJzoRCFDh7WbUfPQ,,,03-01-26 9:24,02/28/2026 08:12:00
479412,6F2EC1A0-96DD-4C80-BD19-7D5D021D513B,Electric Vehicle Charging Station,"V5M2+955, Bartori",,,Odisha,,,21.8833782,82.1504942,,0,,,,,,,,,,1,Network: Other. Google Place ID: ChIJa_0_-2p3KDoRcQT0NEGV3gY,,,03-01-26 9:24,02/28/2026 08:12:00
479411,6F1F87B4-BCEF-40FC-8D13-92D330923193,BPCL Charging Station,"PGMP+M79, Kota",,,Odisha,,,21.734158,81.535732,,0,,,,,,,,,,1,Network: BPCL. Google Place ID: ChIJ9S9AaKBUKDoRN6BWk13iL9w,,,03-01-26 9:24,02/28/2026 08:12:00
479410,95168406-6352-4764-943F-621AF1AF4553,Jio-bp pulse Charging Station,"Badshahi Rd, Gobinda, Nayapara",,,Odisha,,,21.592751,87.020588,,0,,,,,,,,,,1,Network: Jio-bp. Google Place ID: ChIJ4XPJQf7xHDoRqKsZWwmH8Dc,,,03-01-26 9:24,02/28/2026 08:12:00
479409,1C19BF75-0E68-49C1-9817-517D315EF694,Jio-bp pulse Charging Station,"H2RC+Q34, Nayapara, Gobinda",,,Odisha,,,21.5926108,87.0205579,,0,,,,,,,,,,1,Network: Jio-bp. Google Place ID: ChIJe9uuMwDxHDoRPNKXpsS4VXU,,,03-01-26 9:24,02/28/2026 08:12:00
479408,47B30FE8-5CD9-4BBD-90A3-7C07419ADCE1,Electric Vehicle Charging Station,"H2RC+Q34, Nayapara, Gobinda",,,Odisha,,,21.5930166,87.0207285,,0,,,,,,,,,,1,Network: Other. Google Place ID: ChIJn3_rGADxHDoRlqHVUyHJ6j4,,,03-01-26 9:24,02/28/2026 08:12:00
479407,499A49E8-93BC-4096-8396-CEFADB6BF6FF,Ather Grid Charging Station,ori plast ltd PO Aulpur O T road near laxmi narayan temple balasore 756001 balasinor,,,Odisha,,,21.481623,86.9069,,0,,,,,,,,,,3,Network: Ather Grid. Google Place ID: ChIJEaq2W2P1HDoRPDmVn6mOQ_Q,,,03-01-26 9:24,02/28/2026 08:12:00
479406,06D76552-1191-4408-BC1B-4D9833046215,Ather Charging Station,"khata 259, Shree ji Shop N Save, Ground Floor, Save two wheeler, plot 194/979/1919, 1931/1921, Vivekananda Marg, margbagbrundaban, unit 15, Balasore",,,Odisha,,,21.49872,86.93108,,0,,,,,,,,,,2,Network: Ather Grid. Google Place ID: ChIJp57xR6b1HDoRkVWbfXO0EzU,,,03-01-26 9:24,02/28/2026 08:12:00
479405,AD59C0E7-C7DE-4A96-B0B3-CA1491A6E308,Electric Vehicle Charging Station,"H3FX+V99, road, Sartha",,,Odisha,,,21.5746535,87.0984959,,0,,,,,,,,,,1,Network: Other. Google Place ID: ChIJV4p0tIHvHDoR1sn5ugf5dac,,,03-01-26 9:24,02/28/2026 08:12:00
479404,EAAB085E-D888-492E-BC37-11AA0C8B4E04,Tata Power Charging Station,"FWH3+XX6, Alupur, Saraswatipur, Balasore",,,Odisha,,,21.479922,86.904904,,0,,,,,,,,,,1,Network: Tata Power. Google Place ID: ChIJo3mJAWP1HDoRAPatp0Di3YY,,,03-01-26 9:24,02/28/2026 08:12:00
479403,27A787FA-3CE1-42C8-843A-DB6B9FD490A4,Ather Charging Station,"Plot No 433, Basanti Mandir, Kalidaspur, Sahadevkhuntha, Balasore, Baleshwar",,,Odisha,,,21.5064591,86.911091,,0,,,,,,,,,,1,Network: Ather Grid. Google Place ID: ChIJpeiQio_1HDoRrvv2FQTuLCo,,,03-01-26 9:24,02/28/2026 08:11:00
479402,28E8F31C-EB41-4230-AC05-28F366F19430,Tata Power Charging Station,"FVXQ+4VJ, Artung, Balia, Chhanpur, Balasore",,,Odisha,,,21.4978274,86.8896469,,0,,,,,,,,,,1,Network: Tata Power. Google Place ID: ChIJ1w-Hz6ZfHDoRzqm53XcRd_s,,,03-01-26 9:24,02/28/2026 08:11:00
479401,969CF818-4A13-481C-8E54-6597179FE7D5,Tata Power Charging Station,"GFXV+GJC, Bayakumutia, PS:",,,Odisha,,,21.548809,85.494006,,0,,,,,,,,,,1,Network: Tata Power. Google Place ID: ChIJl4gZfqQbHzoRipNGQXDm18M,,,03-01-26 9:24,02/28/2026 08:11:00
479400,B84BB121-BD3F-4129-8FB2-7F0002BCA8DB,Ather Grid Charging Station,"JHJR+X8M, AT, Dhangarapada, Keonjhar",,,Odisha,,,21.6324613,85.5907884,,0,,,,,,,,,,1,Network: Ather Grid. Google Place ID: ChIJQUWvwpcCHzoRLucLTjJKluQ,,,03-01-26 9:24,02/28/2026 08:11:00
479399,327B0C5F-DB87-4AB8-8959-3F63942589A1,Electric Vehicle Charging Station,"At/po-bayakumutia,ps-sadar,dist",,,Odisha,,,21.5490869,85.4942709,,0,,,,,,,,,,1,Network: Other. Google Place ID: ChIJR0skpp8bHzoRYiH6UbsUkYM,,,03-01-26 9:24,02/28/2026 08:11:00
479398,6A24385D-9747-4962-86B6-FC9BC52D906C,Ather Charging Station,"MH2V+HHG, Goudunibeda, Keonjhar",,,Odisha,,,21.65143,85.59395,,0,,,,,,,,,,1,Network: Ather Grid. Google Place ID: ChIJGeNbQ4YCHzoRKRpsK-iYLPI,,,03-01-26 9:24,02/28/2026 08:11:00
479397,F76F8A3D-160C-4194-8288-21EB527A917D,Ather Grid Charging Station,"FXRP+QC2, planer puranbasi, Ainthapali, Sambalpur, Kainsir",,,Odisha,,,21.491887,83.9860082,,0,,,,,,,,,,1,Network: Ather Grid. Google Place ID: ChIJ6d945u0WIToRrDrpfdBwOCc,,,03-01-26 9:24,02/28/2026 08:11:00
479396,F0809C1A-E21E-47CF-893C-4E43BA01F9B5,Ather Grid Charging Station,"FX9G+3W2, Veer Surendra Sai Marg, Sakhipara, Sambalpur",,,Odisha,,,21.467634,83.977264,,0,,,,,,,,,,2,Network: Ather Grid. Google Place ID: ChIJy_MuJoEWIToRqXugbi6phiA,,,03-01-26 9:24,02/28/2026 08:11:00
479395,7945CE70-CDDD-4483-A155-2758529194C9,Tata Power Charging Station,"SH 10, Pardhiapalli, Sambalpur - Jharsuguda Rd, Sambalpur, Pardhiapali",,,Odisha,,,21.5106163,84.0059202,,0,,,,,,,,,,1,Network: Tata Power. Google Place ID: ChIJmZ9UAdgWIToRg0HBEUc8X-A,,,03-01-26 9:24,02/28/2026 08:11:00
479394,3C3ED0F8-381A-4F58-BE40-77CA7032EECC,Ather Charging Station,"Ground floor, Jalan Towers, Ainthapali, Sambalpur, Singhapali",,,Odisha,,,21.49525,83.97572,,0,,,,,,,,,,1,Network: Ather Grid. Google Place ID: ChIJfwOHyvcWIToRxMjkjXNYIYI,,,03-01-26 9:24,02/28/2026 08:11:00
479393,5042C874-4751-4280-A458-06F4CED2ADBF,Tata Power Charging Station,"GV2R+86P, Burla",,,Odisha,,,21.5010249,83.8913131,,0,,,,,,,,,,4,Network: Tata Power. Google Place ID: ChIJJeEJPgA9IToRLI4zB7lNlzI,,,03-01-26 9:24,02/28/2026 08:11:00
479392,CFB11FE9-1309-4D69-9B55-57361CA364E3,BPCL Charging Station,"FXVJ+MW3 Tatanagar Service Station, Ainthapali, Sambalpur, Kainsir",,,Odisha,,,21.494135,83.98229,,0,,,,,,,,,,1,Network: BPCL. Google Place ID: ChIJN18WCvEWIToRcGvzYqKSKYY,,,03-01-26 9:24,02/28/2026 08:11:00
479391,F1386544-21EF-4FA6-AAC7-7BE65A436D55,Jio-bp,"Khasra No 736 & 738/1 Baloda Bazar, Dashrama, Baloda Bazar",,,Odisha,,,21.6326653,82.1592037,,0,,,,,,,,,,1,Network: Jio-bp. Google Place ID: ChIJm0LW4OSAKDoRE_vULV82BlY,,,03-01-26 9:24,02/28/2026 08:11:00
479390,68E6F64F-F7A5-4731-8F1D-40F7AD8453F3,Jio-bp,"Khasra No 675, 2 Simga, Saklor",,,Odisha,,,21.55027,81.94746,,0,,,,,,,,,,1,Network: Jio-bp. Google Place ID: ChIJgQNdUMmNKDoR3-sFASGfHDI,,,03-01-26 9:24,02/28/2026 08:11:00
479389,191743CA-CAF8-4FC9-B044-FFE6C4D183B1,Ather Grid Charging Station,"GM8V+CHJ, Raipur - Bilaspur Expy, Saddu, Raipur",,,Odisha,,,21.51608,81.69389,,0,,,,,,,,,,2,Network: Ather Grid. Google Place ID: ChIJd5sd_oLwKDoRJPTCOn9jLE0,,,03-01-26 9:24,02/28/2026 08:11:00
479388,5C5C082D-E2BE-476A-B441-020E168D69F1,PRATIK E RICKSHAW,"PG3V+23G front of collectorate, Bilaspur Rd",,,Odisha,,,21.7025644,81.5427175,,0,,,,,,,,,,1,Network: Other. Google Place ID: ChIJR0JiHllTKDoRWzjF5iasjhs,,,03-01-26 9:24,02/28/2026 08:11:00
479387,B7D40844-F626-4192-B243-03B4A3F8B439,Ather Grid Charging Station,"plot no 1606/02, Bilaspur Rd, collectrate, B.t.i.colony, Raipur",,,Odisha,,,21.697687,81.54614,,0,,,,,,,,,,1,Network: Ather Grid. Google Place ID: ChIJa0bPAeVUKDoRGUcLZYBp7AQ,,,03-01-26 9:24,02/28/2026 08:11:00
479386,26084A5E-68A3-432E-BB65-A36E9E3B58A8,Tata Power Charging Station,"JJMF+JH2, NH 30, Ira Highway Petroleum, IOCL, Jewara",,,Odisha,,,21.63401,81.62389,,0,,,,,,,,,,1,Network: Tata Power. Google Place ID: ChIJ722gyaL4KDoRXUtgWzbBrmE,,,03-01-26 9:24,02/28/2026 08:11:00
479385,91BB630A-35FE-48F5-95BA-C2C1751052D5,BPCL Charging Station,"GM8V+JHV, Saddu, Kota",,,Odisha,,,21.5166085,81.6939279,,0,,,,,,,,,,1,Network: BPCL. Google Place ID: ChIJt6okA4PwKDoRyMqrr5G8alU,,,03-01-26 9:24,02/28/2026 08:11:00
479384,8AF50262-3BBF-4956-8E99-01E0F4B9901D,Jio-bp pulse Charging Station,"Modern Hotel and Restaurant, Modern Hotel And Restaurant, Dahisada, Jaganathpur",,,Odisha,,,21.317264,86.725105,,0,,,,,,,,,,1,Network: Jio-bp. Google Place ID: ChIJ898oXvBvHDoRKK0mpmC2Jpg,,,03-01-26 9:24,02/28/2026 08:11:00
479383,782C3107-38E1-46F5-BF69-89BFED9EEF11,Electric Vehicle Charging Station,"7MMF+RX9, Soro",,,Odisha,,,21.2845369,86.6749795,,0,,,,,,,,,,1,Network: Other. Google Place ID: ChIJDbP_BQBvHDoR3xhqeAh3-C4,,,03-01-26 9:24,02/28/2026 08:11:00
479382,5C344779-90A8-497C-B087-1A68E77A2EEB,BPCL Charging Station,Nuapada,,,Odisha,,,21.3825286,86.79633,,0,,,,,,,,,,1,Network: BPCL. Google Place ID: ChIJCf9PWyFnHDoRJkA3xoI25JE,,,03-01-26 9:24,02/28/2026 08:10:00
479381,45A752EF-CD12-4385-B081-9CCF275C0E5E,BPCL Charging Station,Begunia,,,Odisha,,,21.358081,86.784451,,0,,,,,,,,,,1,Network: BPCL. Google Place ID: ChIJGy2__4ZmHDoRgZlssP6Wq2Q,,,03-01-26 9:24,02/28/2026 08:10:00
479380,5E60663E-856A-45E6-A229-BDB02083D53A,Electric Vehicle Charging Station,"64C9+PJH, Anandapur, Anandapur Part",,,Odisha,,,21.2216615,86.1190697,,0,,,,,,,,,,1,Network: Other. Google Place ID: ChIJyc9b1_mvHjoR6wrlIiDX5zk,,,03-01-26 9:24,02/28/2026 08:10:00
479379,A69D6156-BBD8-4F2E-93B3-49809C620A60,Ather Grid Charging Station,"M/S JYOTE MOTORS PVT.LTD, 76, SALAPADA, ANANDAPUR, Keonjhar-758020 anandapur",,,Odisha,,,21.200249,86.12389,,0,,,,,,,,,,1,Network: Ather Grid. Google Place ID: ChIJDZ1A3LGvHjoRYZvxAGFb5Qo,,,03-01-26 9:24,02/28/2026 08:10:00
479378,47D50100-3525-4CEB-994D-0691F1ED4C9D,BPCL Charging Station,"9P8V+4J7, ATTABIRA, Kochinda, Suktapali",,,Odisha,,,21.3652959,83.7440391,,0,,,,,,,,,,1,Network: BPCL. Google Place ID: ChIJf65zKec3IToRm10aD41W2NU,,,03-01-26 9:24,02/28/2026 08:10:00
479377,DD69DFB5-9703-4E92-9960-D571F95D59BB,BPCL Charging Station,"8F75+PH5, Bargarh",,,Odisha,,,21.314257,83.4589782,,0,,,,,,,,,,1,Network: BPCL. Google Place ID: ChIJ8wXFuLG3JjoRAk2T21LHKQs,,,03-01-26 9:24,02/28/2026 08:10:00
479376,350879C3-7631-4CA8-ACE5-CD4556440387,BPCL Charging Station,"8877+35J, KARALMAL, Karalmal, Kochinda",,,Odisha,,,21.3127038,83.3128902,,0,,,,,,,,,,1,Network: BPCL. Google Place ID: ChIJRY9OcRa_JjoR9fVl2RqT5_o,,,03-01-26 9:24,02/28/2026 08:10:00
479375,D68A77C8-BC47-4533-9DE5-82441BFCFD1D,BPCL Charging Station,"8875+VMV, ARJUNDA, Kochinda",,,Odisha,,,21.314738,83.309171,,0,,,,,,,,,,1,Network: BPCL. Google Place ID: ChIJF_ZejxO_JjoRztVZfY1XOsw,,,03-01-26 9:24,02/28/2026 08:10:00
479374,286B4545-22B1-4017-9918-5A118B0964CF,Adani Charging Station,Boharpar,,,Odisha,,,21.296246,82.921301,,0,,,,,,,,,,3,Network: Adani. Google Place ID: ChIJjdDpMZGKJjoRqxzsXG4hDUw,,,03-01-26 9:24,02/28/2026 08:10:00
479373,147572DE-7A5A-4BB2-B651-B51179B3A4A4,Ather Grid Charging Station,"8PF2+HF8, Vedanta Balco Medical Center, Sector 24, Nawagaon Parsatti, Atal Nagar-Nava Raipur, raipur",,,Odisha,,,21.32392,81.7012,,0,,,,,,,,,,1,Network: Ather Grid. Google Place ID: ChIJe8xo4oXoKDoR1FT8U8wAlQE,,,03-01-26 9:24,02/28/2026 08:10:00
479372,F6DC6E7B-70B7-45EB-BC1A-7FD7F965893B,Electric Vehicle Charging Station,"6W29+CX5, NH 53, Lakhoti",,,Odisha,,,21.2020656,81.9192961,,0,,,,,,,,,,1,Network: Other. Google Place ID: ChIJ_YM7SAC_KDoRBES97FD7GzU,,,03-01-26 9:24,02/28/2026 08:10:00
479371,AE55030C-E8F7-4203-B968-8CE054A79EA0,BPCL Charging Station,"6V4C+8R9, Raipur",,,Odisha,,,21.2057845,81.872112,,0,,,,,,,,,,1,Network: BPCL. Google Place ID: ChIJe2fZ2l2_KDoRXb54nbSEvHM,,,03-01-26 9:24,02/28/2026 08:10:00
479370,20A1C5EA-E8F3-4516-BC28-7E9F379EAA55,Jio-bp,"Harnaya Timber Mart, Ashoka Heights, Mowa, Raipur, Semariya-2",,,Odisha,,,21.3028027,81.7368091,,0,,,,,,,,,,1,Network: Jio-bp. Google Place ID: ChIJuez0EADpKDoRV_0mvZP0FpE,,,03-01-26 9:24,02/28/2026 08:10:00
479369,D5AA9E0C-DD9B-4890-BCDF-262870DB1D9F,Electric Vehicle Charging Station,"6J9J+832, Ravanbhatha, Patel Para, Baloda Bazar, Raipur",,,Odisha,,,21.2182526,81.6301313,,0,,,,,,,,,,1,Network: Other. Google Place ID: ChIJNQTLEgDdKDoRHs6ee_X8jbU,,,03-01-26 9:24,02/28/2026 08:10:00
479368,B5181E54-5A92-49F3-AA31-16749BFC7B4B,NIKOL EV Charging Station,"Hotel entry point, 157,158,159,160,161,162,163,164,165,166,167,168,170, Bilaspur Rd, Transport Nagar, Birgoan, Raipur, Dharsinwa",,,Odisha,,,21.3173134,81.6397184,,0,,,,,,,,,,1,Network: Other. Google Place ID: ChIJNTV0BQDnKDoR35Ul4SoOTWY,,,03-01-26 9:24,02/28/2026 08:10:00
479367,FA9DA10F-8A20-44EC-AC54-5D6A8040B97E,Tata Power Charging Station,"6MQQ+4V7, K. K. Nagar, Raipur, Purena",,,Odisha,,,21.2377887,81.6896835,,0,,,,,,,,,,1,Network: Tata Power. Google Place ID: ChIJS_8iGTPdKDoRPINqUOhx_-g,,,03-01-26 9:24,02/28/2026 08:10:00
479366,35958C88-D2DA-4424-8F87-CCD7A6E95C96,BPCL Charging Station,"6GXF+R9M, Ward Number 15, Kumhari",,,Odisha,,,21.2495941,81.523425,,0,,,,,,,,,,1,Network: BPCL. Google Place ID: ChIJiRDtnPDfKDoRGTJHaNsaVoo,,,03-01-26 9:24,02/28/2026 08:10:00
479365,A5276678-45A8-474A-8AFD-D2359DAD0B78,Jio-bp,"Khasra No 137/2, Ahirwara Road, Ahirwara, Hignadih, Kumhari, Bhilai",,,Odisha,,,21.341343,81.429919,,0,,,,,,,,,,1,Network: Jio-bp. Google Place ID: ChIJqV-YegAfKToRpBxUbM6QJas,,,03-01-26 9:24,02/28/2026 08:10:00
479364,FDEF63DD-8F5E-4D43-9E7D-0C00F9CB3E3A,BPCL Charging Station,"9M77+WGC VILL SA, SILTARA VILL SANKARA, PHASE II, Siltara, Kota",,,Odisha,,,21.364806,81.6637644,,0,,,,,,,,,,1,Network: BPCL. Google Place ID: ChIJ1xlZtNjlKDoR5Mq6sK-RCUk,,,03-01-26 9:24,02/28/2026 08:10:00
479363,7A7B3263-EF0F-4B0F-AF23-48A81FC10EFB,Ather Grid Charging Station,"Indraprastha Hotel, NH53, Kumhari, Sai Mandir Indraprastha Hotel, Raipur",,,Odisha,,,21.2416455,81.4959004,,0,,,,,,,,,,1,Network: Ather Grid. Google Place ID: ChIJ8z1t7ZghKToRaW6XapU4EY4,,,03-01-26 9:24,02/28/2026 08:09:00
479362,A9370474-5D03-4BBC-B6D7-65CA7AE26FB0,BPCL Charging Station,"8JPC+5M5, Bilaspur Rd, Raipur, Kanhera",,,Odisha,,,21.335394,81.621727,,0,,,,,,,,,,1,Network: BPCL. Google Place ID: ChIJrSXy5cDmKDoRQ_mGRlfJN08,,,03-01-26 9:24,02/28/2026 08:09:00
479361,4680CC11-D996-48A2-BA9A-B08DE9E41266,Tata Power Charging Station,"Nukkad Tea Cafe, 75, Jalvihar Colony Rd, Civil Lines, Raipur",,,Odisha,,,21.2404095,81.6577801,,0,,,,,,,,,,1,Network: Tata Power. Google Place ID: ChIJX_uakg3dKDoRfz2ubpAzvRE,,,03-01-26 9:24,02/28/2026 08:09:00
479360,51895180-C906-4B9F-A5E6-5755DD033FA0,Ather Grid Charging Station,"Lalten caf茅, Great Eastern Rd, Anupam Garden, Doongaji Colony, Raipur",,,Odisha,,,21.2444126,81.607608,,0,,,,,,,,,,1,Network: Ather Grid. Google Place ID: ChIJ57qfHzzdKDoR1korVHkXtCA,,,03-01-26 9:24,02/28/2026 08:09:00
479359,889FC06A-6456-4F62-AFB5-D035ED276B85,BPCL Charging Station,"8J8Q+8RQ, Transport Nagar, Birgoan, Raipur",,,Odisha,,,21.315833,81.639605,,0,,,,,,,,,,1,Network: BPCL. Google Place ID: ChIJ7xevm_3mKDoR2v_tqgi0W3o,,,03-01-26 9:24,02/28/2026 08:09:00
479358,3B3665F6-99F3-45F2-8DF6-80BA4AF36DE3,Laxmi E Bike Solution,"Gali Number 7, Udyog Bhawan, Telibandha, Raipur",,,Odisha,,,21.2346227,81.6644444,,0,,,,,,,,,,1,Network: Other. Google Place ID: ChIJbTOehOzdKDoRWhqvdP3e5Hk,,,03-01-26 9:24,02/28/2026 08:09:00
479357,52069FD7-2B0F-41A6-B271-FED93CD78A46,Ather Grid Charging Station,"Gr Flr, Ralas Enclave Commercial Complex, Gayatri Hospital, Rohinipuram, Amanaka, Dangania, Raipur",,,Odisha,,,21.2404001,81.6029695,,0,,,,,,,,,,1,Network: Ather Grid. Google Place ID: ChIJY-7RZ3XeKDoRXYHMvPiNPdY,,,03-01-26 9:24,02/28/2026 08:09:00
479356,82D23D4F-2F7F-4BFC-93C8-0F3B4FDB6A2C,BPCL Charging Station,"6HVH+8RH, Raipur",,,Odisha,,,21.24332,81.579622,,0,,,,,,,,,,1,Network: BPCL. Google Place ID: ChIJ3fW0sT_eKDoRuGq3My_Q_UM,,,03-01-26 9:24,02/28/2026 08:09:00
479355,6E99F9E9-A143-446B-A641-84F7FB129AAF,Electric Vehicle Charging Station,"Budhapara, Raipur",,,Odisha,,,21.2350671,81.6309002,,0,,,,,,,,,,2,Network: Other. Google Place ID: ChIJSdUnHADdKDoRKtaWCPT1Yxg,,,03-01-26 9:24,02/28/2026 08:09:00
479354,2E667616-D93D-4B09-8D98-FE8B79BE1B01,Ather Charging Station,"Block No. 94, Ather Space, EC Location: Atherspace , Shop No.2, Ground Floor, Plot No. 11/5, Jaistambh Chowk, Hotel Mayura, Raipur",,,Odisha,,,21.2440004,81.6347188,,0,,,,,,,,,,1,Network: Ather Grid. Google Place ID: ChIJr7_z1o3dKDoRqeEP6ZNqKTs,,,03-01-26 9:24,02/28/2026 08:09:00
479353,A8027BF8-663A-4867-A8E5-4833F724182C,Ather Charging Station,"Shop No . G 1-5, Ashoka millenium, Plaza, Ring Road No. 1, Priyadarshini Nagar Colony, New Rajendra Nagar, Raipur, Tikrapara",,,Odisha,,,21.225601,81.6560523,,0,,,,,,,,,,2,Network: Ather Grid. Google Place ID: ChIJC2-1bwPdKDoRaoDAaNf8-Co,,,03-01-26 9:24,02/28/2026 08:09:00
479352,C865ACB2-CB13-4E0B-8BCF-951DDFC8399E,Tata Power Charging Station,"Station Road, Moudhapara, Raipur, Gudhiyari",,,Odisha,,,21.2553683,81.6294531,,0,,,,,,,,,,2,Network: Tata Power. Google Place ID: ChIJIWGtu5LdKDoRy33ZHUP1JQ4,,,03-01-26 9:24,02/28/2026 08:09:00
479351,D3A5C5DA-A454-4199-B6BE-437FC9083C54,Ather Grid Charging Station,"Hyatt Raipur, National Highway 6, Jivan Vihar, Labhandih",,,Odisha,,,21.2402071,81.6843083,,0,,,,,,,,,,1,Network: Ather Grid. Google Place ID: ChIJyyViEiXdKDoRB1x5pZJc-VM,,,03-01-26 9:24,02/28/2026 08:09:00
479350,320AF9CF-C121-4063-A6EA-9A7640964D7D,Ola Charging Station,"6MQH+R3F, Jivan Vihar, Raipur",,,Odisha,,,21.2395532,81.6776714,,0,,,,,,,,,,1,Network: Ola Electric. Google Place ID: ChIJpdalKwDdKDoROevF0gmRjKA,,,03-01-26 9:24,02/28/2026 08:09:00
479349,85E928E4-E3B9-4610-A82D-DCF999E0167D,Bolt.Earth,"3GXG+9M, Charampa",,,Odisha,,,21.0984032,86.5266842,,0,,,,,,,,,,1,Network: Bolt.Earth. Google Place ID: ChIJJ16RM0BXozsRwtjrNs9e9m8,,,03-01-26 9:24,02/28/2026 08:09:00
479348,FADB6FC1-D2C1-4F3E-90B4-ED915E5B33A0,Ather Grid Charging Station,"3FFW+3V6, Mathasahi, Gabasahi, Charampa, Bhadrak",,,Odisha,,,21.071771,86.49832,,0,,,,,,,,,,1,Network: Ather Grid. Google Place ID: ChIJy_pguPcJHDoR53On2x4R9Rg,,,03-01-26 9:24,02/28/2026 08:09:00
479347,BB882EEC-06D1-4282-94F8-F42F65274B61,Jio-bp pulse Charging Station,"Mathasahi, Gabasahi, Bhadrak",,,Odisha,,,21.0702881,86.4970845,,0,,,,,,,,,,1,Network: Jio-bp. Google Place ID: ChIJceEYG2kJHDoRaWVSVtlQFxQ,,,03-01-26 9:24,02/28/2026 08:09:00
479346,BCEF7440-E6DF-4BFA-B28A-CC865791DCE4,Jio-bp pulse Charging Station,"Balasore - Bhadrak - Cuttack Rd, Sasan",,,Odisha,,,20.9758779,86.4012231,,0,,,,,,,,,,1,Network: Jio-bp. Google Place ID: ChIJlwwCGqf5GzoRrJocjtpSoB4,,,03-01-26 9:24,02/28/2026 08:09:00
479345,4A9E2A4D-8AB6-4704-A362-0849DC4D6427,Tata Power Charging Station,"3F9W+WGC, Motel Chaka, Mathasahi, Gabasahi, Bhadrak",,,Odisha,,,21.06981,86.496256,,0,,,,,,,,,,1,Network: Tata Power. Google Place ID: ChIJzfE3YvcJHDoRsjLN6YtkR7U,,,03-01-26 9:24,02/28/2026 08:09:00
479344,9C943AB0-26DC-4800-AE09-B23EC4B40423,Ather Grid Charging Station,"4G3M+P3C, Badshahi Rd, Erei, Bhadrak",,,Odisha,,,21.104305,86.532646,,0,,,,,,,,,,1,Network: Ather Grid. Google Place ID: ChIJ4559HlMKHDoR51-8pdrs3Rg,,,03-01-26 9:24,02/28/2026 08:09:00
479343,05AE8EFA-BBF2-47E3-B166-4BB2482D4269,Ather Grid Charging Station,"Khata No-126, Plot No-606/1204, Mauza, Sanapatuli",,,Odisha,,,20.9362048,86.1646624,,0,,,,,,,,,,1,Network: Ather Grid. Google Place ID: ChIJH8ErH0ZRGToRK5r-8LS6ANg,,,03-01-26 9:24,02/28/2026 08:08:00
479342,980A2C89-6FE0-47DF-BB34-32168F8040EB,Tata Power Charging Station,"W698+HQP, Keonjhar - Ghatgaon - Panikoili Rd, Mohammed Jamalpur",,,Odisha,,,20.9189587,86.2169684,,0,,,,,,,,,,1,Network: Tata Power. Google Place ID: ChIJYwy2x1dWGToRJk6NvC0SbhM,,,03-01-26 9:24,02/28/2026 08:08:00
479341,51DD9F29-1522-42A7-9863-8667DAB3A7D8,Electric Vehicle Charging Station,"JP MOBILES AND SERVICES, Duburi Chhak, Kalinganagar, Duburi",,,Odisha,,,20.9867242,85.989196,,0,,,,,,,,,,1,Network: Other. Google Place ID: ChIJibev13hLGToR__nltBtbq4E,,,03-01-26 9:24,02/28/2026 08:08:00
479340,8EBE31D7-48E6-4D4E-AAF7-56F4735F51A8,Tata Power Charging Station,"Tata Steel Area, Kalinga Nagar, Duburi, JAJAPUR",,,Odisha,,,20.9502562,85.989753,,0,,,,,,,,,,1,Network: Tata Power. Google Place ID: ChIJhc5JN2BJGToR6Zia0V6zSu4,,,03-01-26 9:24,02/28/2026 08:08:00
479339,0ABD3CE6-6DFB-48DA-81F9-00D5EA2AFC66,BPCL Charging Station,"3996+CM9, Dargaon, Kota",,,Odisha,,,21.0685308,82.3617326,,0,,,,,,,,,,1,Network: BPCL. Google Place ID: ChIJtwJv1gsFJjoRXMdkjlMHf6M,,,03-01-26 9:24,02/28/2026 08:08:00
479338,F6AB7777-2342-447B-A8D2-8B1B0C59FD56,EESL Charging Station,"5Q7Q+C8X, Unnamed Road, Sector 19, Kayabandha, Atal Nagar-Nava Raipur",,,Odisha,,,21.1636206,81.788358,,0,,,,,,,,,,1,Network: Other. Google Place ID: ChIJHZXGwKTGKDoRj8EFDxLlBs8,,,03-01-26 9:24,02/28/2026 08:08:00
479337,B2362C55-D7AD-421E-A594-FAB0C4DA27CD,Tata Power Charging Station,"Mahnadi Bhawan, Mantralaya, Public Parking, Sector 19, Atal Nagar-Nava Raipur",,,Odisha,,,21.1612821,81.796672,,0,,,,,,,,,,1,Network: Tata Power. Google Place ID: ChIJZ_IU6r7GKDoRmaCEFUUbmtE,,,03-01-26 9:24,02/28/2026 08:08:00
479336,FD0C1EA3-4512-4D69-8043-0B6A1D9B77CD,EESL Charging Station,"Mantralaya, Sector 19, Atal Nagar-Nava Raipur",,,Odisha,,,21.1613368,81.7964476,,0,,,,,,,,,,1,Network: Other. Google Place ID: ChIJJ7aLRj_HKDoRFM6YKpvgNv0,,,03-01-26 9:24,02/28/2026 08:08:00
479335,53E79514-7ECD-4DC5-A581-6352E615EFC6,BPCL Charging Station,"3QH2+9PQ, Abhanpur",,,Odisha,,,21.0784588,81.7518659,,0,,,,,,,,,,1,Network: BPCL. Google Place ID: ChIJs3EfW2HPKDoRxK12TB1TnUM,,,03-01-26 9:24,02/28/2026 08:08:00
479334,7E7BBF51-DEC7-4496-8ED3-5BDC8E262642,Ather Grid Charging Station,"Aaranyam Restaurant & Cafe, Vedanta Balco Medical Center, Sector 24, Nawagaon Parsatti, Naya",,,Odisha,,,21.1340895,81.7723539,,0,,,,,,,,,,1,Network: Ather Grid. Google Place ID: ChIJb6mwkSzEKDoRcKbkDjFWY3A,,,03-01-26 9:24,02/28/2026 08:08:00
479333,129CCEE9-BDAC-4BB1-8E78-76E9E0E65B4F,BPCL Charging Station,"2PVJ+CR4, Abhanpur, Kota",,,Odisha,,,21.0435101,81.7320747,,0,,,,,,,,,,1,Network: BPCL. Google Place ID: ChIJZUB6p6nPKDoRot0wYq25YaY,,,03-01-26 9:24,02/28/2026 08:08:00
479332,B8818B6A-F657-4CFD-9794-063F40A79208,Om sai corporation e rickshaw,"jhon deere trector showroomke bagal me, Shivaji complex, rode, durg",,,Odisha,,,21.0478294,81.5331778,,0,,,,,,,,,,1,Network: Other. Google Place ID: ChIJ7VTUku3XKDoRzGwC1wBLh-o,,,03-01-26 9:24,02/28/2026 08:08:00
479331,28C9E043-8412-4A26-B122-33CFB619085D,Electric Vehicle Charging Station,"2GPW+9FR, Patan",,,Odisha,,,21.035982,81.5461322,,0,,,,,,,,,,1,Network: Other. Google Place ID: ChIJb0xcezbXKDoRrVLjkW8O1eg,,,03-01-26 9:24,02/28/2026 08:08:00
479330,6FD537EF-6335-4769-AC80-7D8CFF3A07C0,Electric Vehicle Charging Station,"2P83+C5R Khushi moter vanding, Mohdi-2",,,Odisha,,,21.0161093,81.7029005,,0,,,,,,,,,,600,Network: Other. Google Place ID: ChIJ7erwfC3PKDoRtMPIWZYqPeE,,,03-01-26 9:24,02/28/2026 08:08:00
479329,DA04D285-BCD5-4689-9FA3-2D90E4209830,Hindustan Petroleum Corporation Limited,"Ground Floor, Banapur Rd, NC College, Jajpur, Banapur",,,Odisha,,,20.838154,86.308423,,0,,,,,,,,,,1,Network: Other. Google Place ID: ChIJZSHY9l7jGzoRxsfruprE5dk,,,03-01-26 9:24,02/28/2026 08:08:00
479328,863FC91A-6E86-4048-A09E-430954F225E4,Ather Grid Charging Station,"Ground Floor, Badshahi Rd, Chandikhol Chhak, Chandikhol, Khosalpur",,,Odisha,,,20.7039371,86.1341964,,0,,,,,,,,,,1,Network: Ather Grid. Google Place ID: ChIJdTUsz3VdGToRAcF8fOUEbQk,,,03-01-26 9:24,02/28/2026 08:08:00
479327,9FE099AA-D549-47C8-8728-C18974C99E46,Jio-bp pulse Charging Station,"ORT002, Khata No.389/87, Plot No- 332/369/349, Sankaridiha",,,Odisha,,,20.752399,86.150857,,0,,,,,,,,,,1,Network: Jio-bp. Google Place ID: ChIJQeoKKKxdGToRnVWpnXfJY6U,,,03-01-26 9:24,02/28/2026 08:08:00
479326,65DD8F76-25EB-4BFB-B812-7FD87C57EB11,Electric Vehicle Charging Station,"M458+7W8, Badshahi Rd, Bharchhan",,,Odisha,,,20.6581671,86.1173138,,0,,,,,,,,,,1,Network: Other. Google Place ID: ChIJJ7OFl41nGToR46OGu9q0pm4,,,03-01-26 9:24,02/28/2026 08:08:00
479325,13F46757-A368-4DBC-B313-B4C61E003E1E,Ampere EV by Greaves - Green Wheels,"Plot No 1012, DU Public School, Sunguda, Chandikhol",,,Odisha,,,20.6942379,86.1328793,,0,,,,,,,,,,1,Network: Other. Google Place ID: ChIJQ7wgpQNdGToRwzl9MyLyK6k,,,03-01-26 9:24,02/28/2026 08:08:00
479324,81B96264-4709-42EC-A40F-4A5777652F62,BPCL Charging Station,"M447+F4V, MANGULI BADCHANA,MANGULI, Bharchhan, Kuchinda",,,Odisha,,,20.656229,86.112809,,0,,,,,,,,,,1,Network: BPCL. Google Place ID: ChIJg4hkZ-1nGToRIQM9dCZ0mko,,,03-01-26 9:24,02/28/2026 08:08:00
479323,CB290F8F-D5C7-49B8-A3BF-A973A0B704C8,Ather Grid Charging Station,"MH9R+RWM, Dhenkanal",,,Odisha,,,20.6695199,85.5922933,,0,,,,,,,,,,1,Network: Ather Grid. Google Place ID: ChIJH6efH_DfGDoRsV76GT3J_EY,,,03-01-26 9:24,02/28/2026 08:07:00
479322,09B61E30-6478-474C-A312-A71A66160C44,Jio-bp,"Plot No 456, Khatiyan No 252/100 Kamakhyanagar, Tumusinga, Khatuahata, Dhenkanal",,,Odisha,,,20.8014756,85.5434702,,0,,,,,,,,,,1,Network: Jio-bp. Google Place ID: ChIJ60wsJwDZGDoRxBqdTUSvf9I,,,03-01-26 9:24,02/28/2026 08:07:00
479321,2F7409A3-B2F6-497F-AB65-436FC20CE271,Tata Power Charging Station,"NH 55, TELCO CHOWK, Nuahata, Joragadia",,,Odisha,,,20.8317557,85.2416603,,0,,,,,,,,,,1,Network: Tata Power. Google Place ID: ChIJeS35BCa4GDoRe0j0hNs_W3U,,,03-01-26 9:24,02/28/2026 08:07:00
479320,8DB97C85-4CCF-4776-B512-EA0408BF7BB3,Thunder Plus Charging Station,"R6JR+MMV Trupti Automobiles, NH 55, Banarpal, Nuahata, Angul",,,Odisha,,,20.8317352,85.2416586,,0,,,,,,,,,,1,Network: Other. Google Place ID: ChIJJY93ECa4GDoRlH3NDyKjH5E,,,03-01-26 9:24,02/28/2026 08:07:00
479319,10BB9615-4A19-4F61-8F20-6AB98FC48EAF,Tata Power Ez Charging Station,"R6MQ+487, Nuahata",,,Odisha,,,20.8327932,85.2382886,,0,,,,,,,,,,1,Network: Tata Power. Google Place ID: ChIJyZfGMgC5GDoRLNR4SZRXEe0,,,03-01-26 9:24,02/28/2026 08:07:00
479318,1F18B426-4932-4287-AE0C-95A97FD9A22C,Ather Grid Charging Station,"Khata no. 302, 27, Bypass Rd, Bazarapada, baleshwar, Angul",,,Odisha,,,20.832794,85.085236,,0,,,,,,,,,,1,Network: Ather Grid. Google Place ID: ChIJ38DFqYqvGDoR7ecF9ZGYNHA,,,03-01-26 9:24,02/28/2026 08:07:00
479317,7D659F74-744A-4B98-AD74-35D3EF0E4BEE,Tata Power Charging Station,"R4W8+2FG, Turanga, Angul",,,Odisha,,,20.8450685,85.1162026,,0,,,,,,,,,,2,Network: Tata Power. Google Place ID: ChIJ33zKYwCxGDoRhDmzXxNpkGs,,,03-01-26 9:24,02/28/2026 08:07:00
479316,4A03629E-9BDC-4A8E-8E2E-9167255E3AD7,Hindustan Petroleum Corporation Limited Charging Station,"55, National Highway, Karadagadia, Angul, Nuamauja",,,Odisha,,,20.8235109,85.0620926,,0,,,,,,,,,,1,Network: Other. Google Place ID: ChIJt_L0q4OlGDoRJQbRy38Met0,,,03-01-26 9:24,02/28/2026 08:07:00
479315,7FDCD90E-37A5-43CE-A47B-6F7EFCE1FB8A,Hindustan Petroleum Corporation Limited,"RTO Office, Plot No 65, Angul, Panchamahala, Angul",,,Odisha,,,20.8234079,85.0620499,,0,,,,,,,,,,1,Network: Other. Google Place ID: ChIJcfrSDqmlGDoRCTuDK0ARluQ,,,03-01-26 9:24,02/28/2026 08:07:00
479314,E9FBB7BA-C261-47A7-9FBF-E2B025535ED6,Jio-bp,"Khata No 214/230 &amp, 214/226/214/242, Khaliapali, Raxa, Maheswarpinda",,,Odisha,,,20.80489,84.03399,,0,,,,,,,,,,1,Network: Jio-bp. Google Place ID: ChIJGbtRVwDbIzoRBLtzSuJiHzc,,,03-01-26 9:24,02/28/2026 08:07:00
479313,A7F8A753-368F-4B11-98B0-97D337441DBA,Electric Vehicle Charging Station,"VW5V+4M3, Balangir - Sonepur - Redhakhol Rd, Lehedi",,,Odisha,,,20.8577541,83.9441821,,0,,,,,,,,,,1,Network: Other. Google Place ID: ChIJuzwdfwDdIzoRQZyLgVU7n1k,,,03-01-26 9:24,02/28/2026 08:07:00
479312,141DD9DE-D1C7-4B21-B4AB-A4D2985574A4,Electric Vehicle Charging Station,"RVWV+VJH, Sonepur",,,Odisha,,,20.8471861,83.894135,,0,,,,,,,,,,1,Network: Other. Google Place ID: ChIJA82GodHnIzoR8iuDTkgGN_A,,,03-01-26 9:24,02/28/2026 08:07:00
479311,7B7A46D8-BED3-4E4C-9D8A-C32A32C9A9F0,Tata Power Charging Station,"National Garage, Raipur Road, Bypass, Sambalpur, Dhamtari",,,Odisha,,,20.7425344,81.5791428,,0,,,,,,,,,,1,Network: Tata Power. Google Place ID: ChIJG_IRSuAoLzoRYxKV2S5TjU4,,,03-01-26 9:24,02/28/2026 08:07:00
479310,B961152B-9758-498E-AE45-2FF57C67C7C2,BPCL Charging Station,"RM8M+R4M, Kurud",,,Odisha,,,20.817085,81.6828102,,0,,,,,,,,,,1,Network: BPCL. Google Place ID: ChIJzSZGjfQtLzoR71qqeAnjvB0,,,03-01-26 9:24,02/28/2026 08:07:00
479309,9F507F7A-575D-498E-8AC2-6C0CABC79864,Ather Grid Charging Station,"G9J5+75M, BAGHILO, Alabanka, Kendrapara",,,Odisha,,,20.5307153,86.3579333,,0,,,,,,,,,,1,Network: Ather Grid. Google Place ID: ChIJRcBLUTXaGzoR4b-rNkk_jRU,,,03-01-26 9:24,02/28/2026 08:07:00
479308,20B6A6BD-4014-4675-B2A3-E497B5D66E85,kesannager electric office,"C3CR+94F, Kesannagar",,,Odisha,,,20.4209459,86.0903038,,0,,,,,,,,,,1,Network: Other. Google Place ID: ChIJI7VACYNwGToRLEDo-XJI74U,,,03-01-26 9:24,02/28/2026 08:07:00
479307,554BD1CD-0EB5-4943-8AAD-239436ED0C04,Adani Charging Station,"Chanakya Hotel, Plot No-605/606, SH 9A, Gangapur, Cuttack",,,Odisha,,,20.4823589,86.0581588,,0,,,,,,,,,,1,Network: Adani. Google Place ID: ChIJDx9EqNZvGToR4n2aatO76ak,,,03-01-26 9:24,02/28/2026 08:07:00
479306,09ADFFD6-E113-4B6A-92D0-BD8124BEDE79,Tata Power Charging Station,"Khata No, Plot No-1160/2087, 498/478, DSRO, Cuttack",,,Odisha,,,20.3702497,85.8909745,,0,,,,,,,,,,1,Network: Tata Power. Google Place ID: ChIJ1cJ763gLGToRuV_NJ9MWEWk,,,03-01-26 9:24,02/28/2026 08:07:00
479305,FE1A24CC-6362-4FC0-A5C4-A024F0B7530D,Ather Grid Charging Station,"Urmila Complex, Police Station, madhupatna, Jagatpur Industrial Estate, Utkalmani Sishu Sikhya, Madhu Patna Colony, Cuttack, Jagatpur",,,Odisha,,,20.491886,85.93527,,0,,,,,,,,,,1,Network: Ather Grid. Google Place ID: ChIJl5LWAExtGToRGNELdqCNeYo,,,03-01-26 9:24,02/28/2026 08:07:00
479304,9D2BF369-0E48-48F1-BCA4-8B3A37E30E64,Ather Grid Charging Station,"CDA Hotel Sai Continental, Sector 6 Main Rd, CDA Sector VI, Cuttack",,,Odisha,,,20.4791192,85.8398223,,0,,,,,,,,,,1,Network: Ather Grid. Google Place ID: ChIJHVeAzdMRGToRkqn1I7-vSo8,,,03-01-26 9:24,02/28/2026 08:07:00
479303,167E5176-564F-4BEA-864B-B703D38C6B35,Tata Power Charging Station,"NH16, Manguli Chowk, CUTTACK",,,Odisha,,,20.529316,85.949237,,0,,,,,,,,,,1,Network: Tata Power. Google Place ID: ChIJQ5zExt1sGToRmwKWLhkAACU,,,03-01-26 9:24,02/28/2026 08:06:00
479302,5C691707-6DC8-479B-BE01-C90385484A68,Ather Grid Charging Station,"2, yellow storied building, sai sarswati sishu mandir, High Court Colony, nayabzar, Poparada, Cuttack",,,Odisha,,,20.453737,85.88849,,0,,,,,,,,,,1,Network: Ather Grid. Google Place ID: ChIJnRY7Pp4NGToRq9ZgM6SZabM,,,03-01-26 9:24,02/28/2026 08:06:00
479301,5164F916-4B99-4708-B197-4A2414374D30,Electric Vehicle Charging Station,"NH 16, Bhanpur, Urali",,,Odisha,,,20.4116317,85.8794133,,0,,,,,,,,,,1,Network: Other. Google Place ID: ChIJq3_WToMNGToRR5JB4vPcS0w,,,03-01-26 9:24,02/28/2026 08:06:00
479300,402851F6-7977-4E7D-9DFC-09C60D3AC7A9,Tata Power Charging Station,"FRJ8+PV8, CDA Sec - 11, Cuttack",,,Odisha,,,20.481787,85.817213,,0,,,,,,,,,,1,Network: Tata Power. Google Place ID: ChIJ4X5PbdARGToRD-jJg49d_Vo,,,03-01-26 9:24,02/28/2026 08:06:00
479299,BF54FFA4-EBF0-4E2C-9BB9-BE03BF653917,Ather Grid Charging Station,"Urmila Complex, Police Station, madhupatna, Police Colony, Madhu Patna Colony, Cuttack",,,Odisha,,,20.4497938,85.8982001,,0,,,,,,,,,,1,Network: Ather Grid. Google Place ID: ChIJpy9ozHINGToRSf9w3t4D7b4,,,03-01-26 9:24,02/28/2026 08:06:00
479298,168DFEF7-5D58-4023-ADD5-11B4A6922E80,Ather Grid Charging Station,"57/a Stoney road dagarpada bandha baseli road, chandani chowk, shri bharati school, Cuttack",,,Odisha,,,20.469631,85.85469,,0,,,,,,,,,,1,Network: Ather Grid. Google Place ID: ChIJ011K2fgNGToRnUbdExYZmwI,,,03-01-26 9:24,02/28/2026 08:06:00
479297,F7B29442-04AB-4636-95DB-CC182AE4BB67,Ather Grid Charging Station,"Arunodaya Market, Kamalpur, Palamandap, Cuttack",,,Odisha,,,20.460117,85.88938,,0,,,,,,,,,,1,Network: Ather Grid. Google Place ID: ChIJS2fUXp0NGToRBTAXcwDU-0M,,,03-01-26 9:24,02/28/2026 08:06:00
479296,56A849E6-4A75-421A-A327-CC857B674B03,Ather Grid Charging Station,"CWR3+WWV, Khanna Nagar, Industrial Estate Khapuria, Cuttack",,,Odisha,,,20.44235,85.90481,,0,,,,,,,,,,1,Network: Ather Grid. Google Place ID: ChIJS9mVShENGToRSmvnuHlIkPs,,,03-01-26 9:24,02/28/2026 08:06:00
479295,283705BD-766A-49CB-AD0F-3D30261C1341,Bal Gopal Motors,"Link Rd, Badambadi New LIC Colony, Orissa State Electricity Board Colony, Cuttack",,,Odisha,,,20.4551603,85.8866555,,0,,,,,,,,,,1,Network: Other. Google Place ID: ChIJ78Ihe54NGToRccrYzcTj7uM,,,03-01-26 9:24,02/28/2026 08:06:00
479294,5139DA59-6190-444F-86AE-D494E9DADA1B,Ather Charging Station,"Urmila Complex, Police Station, At PO:, Madhupatna, Madhu Patna Colony, Cuttack",,,Odisha,,,20.446043,85.9069427,,0,,,,,,,,,,1,Network: Ather Grid. Google Place ID: ChIJjU1DSQ0NGToRq1gr7OHoWp0,,,03-01-26 9:24,02/28/2026 08:06:00
479293,C3599474-D6C8-4AAC-BEF6-DD8BF8ADFD49,Ather Grid Charging Station,"FW84+C4H, Service Rd, Gandarpur, Cuttack",,,Odisha,,,20.4660615,85.9053606,,0,,,,,,,,,,1,Network: Ather Grid. Google Place ID: ChIJgTiBmGYNGToRuAiv_G9v7sQ,,,03-01-26 9:24,02/28/2026 08:06:00
479292,A0BB2D4C-EBCC-4FB3-A076-27EC3DC6D8C7,Ather Grid Charging Station,"Sai Motors, Plot No-C/441, CDA Sector VI, Cuttack",,,Odisha,,,20.474403,85.8447998,,0,,,,,,,,,,1,Network: Ather Grid. Google Place ID: ChIJvecyYP4RGToRBAnPu3RmhaU,,,03-01-26 9:24,02/28/2026 08:06:00
479291,86891085-6EB3-4C85-836A-073A5CF4D6ED,Tata Power Charging Station,"Tata Motors Cars Showroom - Gugnani Autocars, Pratap Nagari, Plot No 785, NH16, Pratap Nagari, Urali",,,Odisha,,,20.4051611,85.8798077,,0,,,,,,,,,,2,Network: Tata Power. Google Place ID: ChIJg5n70VwMGToRGRQrmS91tsc,,,03-01-26 9:24,02/28/2026 08:06:00
479290,07108C6C-28FC-4072-960D-BBEBC9582B80,Jio-bp pulse Charging Station,"Plot No 343/1361 Gurudijhatia, Athagarah, NH 55, Chaudwar, Cuttack",,,Odisha,,,20.5506603,85.774418,,0,,,,,,,,,,1,Network: Jio-bp. Google Place ID: ChIJd4AJErARGToRW-5vc8c-0Ok,,,03-01-26 9:24,02/28/2026 08:06:00
479289,57F7AB7A-BB78-4126-AD99-E5BF936769BE,Ather Grid Charging Station,"Drool, 461, Mahatab Rd, Dolmundai, Cuttack",,,Odisha,,,20.4621758,85.8837439,,0,,,,,,,,,,1,Network: Ather Grid. Google Place ID: ChIJ2zQBm7oNGToRLRZA2dKhhAo,,,03-01-26 9:24,02/28/2026 08:06:00
479288,2D9D48AC-478D-4603-AC99-492AC4C5C55A,Jio-bp pulse EV Charging Station,"Plot No 953, Grand Bazar, Nuahata, Bamphakuda, Cuttack",,,Odisha,,,20.3770148,85.8893793,,0,,,,,,,,,,1,Network: Jio-bp. Google Place ID: ChIJ0VhI2f8LGToRTzOCNvpE1Ys,,,03-01-26 9:24,02/28/2026 08:06:00
479287,29A3435B-8625-4BBC-9823-E9DC848780E3,Hindustan Petroleum Corporation Limited,"Ground Floor, NH 16, Cuttack Chandikhol Road, Kairapari",,,Odisha,,,20.5512697,85.9854959,,0,,,,,,,,,,1,Network: Other. Google Place ID: ChIJISraetptGToR9XEHV-yuXnc,,,03-01-26 9:24,02/28/2026 08:06:00
479286,8CF01C3E-3842-4A4E-B8C9-7E9613A540A8,Hindustan Petroleum Corporation Limited,"Ground Floor Bhitaragada, Terminal Road, Paradeep",,,Odisha,,,20.2895101,86.6453834,,0,,,,,,,,,,1,Network: Other. Google Place ID: ChIJ75XS00hLGjoR5j3AAgFynGA,,,03-01-26 9:24,02/28/2026 08:06:00
479285,26413824-44BB-4780-A7D1-565A946973DB,Tata Power Charging Station,"NH12, Sarala Road, Tentulipada",,,Odisha,,,20.307243,86.320751,,0,,,,,,,,,,1,Network: Tata Power. Google Place ID: ChIJY3d7p7nUGzoREU0DvotJweM,,,03-01-26 9:24,02/28/2026 08:06:00
479284,DB07F1E3-11DD-4739-9CDC-B861A2786D79,Ather Grid Charging Station,"Tarapada, Jagatsinghpur - Paradip Rd, Jagatsinghpur, Taradapada",,,Odisha,,,20.2606974,86.2016437,,0,,,,,,,,,,2,Network: Ather Grid. Google Place ID: ChIJiclfXLmBGToR-IL-ds9cFiI,,,03-01-26 9:24,02/28/2026 08:05:00
479283,B35ACBE6-6F3F-4850-BBBB-92BBBB173881,BPCL Charging Station,"5VV5+HX9, Bhubaneswar, Uttarasasan",,,Odisha,,,20.193901,85.859992,,0,,,,,,,,,,1,Network: BPCL. Google Place ID: ChIJgTCrF1qhGToRfaqQJqu7SNw,,,03-01-26 9:24,02/28/2026 08:05:00
479282,9D4705AE-DAFF-4109-8407-D5686CE47EA9,Electric Vehicle Charging Station,"2058, NH 16, Beherasahi, Nilakantha Nagar, Nayapalli, Bhubaneswar",,,Odisha,,,20.289135,85.8152489,,0,,,,,,,,,,1,Network: Other. Google Place ID: ChIJu3USHdEJGToRXIokatE-MFA,,,03-01-26 9:24,02/28/2026 08:05:00
479281,7D8E398A-0026-4174-BF7D-8DA0A60F683E,Ather Grid Charging Station,"M73, Samanta Vihar, Chandrasekharpur, Bhubaneswar",,,Odisha,,,20.315432,85.82054,,0,,,,,,,,,,1,Network: Ather Grid. Google Place ID: ChIJp0cfILsJGToRp7ZEviBZH94,,,03-01-26 9:24,02/28/2026 08:05:00
479280,447FECBA-1FA0-40C9-84F4-33B1F9B6C7A4,Adani Charging Station,"Shivam Complex/ Enterprises, Plot No 427 & 428, Big Cup Cafe Building, Phulnakhara Flyover, Cuttack - Bhubaneswar Rd, Bhubaneswar, Odisha 754001 Bhubaneswar Hq",,,Odisha,,,20.3570179,85.8888203,,0,,,,,,,,,,5,Network: Adani. Google Place ID: ChIJwaMZ5Z0LGToRm81B7rkJJ6Q,,,03-01-26 9:24,02/28/2026 08:05:00
479279,3067F046-DB84-4470-974A-7497A805FDAA,Ather Grid Charging Station,"Nayan Tower, Plot No-18/1180/3220, Khandagiri, Bhubaneswar",,,Odisha,,,20.256187,85.7868375,,0,,,,,,,,,,2,Network: Ather Grid. Google Place ID: ChIJdVMeBMCnGToRNnsJsHwGX_Y,,,03-01-26 9:24,02/28/2026 08:05:00
479278,457C048E-6690-4ECF-B7BF-6DAF9BDE659B,Ather Grid Charging Station,"Engineer's Colony, Cuttack Rd, Buddha Nagar, Laxmisagar, Bhubaneswar",,,Odisha,,,20.2614172,85.8438993,,0,,,,,,,,,,1,Network: Ather Grid. Google Place ID: ChIJ2VUM0UunGToRU9tQ0zZR8TM,,,03-01-26 9:24,02/28/2026 08:05:00
479277,14DD13E7-09C4-4771-B118-47D69A95D1FF,Tata Power Charging Station,"CSM Technologies, Acharya Vihar, OCAC(Odisha Computer Application Centre) Building, Plot No N-1/7-D, Doordarshan Colony, Acharya Vihar, Bhubaneswar",,,Odisha,,,20.2995501,85.8309735,,0,,,,,,,,,,1,Network: Tata Power. Google Place ID: ChIJVetJ7CcJGToRwPMdxf5WOUY,,,03-01-26 9:24,02/28/2026 08:05:00
479276,84BF51DB-0161-40ED-AB75-467D837F5D46,Statiq Charging Station,"7VR4+HCR, Esplanade One Ln, Rasulgarh Industrial Estate, Industrial Area Estate, Rasulgarh, Bhubaneswar",,,Odisha,,,20.2914763,85.8560122,,0,,,,,,,,,,2,Network: Statiq. Google Place ID: ChIJddfGXNMLGToRw5E2FN5na9w,,,03-01-26 9:24,02/28/2026 08:05:00
479275,96356457-A0AB-4D0D-B97C-FD9156B0DD9B,Ather Grid Charging Station,"1156/3397, Jharapada, Bhubaneswar",,,Odisha,,,20.2669537,85.8694239,,0,,,,,,,,,,1,Network: Ather Grid. Google Place ID: ChIJK-VwSQChGToRfqrbi3Ow8VQ,,,03-01-26 9:24,02/28/2026 08:05:00
479274,D48D9F1A-16C5-4F19-88CB-BFC8E2629408,Ather Charging Station,"Plot No- 433, Old Station, Bazar, Cuttack Rd, Budheswari Colony, Laxmisagar, Bhubaneswar",,,Odisha,,,20.2640837,85.8457679,,0,,,,,,,,,,1,Network: Ather Grid. Google Place ID: ChIJ2WrxeEynGToR0kVaFSpo59I,,,03-01-26 9:24,02/28/2026 08:05:00
479273,6053D825-7B90-4B40-B4AD-02030BEFB456,Statiq Charging Station,"Left Side of Lobby, Guest Parking Area, Bhubaneswar, Dumduma, Bhubaneswar",,,Odisha,,,20.245772,85.783043,,0,,,,,,,,,,2,Network: Statiq. Google Place ID: ChIJs_-nFsanGToRgkF4TJEi6A8,,,03-01-26 9:24,02/28/2026 08:05:00
479272,78FDC51A-4252-40C5-9824-77D924CDD660,Tata Power Charging Station,"Aroma Store, Fortune Park Sishmo, 86/A-1, Gautam Nagar, Gautam Nagar, Bhubaneswar",,,Odisha,,,20.259014,85.8397059,,0,,,,,,,,,,2,Network: Tata Power. Google Place ID: ChIJuUT1VAqnGToRYAHnSmEDiE4,,,03-01-26 9:24,02/28/2026 08:05:00
479271,FFA3379E-D3CE-4163-9F22-9F85DA8257D9,Ather Grid Charging Station,"Plot no-3753, Annapurna Finance Pvt Ltd, 3, Khandagiri - Chandaka Rd, Ghatikia, Bhubaneswar",,,Odisha,,,20.2710386,85.7838293,,0,,,,,,,,,,1,Network: Ather Grid. Google Place ID: ChIJN1lgJXmnGToRMjuNCBaE1e8,,,03-01-26 9:24,02/28/2026 08:05:00
479270,3DB7D07C-4900-4786-9079-84A7015EB83B,Ather Grid Charging Station,"Pal Heights, Jayadev Vihar-Ekamra Kanana Rd, Jayadev Vihar, Bhubaneswar",,,Odisha,,,20.2986351,85.8227086,,0,,,,,,,,,,1,Network: Ather Grid. Google Place ID: ChIJ6XYpn30JGToRsxcFhnwlpzc,,,03-01-26 9:24,02/28/2026 08:05:00
479269,5D3F8091-E147-4E21-9D26-24166EA16B5F,Adani Charging Station,"7R39+5GR, Airport Rd, Aerodrome Area, Bhubaneswar",,,Odisha,,,20.2529878,85.818779,,0,,,,,,,,,,2,Network: Adani. Google Place ID: ChIJeVHSdBKnGToRVx_KsdeYom4,,,03-01-26 9:24,02/28/2026 08:05:00
479268,8C3482CC-5642-4FB1-892E-B0E231F33BB8,Ather Charging Station,"Plot-2865, Lewis Rd, State Bank Of India, Gautam Nagar, Old Town, Bhubaneswar",,,Odisha,,,20.2476107,85.8409846,,0,,,,,,,,,,1,Network: Ather Grid. Google Place ID: ChIJj_41EBCnGToRvcx4wiAWeXI,,,03-01-26 9:24,02/28/2026 08:05:00
479267,10D2AB32-025C-4E3A-BEC2-2767C767A9EE,Ather Grid Charging Station,"Jyote Motors, A/62, NH 16, CRPF Square, Nayapalli, Bhubaneswar",,,Odisha,,,20.283109,85.8060111,,0,,,,,,,,,,1,Network: Ather Grid. Google Place ID: ChIJlzp75lwJGToR-RCkIg9ZRwQ,,,03-01-26 9:24,02/28/2026 08:05:00
479266,A0D38A26-3868-4661-B960-A2127A5B77E5,BPCL Charging Station,"7Q3P+VVX, Amrit Nagar, Dumduma, Bhubaneswar",,,Odisha,,,20.25473,85.787241,,0,,,,,,,,,,2,Network: BPCL. Google Place ID: ChIJ3-fsib-nGToRwKpVcbBF1Yw,,,03-01-26 9:24,02/28/2026 08:05:00
479265,BD5F837E-0BBD-4CD0-8E09-09C288186BEE,Tata Power Charging Station,"3766, Samantarapur, Old Town, Bhubaneswar",,,Odisha,,,20.2269974,85.841081,,0,,,,,,,,,,3,Network: Tata Power. Google Place ID: ChIJ8S-bSU-nGToRXDQ9AqWUdEg,,,03-01-26 9:24,02/28/2026 08:05:00
479264,ADC7F5E3-480A-47B5-B4E3-54CCEEDF7244,Ola Electric Mobility Charging Station,"7R4R+X9, BJB Nagar, Bhubaneswar",,,Odisha,,,20.2573761,85.840973,,0,,,,,,,,,,1,Network: Ola Electric. Google Place ID: ChIJFSSo9EanGToRE_tiqs7FK7c,,,03-01-26 9:24,02/28/2026 08:05:00
479263,553C6D90-0077-4BB8-AA3A-9DF40DFFFD8F,DiodeEV Charging Station,"6PHP+472 Rukmni Plaza, Badaraghunathpur, Bhubaneswar",,,Odisha,,,20.2277148,85.7356304,,0,,,,,,,,,,1,Network: Other. Google Place ID: ChIJ7aXRpj2pGToRDCszGf_SxBQ,,,03-01-26 9:24,02/28/2026 08:04:00
479262,27212D50-8356-495F-A034-5720A2F628BB,Statiq Charging Station,"after entry from, main gate, Parking Bay 4, Kum, Bhubaneswar",,,Odisha,,,20.205643,85.644066,,0,,,,,,,,,,2,Network: Statiq. Google Place ID: ChIJX5CjAqCrGToRQHKv4YCrcMY,,,03-01-26 9:24,02/28/2026 08:04:00
479261,E3F1578C-40E2-41AF-B345-51EBB5787E19,Tata Power Charging Station,"No1/A, Bhagbanpur Industrial Estate, IDCO Plot, DN Square, Patrapada",,,Odisha,,,20.2411801,85.7591555,,0,,,,,,,,,,3,Network: Tata Power. Google Place ID: ChIJNQA1VHqoGToRwRNphE6dv-c,,,03-01-26 9:24,02/28/2026 08:04:00
479260,6CFC1563-9E27-449F-932A-99F385CA763A,Tata Power Charging Station,"IDCO, Plot No 16, 17, 32&33, Kalinga Vihar, Industrial Area, Bhagawanpur, Bhubaneswar",,,Odisha,,,20.238165,85.756643,,0,,,,,,,,,,2,Network: Tata Power. Google Place ID: ChIJzw2VVXuoGToRtJCfizrmQDg,,,03-01-26 9:24,02/28/2026 08:04:00
479259,7576F4E3-FAD0-4E4A-AD6B-32B814C01EF9,Kazam Charging Station,"7M4P+6M3, Khurdha - Chandaka Rd, Jamujhari, Khordha",,,Odisha,,,20.2555141,85.6866637,,0,,,,,,,,,,1,Network: Kazam. Google Place ID: ChIJAwAAI_WpGToRRfFDV0qHMUQ,,,03-01-26 9:24,02/28/2026 08:04:00
479258,B37E29C4-3A46-4D5B-8255-B5A5A21FA0E0,Thunder Plus Charging Station,"Arya Pride Building, NH5 - Ghatikia Rd, Kalinga Vihar LIG, Kalinganagar, Bhubaneswar",,,Odisha,,,20.242778,85.756117,,0,,,,,,,,,,1,Network: Other. Google Place ID: ChIJN47bS2WoGToRc5wGcznjiUE,,,03-01-26 9:24,02/28/2026 08:04:00
479257,6A3A74E2-CAB2-4A25-8B9C-F09357B485B3,Kazam Charging Station,"7M3P+6Q5, Chatabar",,,Odisha,,,20.2530223,85.6869698,,0,,,,,,,,,,7,Network: Kazam. Google Place ID: ChIJsULe3oqpGToRqJub3S0RzhM,,,03-01-26 9:24,02/28/2026 08:04:00
479256,CCCDDE5C-AF04-4727-8783-EDC50B687234,Kazam Charging Station,Chatabar,,,Odisha,,,20.2546992,85.6867814,,0,,,,,,,,,,1,Network: Kazam. Google Place ID: ChIJnRfGLvWpGToRTWKYSQzqvNM,,,03-01-26 9:24,02/28/2026 08:04:00
479255,6B64D21E-D8AB-4C2C-8C29-EE8697A419D9,Tata Power Charging Station,"Plot No -11, NH5, Dasbatia, Tamando, Bhubaneswar, Badaraghunathpur",,,Odisha,,,20.2306078,85.7376707,,0,,,,,,,,,,2,Network: Tata Power. Google Place ID: ChIJ9YN_xveoGToRuKltHXBFKXc,,,03-01-26 9:24,02/28/2026 08:04:00
479254,3CABE077-5FDF-4E18-8344-17AC9044C0CE,Tata Power Charging Station,"Basement 2, DN Regalia Rd, Kalinga Vihar, Patrapada, Bhubaneswar",,,Odisha,,,20.2407436,85.7590281,,0,,,,,,,,,,1,Network: Tata Power. Google Place ID: ChIJt0Z6YX6pGToRjvHaD7VTDeQ,,,03-01-26 9:24,02/28/2026 08:04:00
479253,D25E2D83-2ED4-4607-8DA0-D3681184C30D,Electric Vehicle Charging Station,"6PFG+CPR, Khordha, Uttarmundamuhan",,,Odisha,,,20.223618,85.726762,,0,,,,,,,,,,1,Network: Other. Google Place ID: ChIJ2SfVlf2oGToRmZPH14fovn4,,,03-01-26 9:24,02/28/2026 08:04:00
479252,1CD75020-F5AA-4081-96DF-3AF506C48CB4,Electric Vehicle Charging Station,"5MV2+HV6, Pitapalli, Khordha",,,Odisha,,,20.1939131,85.6521488,,0,,,,,,,,,,1,Network: Other. Google Place ID: ChIJI8TQ1KOrGToRNmElrC8Y37A,,,03-01-26 9:24,02/28/2026 08:04:00
479251,FF3829D0-1E5E-4B82-8EA8-8FBF37EC21C6,Ather Grid Charging Station,"khata no-30, plot no 242, Lic Office, sanapalla, Khordha, Bhubaneswar",,,Odisha,,,20.178873,85.61153,,0,,,,,,,,,,1,Network: Ather Grid. Google Place ID: ChIJWySKaKisGToRfCfn-gKMvdU,,,03-01-26 9:24,02/28/2026 08:04:00
479250,29959852-76C6-4625-8B73-A0C798AFB502,Hindustan Petroleum Corporation Limited,"Ground Floor Similisahi, Khamarsahi, Nayagarh",,,Odisha,,,20.1545358,85.0637881,,0,,,,,,,,,,1,Network: Other. Google Place ID: ChIJwyYydC97GDoRQ5R5Pz9GwtE,,,03-01-26 9:24,02/28/2026 08:04:00
479249,AD8D5855-894F-44CC-A489-4DFB04300D95,Jio-bp,"K Nuagaon, Kh No 370/356, PN 2144/2643 & 2144/2728, Mahasingi, Balliguda",,,Odisha,,,20.141301,83.968362,,0,,,,,,,,,,1,Network: Jio-bp. Google Place ID: ChIJEQOrJQALIzoRuQzFRnhWFac,,,03-01-26 9:24,02/28/2026 08:04:00
479248,5017C1B7-AE01-4AE9-AF40-94F3DB8DF951,Electric Vehicle Charging Station,"6W3P+4G6, Bhursagura",,,Odisha,,,20.2027864,82.936256,,0,,,,,,,,,,1,Network: Other. Google Place ID: ChIJiUctdwBVJDoRGHvzcysVJT0,,,03-01-26 9:24,02/28/2026 08:04:00
479247,E8CA1FF5-2CDA-4D7A-B9A0-B62FB839A8E3,BPCL Charging Station,"8Q22+HM2, Mota, nuapada, Khariar, Gadramunda",,,Odisha,,,20.3013862,82.7516433,,0,,,,,,,,,,2,Network: BPCL. Google Place ID: ChIJwf7tImqvJToR0vRHGz_GvMU,,,03-01-26 9:24,02/28/2026 08:04:00
479246,A670A4ED-14B0-49E5-A125-3B237197B93B,"MIRZA RIYAZ HOUSE , CONNON XEROX SERVICE CENTRE,","24HJ+XQV, Nua Hata, Bisulipada",,,Odisha,,,20.0299963,86.131915,,0,,,,,,,,,,1,Network: Other. Google Place ID: ChIJf3hfWwCPGToRxvDSlfbMALQ,,,03-01-26 9:24,02/28/2026 08:04:00
479245,7B3319D4-94DE-450E-87D9-231BADFE0F95,Jio-bp pulse Charging Station,"PIPILI, Nirmala",,,Odisha,,,20.036226,85.825447,,0,,,,,,,,,,1,Network: Jio-bp. Google Place ID: ChIJE8QL-3e7GToR_RodjvMzSyU,,,03-01-26 9:24,02/28/2026 08:04:00
479244,60C825D8-FC21-43C2-9280-3FFF605ECA88,Jio-bp pulse Charging Station,"Pattnakiya square, satasankha, Sakhigopal, Satasankha",,,Odisha,,,19.9812257,85.8251193,,0,,,,,,,,,,1,Network: Jio-bp. Google Place ID: ChIJhc_g1s65GToRuYCHokGMY44,,,03-01-26 9:26,02/28/2026 08:04:00
479243,34C3AFC1-FA5F-4970-AF5F-27211BC9C894,Ather Charging Station,"2R2C+Q6V, Jasuapur, Satasankha",,,Odisha,,,20.001994,85.8205414,,0,,,,,,,,,,1,Network: Ather Grid. Google Place ID: ChIJ65gvIwC7GToRkt1LOz5xPPo,,,03-01-26 9:26,02/28/2026 08:03:00
479242,CBDDB724-2AD1-4634-ABDA-2CD689304105,Ather Grid Charging Station,"WX7Q+GWR, Bijipur, Gorual, Alisi",,,Odisha,,,19.913864,85.98975,,0,,,,,,,,,,1,Network: Ather Grid. Google Place ID: ChIJ7YFqUsiUGToRP6H55jf6WOs,,,03-01-26 9:26,02/28/2026 08:03:00
479241,A4D02058-75C4-410E-AAEC-047140A859E5,Electric Vehicle Charging Station,"NH 316, Teisipur, Satasankha",,,Odisha,,,20.0089777,85.8138496,,0,,,,,,,,,,1,Network: Other. Google Place ID: ChIJzfglVwC7GToRimKglRHxPp4,,,03-01-26 9:26,02/28/2026 08:03:00
479240,E9E7174D-E294-407C-9E04-EEBE08B273DA,BPCL Charging Station,"2R57+JGP, Nanpur, Kuchinda",,,Odisha,,,20.0090935,85.813832,,0,,,,,,,,,,1,Network: BPCL. Google Place ID: ChIJ0RMrqNK7GToRGt3EYed7CaY,,,03-01-26 9:26,02/28/2026 08:03:00
479239,43888E50-D538-4F48-8393-B0C51295AAB8,Tata Power Charging Station,"RRPP+WMC, Grand Rd, Balagandi, Puri",,,Odisha,,,19.8373153,85.8366266,,0,,,,,,,,,,2,Network: Tata Power. Google Place ID: ChIJsRIcG53HGToRTAQE_JsTpWA,,,03-01-26 9:26,02/28/2026 08:03:00
479238,D0340433-A6AB-493A-9DE0-50232B38B2F5,Hindustan Petroleum Corporation Limited,"Ground Floor, NH 316, Bypass, Badshahi Rd, Chandanpur, Puri",,,Odisha,,,19.887409,85.803106,,0,,,,,,,,,,1,Network: Other. Google Place ID: ChIJsQKdZFzHGToRsgdjWOx3ugA,,,03-01-26 9:26,02/28/2026 08:03:00
479237,C8B206CA-53E4-4459-8307-65FC84530DA7,Ather Grid Charging Station,"khajuria PO, Khajuria Tehsil, Banapur, puri",,,Odisha,,,19.864923,85.66567,,0,,,,,,,,,,1,Network: Ather Grid. Google Place ID: ChIJTYJm8TjKGToRvWeylKcpNIQ,,,03-01-26 9:26,02/28/2026 08:03:00
479236,88C6AB7D-64ED-49D7-BBAC-A1AEE9D5BFD9,Tata Power Charging Station,"Royal Cottage, Plot no-62/1165, Brahmapur Hwy, Srikrushnapur, Bhubaneswar, Champagada",,,Odisha,,,19.9604389,85.4336031,,0,,,,,,,,,,1,Network: Tata Power. Google Place ID: ChIJOdHaCrBIGDoRO71JkWglAyY,,,03-01-26 9:26,02/28/2026 08:03:00
479235,1DC0A314-F9B6-4102-A213-B23BC238DF29,BPCL Charging Station,"XFWH+6XP, Badapokharia, Kuchinda",,,Odisha,,,19.995597,85.479968,,0,,,,,,,,,,1,Network: BPCL. Google Place ID: ChIJ0d5PONZOGDoRprRvyk2_0gs,,,03-01-26 9:26,02/28/2026 08:03:00
479234,1031A001-BBEB-4013-9D88-D57A483E4C65,Hindustan Petroleum Corporation Limited,"Ground Floor, Badapokharia",,,Odisha,,,19.9901672,85.4736527,,0,,,,,,,,,,1,Network: Other. Google Place ID: ChIJp3wXxStPGDoRvRvY_hgEV3g,,,03-01-26 9:26,02/28/2026 08:03:00
479233,861E95BD-5842-4144-8938-C182068E1EED,Ather Grid Charging Station,"Baunsalundi, Odisha 761125 bhanjanagar",,,Odisha,,,19.924364,84.57135,,0,,,,,,,,,,1,Network: Ather Grid. Google Place ID: ChIJYVWrugXrIjoRIt5RtmaTF1c,,,03-01-26 9:26,02/28/2026 08:03:00
479232,4C6DB53D-5E64-4B07-A062-B4E00F050247,Jio-bp,"Khatiyan No 557/418, Plot No 4149, Main Road, Karadabani Temple, Bhanjanagar, Lembhai, Berumabadi",,,Odisha,,,20.038907,84.638569,,0,,,,,,,,,,1,Network: Jio-bp. Google Place ID: ChIJB1ptYgCTIjoRqwbJjZefdO0,,,03-01-26 9:26,02/28/2026 08:03:00
479231,6BCE3623-4679-4E7D-924B-5A9E8FBE1DE4,Tata Power Charging Station,"Plot No 159/1700, Sakti Nagar Para, Bhawanipatna, Parmanandapur",,,Odisha,,,19.924915,83.174075,,0,,,,,,,,,,1,Network: Tata Power. Google Place ID: ChIJVZ8iOQXsJDoRs1-EPnut-Ko,,,03-01-26 9:26,02/28/2026 08:03:00
479230,1DDAF1D0-FCCE-4393-98FF-E4AFB4C8CAAF,Electric Vehicle Charging Station,"39Q6+GR9, SH 2, Indagaon",,,Odisha,,,20.0887924,82.3621049,,0,,,,,,,,,,11,Network: Other. Google Place ID: ChIJFdl9TRN5JToRQA5ZMcZLWKs,,,03-01-26 9:26,02/28/2026 08:03:00
479229,9A8D6D44-FCD8-463F-ACDE-169817BD7258,G.K Rickshaw,"103, Gajapati Nagar Ln, Gajapati Nagar, Puri",,,Odisha,,,19.8134808,85.8362997,,0,,,,,,,,,,1,Network: Other. Google Place ID: ChIJJ5vLyaXGGToRz72TuRd_lPM,,,03-01-26 9:26,02/28/2026 08:03:00
479228,74EA5142-8C48-402D-A9B8-BA4D4294029E,Ather Grid Charging Station,"sea beach, Baliapanda Rd, light house, Puri",,,Odisha,,,19.7952607,85.8132809,,0,,,,,,,,,,1,Network: Ather Grid. Google Place ID: ChIJxYJnCS7EGToRiUUYmDyWClY,,,03-01-26 9:26,02/28/2026 08:03:00
479227,766C619D-1EB2-4E71-A346-EF2289C94707,KACHERI SECTION TPCODL,"Bhanumati Rd, Dolamandap Sahi, Puri",,,Odisha,,,19.8024197,85.8239399,,0,,,,,,,,,,1,Network: Other. Google Place ID: ChIJK3KdZDPFGToRIQExKfAGgrM,,,03-01-26 9:26,02/28/2026 08:03:00
479226,78F37DE9-E339-4E8B-BB28-D521592CB1DC,Relux Charging Station,"Grand Resort, Baliapanda Housing Board Colony, Puri",,,Odisha,,,19.7907462,85.8030868,,0,,,,,,,,,,1,Network: Other. Google Place ID: ChIJwbv-BO_FGToRFjZCh01Kykc,,,03-01-26 9:26,02/28/2026 08:03:00
479225,DDBC78B6-ADD7-43E1-BDB7-D92112FAE7EF,Electric Vehicle Charging Station,"PG9F+HCG, Panasapada, Anandapur",,,Odisha,,,19.718938,85.5235713,,0,,,,,,,,,,1,Network: Other. Google Place ID: ChIJQSAjfgAzGDoRwH6tsv-Ucy8,,,03-01-26 9:26,02/28/2026 08:03:00
479224,64767ECA-99E5-4A70-977F-84F121E33322,Ather Grid Charging Station,"QMX7+MR8, Brahmagiri Rd, sector 27, rohini, Puri, Kathuaredi",,,Odisha,,,19.799158,85.664566,,0,,,,,,,,,,1,Network: Ather Grid. Google Place ID: ChIJt2e41wrMGToRF3Atrzd8IUM,,,03-01-26 9:26,02/28/2026 08:03:00
479223,5182096E-1F9B-46DC-8F1D-83932F2BAA48,Ather Grid Charging Station,"PG9F+PRV, Panasapada, Bhagabanpur",,,Odisha,,,19.71935,85.5244868,,0,,,,,,,,,,1,Network: Ather Grid. Google Place ID: ChIJA66h1rrMGToRNxiuJeYIxus,,,03-01-26 9:26,02/28/2026 08:02:00
479222,9AEC4DE7-D570-44AF-9712-A00F7638683D,Jio-bp pulse Charging Station,"Narayani Restaurant Narayani Chak, Langaleswar Chak",,,Odisha,,,19.67855,85.171409,,0,,,,,,,,,,1,Network: Jio-bp. Google Place ID: ChIJBX3A5mQbGDoRdxFKEdGvi7Y,,,03-01-26 9:26,02/28/2026 08:02:00
479221,1FD26344-E277-4404-A7A7-43A00E0D9F29,Tata Power Charging Station,"Narayani Chhaka Narayani Chhaka, Narayani Rd, Barkul",,,Odisha,,,19.6782474,85.1714786,,0,,,,,,,,,,1,Network: Tata Power. Google Place ID: ChIJBerZeAAbGDoRkdefzXEyPVM,,,03-01-26 9:26,02/28/2026 08:02:00
479220,F3C39B11-E513-4F4B-92B3-DA6747A28018,Adani Charging Station,"J4MP+748 Chilika Inn Lodge & Kallyan Mandap, NH-16, Gurapalli, Keshpur",,,Odisha,,,19.6331555,85.1353263,,0,,,,,,,,,,1,Network: Adani. Google Place ID: ChIJxwd7ZBAbGDoRl-yFesB5rA8,,,03-01-26 9:26,02/28/2026 08:02:00
479219,89B0951C-7D82-419D-B5E8-E48B94DF6DB3,BPCL Charging Station,"P6X5+P2H, DIST, KHURDA, Balugaon",,,Odisha,,,19.749316,85.207598,,0,,,,,,,,,,2,Network: BPCL. Google Place ID: ChIJ3TI_090WGDoRh2-X5tZGwuY,,,03-01-26 9:26,02/28/2026 08:02:00
479218,C40F3EB3-07C5-4F00-9CC1-D2E32860CA4A,Jio-bp,"Khata No 23/162, Plot No 135/436, Goudaguda, Sibapadar",,,Odisha,,,19.731375,83.479141,,0,,,,,,,,,,1,Network: Jio-bp. Google Place ID: ChIJzZwAccOlJDoRD557U6kiU7c,,,03-01-26 9:26,02/28/2026 08:02:00
479217,BCFAD37A-E340-4AAA-B2A8-CE59C624FBA7,Tata Power Charging Station,"M62G+X6Q, Mainroad, Umerkote, Dangriguda",,,Odisha,,,19.652453,82.225619,,0,,,,,,,,,,1,Network: Tata Power. Google Place ID: ChIJ4WrEnZpYJToR5XbwvXimG4M,,,03-01-26 9:26,02/28/2026 08:02:00
479216,2A587B0E-39F9-4A70-A49A-53E0CC338A2C,Ather Grid Charging Station,"Ground Floor, Infront of Yamaha Showroom, Dhoba Sahi, Khodasing, Brahmapur",,,Odisha,,,19.31151,84.83354,,0,,,,,,,,,,1,Network: Ather Grid. Google Place ID: ChIJyY3w1JhQPToR_gg2gULqDdM,,,03-01-26 9:26,02/28/2026 08:02:00
479215,46DF3A7C-CB25-4BA5-8D91-3A96F98010DE,Ather Grid Charging Station,"Soundrya Nagar near rajrani apartment behrampur odhisha 76001, Brahmapur",,,Odisha,,,19.34123,84.76845,,0,,,,,,,,,,1,Network: Ather Grid. Google Place ID: ChIJh1aGMddPPToRfJtE1_7_Lvo,,,03-01-26 9:26,02/28/2026 08:02:00
479214,AEAAA80F-4530-4F92-B711-AA7F6157BE80,Ather Grid Charging Station,"Mandiapli,junction, raghunathpur, Brahmapur, odhisha",,,Odisha,,,19.324255,84.87503,,0,,,,,,,,,,1,Network: Ather Grid. Google Place ID: ChIJy94y1UNXPToRShm30M1XDMc,,,03-01-26 9:26,02/28/2026 08:02:00
479213,AF52D9B2-0BC6-467E-8D87-7A0E140036C7,Electric Vehicle Charging Station,"8Q8G+VV9, Triveni Nagar, Brahmapur",,,Odisha,,,19.3171717,84.7772474,,0,,,,,,,,,,1,Network: Other. Google Place ID: ChIJPa3tNgBRPToR5aCPrQl8eF4,,,03-01-26 9:26,02/28/2026 08:02:00
479212,601E5312-1790-4925-AD81-D03AB26D4406,Electric Vehicle Charging Station,"Gourahari Nagar, Brahmapur",,,Odisha,,,19.3071386,84.8292277,,0,,,,,,,,,,1,Network: Other. Google Place ID: ChIJK5SWI8RRPToRr52Eh00z3G4,,,03-01-26 9:26,02/28/2026 08:02:00
479211,B41081C8-91C1-4343-A397-78D16B5227AC,Electric Vehicle Charging Station,"8Q9M+QQ9, Phulbani - Bhanjanagar - Asika - Berhampur Rd, Somanath Nagar, Brahmapur",,,Odisha,,,19.3194175,84.7844863,,0,,,,,,,,,,1,Network: Other. Google Place ID: ChIJQQGejxBQPToRZllay4Q9yr8,,,03-01-26 9:26,02/28/2026 08:02:00
479210,93636771-018B-4E1F-862F-960BEB5C157D,Ather Grid Charging Station,"shyamala devi EV pvt ltd, andhapasra road, raja rani apartment, Old Berhampur, Housing Board Colony, Brahmapur",,,Odisha,,,19.308462,84.77319,,0,,,,,,,,,,1,Network: Ather Grid. Google Place ID: ChIJPatmHv5PPToRdSU938h2FiY,,,03-01-26 9:26,02/28/2026 08:02:00
479209,72D4CDD1-152D-4265-A1C9-7A3C6679C8C5,Ather Grid Charging Station,"PLOT NO 335, KHATA NO 863/8027, SWASTIK FACTORY, PRIVATE LIMITED, NH 16 BYE PASS,ANKULI,MAHAVEER, NAGAR, BERHAMPUR, Ganjam, Odisha, 760010 behrampur",,,Odisha,,,19.301504,84.83013,,0,,,,,,,,,,1,Network: Ather Grid. Google Place ID: ChIJl0GRmnZaPToRqnHT9sftsMk,,,03-01-26 9:26,02/28/2026 08:02:00
479208,85F5A8B9-0119-4199-86DB-A7AAF0DDE557,Ather Grid Charging Station,"8Q4J+CM9, Nilakantha Nagar Main Rd, Saraswati Sishu Mandir, Housing Board Colony, Brahmapur",,,Odisha,,,19.306038,84.78173,,0,,,,,,,,,,1,Network: Ather Grid. Google Place ID: ChIJWxIYpQdQPToRo0PtQRSAfSc,,,03-01-26 9:26,02/28/2026 08:02:00
479207,3A55B83C-4BE3-4051-9DE8-6B8B2DAADF7F,Tata Power Charging Station,"Dion Automotives pvt ltd, NH 16, bypass Road, Ganjam dhaba, Ambapua, Dura Bahadurpetta",,,Odisha,,,19.315211,84.858144,,0,,,,,,,,,,2,Network: Tata Power. Google Place ID: ChIJV1iI4FJXPToRu3n9EyelgxE,,,03-01-26 9:26,02/28/2026 08:02:00
479206,E2680897-80F9-44D9-9EE5-3D0A46EBEA54,Ather Grid Charging Station,"ALOK NAGAR, Ambapua, Gandhi Nagar Main, Brahmapur, Dura Bahadurpetta",,,Odisha,,,19.31608,84.85278,,0,,,,,,,,,,1,Network: Ather Grid. Google Place ID: ChIJf4LpwK1QPToRVN9E6YWVPzU,,,03-01-26 9:26,02/28/2026 08:02:00
479205,D34B2935-0607-4065-A1E5-373FBA8B5B2E,Ather Grid Charging Station,"8R48+XMC, Baidyanath Nagar, Ayodhya Nagar, Brahmapur",,,Odisha,,,19.30744,84.81665,,0,,,,,,,,,,1,Network: Ather Grid. Google Place ID: ChIJnWJsXIBQPToRX4xcW9KCaCg,,,03-01-26 9:26,02/28/2026 08:02:00
479204,808AC0D3-A073-46AA-8FFC-0C9EC8675825,Electric Vehicle Charging Station,"8Q9R+36G, Phulbani - Bhanjanagar - Asika - Berhampur Rd, Baidiya Nath Pur, Brahmapur",,,Odisha,,,19.3176997,84.7905836,,0,,,,,,,,,,1,Network: Other. Google Place ID: ChIJPyWFQRJQPToRz9IUDuEy1Y8,,,03-01-26 9:26,02/28/2026 08:02:00
479203,1BA899E1-A5A8-4540-8DED-53151A06D3F7,Ather Grid Charging Station,"Jagannathpur Square Bypass N.H 5, Berhampur, Ganjam, Odisha-760011, Brahmapur",,,Odisha,,,19.32163,84.86715,,0,,,,,,,,,,1,Network: Ather Grid. Google Place ID: ChIJwRbpfU9XPToRZ70ytEb8wGU,,,03-01-26 9:26,02/28/2026 08:01:00
479202,BE3C5ECF-7B70-4504-AC41-AA4F766A8090,Ather Grid Charging Station,"Askar Road, Triveni Nagar, Brahmapur",,,Odisha,,,19.319885,84.78113,,0,,,,,,,,,,1,Network: Ather Grid. Google Place ID: ChIJFU6otBtQPToRsh3r2GJQpJQ,,,03-01-26 9:26,02/28/2026 08:01:00
479201,2591C394-4B31-48EE-823D-E724AA8DE954,Ather Grid Charging Station,"PLOT NO-1801/3391, 1563/12047, NH-16, CHANDAN AGRO RICE TECH, Lanjipalli, Brahmapur",,,Odisha,,,19.2956471,84.8195658,,0,,,,,,,,,,1,Network: Ather Grid. Google Place ID: ChIJ5VzzqH1aPToR3hpbwM2NaPA,,,03-01-26 9:26,02/28/2026 08:01:00
479200,3818D98D-EF41-4A02-8478-9D6CC93BA1AB,BPCL Charging Station,"8QM9+VC5, GIRISOLA,GIRISOLA Kochinda",,,Odisha,,,19.334627,84.768619,,0,,,,,,,,,,1,Network: BPCL. Google Place ID: ChIJ3Zd0XdlPPToR2JHQCd-85yg,,,03-01-26 9:26,02/28/2026 08:01:00
479199,5F491136-ECAD-4B2C-8D67-C661EC001E64,Ather Charging Station,"Main road, Infront of Saraswati Sishu vidya Mandir, Neelakantha Nagar, Housing Board Colony, Brahmapur",,,Odisha,,,19.3057277,84.7817268,,0,,,,,,,,,,1,Network: Ather Grid. Google Place ID: ChIJ-dW4owdQPToREn-3rGCq-9A,,,03-01-26 9:26,02/28/2026 08:01:00
479198,710DDAEE-CF85-44E9-9169-89B9D6757EDE,Ather Grid Charging Station,"8Q3W+923, Ram Nagar, Brahmapur",,,Odisha,,,19.303381,84.795044,,0,,,,,,,,,,1,Network: Ather Grid. Google Place ID: ChIJG2H57p9aPToRMSQHDl44ETg,,,03-01-26 9:26,02/28/2026 08:01:00
479197,ED239E54-30F8-499A-A725-875138A25F65,Tata Power Charging Station,"AH45, Ankuli, Brahmapur",,,Odisha,,,19.2991714,84.8317631,,0,,,,,,,,,,1,Network: Tata Power. Google Place ID: ChIJP0Pk83NaPToRLg9fAUbJYcY,,,03-01-26 9:26,02/28/2026 08:01:00
479196,876AC221-EF3C-41A6-8D3D-FB288BF9BE03,Maa Tara Tarini Tour And Travels,"CHXR+2H8, Pattapur",,,Odisha,,,19.447535,84.591458,,0,,,,,,,,,,1,Network: Other. Google Place ID: ChIJjRvmauI1PToRmB9PdQ3O1gQ,,,03-01-26 9:26,02/28/2026 08:01:00
479195,D3A36636-9623-4BF0-83A1-E331FEA784B7,Electric Vehicle Charging Station,"5PJF+9WX, NH 16, Girisola",,,Odisha,,,19.180776,84.725327,,0,,,,,,,,,,1,Network: Other. Google Place ID: ChIJz9Z1TgBDPToRhYyxYke29pI,,,03-01-26 9:26,02/28/2026 08:01:00
479194,44F8D8D9-3C9B-4CCC-99CE-C442F72BFC4A,Ather Grid Charging Station,"Bus Stand, City, Haldiapadar Over Bridge, Brahmapur, Modanamohanpur",,,Odisha,,,19.26892,84.77745,,0,,,,,,,,,,1,Network: Ather Grid. Google Place ID: ChIJ1dBn8s1aPToRP5E0ThGudNM,,,03-01-26 9:26,02/28/2026 08:01:00
479193,23A8A7DE-95F3-4BFC-B243-FF284C2CE9AE,BPCL Charging Station,"5PMH+82H, Girisola, GIRISOLA, Kochinda",,,Odisha,,,19.183324,84.727616,,0,,,,,,,,,,1,Network: BPCL. Google Place ID: ChIJr4N756FDPToRdmS4p78g4IU,,,03-01-26 9:26,02/28/2026 08:01:00
479192,14EEAA93-A985-471B-89FE-5C0D7A629C4F,Ather Grid Charging Station,"Shop No.10, 5th Line, Temple, Ashok Nagar, Chikiti, Khajuria",,,Odisha,,,19.194212,84.61756,,0,,,,,,,,,,1,Network: Ather Grid. Google Place ID: ChIJLTuMPrBAPToRmqslWtbj6Lg,,,03-01-26 9:26,02/28/2026 08:01:00
479191,E43FFEDA-A2BF-4FBB-A3CF-D4F785548A59,Ather Grid Charging Station,"4-55, old, NH16, Haripuram",,,Odisha,,,18.845465,84.5031,,0,,,,,,,,,,1,Network: Ather Grid. Google Place ID: ChIJMaVD2L8OPToRxT7CCHZtqfw,,,03-01-26 9:26,02/28/2026 08:01:00
479190,90CCCD83-DC34-4C05-82D0-0DF8E01EF49F,DIMILI VILLAGE,"RX2Q+PW8, Dimili",,,Odisha,,,18.8020625,83.9918125,,0,,,,,,,,,,1,Network: Other. Google Place ID: ChIJI9p5GLL1PDoRUqAOvygQkF8,,,03-01-26 9:26,02/28/2026 08:01:00
479189,DB22C104-8434-40D1-9FB8-73847AD266ED,Electric Vehicle Charging Station,"QC9C+HHQ, Unnamed Road, Parvatipuram",,,Odisha,,,18.7689167,83.4215387,,0,,,,,,,,,,1,Network: Other. Google Place ID: ChIJcaeqGgB3OzoRDns07_rINmU,,,03-01-26 9:26,02/28/2026 08:01:00
479188,3E97A5C3-51ED-44FF-BACA-D79EE14DA23D,Tata Power Charging Station,"Bhaskar Rao Oil Mill, Jeypore-Vizianagaram Rd, Industrial Estate, Jeypore",,,Odisha,,,18.8582131,82.5899051,,0,,,,,,,,,,1,Network: Tata Power. Google Place ID: ChIJy_f_AwDtOjoR61YcK0SB1Gc,,,03-01-26 9:26,02/28/2026 08:01:00
479187,3065B45B-95FE-4468-8CFA-EA1A802066B7,BPCL Charging Station,"MALKANGIRI,ODISHA,PIN-764045, Malkangiri",,,Odisha,,,18.84732,82.565171,,0,,,,,,,,,,2,Network: BPCL. Google Place ID: ChIJwYneWqryOjoR31xCItasPp0,,,03-01-26 9:26,02/28/2026 08:01:00
479186,845A4C61-5F63-48D3-86FF-7E1EA25E10B9,Ather Grid Charging Station,"1st Floor, Bhavani Nagar, Tekkali Main Rd, Mother Theresa School, Borigipeta, Tekkali",,,Odisha,,,18.606024,84.229915,,0,,,,,,,,,,1,Network: Ather Grid. Google Place ID: ChIJa_uJ0HVTPDoRi7CMaacxIc8,,,03-01-26 9:26,02/28/2026 08:01:00
479185,AD6EB0B4-9062-4E85-A7BC-888799C63C86,Tata Power Charging Station,"Sy No 515/2, V), Vangara, Arasada, Srikakulam",,,Odisha,,,18.534753,83.651339,,0,,,,,,,,,,1,Network: Tata Power. Google Place ID: ChIJB0Q3qMB5PDoROcoC0VJkf5E,,,03-01-26 9:26,02/28/2026 08:01:00
479184,07425C4C-9695-4739-9726-D469C810A826,okinawa electric scooter,"HQW7+RJ9, Main Road, Tamminaidu collage, Vadama",,,Odisha,,,18.5970465,83.7640945,,0,,,,,,,,,,1,Network: Other. Google Place ID: ChIJSRDTSlF7PDoReWG_FvtS7yA,,,03-01-26 9:26,02/28/2026 08:01:00
479183,B3B70C7C-3825-4737-9AC0-905552463A8F,Electric Vehicle Charging Station,"J96X+5P2, Punubutchampeta, Komatipalli",,,Odisha,,,18.6104394,83.3992285,,0,,,,,,,,,,1,Network: Other. Google Place ID: ChIJhZ8HVwCdOzoR4zEguwKWBCI,,,03-01-26 9:26,02/28/2026 08:00:00
479182,F77419B4-A597-4047-9322-351C9BD681DC,Tata Power Charging Station,"Survey No, 635/1238, Jeypore-Vizianagaram Rd, Kottakki, Ramabhadrapuram, Kottakki",,,Odisha,,,18.5035093,83.2469705,,0,,,,,,,,,,1,Network: Tata Power. Google Place ID: ChIJ57dQVACjOzoR-tle3SmEeIk,,,03-01-26 9:26,02/28/2026 08:00:00
479181,4547B45E-2CDB-43F2-87A6-074E93495CAE,Jio-bp,"Plot No 292/1001/2977/P &292/1002/2978/P, Deheraguda, Semiliguda, Mania",,,Odisha,,,18.7012078,82.879837,,0,,,,,,,,,,1,Network: Jio-bp. Google Place ID: ChIJbR-ZIQD_OjoRYqULtn6VB0k,,,03-01-26 9:26,02/28/2026 08:00:00
479180,81E891F8-F9FA-43EB-939E-4A0C239E546D,Ather Grid Charging Station,"7VWV+F5P Muncipal Ground, Ring Rd, Head Post Office Area, New Colony, Srikakulam",,,Odisha,,,18.295933,83.893148,,0,,,,,,,,,,1,Network: Ather Grid. Google Place ID: ChIJJ5r6whwVPDoRW1S4GRARiXM,,,03-01-26 9:26,02/28/2026 08:00:00
479179,456CF1A3-6CE6-4331-A0F4-BCCDC9760F61,Jio-bp pulse Charging Station,"NH-16, Pedapadu",,,Odisha,,,18.3262791,83.941268,,0,,,,,,,,,,1,Network: Jio-bp. Google Place ID: ChIJDx9ry9Y_PDoRsMyVWbw496E,,,03-01-26 9:26,02/28/2026 08:00:00
479178,C0672830-8D20-48FB-A1B9-7DF0BF81603D,Tata Power Charging Station,"Ground Floor, Pedapadu Rd, Srikakulam, Pedapadu",,,Odisha,,,18.3243588,83.9391102,,0,,,,,,,,,,1,Network: Tata Power. Google Place ID: ChIJ66q2xvs_PDoRd7c1V_PYG0g,,,03-01-26 9:26,02/28/2026 08:00:00
479177,DBDEDA37-4147-4933-897B-D4E8955ADE00,DK MOTORS,"Near AyyappaSwamy Temple Adivarampeta, Palakonda Rd, Balaga Rural",,,Odisha,,,18.3226736,83.893722,,0,,,,,,,,,,1,Network: Other. Google Place ID: ChIJM5TEvJwVPDoRukEK5AaiQ8g,,,03-01-26 9:26,02/28/2026 08:00:00
479176,00715EBC-B113-4D1C-A030-84014DD12B8E,Urzza Charging Station,"Meghana Conventions, NH-16, Service Road, Jammu Narasannapeta, Junction, Srikakulam, Narasannapeta",,,Odisha,,,18.4243285,84.0480246,,0,,,,,,,,,,1,Network: Other. Google Place ID: ChIJ6WLjsLNHPDoRCXvZaUIRv2w,,,03-01-26 9:26,02/28/2026 08:00:00
479175,EF76C5CE-08D9-40F3-B025-19E34067CE84,Ather Energy Charging Station,"8W59+RG8, Patrunivalasa, Srikakulam",,,Odisha,,,18.309546,83.91882,,0,,,,,,,,,,1,Network: Ather Grid. Google Place ID: ChIJl9bdV0IVPDoRSQ64Y919dIs,,,03-01-26 9:26,02/28/2026 08:00:00
479174,1B127EBE-9231-44EC-BDED-7492A795C76F,Voltran Charging Station,"Survey No: 75/27A, NH-16, Service Road, Eastern Marine Drive In Hotel, Kushalapuram, Kusharapuram",,,Odisha,,,18.3004408,83.8711628,,0,,,,,,,,,,1,Network: Other. Google Place ID: ChIJlaj8Q2AVPDoROqHHzPykEo4,,,03-01-26 9:26,02/28/2026 08:00:00
479173,CC81E1E5-E8D9-4BD7-A33B-B768B716ADC5,Jio-bp,"Sy No 31, 8 & 31/9, Arasavilli, Srikakulam, Arasavilli Rural",,,Odisha,,,18.289378,83.914594,,0,,,,,,,,,,1,Network: Jio-bp. Google Place ID: ChIJdaNBQAAVPDoRnE0ROu1Y8nA,,,03-01-26 9:26,02/28/2026 08:00:00
479172,059D4F4E-9F7F-4A77-B0C9-17B2AC37C25C,Ather Grid Charging Station,"7GHG+MFC SJJ Xerox & Stationary, HP Bunk, Garividi",,,Odisha,,,18.2791756,83.5261386,,0,,,,,,,,,,1,Network: Ather Grid. Google Place ID: ChIJOZ3p-4z0OzoRFGKhlaggpRI,,,03-01-26 9:26,02/28/2026 08:00:00
479171,B8C28F64-05B6-44DB-AE34-08D78B6D23F2,AtherGrid Charging Station,"8VPH+V5M, Araku Valley, visakhapatnam",,,Odisha,,,18.3372038,82.8779255,,0,,,,,,,,,,1,Network: Ather Grid. Google Place ID: ChIJSRmUm-NKOjoR4xd3jzRb21c,,,03-01-26 9:26,02/28/2026 08:00:00
479170,E57A5792-A84F-4000-8669-93A7DE86A915,Ather Grid Charging Station,"Coffee Museum, Araku Valley - Pachipenta Vlg, R.T.C Complex, Visakhapatnam, Kantabamsuguda",,,Odisha,,,18.3225938,82.8776518,,0,,,,,,,,,,1,Network: Ather Grid. Google Place ID: ChIJmdAetCZLOjoR4_8oZoEPU2U,,,03-01-26 9:26,02/28/2026 08:00:00
479169,7B265216-5113-4083-912B-E870265D96B9,Charzer Charging Station,"7WW7+6GC, Pandrangi, Panirangini",,,Odisha,,,18.2958652,82.9144748,,0,,,,,,,,,,1,Network: Other. Google Place ID: ChIJydC3HADLOzoRjuXSzzM0Kc8,,,03-01-26 9:26,02/28/2026 08:00:00
479168,F48E0FBC-2329-4C6B-B06E-D9436673CF78,Electric Vehicle Charging Station,"Vizag Main Road, Araku Valley, Ravvalaguda",,,Odisha,,,18.3137141,82.8937424,,0,,,,,,,,,,1,Network: Other. Google Place ID: ChIJJREWvNJLOjoRAZVBCoa2vx8,,,03-01-26 9:26,02/28/2026 08:00:00
479167,FD6B0176-D2BB-401C-B977-BBC3DD6CA7EE,Tata Power Charging Station,"Sy No 41, Pydibhimavaram, on NH 16, Ranastalam, SRIKAKULAM",,,Odisha,,,18.139519,83.617595,,0,,,,,,,,,,1,Network: Tata Power. Google Place ID: ChIJrT0dwHMIPDoRjcBweDv3Cv4,,,03-01-26 9:26,02/28/2026 08:00:00
479166,36289A4A-7A83-4C69-BD90-AE56AA27C99A,Jio-bp pulse Charging Station,"Chennai - Kolkata Hwy, Varisam",,,Odisha,,,18.1499177,83.6353106,,0,,,,,,,,,,1,Network: Jio-bp. Google Place ID: ChIJO3FcqMwJPDoRMO2WMKMwTxI,,,03-01-26 9:26,02/28/2026 08:00:00
479165,72BB18B3-0CF5-4B76-8287-185BE554FFF2,Tata Power Charging Station,"Sy No 138/7, V), Ranastalam, Kosta",,,Odisha,,,18.173032,83.676949,,0,,,,,,,,,,1,Network: Tata Power. Google Place ID: ChIJzdlbLtMIPDoRHyQXJMq9aho,,,03-01-26 9:26,02/28/2026 08:00:00
479164,A2228E57-4F95-44A4-9B8F-B46A8318A1D8,JoulePoint Charging Station,"2GR5+QR9, Bhogapuram",,,Odisha,,,18.0418515,83.5097221,,0,,,,,,,,,,1,Network: Other. Google Place ID: ChIJ2_p_UgD5OzoR-hBCnOkmqNA,,,03-01-26 9:26,02/28/2026 08:00:00
479163,F044EEE6-ABEF-470E-BA0A-99809271C959,Bolt.Earth Charging Station,"jonnada, Jonnada",,,Odisha,,,18.0203857,83.4020948,,0,,,,,,,,,,1,Network: Bolt.Earth. Google Place ID: ChIJ8Xer6Z3jOzoRoOhAf9x8occ,,,03-01-26 9:26,02/28/2026 08:00:00
479162,6CA61CA6-06DD-4948-A3DE-77D298025B58,Ather Grid Charging Station,"Survey number 81, 2, Chelavuru, visakhapatnam",,,Odisha,,,18.0565007,83.3971128,,0,,,,,,,,,,1,Network: Ather Grid. Google Place ID: ChIJx3V0BuvkOzoRv80ByazEVo8,,,03-01-26 9:26,02/28/2026 08:00:00
479161,206673AC-0E49-45D4-824C-E6FD278865FE,Electric Vehicle Charging Station,"394W+RVP, JK Tiles, Chelavuru, Vizianagaram",,,Odisha,,,18.0570972,83.3971881,,0,,,,,,,,,,1,Network: Other. Google Place ID: ChIJ4SI8dT3lOzoR-787PNzVXP8,,,03-01-26 9:26,02/28/2026 07:59:00
479160,D3324D4A-46D3-449C-B639-5A618C9351D1,ParkNConnect Charging Station,"39VQ+27Q, Gandhi Nagar, Vizianagaram",,,Odisha,,,18.0928016,83.3884047,,0,,,,,,,,,,1,Network: Other. Google Place ID: ChIJQ18SMQDlOzoRN028ZV6bqCM,,,03-01-26 9:26,02/28/2026 07:59:00
479159,88A23EB0-CAE6-4FB8-999C-9212163EDFED,Ather Grid Charging Station,"39JP+846, VT Agraharam, Vizianagaram",,,Odisha,,,18.080786,83.38528,,0,,,,,,,,,,1,Network: Ather Grid. Google Place ID: ChIJbbdUzwPlOzoRB4O14IJPBPw,,,03-01-26 9:26,02/28/2026 07:59:00
479158,5F0D5F8E-4814-44AA-9D19-B4ADDA0A7425,Hindustan Petroleum Corporation Limited Charging Station,"XC28+XG9, Rajapulova",,,Odisha,,,17.9524227,83.4163581,,0,,,,,,,,,,1,Network: Other. Google Place ID: ChIJFZSk2LPiOzoRJenqHS8uTfg,,,03-01-26 9:26,02/28/2026 07:59:00
479157,67A68319-A090-4ADA-9A11-3B7D62FF0CFF,Ather Grid Charging Station,"39JP+24W SRI VENKATESWARA CAR CARE, NH 26, VT Agraharam, Visakhapatnam, Sarika",,,Odisha,,,18.0801438,83.3853509,,0,,,,,,,,,,1,Network: Ather Grid. Google Place ID: ChIJK1yL8a_lOzoRssOHlp_wuVM,,,03-01-26 9:26,02/28/2026 07:59:00
479156,35F883CC-629F-47AC-9F31-2F7916A979EF,Hindustan Petroleum Corporation Limited,"Ground Floor NH 5, Rajapulova, Maharajupeta, Visakhapatnam",,,Odisha,,,17.952421,83.416311,,0,,,,,,,,,,1,Network: Other. Google Place ID: ChIJg2QEYrHiOzoRkqR5RBSrY8o,,,03-01-26 9:26,02/28/2026 07:59:00
479155,F6D84AA1-CAF2-4ADF-83A6-1BDBA8F5E470,Tata Power Charging Station,"Survey No - 74/6&7, Gangubudi Village, Lakkavarapukota, Kothavalasa to L. Kota Hwy SH 39, VIZIANAGARAM",,,Odisha,,,17.9577677,83.1773604,,0,,,,,,,,,,1,Network: Tata Power. Google Place ID: ChIJvTU0iDnfOzoRBWSGoZ1vk5g,,,03-01-26 9:26,02/28/2026 07:59:00
479154,D7419DD4-3982-4309-91D1-86CA71FFB191,Ather Grid Charging Station,"448Q+49Q, Srungavarapu kota, visakhapatnam",,,Odisha,,,18.116682,83.13772,,0,,,,,,,,,,1,Network: Ather Grid. Google Place ID: ChIJwRgYpMzEOzoRzurgUD5yfBM,,,03-01-26 9:26,02/28/2026 07:59:00
479153,B2D6D1A1-B2BF-438C-AE21-F2E6CEAFC69A,Tata Power Charging Station,"Survey No - 74/6&7, Gangubudi Village, Lakkavarapukota, Kothavalasa to L. Kota Hwy SH 39, VIZIANAGARAM",,,Odisha,,,17.9577677,83.1773604,,0,,,,,,,,,,1,Network: Tata Power. Google Place ID: ChIJvTU0iDnfOzoRBWSGoZ1vk5g,,,03-01-26 9:26,02/28/2026 07:58:00
479152,8F4F6A8F-9752-43EA-8332-BAEC05AF98AB,Ather Grid Charging Station,"448Q+49Q, Srungavarapu kota, visakhapatnam",,,Odisha,,,18.116682,83.13772,,0,,,,,,,,,,1,Network: Ather Grid. Google Place ID: ChIJwRgYpMzEOzoRzurgUD5yfBM,,,03-01-26 9:26,02/28/2026 07:58:00
479145,02A9F4EF-AAE8-4330-970C-2CDC1ADF6376,BPCL Charging Station,"XFWH+6XP, Badapokharia, Kuchinda",,,Odisha,,,19.995597,85.479968,,0,,,,,,,,,,1,Network: BPCL. Google Place ID: ChIJ0d5PONZOGDoRprRvyk2_0gs,,,03-01-26 9:26,02/28/2026 06:47:00
479144,3A1178D6-860C-4065-9A6E-0CD2E9B2C7E3,Hindustan Petroleum Corporation Limited,"Ground Floor, Badapokharia",,,Odisha,,,19.9901672,85.4736527,,0,,,,,,,,,,1,Network: Other. Google Place ID: ChIJp3wXxStPGDoRvRvY_hgEV3g,,,03-01-26 9:26,02/28/2026 06:47:00
479143,2EDA8800-99F9-49BE-9115-14970057DE70,Ather Grid Charging Station,"Baunsalundi, Odisha 761125 bhanjanagar",,,Odisha,,,19.924364,84.57135,,0,,,,,,,,,,1,Network: Ather Grid. Google Place ID: ChIJYVWrugXrIjoRIt5RtmaTF1c,,,03-01-26 9:26,02/28/2026 06:47:00
479142,6E489D6D-55BF-4E2F-A118-1C29B19FE1FF,Jio-bp,"Khatiyan No 557/418, Plot No 4149, Main Road, Karadabani Temple, Bhanjanagar, Lembhai, Berumabadi",,,Odisha,,,20.038907,84.638569,,0,,,,,,,,,,1,Network: Jio-bp. Google Place ID: ChIJB1ptYgCTIjoRqwbJjZefdO0,,,03-01-26 9:26,02/28/2026 06:47:00
479141,BA2E0C0B-5E5F-4B63-A647-FEAAD8912697,Tata Power Charging Station,"Plot No 159/1700, Sakti Nagar Para, Bhawanipatna, Parmanandapur",,,Odisha,,,19.924915,83.174075,,0,,,,,,,,,,1,Network: Tata Power. Google Place ID: ChIJVZ8iOQXsJDoRs1-EPnut-Ko,,,03-01-26 9:26,02/28/2026 06:47:00
479140,3D3C9634-BCF5-47D3-B1C6-1DCBF91F358B,Electric Vehicle Charging Station,"39Q6+GR9, SH 2, Indagaon",,,Odisha,,,20.0887924,82.3621049,,0,,,,,,,,,,11,Network: Other. Google Place ID: ChIJFdl9TRN5JToRQA5ZMcZLWKs,,,03-01-26 9:26,02/28/2026 06:47:00
479139,23F47F89-DDED-4C3D-84BC-FDB2F6392C39,G.K Rickshaw,"103, Gajapati Nagar Ln, Gajapati Nagar, Puri",,,Odisha,,,19.8134808,85.8362997,,0,,,,,,,,,,1,Network: Other. Google Place ID: ChIJJ5vLyaXGGToRz72TuRd_lPM,,,03-01-26 9:26,02/28/2026 06:47:00
479138,FC9FA4C5-2667-4245-9EC4-B9E78CF53B55,Ather Grid Charging Station,"sea beach, Baliapanda Rd, light house, Puri",,,Odisha,,,19.7952607,85.8132809,,0,,,,,,,,,,1,Network: Ather Grid. Google Place ID: ChIJxYJnCS7EGToRiUUYmDyWClY,,,03-01-26 9:26,02/28/2026 06:47:00
479137,9F162FBD-ED98-42A1-BDDA-CE3EB7EDD79D,KACHERI SECTION TPCODL,"Bhanumati Rd, Dolamandap Sahi, Puri",,,Odisha,,,19.8024197,85.8239399,,0,,,,,,,,,,1,Network: Other. Google Place ID: ChIJK3KdZDPFGToRIQExKfAGgrM,,,03-01-26 9:26,02/28/2026 06:47:00
479136,A3523A89-2004-49A0-9E1B-7F8DAC0417ED,Relux Charging Station,"Grand Resort, Baliapanda Housing Board Colony, Puri",,,Odisha,,,19.7907462,85.8030868,,0,,,,,,,,,,1,Network: Other. Google Place ID: ChIJwbv-BO_FGToRFjZCh01Kykc,,,03-01-26 9:26,02/28/2026 06:47:00
479135,75EA8AA8-1C64-47AF-B614-B497204737D5,Electric Vehicle Charging Station,"PG9F+HCG, Panasapada, Anandapur",,,Odisha,,,19.718938,85.5235713,,0,,,,,,,,,,1,Network: Other. Google Place ID: ChIJQSAjfgAzGDoRwH6tsv-Ucy8,,,03-01-26 9:26,02/28/2026 06:47:00
479134,BACBA07A-3087-4649-8C78-5B71185374CD,Ather Grid Charging Station,"QMX7+MR8, Brahmagiri Rd, sector 27, rohini, Puri, Kathuaredi",,,Odisha,,,19.799158,85.664566,,0,,,,,,,,,,1,Network: Ather Grid. Google Place ID: ChIJt2e41wrMGToRF3Atrzd8IUM,,,03-01-26 9:26,02/28/2026 06:47:00
479133,6703F8CA-AFBF-449F-813F-7B82498719BA,Ather Grid Charging Station,"PG9F+PRV, Panasapada, Bhagabanpur",,,Odisha,,,19.71935,85.5244868,,0,,,,,,,,,,1,Network: Ather Grid. Google Place ID: ChIJA66h1rrMGToRNxiuJeYIxus,,,03-01-26 9:26,02/28/2026 06:47:00
479132,1763725E-2E22-4AB5-929A-EE1BD5CDC3DF,Jio-bp pulse Charging Station,"Narayani Restaurant Narayani Chak, Langaleswar Chak",,,Odisha,,,19.67855,85.171409,,0,,,,,,,,,,1,Network: Jio-bp. Google Place ID: ChIJBX3A5mQbGDoRdxFKEdGvi7Y,,,03-01-26 9:26,02/28/2026 06:47:00
479131,3429C086-11C0-49CC-AC2F-9B8E3E452E28,Tata Power Charging Station,"Narayani Chhaka Narayani Chhaka, Narayani Rd, Barkul",,,Odisha,,,19.6782474,85.1714786,,0,,,,,,,,,,1,Network: Tata Power. Google Place ID: ChIJBerZeAAbGDoRkdefzXEyPVM,,,03-01-26 9:26,02/28/2026 06:47:00
479130,735461BC-0915-4210-8ED3-53B3898DC4C0,Adani Charging Station,"J4MP+748 Chilika Inn Lodge & Kallyan Mandap, NH-16, Gurapalli, Keshpur",,,Odisha,,,19.6331555,85.1353263,,0,,,,,,,,,,1,Network: Adani. Google Place ID: ChIJxwd7ZBAbGDoRl-yFesB5rA8,,,03-01-26 9:26,02/28/2026 06:47:00
479129,6DCE1AEA-73C0-4CFC-826D-65AE30C08734,BPCL Charging Station,"P6X5+P2H, DIST, KHURDA, Balugaon",,,Odisha,,,19.749316,85.207598,,0,,,,,,,,,,2,Network: BPCL. Google Place ID: ChIJ3TI_090WGDoRh2-X5tZGwuY,,,03-01-26 9:26,02/28/2026 06:47:00
479128,EA137E64-B9D7-44E9-B7FA-122302076B41,Jio-bp,"Khata No 23/162, Plot No 135/436, Goudaguda, Sibapadar",,,Odisha,,,19.731375,83.479141,,0,,,,,,,,,,1,Network: Jio-bp. Google Place ID: ChIJzZwAccOlJDoRD557U6kiU7c,,,03-01-26 9:26,02/28/2026 06:47:00
479127,185A31A0-6288-48C0-AADC-2BAECD4687F0,Tata Power Charging Station,"M62G+X6Q, Mainroad, Umerkote, Dangriguda",,,Odisha,,,19.652453,82.225619,,0,,,,,,,,,,1,Network: Tata Power. Google Place ID: ChIJ4WrEnZpYJToR5XbwvXimG4M,,,03-01-26 9:26,02/28/2026 06:47:00
479126,431DD3CE-86EC-4A8D-951E-7606B9E3720C,Ather Grid Charging Station,"Ground Floor, Infront of Yamaha Showroom, Dhoba Sahi, Khodasing, Brahmapur",,,Odisha,,,19.31151,84.83354,,0,,,,,,,,,,1,Network: Ather Grid. Google Place ID: ChIJyY3w1JhQPToR_gg2gULqDdM,,,03-01-26 9:26,02/28/2026 06:46:00
479125,B39E25BC-72B2-470F-BF9F-F32FCDF89A79,Ather Grid Charging Station,"Soundrya Nagar near rajrani apartment behrampur odhisha 76001, Brahmapur",,,Odisha,,,19.34123,84.76845,,0,,,,,,,,,,1,Network: Ather Grid. Google Place ID: ChIJh1aGMddPPToRfJtE1_7_Lvo,,,03-01-26 9:26,02/28/2026 06:46:00
479124,55A48CC6-70E0-4340-B0E5-5D72E85F2B3F,Ather Grid Charging Station,"Mandiapli,junction, raghunathpur, Brahmapur, odhisha",,,Odisha,,,19.324255,84.87503,,0,,,,,,,,,,1,Network: Ather Grid. Google Place ID: ChIJy94y1UNXPToRShm30M1XDMc,,,03-01-26 9:26,02/28/2026 06:46:00
479123,10BF6B35-A765-479E-BEF6-6795A45EA872,Electric Vehicle Charging Station,"8Q8G+VV9, Triveni Nagar, Brahmapur",,,Odisha,,,19.3171717,84.7772474,,0,,,,,,,,,,1,Network: Other. Google Place ID: ChIJPa3tNgBRPToR5aCPrQl8eF4,,,03-01-26 9:26,02/28/2026 06:46:00
479122,9FCD4CDC-C715-40BE-B6E1-3BEA154B09AB,Electric Vehicle Charging Station,"Gourahari Nagar, Brahmapur",,,Odisha,,,19.3071386,84.8292277,,0,,,,,,,,,,1,Network: Other. Google Place ID: ChIJK5SWI8RRPToRr52Eh00z3G4,,,03-01-26 9:26,02/28/2026 06:46:00
479121,914DE3F7-25E8-430E-9095-428CCE02C469,Electric Vehicle Charging Station,"8Q9M+QQ9, Phulbani - Bhanjanagar - Asika - Berhampur Rd, Somanath Nagar, Brahmapur",,,Odisha,,,19.3194175,84.7844863,,0,,,,,,,,,,1,Network: Other. Google Place ID: ChIJQQGejxBQPToRZllay4Q9yr8,,,03-01-26 9:26,02/28/2026 06:46:00
479120,7928AC7B-2E54-4769-901B-CA7B1D5C3F3E,Ather Grid Charging Station,"shyamala devi EV pvt ltd, andhapasra road, raja rani apartment, Old Berhampur, Housing Board Colony, Brahmapur",,,Odisha,,,19.308462,84.77319,,0,,,,,,,,,,1,Network: Ather Grid. Google Place ID: ChIJPatmHv5PPToRdSU938h2FiY,,,03-01-26 9:26,02/28/2026 06:46:00
479119,563F72EA-C9EB-429A-A52A-2619874ED9C4,Ather Grid Charging Station,"PLOT NO 335, KHATA NO 863/8027, SWASTIK FACTORY, PRIVATE LIMITED, NH 16 BYE PASS,ANKULI,MAHAVEER, NAGAR, BERHAMPUR, Ganjam, Odisha, 760010 behrampur",,,Odisha,,,19.301504,84.83013,,0,,,,,,,,,,1,Network: Ather Grid. Google Place ID: ChIJl0GRmnZaPToRqnHT9sftsMk,,,03-01-26 9:26,02/28/2026 06:46:00
479118,5B8A8F05-38BD-41EF-AD97-767B218F380D,Ather Grid Charging Station,"8Q4J+CM9, Nilakantha Nagar Main Rd, Saraswati Sishu Mandir, Housing Board Colony, Brahmapur",,,Odisha,,,19.306038,84.78173,,0,,,,,,,,,,1,Network: Ather Grid. Google Place ID: ChIJWxIYpQdQPToRo0PtQRSAfSc,,,03-01-26 9:26,02/28/2026 06:46:00
479117,603E1D8A-85A2-468D-AEE5-92F8AA49C505,Tata Power Charging Station,"Dion Automotives pvt ltd, NH 16, bypass Road, Ganjam dhaba, Ambapua, Dura Bahadurpetta",,,Odisha,,,19.315211,84.858144,,0,,,,,,,,,,2,Network: Tata Power. Google Place ID: ChIJV1iI4FJXPToRu3n9EyelgxE,,,03-01-26 9:26,02/28/2026 06:46:00
479116,091AA10D-B397-4E30-B78F-E5E3D336F34B,Ather Grid Charging Station,"ALOK NAGAR, Ambapua, Gandhi Nagar Main, Brahmapur, Dura Bahadurpetta",,,Odisha,,,19.31608,84.85278,,0,,,,,,,,,,1,Network: Ather Grid. Google Place ID: ChIJf4LpwK1QPToRVN9E6YWVPzU,,,03-01-26 9:26,02/28/2026 06:46:00
479115,DB578BFA-FC06-49C5-9F12-21F732C0266C,Ather Grid Charging Station,"8R48+XMC, Baidyanath Nagar, Ayodhya Nagar, Brahmapur",,,Odisha,,,19.30744,84.81665,,0,,,,,,,,,,1,Network: Ather Grid. Google Place ID: ChIJnWJsXIBQPToRX4xcW9KCaCg,,,03-01-26 9:26,02/28/2026 06:46:00
479114,A944E568-F039-404B-AD57-0187688B27A9,Electric Vehicle Charging Station,"8Q9R+36G, Phulbani - Bhanjanagar - Asika - Berhampur Rd, Baidiya Nath Pur, Brahmapur",,,Odisha,,,19.3176997,84.7905836,,0,,,,,,,,,,1,Network: Other. Google Place ID: ChIJPyWFQRJQPToRz9IUDuEy1Y8,,,03-01-26 9:26,02/28/2026 06:46:00
479113,C664A84C-3254-4435-848C-3F2849342E5B,Ather Grid Charging Station,"Jagannathpur Square Bypass N.H 5, Berhampur, Ganjam, Odisha-760011, Brahmapur",,,Odisha,,,19.32163,84.86715,,0,,,,,,,,,,1,Network: Ather Grid. Google Place ID: ChIJwRbpfU9XPToRZ70ytEb8wGU,,,03-01-26 9:26,02/28/2026 06:46:00
479112,2F690861-2CC6-4281-A191-608D1EC85CCF,Ather Grid Charging Station,"Askar Road, Triveni Nagar, Brahmapur",,,Odisha,,,19.319885,84.78113,,0,,,,,,,,,,1,Network: Ather Grid. Google Place ID: ChIJFU6otBtQPToRsh3r2GJQpJQ,,,03-01-26 9:26,02/28/2026 06:46:00
479111,8F316CAE-F81D-452D-8AD2-03708BBA4981,Ather Grid Charging Station,"PLOT NO-1801/3391, 1563/12047, NH-16, CHANDAN AGRO RICE TECH, Lanjipalli, Brahmapur",,,Odisha,,,19.2956471,84.8195658,,0,,,,,,,,,,1,Network: Ather Grid. Google Place ID: ChIJ5VzzqH1aPToR3hpbwM2NaPA,,,03-01-26 9:26,02/28/2026 06:46:00
479110,2E32FE45-E933-4B9C-863F-8A5483BA713A,BPCL Charging Station,"8QM9+VC5, GIRISOLA,GIRISOLA Kochinda",,,Odisha,,,19.334627,84.768619,,0,,,,,,,,,,1,Network: BPCL. Google Place ID: ChIJ3Zd0XdlPPToR2JHQCd-85yg,,,03-01-26 9:26,02/28/2026 06:46:00
479109,9926C23C-B1E3-43B8-BFE1-784C8C50B05B,Ather Charging Station,"Main road, Infront of Saraswati Sishu vidya Mandir, Neelakantha Nagar, Housing Board Colony, Brahmapur",,,Odisha,,,19.3057277,84.7817268,,0,,,,,,,,,,1,Network: Ather Grid. Google Place ID: ChIJ-dW4owdQPToREn-3rGCq-9A,,,03-01-26 9:26,02/28/2026 06:46:00
479108,5FA01DEC-12B4-431A-9E37-04E58D81168B,Ather Grid Charging Station,"8Q3W+923, Ram Nagar, Brahmapur",,,Odisha,,,19.303381,84.795044,,0,,,,,,,,,,1,Network: Ather Grid. Google Place ID: ChIJG2H57p9aPToRMSQHDl44ETg,,,03-01-26 9:26,02/28/2026 06:46:00
479107,10113421-A516-4D01-AA62-465EC465F3B0,Tata Power Charging Station,"AH45, Ankuli, Brahmapur",,,Odisha,,,19.2991714,84.8317631,,0,,,,,,,,,,1,Network: Tata Power. Google Place ID: ChIJP0Pk83NaPToRLg9fAUbJYcY,,,03-01-26 9:26,02/28/2026 06:46:00
479106,E7D45288-40AC-4DAA-B405-5AD890B7716B,Maa Tara Tarini Tour And Travels,"CHXR+2H8, Pattapur",,,Odisha,,,19.447535,84.591458,,0,,,,,,,,,,1,Network: Other. Google Place ID: ChIJjRvmauI1PToRmB9PdQ3O1gQ,,,03-01-26 9:26,02/28/2026 06:46:00
479105,BC1CE5B7-3873-48B9-9C0C-9DD5AA3CD58A,Electric Vehicle Charging Station,"5PJF+9WX, NH 16, Girisola",,,Odisha,,,19.180776,84.725327,,0,,,,,,,,,,1,Network: Other. Google Place ID: ChIJz9Z1TgBDPToRhYyxYke29pI,,,03-01-26 9:26,02/28/2026 06:45:00
479104,DF7ED77D-BB23-494B-96E8-5550889F7E51,Ather Grid Charging Station,"Bus Stand, City, Haldiapadar Over Bridge, Brahmapur, Modanamohanpur",,,Odisha,,,19.26892,84.77745,,0,,,,,,,,,,1,Network: Ather Grid. Google Place ID: ChIJ1dBn8s1aPToRP5E0ThGudNM,,,03-01-26 9:26,02/28/2026 06:45:00
479103,F377482D-5EC0-4841-ABE7-458A4CBAD9E1,BPCL Charging Station,"5PMH+82H, Girisola, GIRISOLA, Kochinda",,,Odisha,,,19.183324,84.727616,,0,,,,,,,,,,1,Network: BPCL. Google Place ID: ChIJr4N756FDPToRdmS4p78g4IU,,,03-01-26 9:26,02/28/2026 06:45:00
479102,0FA2709C-4572-4009-87AB-B07C19BD6AA6,Ather Grid Charging Station,"Shop No.10, 5th Line, Temple, Ashok Nagar, Chikiti, Khajuria",,,Odisha,,,19.194212,84.61756,,0,,,,,,,,,,1,Network: Ather Grid. Google Place ID: ChIJLTuMPrBAPToRmqslWtbj6Lg,,,03-01-26 9:26,02/28/2026 06:45:00
479101,DF3D27FD-2E60-4698-8B55-B540131325E4,Ather Grid Charging Station,"4-55, old, NH16, Haripuram",,,Odisha,,,18.845465,84.5031,,0,,,,,,,,,,1,Network: Ather Grid. Google Place ID: ChIJMaVD2L8OPToRxT7CCHZtqfw,,,03-01-26 9:26,02/28/2026 06:45:00
479100,458C5B7D-65B9-4125-9A47-F080EB50C37F,DIMILI VILLAGE,"RX2Q+PW8, Dimili",,,Odisha,,,18.8020625,83.9918125,,0,,,,,,,,,,1,Network: Other. Google Place ID: ChIJI9p5GLL1PDoRUqAOvygQkF8,,,03-01-26 9:26,02/28/2026 06:45:00
479099,57D69FDC-ED6A-4C31-BC7D-D6710883D84B,Electric Vehicle Charging Station,"QC9C+HHQ, Unnamed Road, Parvatipuram",,,Odisha,,,18.7689167,83.4215387,,0,,,,,,,,,,1,Network: Other. Google Place ID: ChIJcaeqGgB3OzoRDns07_rINmU,,,03-01-26 9:26,02/28/2026 06:45:00
479098,F21D9509-F08C-421C-8C7B-99B909657181,Tata Power Charging Station,"Bhaskar Rao Oil Mill, Jeypore-Vizianagaram Rd, Industrial Estate, Jeypore",,,Odisha,,,18.8582131,82.5899051,,0,,,,,,,,,,1,Network: Tata Power. Google Place ID: ChIJy_f_AwDtOjoR61YcK0SB1Gc,,,03-01-26 9:26,02/28/2026 06:45:00
479097,D954724D-F237-4D2E-A2D2-02AD3CBE4B86,BPCL Charging Station,"MALKANGIRI,ODISHA,PIN-764045, Malkangiri",,,Odisha,,,18.84732,82.565171,,0,,,,,,,,,,2,Network: BPCL. Google Place ID: ChIJwYneWqryOjoR31xCItasPp0,,,03-01-26 9:26,02/28/2026 06:45:00
479096,82CE7806-FCF6-4237-89E0-AEB983E453B6,Ather Grid Charging Station,"1st Floor, Bhavani Nagar, Tekkali Main Rd, Mother Theresa School, Borigipeta, Tekkali",,,Odisha,,,18.606024,84.229915,,0,,,,,,,,,,1,Network: Ather Grid. Google Place ID: ChIJa_uJ0HVTPDoRi7CMaacxIc8,,,03-01-26 9:26,02/28/2026 06:45:00
479095,3302411C-4471-47C0-8F98-AFC071074AA1,Tata Power Charging Station,"Sy No 515/2, V), Vangara, Arasada, Srikakulam",,,Odisha,,,18.534753,83.651339,,0,,,,,,,,,,1,Network: Tata Power. Google Place ID: ChIJB0Q3qMB5PDoROcoC0VJkf5E,,,03-01-26 9:26,02/28/2026 06:45:00
479094,D0B0DFF6-6CE6-43C9-8DBF-E9E843CC1A3B,okinawa electric scooter,"HQW7+RJ9, Main Road, Tamminaidu collage, Vadama",,,Odisha,,,18.5970465,83.7640945,,0,,,,,,,,,,1,Network: Other. Google Place ID: ChIJSRDTSlF7PDoReWG_FvtS7yA,,,03-01-26 9:26,02/28/2026 06:45:00
479093,263CC383-433A-4260-9766-34972849BAC4,Electric Vehicle Charging Station,"J96X+5P2, Punubutchampeta, Komatipalli",,,Odisha,,,18.6104394,83.3992285,,0,,,,,,,,,,1,Network: Other. Google Place ID: ChIJhZ8HVwCdOzoR4zEguwKWBCI,,,03-01-26 9:26,02/28/2026 06:45:00
479092,86897E42-DECD-4935-AA64-599FAA69A1CC,Tata Power Charging Station,"Survey No, 635/1238, Jeypore-Vizianagaram Rd, Kottakki, Ramabhadrapuram, Kottakki",,,Odisha,,,18.5035093,83.2469705,,0,,,,,,,,,,1,Network: Tata Power. Google Place ID: ChIJ57dQVACjOzoR-tle3SmEeIk,,,03-01-26 9:26,02/28/2026 06:45:00
479091,3FD0F7D2-7526-48E1-8148-9B1A7EFC9ACE,Jio-bp,"Plot No 292/1001/2977/P &292/1002/2978/P, Deheraguda, Semiliguda, Mania",,,Odisha,,,18.7012078,82.879837,,0,,,,,,,,,,1,Network: Jio-bp. Google Place ID: ChIJbR-ZIQD_OjoRYqULtn6VB0k,,,03-01-26 9:26,02/28/2026 06:45:00
479090,1905236B-05A0-4211-A36B-205449CA6A11,Ather Grid Charging Station,"7VWV+F5P Muncipal Ground, Ring Rd, Head Post Office Area, New Colony, Srikakulam",,,Odisha,,,18.295933,83.893148,,0,,,,,,,,,,1,Network: Ather Grid. Google Place ID: ChIJJ5r6whwVPDoRW1S4GRARiXM,,,03-01-26 9:26,02/28/2026 06:45:00
479089,099FF60F-5D53-43BA-B152-D8D70387573B,Jio-bp pulse Charging Station,"NH-16, Pedapadu",,,Odisha,,,18.3262791,83.941268,,0,,,,,,,,,,1,Network: Jio-bp. Google Place ID: ChIJDx9ry9Y_PDoRsMyVWbw496E,,,03-01-26 9:26,02/28/2026 06:45:00
479088,E3F0DF4E-1C54-4D4F-AFB9-DDEF41559A0F,Tata Power Charging Station,"Ground Floor, Pedapadu Rd, Srikakulam, Pedapadu",,,Odisha,,,18.3243588,83.9391102,,0,,,,,,,,,,1,Network: Tata Power. Google Place ID: ChIJ66q2xvs_PDoRd7c1V_PYG0g,,,03-01-26 9:26,02/28/2026 06:45:00
479086,95E251F0-082E-4546-8FE7-D6FD814A792E,DK MOTORS,"Near AyyappaSwamy Temple Adivarampeta, Palakonda Rd, Balaga Rural",,,Odisha,,,18.3226736,83.893722,,0,,,,,,,,,,1,Network: Other. Google Place ID: ChIJM5TEvJwVPDoRukEK5AaiQ8g,,,03-01-26 9:26,02/28/2026 06:45:00
479085,B52CBAD0-2FE7-4ECD-B0BB-A564CA8A3936,Urzza Charging Station,"Meghana Conventions, NH-16, Service Road, Jammu Narasannapeta, Junction, Srikakulam, Narasannapeta",,,Odisha,,,18.4243285,84.0480246,,0,,,,,,,,,,1,Network: Other. Google Place ID: ChIJ6WLjsLNHPDoRCXvZaUIRv2w,,,03-01-26 9:25,02/28/2026 06:44:00
479084,2A2EF57E-2656-46D0-B79B-CED2389F43EE,Ather Energy Charging Station,"8W59+RG8, Patrunivalasa, Srikakulam",,,Odisha,,,18.309546,83.91882,,0,,,,,,,,,,1,Network: Ather Grid. Google Place ID: ChIJl9bdV0IVPDoRSQ64Y919dIs,,,03-01-26 9:25,02/28/2026 06:44:00
479083,B2CB63B2-3B6C-4AAF-8EC6-C6E2DC9463CF,Voltran Charging Station,"Survey No: 75/27A, NH-16, Service Road, Eastern Marine Drive In Hotel, Kushalapuram, Kusharapuram",,,Odisha,,,18.3004408,83.8711628,,0,,,,,,,,,,1,Network: Other. Google Place ID: ChIJlaj8Q2AVPDoROqHHzPykEo4,,,03-01-26 9:25,02/28/2026 06:44:00
479082,D08DAB00-1462-410B-8DD3-A58FC87C3EF6,Jio-bp,"Sy No 31, 8 & 31/9, Arasavilli, Srikakulam, Arasavilli Rural",,,Odisha,,,18.289378,83.914594,,0,,,,,,,,,,1,Network: Jio-bp. Google Place ID: ChIJdaNBQAAVPDoRnE0ROu1Y8nA,,,03-01-26 9:25,02/28/2026 06:44:00
479081,B38414BF-01B7-4816-8D80-6E7E0E681527,Ather Grid Charging Station,"7GHG+MFC SJJ Xerox & Stationary, HP Bunk, Garividi",,,Odisha,,,18.2791756,83.5261386,,0,,,,,,,,,,1,Network: Ather Grid. Google Place ID: ChIJOZ3p-4z0OzoRFGKhlaggpRI,,,03-01-26 9:25,02/28/2026 06:44:00
479080,E19FBFE6-BD98-4BC6-824D-B822685AE83B,AtherGrid Charging Station,"8VPH+V5M, Araku Valley, visakhapatnam",,,Odisha,,,18.3372038,82.8779255,,0,,,,,,,,,,1,Network: Ather Grid. Google Place ID: ChIJSRmUm-NKOjoR4xd3jzRb21c,,,03-01-26 9:26,02/28/2026 06:44:00
479079,F9AE64D7-C976-429D-B228-5767F0395FD7,Ather Grid Charging Station,"Coffee Museum, Araku Valley - Pachipenta Vlg, R.T.C Complex, Visakhapatnam, Kantabamsuguda",,,Odisha,,,18.3225938,82.8776518,,0,,,,,,,,,,1,Network: Ather Grid. Google Place ID: ChIJmdAetCZLOjoR4_8oZoEPU2U,,,03-01-26 9:26,02/28/2026 06:44:00
479078,D23A7365-D44F-4F22-A4AB-76F0ADC04068,Charzer Charging Station,"7WW7+6GC, Pandrangi, Panirangini",,,Odisha,,,18.2958652,82.9144748,,0,,,,,,,,,,1,Network: Other. Google Place ID: ChIJydC3HADLOzoRjuXSzzM0Kc8,,,03-01-26 9:26,02/28/2026 06:44:00
479077,B8A3A57C-BCF0-40B6-A6F3-EECE4B92A317,Electric Vehicle Charging Station,"Vizag Main Road, Araku Valley, Ravvalaguda",,,Odisha,,,18.3137141,82.8937424,,0,,,,,,,,,,1,Network: Other. Google Place ID: ChIJJREWvNJLOjoRAZVBCoa2vx8,,,03-01-26 9:26,02/28/2026 06:44:00
479076,E51D2930-F103-4D00-AC96-6F9ECC61624D,Tata Power Charging Station,"Sy No 41, Pydibhimavaram, on NH 16, Ranastalam, SRIKAKULAM",,,Odisha,,,18.139519,83.617595,,0,,,,,,,,,,1,Network: Tata Power. Google Place ID: ChIJrT0dwHMIPDoRjcBweDv3Cv4,,,03-01-26 9:26,02/28/2026 06:44:00
479075,05BDE397-B0D4-4C79-A899-A06641D8D480,Jio-bp pulse Charging Station,"Chennai - Kolkata Hwy, Varisam",,,Odisha,,,18.1499177,83.6353106,,0,,,,,,,,,,1,Network: Jio-bp. Google Place ID: ChIJO3FcqMwJPDoRMO2WMKMwTxI,,,03-01-26 9:26,02/28/2026 06:44:00
479074,533311B9-A3BC-4D08-8150-348C3847C244,Tata Power Charging Station,"Sy No 138/7, V), Ranastalam, Kosta",,,Odisha,,,18.173032,83.676949,,0,,,,,,,,,,1,Network: Tata Power. Google Place ID: ChIJzdlbLtMIPDoRHyQXJMq9aho,,,03-01-26 9:26,02/28/2026 06:44:00
479073,06E52BB9-2511-4B98-AE3F-C83C2FE454AB,JoulePoint Charging Station,"2GR5+QR9, Bhogapuram",,,Odisha,,,18.0418515,83.5097221,,0,,,,,,,,,,1,Network: Other. Google Place ID: ChIJ2_p_UgD5OzoR-hBCnOkmqNA,,,03-01-26 9:26,02/28/2026 06:44:00
479072,FA1D0468-4155-48BE-A4EA-6F9250744BBB,Bolt.Earth Charging Station,"jonnada, Jonnada",,,Odisha,,,18.0203857,83.4020948,,0,,,,,,,,,,1,Network: Bolt.Earth. Google Place ID: ChIJ8Xer6Z3jOzoRoOhAf9x8occ,,,03-01-26 9:26,02/28/2026 06:44:00
479071,FD68B4C0-3201-479F-A97B-24297FA8CCB3,Ather Grid Charging Station,"Survey number 81, 2, Chelavuru, visakhapatnam",,,Odisha,,,18.0565007,83.3971128,,0,,,,,,,,,,1,Network: Ather Grid. Google Place ID: ChIJx3V0BuvkOzoRv80ByazEVo8,,,03-01-26 9:26,02/28/2026 06:44:00
479070,C8E03B60-A8F3-4F40-9811-7E3D20C460B0,Electric Vehicle Charging Station,"394W+RVP, JK Tiles, Chelavuru, Vizianagaram",,,Odisha,,,18.0570972,83.3971881,,0,,,,,,,,,,1,Network: Other. Google Place ID: ChIJ4SI8dT3lOzoR-787PNzVXP8,,,03-01-26 9:26,02/28/2026 06:44:00
479069,D06986D1-7291-48CE-915A-B2087F1284F3,ParkNConnect Charging Station,"39VQ+27Q, Gandhi Nagar, Vizianagaram",,,Odisha,,,18.0928016,83.3884047,,0,,,,,,,,,,1,Network: Other. Google Place ID: ChIJQ18SMQDlOzoRN028ZV6bqCM,,,03-01-26 9:26,02/28/2026 06:44:00
479068,ED62ACD9-90CE-464B-B573-B6778EF2C6EF,Ather Grid Charging Station,"39JP+846, VT Agraharam, Vizianagaram",,,Odisha,,,18.080786,83.38528,,0,,,,,,,,,,1,Network: Ather Grid. Google Place ID: ChIJbbdUzwPlOzoRB4O14IJPBPw,,,03-01-26 9:25,02/28/2026 06:43:00
479067,52119A0F-4C9C-4D72-BF40-96106AA78DFA,Hindustan Petroleum Corporation Limited Charging Station,"XC28+XG9, Rajapulova",,,Odisha,,,17.9524227,83.4163581,,0,,,,,,,,,,1,Network: Other. Google Place ID: ChIJFZSk2LPiOzoRJenqHS8uTfg,,,03-01-26 9:25,02/28/2026 06:43:00
479066,F59E6348-B96D-4E45-A875-2E682BB74CD8,Ather Grid Charging Station,"39JP+24W SRI VENKATESWARA CAR CARE, NH 26, VT Agraharam, Visakhapatnam, Sarika",,,Odisha,,,18.0801438,83.3853509,,0,,,,,,,,,,1,Network: Ather Grid. Google Place ID: ChIJK1yL8a_lOzoRssOHlp_wuVM,,,03-01-26 9:25,02/28/2026 06:43:00
479065,DBC73248-6C5C-4640-9FFA-3684E877B6C5,Hindustan Petroleum Corporation Limited,"Ground Floor NH 5, Rajapulova, Maharajupeta, Visakhapatnam",,,Odisha,,,17.952421,83.416311,,0,,,,,,,,,,1,Network: Other. Google Place ID: ChIJg2QEYrHiOzoRkqR5RBSrY8o,,,03-01-26 9:25,02/28/2026 06:43:00
479064,1AC1BF1E-ED9A-427E-A350-C28FDA15758E,Tata Power Charging Station,"Survey No - 74/6&7, Gangubudi Village, Lakkavarapukota, Kothavalasa to L. Kota Hwy SH 39, VIZIANAGARAM",,,Odisha,,,17.9577677,83.1773604,,0,,,,,,,,,,1,Network: Tata Power. Google Place ID: ChIJvTU0iDnfOzoRBWSGoZ1vk5g,,,03-01-26 9:25,02/28/2026 06:43:00
479063,79FFBC01-2543-47B4-91C9-2D7982E07DFC,Ather Grid Charging Station,"448Q+49Q, Srungavarapu kota, visakhapatnam",,,Odisha,,,18.116682,83.13772,,0,,,,,,,,,,1,Network: Ather Grid. Google Place ID: ChIJwRgYpMzEOzoRzurgUD5yfBM,,,03-01-26 9:25,02/28/2026 06:43:00
479062,70C1FBFA-2AC9-4E1B-9B58-8F470F2B8780,Jio-bp,"Sy No 31, 8 & 31/9, Arasavilli, Srikakulam, Arasavilli Rural",,,Odisha,,,18.289378,83.914594,,0,,,,,,,,,,1,Network: Jio-bp. Google Place ID: ChIJdaNBQAAVPDoRnE0ROu1Y8nA,,,03-01-26 9:25,02/28/2026 06:35:00
478918,C5BA18AB-A726-4B58-B9D4-DC08D787B916,Royal Drive EVCS,NH 66 Service Road,Anayara,Venpalavattom,Kerala,695001,,8.50349548,76.91166164,,0,,,,,,,,,,2,,,,02/25/2026 18:12:00,02/25/2026 18:12:00
478917,B63D6535-0973-42DD-93C6-19738D47E35E,Poovar PNT EVCS,Kovalam - Poovar - Kaliyakkavilai Road,Poovar,Kulathoor,Kerala,695506,,8.315968833,77.09035465,,0,,,,,,,,,,3,,,,02/25/2026 18:09:00,02/25/2026 18:09:00
478916,E30B2AF9-C395-46B9-BB21-A1E2AF58249D,Ayyappa EVCS,Sabarimala - Kodaikkanal Road,Karinkallummoozhi,Erumely,Kerala,686509,,9.478662772,76.84487199,,0,,,,,,,,,,3,,,,02/25/2026 18:06:00,02/25/2026 18:06:00
478915,045B908B-B897-41A7-B738-E06643A8B19F,Adimali Rangers,Kochi - Dhanushkodi Road,Koickakudy,Adimali,Kerala,685561,,10.0141442,76.94382997,,0,,,,,,,,,,2,,,,02/25/2026 18:03:00,02/25/2026 18:03:00
478914,7ECC26E5-7160-4C31-A235-32CB9C8BC61F,Hill View EVCS,Kochi - Dhanushkodi Road,Old Munnar,Munnar,Kerala,685612,,10.06993665,77.06094194,,0,,,,,,,,,,2,,,,02/25/2026 18:01:00,02/25/2026 18:01:00
478913,5743E80E-EE3F-4F64-94F1-61519CEEA6C7,Cargo Auto Hub EVCS,Ettumanoor - Erattupetta - Poonjar Road,,Bharananganam,Kerala,686578,,9.702761975,76.72119375,,0,,,,,,,,,,2,,,,02/25/2026 17:59:00,02/25/2026 17:59:00
478912,DB4A1E0B-14E9-437C-BB09-B3C0E0A2BACB,Minerva EVCS,MC Road,Kanakkarry,Ettumanoor,Kerala,686631,,9.692576429,76.55969005,,0,,,,,,,,,,2,,,,02/25/2026 17:56:00,02/25/2026 17:56:00
478911,4A56AFA9-8B74-4D47-96B1-2359F88DAD3B,Savoi Complex EVCS,Kolani - Vazhithala - Koothattukulam Road,,Koothattukulam,Kerala,686662,,9.861340746,76.59599011,,0,,,,,,,,,,2,,,,02/25/2026 17:53:00,02/25/2026 17:53:00
478910,0B3AAB3C-2C34-4268-80B2-1B8B8BDD82E4,Haridwar EVCS,M C Road,,Koothattukulam,Kerala,686662,,9.872065277,76.59611459,,0,,,,,,,,,,3,,,,02/25/2026 17:51:00,02/25/2026 17:51:00
478909,5D0188D1-8E02-41A7-8768-5B07FBA5A9B1,Pattakulam EV Super Charging Station,Kochi - Dhanushkodi Road,,Kothamangalam,Kerala,686666,,10.05863762,76.65237792,,0,,,,,,,,,,2,,,,02/25/2026 17:49:00,02/25/2026 17:49:00
478908,492F3E21-108E-448F-81FC-CED0B094D79B,Eco Park EVCS,Aluva - Pukkattupady Road,,Pukkattupady,Kerala,683561,,10.06823616,76.38681353,,0,,,,,,,,,,2,,,,02/25/2026 17:44:00,02/25/2026 17:44:00
478907,049E3656-68CE-44B1-92B0-512B0B439672,Yash Square EVCS,Aluva-Perumbavoor Road,,Aluva,Kerala,983105,,10.11057497,76.37287274,,0,,,,,,,,,,2,,,,02/25/2026 17:42:00,02/25/2026 17:42:00
478906,5B7F0DA9-A8C5-479A-A6FB-C3BAF17B96E6,Ie.On EVCS,Aluva - Munnar Road,Kunnathunad,Vazhakkulam,Kerala,683112,,10.08867027,76.42441988,,0,,,,,,,,,,2,,,,02/25/2026 17:40:00,02/25/2026 17:40:00
478905,E044DDC9-8971-4373-8C1D-237CC9679546,JP Complex EVCS,MC Road,,Perumbavoor,Kerala,683500,,10.11154054,76.47892757,,0,,,,,,,,,,2,,,,02/25/2026 17:37:00,02/25/2026 17:37:00
478904,283C35C9-9644-43AD-A62C-2D035345D3B1,Electro Spark EVCS,Vallam - Kodanad Road,Vallam,Perumbavoor,Kerala,683543,,10.16308064,76.48721725,,0,,,,,,,,,,2,,,,02/25/2026 17:35:00,02/25/2026 17:35:00
478903,15375E02-5C67-47BE-997E-85C2CB92B59E,Smartvolt EVCS,MC Road,,Kalady,Kerala,683550,,10.16879256,76.43474413,,0,,,,,,,,,,2,,,,02/25/2026 17:32:00,02/25/2026 17:32:00
478902,1ADDEAE8-29FE-4EF0-9467-FF1AB3291B5D,Chendamangalam Combined Energy,Paliyam Road,,Chendamangalam,Kerala,683512,,10.16452076,76.23328993,,0,,,,,,,,,,2,,,,02/25/2026 17:30:00,02/25/2026 17:29:00
478901,34686886-64C7-4CF1-BD29-5E688E2494E1,Ideal EV Super Charging Station,Amman Kovil Road,,North Paravur,Kerala,683513,,10.14922378,76.2265059,,0,,,,,,,,,,2,,,,02/25/2026 17:24:00,02/25/2026 17:24:00
478900,382DBE49-5885-4680-A55D-B5664996D01D,rajeEVam EVCS,Kottapuram Church Road,Thiruvanchikulam,Kodungallur,Kerala,680669,,10.20314126,76.20040095,,0,,,,,,,,,,3,,,,02/25/2026 17:21:00,02/25/2026 17:21:00
478898,880C7347-C80B-4231-AF12-38C355BE1C01,Chavakkad Golden Tower EVCS,NH-66,Chavakkad,Punnayur,Kerala,680516,,10.6429724,75.98558048,,0,,,,,,,,,,2,,,,02/25/2026 17:15:00,02/25/2026 17:15:00
478897,A32B9809-AA60-4757-9CA2-BBC355A2D72E,Guruvayoor Sreeja EVCS,Guruvayoor - Althara - Ponnani Road,Mammiyoor,Guruvayur,Kerala,680101,,10.59330983,76.03739688,,0,,,,,,,,,,2,,,,02/25/2026 17:10:00,02/25/2026 17:10:00
478896,724BB509-F0A7-4A1F-93C2-4B8D6D649AF5,Swathi EVCS,Payiloor Junction,Chittur,Kollengode,Kerala,678506,,10.61186018,76.68416479,,0,,,,,,,,,,1,,,,02/25/2026 17:07:00,02/25/2026 17:07:00
478895,035EC6ED-2620-48DF-9B06-94C3A99F18EA,Hi - Span EVCS,NH 544 - Palakkad Coimbatore Road,Pudussery East,Pampampallam,Kerala,678624,,10.81963572,76.81019691,,0,,,,,,,,,,3,,,,02/25/2026 17:04:00,02/25/2026 17:04:00
478894,9FBA7A87-F5EF-4376-BD41-789D259E37EE,Page EVCS,Tirur - Chamravattom Road,,Tirur,Kerala,676101,,10.90122132,75.92541639,,0,,,,,,,,,,2,,,,02/25/2026 16:48:00,02/25/2026 16:48:00
478893,B356D2DB-0036-4256-8724-620140F0BC8C,Dilkush EVCS,NH 66 - Kozhikode Bypass,,Ramanattukara,Kerala,673633,,11.17979194,75.87213471,,0,,,,,,,,,,2,,,,02/25/2026 16:44:00,02/25/2026 16:44:00
478892,0032EE5B-02E0-4C8C-816F-B34353DE6A5C,Calicut Malabar Gold HQ EVCS,Nadappalam Peringottupuram Road,,Peruvayal,Kerala,673008,,11.28048199,75.87910483,,0,,,,,,,,,,2,,,,02/25/2026 16:38:00,02/25/2026 16:38:00
478891,F7FADCCC-AD00-4FB7-9ACF-318A631187A9,Kunnamangalam Little Flower EVCS,Wayanad Road,Moozhikkal,Chelavoor,Kerala,673005,,11.29802224,75.85300039,,0,,,,,,,,,,2,,,,02/25/2026 16:35:00,02/25/2026 16:35:00
478890,036111A8-492C-4A50-AC43-A89C49BDD20C,Lulu Mall EVCS,Mankav Kuttiyilthazham Road,Panniankara,Govindapuram,Kerala,673007,,11.24085462,75.80269852,,0,,,,,,,,,,5,,,,02/25/2026 17:26:00,02/25/2026 16:32:00
478888,7D34F430-E6C9-4E00-8405-6A475DA82AE3,Iris Mall EVCS,Quilandy - Thamarassery - Edavanna Road,Balusseri Mukku,Balusseri,Kerala,673612,,11.44624844,75.83307969,,0,,,,,,,,,,4,,,,02/25/2026 16:23:00,02/25/2026 16:23:00
478887,21AC12A4-85F7-4C54-AFFB-1F0C83554C6D,Elektron EVCS,Payyoli Perambra Road,,Perambra,Kerala,673524,,11.55125369,75.74625711,,0,,,,,,,,,,3,,,,02/25/2026 16:19:00,02/25/2026 16:19:00
478886,05742D33-D82A-45B8-8CE5-D768CD941F5F,Power Drive EV Supercharging Station,Chovva - Anjarakandy - Keezhallur Mattannur Road,,Anjarakandy,Kerala,670613,,11.88139916,75.50131377,,0,,,,,,,,,,3,,,,02/25/2026 16:11:00,02/25/2026 16:11:00
478885,E8307B97-FEB1-4634-8AA3-92AC897EA291,Sreekandapuram Samudra EVCS,Thaliparamba – Iritty Road,,Sreekandapuram,Kerala,670631,,12.04252833,75.50983364,,0,,,,,,,,,,2,,,,02/25/2026 16:04:00,02/25/2026 16:04:00
478884,A3EFF548-B25E-4CD2-A8B5-6BB191441E7D,Tamar Cafe,Arikady Road,,Kumbla,Kerala,621321,,12.60628184,74.93843824,,0,,,,,,,,,,1,,,,02/25/2026 14:29:00,02/25/2026 14:29:00
478883,9B0279F1-7D73-4CA2-956F-6917D89B8C5D,Sheraton Grand Chennai Resort,East Coast Road (Thiruvanmiyur - Mahabalipuram - Marakkanam - Pondicherry Road),,Chennai,Tamil Nadu,,,12.74428581,80.2392813,,0,,,,,,,,,,2,,,,02/25/2026 14:02:00,02/25/2026 14:02:00
478882,9DE394F7-67CE-45D8-8565-AF3BD97EADE4,Four Points By Sheraton,East Coast Road,ECR - OMR Junction,Mahabalipuram,Tamil Nadu,603104,,12.61307921,80.16879624,,0,,,,,,,,,,2,,,,02/25/2026 13:59:00,02/25/2026 13:59:00
478881,56AEDBD3-938B-4E84-84FE-C96AD32D9E27,Pondur - Oragadam,SH 57,SIPCOT Vallam Vadagal,Sriperumbudur,Tamil Nadu,602105,,12.92743399,79.93416223,,0,,,,,,,,,,4,,,,02/25/2026 13:55:00,02/25/2026 13:55:00
478880,74C88DB4-DC7D-48A9-AE42-A09AAF4F1511,Fairfield By Marriott,Chennai - Ranipet - Chitoor - Kolar - Bangalore,,Sriperumbudur,Tamil Nadu,602106,,12.93260726,79.90581636,,0,,,,,,,,,,2,,,,02/25/2026 13:53:00,02/25/2026 13:53:00
478879,EA8687B6-ACD0-4623-A908-98580827EB37,Hotel Seasons,Cuddalore - Chittoor Road,,Tiruvannamalai,Tamil Nadu,606604,,12.25866069,79.06838859,,0,,,,,,,,,,2,,,,02/25/2026 13:49:00,02/25/2026 13:49:00
478878,760BFE27-168F-47F3-81B2-A2CC404B2DC3,Sugam Hospitality,Grand Southern Trunk Road,,Arasur,Tamil Nadu,,,11.81284597,79.41801965,,0,,,,,,,,,,4,,,,02/25/2026 13:47:00,02/25/2026 13:47:00
478877,4905F653-8457-488F-8A50-FDD031E65FC3,Ashva Hyundai,Grand Southern Trunk Road,,Elambalur,Tamil Nadu,621220,,11.26305138,78.89741318,,0,,,,,,,,,,2,,,,02/25/2026 13:45:00,02/25/2026 13:45:00
478876,1501F773-C075-4DDC-BE4F-BA4FF0E8D517,Kovai Hyundai,NH 44,Kandhampatty,Salem,Tamil Nadu,636002,,11.64835524,78.12020883,,0,,,,,,,,,,2,,,,02/25/2026 13:42:00,02/25/2026 13:42:00
478875,FF0EC3AF-1B88-4F44-B0F1-EE60BBDD74E7,Lotus Hyundai,Sathyamangalam Road,Bharathi Nagar,Coimbatore,Tamil Nadu,641001,,11.04548355,76.98578975,,0,,,,,,,,,,2,,,,02/25/2026 13:39:00,02/25/2026 13:39:00
478874,ED941A44-F72E-4AD5-83EC-DD58DA39327E,Vetri Hyundai,Trichy Main Road,Thiruvengadam nagar,Thanjavur,Tamil Nadu,208263,,10.74085677,79.10755813,,0,,,,,,,,,,2,,,,02/25/2026 13:33:00,02/25/2026 13:33:00
478873,9C521CE7-4211-464C-965D-0E543F0DB372,Courtyard By Marriott,Collector Office Road,Trichy Zone IV,Tiruchirappalli,Tamil Nadu,620003,,10.80435322,78.67725322,,0,,,,,,,,,,2,,,,02/25/2026 13:31:00,02/25/2026 13:31:00
478872,2E410363-726F-4580-AB02-0BB6814FE158,Oxina Hyundai,Chennai - Trichy - Dindigul Road,Trichy Zone IV,Tiruchirappalli,Tamil Nadu,620012,,10.7912074,78.65778448,,0,,,,,,,,,,2,,,,02/25/2026 13:28:00,02/25/2026 13:28:00
478871,AF645162-8449-483E-B7D3-D00DB62A1814,Surya's Veggie Restaurant,NH 83 - Trichy Dindugal Highway,,Vaiyampatti,Tamil Nadu,,,10.56066896,78.32180842,,0,,,,,,,,,,2,,,,02/25/2026 13:25:00,02/25/2026 13:25:00
478870,DFF6A473-88C6-418C-915A-FCB7D78D57DA,Sree Karpagamoorthy Automobiles,Thanjavur - Pattukkottai - Aranthangi - Karaikudi - Paramakudi - Sayalkudi Road,Managiri,Karaikudi,Tamil Nadu,623001,,10.07007841,78.72750458,,0,,,,,,,,,,2,,,,02/25/2026 13:21:00,02/25/2026 13:21:00
478869,62AB8A20-3A5F-4ECD-96C0-CBAB85D4F134,Veepees Bistro And Cafè,"112, Venkatasamuthiram, Usilampetti Road",,Tirumangalam,Tamil Nadu,626706,,9.817119729,77.97834107,,0,,,,,,,,,,2,,,,02/25/2026 13:16:00,02/25/2026 13:16:00
478868,306810AE-C218-414A-A5F3-FDDE258C07DA,M. S. Shanmuganadar Mattai Kadai,NH44,Near Odapatti Othayal,Mettupatti,Tamil Nadu,,,9.300003538,77.91565811,,0,,,,,,,,,,2,,,,02/25/2026 13:12:00,02/25/2026 13:12:00
478867,E089CFF0-2EDE-4866-AD45-BD89F419295D,Popular Hyundai,Salem - Kochi - Kanyakumari Highway,Nadathara,Thrissur,Kerala,680751,,10.50242024,76.25798226,,0,,,,,,,,,,2,,,,02/25/2026 12:59:00,02/25/2026 12:59:00
478866,B9AA5A00-02FB-4221-B057-1ECD04684C01,Indus EV Charging,Nileshwaram-Chittarikkal Road,Chirupuram,Nileshwaram,Kerala,670314,,12.25915661,75.15052988,,0,,,,,,,,,,5,,,,02/25/2026 12:55:00,02/25/2026 12:55:00
478865,A1118121-AB78-4459-A4FB-D3804BC77295,JBS Bistro Cafe,Kanyakumari - Maudrai - Bangalore - Varanasi,Near Bharat Petroleum Bunk,Tirunelveli,Tamil Nadu,,,8.540251135,77.6695171,,0,,,,,,,,,,2,,,,02/25/2026 12:50:00,02/25/2026 12:50:00
478864,BFBB40AE-B07A-4670-9657-CABAFE911541,Hydra Charging Station,"89, Olaikadai",Palaya Junction,Dharapuram,Tamil Nadu,,,10.71722243,77.5562138,,0,,,,,,,,,,2,,,,02/25/2026 12:45:00,02/25/2026 12:45:00
478863,618DD754-C6E0-46EB-BE78-295BF1910FF2,Hydra Charging Station,"656, Trichy Road",Sowripalayam,Singallur,Tamil Nadu,661005,,10.9967578,77.00865211,,0,,,,,,,,,,2,,,,02/25/2026 12:42:00,02/25/2026 12:42:00
478862,F19248DF-47CF-4C83-B103-9FCC5E68035C,Hydra Charging,Coimbatore-Mettupalayam Road,GN Mills,Coimbatore,Tamil Nadu,641001,,11.05285775,76.94583684,,0,,,,,,,,,,1,,,,02/25/2026 12:39:00,02/25/2026 12:39:00
478861,4615FD17-7E84-40E0-BB19-228BFEA7BA2A,Hydra Charging Station,Coonoor-Mettupalayam Road,Kavin Garden,Mettupalayam,Tamil Nadu,641305,,11.31864953,76.92080873,,0,,,,,,,,,,1,,,,02/25/2026 12:37:00,02/25/2026 12:37:00
478860,6226A6A0-12A7-49BD-931D-491A8E5199BE,Cherumattathil Agencies,Mankayil Kadav Road,Manakkunnam Village,Udayamperoor,Kerala,682305,,9.910471286,76.36446384,,0,,,,,,,,,,1,,,,02/25/2026 12:32:00,02/25/2026 12:32:00
478859,DB8B9420-ACF1-4564-B46D-9CD61B1D5211,Keys Select Kochi,Pandit Karuppan Road,Thevara,Kochi,Kerala,682013,,9.933191621,76.30004945,,0,,,,,,,,,,1,,,,02/25/2026 12:26:00,02/25/2026 12:26:00
478858,C4AD7002-692E-489E-B275-94F4425820F7,Lemon Tree Vembanad Lake Resort,Muhamma - Thanneermukkom Kayal Bank Road,Kayippuram,Muhamma,Kerala,688525,,9.619244356,76.37218582,,0,,,,,,,,,,2,,,,02/25/2026 12:24:00,02/25/2026 12:24:00
478857,3DEED46D-7ABE-43EA-979E-DBA186DE6BC3,Key Select Thiruvananthapuram,Press Road,Pulimoodu,Thiruvananthapuram,Kerala,695001,,8.494716714,76.95231018,,0,,,,,,,,,,1,,,,03/16/2026 12:57:00,02/25/2026 12:21:00
478856,2905546E-0A38-47DF-BEE3-0FC531B1AE67,Lemon Tree Hotel,"A R Vista, Housing Board",Thycaud,,Kerala,695001,,8.493284029,76.9573161,,0,,,,,,,,,,1,,,,03/16/2026 12:56:00,02/25/2026 12:19:00
478855,4B4290FE-9FE4-4FF7-B88D-D7F8135EF4CC,KKOH,Salem - Kochi - Kanyakumari Road,15/82E Overbridge,Nagercoil,Tamil Nadu,629003,,8.194502907,77.39441636,,0,,,,,,,,,,2,,,,02/25/2026 12:14:00,02/25/2026 12:10:00
478854,FDF77601-B9D3-4E70-B50C-B93929F76BB2,Regen Energy,Kecheri-Akkikavu Road,Galaxy Hotel,Kechery,Kerala,680604,,10.66622295,76.11344399,,0,,,,,,,,,,2,,,,02/25/2026 11:56:00,02/25/2026 11:56:00
478520,A1DC7AAB-C8F6-46E1-803C-76D5F5F9E3CF,Driftnatuon Food Court NH44,NH44,,,Telangana,509242,,16.81449384,78.14832854,,0,,,,,,,,,,2,,,,02/21/2026 07:38:00,02/21/2026 07:37:00
478519,6D4B54E5-3D13-4ECC-9759-59787111DD0E,Driftnation Food Court NH44,NH44,,,Telangana,509242,,16.81475507,78.14840023,,0,,,,,,,,,,2,,,,02/21/2026 07:39:00,02/21/2026 07:35:00
478491,B52AD766-3923-4A78-85C4-E748187B74BC,SK Volt Hub Kovoor,Kovoor MLA Road,,Kozhikode,Kerala,673014,,11.26843239,75.83115597,,0,,,,,,,,,,2,,,,02/20/2026 12:00:00,02/20/2026 11:55:00
477284,BC9E50B3-5833-445E-B339-3653C16E91A9,NE-4 KFC Parking,Delhi - Vadodara Expressway,,,Haryana,,,27.73556257,76.98387711,,0,,,,,,,,,,2,,,,02/13/2026 14:35:00,02-12-26 14:16
475941,59E6F09B-3A0C-4EA3-A153-89CF41576C65,Hotel Highway King,Jaipur Kishangarh Expressway,,,Rajasthan,303007,,26.83003059,75.57120344,,0,,,,,,,,,,4,,,,02/13/2026 14:35:00,02-11-26 7:40
475886,1CC61C84-5C25-48B0-B4FB-AF315ACF00F8,Old Rao Hotel,Adani,,Dudu,rajasthan,,,26.63638297,75.10221733,,0,,,,,,,,,,2,,,,02/13/2026 08:02:00,02-10-26 7:58
475875,C133DC14-28CC-4955-8617-F39437C7A743,Earthtron EV,Mannat,,Paota,Rajasthan,303106,,27.56255202,76.07508906,,0,,,,,,,,,,2,,,,02/13/2026 14:35:00,02-10-26 4:38
475874,2FE1842E-7E17-48AE-A4B3-6132DB7379D4,Earthtron EV,Mannat,,Paota,Rajasthan,303106,,27.56255202,76.07508906,,0,,,,,,,,,,2,,,,02/13/2026 04:41:00,02-10-26 4:38
475873,EF9D82FF-25C2-4E61-AC97-7A09D3DC4D5A,Mannat,Paota,,Paota,Rajasthan,303106,,27.56240732,76.07497801,,0,,,,,,,,,,4,,,,02/13/2026 14:35:00,02-10-26 4:36
475680,7ABA5933-C3BF-4A73-AFDB-B3A8B64802C0,Amrai Resort,Amrai Resort,Pune Bengaluru Hwy,Satara,MH,,,17.63735819,74.01217807,,0,,,,,,,,,,1,,,,04-09-26 13:03,02-08-26 9:58
475673,D535097B-CC13-4555-B168-7D84CAC4ED30,Tata.Ev Vapi,Shanti Complex,NH 48,Vapi,Gujarat,,,20.38011026,72.91445488,,0,,,,,,,,,,2,,,,02-08-26 9:24,02-08-26 9:24
475671,3FF50357-EA64-489C-BA35-11E56A151BFE,BPCL EV Dharamshala Road,Dharamshala Road,Near Maxis Mall,Dharamshala,Himachal Pradesh,176200,,32.21450539,76.31693963,,0,,,,,,,,,,2,,,,02-08-26 9:16,02-08-26 9:16
475660,3B9AEED8-B084-49EF-8B49-281533A4C920,Bundelkhand Expressway 188 Km Rest Area,Bundelkhand Expressway बुंदेलखंड एक्सप्रेसवे,,,Uttar Pradesh,,,26.33694246,79.37007255,,0,,,,,,,,,,7,,,,02-11-26 6:52,02-08-26 6:47
475659,73739C6C-B159-420A-A246-3A6C9DD2CE15,Bundelkhand Expressway Chitrakoot Toll,Bundelkhand Expressway बुंदेलखंड एक्सप्रेसवे,Just After Toll Gate Towards Etawah,,Uttar Pradesh,210202,,25.25244456,80.74364419,,0,,,,,,,,,,6,,,,02-11-26 4:06,02-08-26 4:06
475550,99F08B2E-B581-492A-A314-9D56782014FA,JIO-BP Pulse,NH-44,,Armoor,Telangana,503200,,18.82290771,78.32172268,,0,,,,,,,,,,2,,,,02-10-26 5:11,02-07-26 5:08
475512,03BEAE00-E649-46A2-951C-6F4BC930F096,NH44,NH44,,,Telangana,509128,,15.88633415,78.01636639,,0,,,,,,,,,,6,,,,02-09-26 7:47,02-06-26 7:46
475401,DB9666B2-7B39-4A75-B34C-1FB0118E7624,Sai Restaurant & Cafe,NH48,,Narayanwadi,Maharashtra,,,17.22435243,74.18016473,,0,,,,,,,,,,2,,,,02-02-26 0:50,02-02-26 0:50
475337,583690D9-3F8C-4F0D-9C3A-2700E0FB0B6C,Ishyu Restaurant Jetcharge,Near Gopalpura Interchange,Delhi Mumbai Expressway,,Rajasthan,,,24.89141835,75.96482113,,0,,,,,,,,,,2,,,,02-01-26 14:21,02-01-26 14:21
474598,AA3A6C1D-6937-4B9F-AA9A-78318359B323,Al Ameemi Fast Charging Station,Payyanur Main Road,Kotti,Payyanur,Kerala,671350,,12.10566047,75.21173432,,0,,,,,,,,,,2,,,,01/23/2026 12:49:00,01/23/2026 12:49:00
474596,DDF24CBB-9FF7-4349-869B-E55B520F724C,EQ TP Power | Vellur,NH 66 Kasaragod Kannur Road,,Vellur,Kerala,670307,,12.14989799,75.21263664,,0,,,,,,,,,,1,,,,01/23/2026 12:46:00,01/23/2026 12:46:00
474595,5598E661-799C-459A-9C2B-BB187DF10232,EQ Sprinkle EVCS | Thaliparamba,NH 66,Kuppam,Thaliparamba,Kerala,670143,,12.04865464,75.34628006,,0,,,,,,,,,,2,,,,01/23/2026 12:44:00,01/23/2026 12:44:00
474594,6DB9015B-1D19-47C6-880C-9CA8DB42FF10,Chirakkal Bank EVCS,Kasargod Kannur Calicut Highway,Puthiyatheru,Chirakkal,Kerala,670022,,11.91670442,75.35830443,,0,,,,,,,,,,1,,,,01/23/2026 12:42:00,01/23/2026 12:42:00
474593,6437B8D8-2CC2-458F-8E74-64E26BDED1A6,VAN-V | EVOK | Panamaram,Mananthavady- Kalpetta Road,Karimbummal,Panamaram,Kerala,673124,,11.7257471,76.07767337,,0,,,,,,,,,,2,,,,01/23/2026 12:38:00,01/23/2026 12:38:00
474592,31643BE5-DF6C-4FBA-AD8F-715BAFA99F68,JetEV Nest Developers | Kambalakkad,Mananthavady- Kalpetta Road,Nest Architects,Kamabalakkad,Kerala,673122,,11.66781267,76.07946997,,0,,,,,,,,,,1,,,,01/23/2026 12:36:00,01/23/2026 12:36:00
474589,8FED26B4-DB7F-4B27-9FB4-E57FAD5D0C54,Ecozone EVCS | Ulliyeri,Kuttiyadi Road,,Ulliyeri,Kerala,673315,,11.44651486,75.77262022,,0,,,,,,,,,,1,,,,01/23/2026 12:29:00,01/23/2026 12:29:00
474587,5FA22171-5F6B-4B6A-936E-07EEB1107122,Flash Charge EVCS | Thirivangoor,NH 66 - Kozhikode Bypass`,Chemancheri,Thirivangoor,,673304,,11.3821299,75.73661186,,0,,,,,,,,,,1,,,,01/23/2026 12:19:00,01/23/2026 12:19:00
474585,AB8304AA-FC67-4A51-91FC-6312BABB5215,Kairali EVCS | Vengalam,Kannur Road,Kattil Peedika,Vengalam,Kerala,673318,,11.36474601,75.73944993,,0,,,,,,,,,,2,,,,01/23/2026 12:13:00,01/23/2026 12:13:00
474584,BFBD8F81-70F7-4223-A388-D88DE25809E7,EVM Citroen Calicut,Kannur Road,Pavangad,Kozhikode,Kerala,673005,,11.30428543,75.75957892,,0,,,,,,,,,,1,,,,01/23/2026 12:06:00,01/23/2026 12:06:00
474582,E97F1A78-2AD9-4B85-A5F1-9F57A215F122,Shakti | EVOK Charging Hub,Chinmaya Road,Pottammal,Kozhikode,Kerala,673016,,11.25784125,75.81018792,,0,,,,,,,,,,2,,,,01/23/2026 12:03:00,01/23/2026 12:03:00
474580,24CC24F3-5319-48E7-9A05-2651E4F107F2,EcoVolt EVCS | EVOK | Pantheerankavu,NH 66,Opposite Decathlon,Pantheerankavu,Kerala,673027,,11.23535468,75.8456683,,0,,,,,,,,,,2,,,,01/23/2026 12:01:00,01/23/2026 12:01:00
474578,8F077AD4-6355-44B4-B9FD-0C2934131121,Bisluck Energy EVCS | Vattaparamba,Edavannapara - Kondotty Road,Vattaparamba,Edavannappara,Kerala,673648,,11.16434134,75.96400737,,0,,,,,,,,,,2,,,,01/23/2026 11:57:00,01/23/2026 11:57:00
474576,A1454E95-B6C1-46B3-9595-3EB578A6E6E1,Elite EVOK Charging Hub | Perinthalmanna,Perinthalmanna-Mannarkkad-Palakkad Road,Ponniakurussi,Perinthalmanna,Kerala,679322,,10.97774961,76.24286289,,0,,,,,,,,,,2,,,,01/23/2026 11:52:00,01/23/2026 11:52:00
474575,DCEA8508-9089-48C5-B04C-4595E812A6D9,Sam EVCV | Perinthalmanna,Valanchery Nilambur Road,Palachode,Parinthalmanna,Kerala,679338,,10.95035814,76.16323671,,0,,,,,,,,,,1,,,,01/23/2026 11:49:00,01/23/2026 11:49:00
474574,901DF2BD-C9DA-4A5D-AEB9-9844A7397DBC,BP Angadi | EVOK | Tirur,Tirur Chamravattom Road,BP Angadi,Tirur,Kerala,676101,,10.88631362,75.93057433,,0,,,,,,,,,,1,,,,01/23/2026 11:48:00,01/23/2026 11:46:00
474573,B5B9C6B0-799F-45A2-850A-0A28AFD0667F,EVee Buddy | Town Plug EVCS | Palakkad,Racket Court Road,Manjakulam,Palakkad,Kerala,678001,,10.76489386,76.65199428,,0,,,,,,,,,,1,,,,01/23/2026 11:32:00,01/23/2026 11:32:00
474571,43F898A7-2221-41AA-BDD2-8331D3509807,EVMOD EVCS | Pudussery,NH Service Road,Pudussery Central,Kanjikode,Kerala,678621,,10.79699086,76.76440926,,0,,,,,,,,,,2,,,,01/23/2026 11:30:00,01/23/2026 11:30:00
474570,D57208E8-38F2-40F2-92B4-3A38B3B38B89,EVDay EVCS | Ottappalam | Manissery,Ottappalam-Kulapully-Shornur Road,Manissery,Ottappalam,Kerala,679522,,10.7777153,76.3412277,,0,,,,,,,,,,2,,,,01/23/2026 11:27:00,01/23/2026 11:27:00
474568,AF3AF65A-A6BA-4420-8499-C35592C36DC4,K4 EV Fast Charging Station,Thrissur – Kunnamkulam Road,Perumpilavu,Kunnamkulam,Kerala,680519,,10.70522046,76.0892676,,0,,,,,,,,,,2,,,,02/20/2026 15:45:00,01/23/2026 11:24:00
474567,37DE2BC1-5BFA-4154-96B8-8EA08C3D0050,VKJ | Flash Charge EVCS | Chettuva,NH-66,,Chettuva,Kerala,680569,,10.52142322,76.05127901,,0,,,,,,,,,,2,,,,01/23/2026 11:21:00,01/23/2026 11:21:00
474565,03C173DB-7626-46FD-AB82-6522E8305328,Duke Communications | Pazhuvil,Thriprayar-Cherpu-Trissur Road,Pallinada,Pazhuvil,Kerala,680565,,10.41643787,76.15367479,,0,,,,,,,,,,1,,,,01/23/2026 11:19:00,01/23/2026 11:19:00
474564,B48A95C1-CBEB-40C0-A8AB-82E3C8885A30,Amigo EV Charge Hub | Marygiri | Vadakkenchery,NH 544,Marygiri,Vadakkenchery,Kerala,678683,,10.58405552,76.43581742,,0,,,,,,,,,,1,,,,01/23/2026 11:16:00,01/23/2026 11:16:00
474563,C5BCC2B6-0186-4014-AEDA-86B31926CF42,Turbo EV Charge Hub | Mannuthi Bypass,Thrissur - Mannuthy Road,Ollukkara,Mannuthi,Kerala,680655,,10.52860575,76.25562113,,0,,,,,,,,,,2,,,,01/23/2026 11:11:00,01/23/2026 11:11:00
474562,11FE7801-31A8-4A46-B429-E2C43EA6D1E1,EVOK Charging Hub | Mannuthy,Nila Road,Mukkattukara,Mannuthi,Kerala,680657,,10.53955965,76.25391684,,0,,,,,,,,,,1,,,,01/23/2026 11:09:00,01/23/2026 11:09:00
474561,5D7EF7CE-2662-4C84-8365-B34D43AC390B,M Star EVCS | Koorkenchery,Balya Kannamkulangara Road,Poothole,Thrissur,Kerala,680021,,10.5112198,76.21322687,,0,,,,,,,,,,2,,,,01/23/2026 11:07:00,01/23/2026 11:07:00
474560,49B0E583-55F0-4683-80F1-28EEE7D04E14,Irrai EVCS | Chalakka,Manjaly Athani Road,,Chalakka,Kerala,683524,,10.1550447,76.28093392,,0,,,,,,,,,,1,,,,01/23/2026 10:35:00,01/23/2026 10:35:00
474559,09E3198A-010A-4D9F-B87A-34AE908B044E,SK EVCS | Kizhakkambalam,Kizhakkambalam Ernakulam Road,Pallikkara,Kizhakkambalam,Kerala,683562,,10.0364764,76.41865034,,0,,,,,,,,,,3,,,,02/13/2026 02:56:00,01/23/2026 10:32:00
474558,6F8C2333-6FDC-446C-BFB4-2939F2807741,Jayalakshmi Silks EVCS | CAPGO | Vennala,Salem - Kochi - Kanyakumari Road,Jayalakshmi Silks,Vennala,Kerala,682025,,10.00394558,76.3133535,,0,,,,,,,,,,4,,,,01/23/2026 10:22:00,01/23/2026 10:22:00
474557,D1100887-317C-41BE-ADAF-5387BF6496D6,Sunvolt DLF Riverside | Vyttila,Bund Road,Thykoodam,Vyttila,Kerala,682019,,9.959224022,76.31419021,,0,,,,,,,,,,1,,,,01/23/2026 10:17:00,01/23/2026 10:17:00
474556,30823865-2C39-4381-A0AB-36859EB6539B,Flash EVCS | Kundannoor,Kochi Dhanushkodi Road,Maradu,Kundannoor,Kerala,682304,,9.938719981,76.31830916,,0,,,,,,,,,,1,,,,01/23/2026 10:15:00,01/23/2026 10:15:00
474555,55BCFE71-BB76-4D2D-A6F0-E98A74042F47,Adithya Shree EVCS | Ponnamveli,Valamangalam Road,Poanamveli,Cherthala,Kerala,688532,,9.743231981,76.31942862,,0,,,,,,,,,,2,,,,01/23/2026 10:12:00,01/23/2026 10:12:00
474554,DB1BC380-783C-4F2E-A085-838F44C54583,EVee Buddy | Mangalath EVCS | Mangalathunada,Ernakulam - Thekkady Road,Mangalathunada,Kolenchery,Kerala,686689,,10.01677286,76.50315707,,0,,,,,,,,,,1,,,,01/23/2026 10:10:00,01/23/2026 10:10:00
474553,45499CC2-1B70-464C-BA92-08E78E84ED4B,Kavalangad Service Bank EVCS | EVOK,Kochi - Dhanushkodi Road,Kavalangad Service Bank,Nellimattom,Kerala,686693,,10.05906858,76.68397959,,0,,,,,,,,,,2,,,,01/23/2026 10:07:00,01/23/2026 10:07:00
474552,EFA97696-61BD-4CFC-8FC0-A45F07ADA85E,EVOK Charging Station | Meenkunnam,Main Central Road,Marady,Meenkunnam,Kerala,686672,,9.935613467,76.57550197,,0,,,,,,,,,,1,,,,01/23/2026 10:05:00,01/23/2026 10:05:00
474550,C86554E0-65DD-41A9-9C45-C4D1BD086E17,EVee Buddy | Vedas Energy EVCS | Ramapuram,Pala- Ramapuram- Koothattukulam Road,Micheal Plaza Convention Centre,Ramapuram,Kerala,686576,,9.796182731,76.66330811,,0,,,,,,,,,,2,,,,01/23/2026 09:55:00,01/23/2026 09:55:00
474549,024C92A8-4B1F-46D3-A179-1BA50E4BA809,Qwik Volt EVCS | Kothanalloor,Ettumanoor - Ernakulam Road,Koathanalloor,Ettumanoor,Kerala,686632,,9.718846766,76.52517369,,0,,,,,,,,,,2,,,,01/23/2026 09:52:00,01/23/2026 09:52:00
474548,FDC72DB3-4816-442A-AF92-FB87095C362C,Nest Homestay EVOK | Adimali,Kochi - Dhanushkodi Road,Anaviratty,Adimali,Kerala,685565,,10.01725794,77.00066031,,0,,,,,,,,,,1,,,,01/23/2026 09:49:00,01/23/2026 09:49:00
474547,27C96929-6047-4B6F-AAD1-BCF50AC86D25,EVee Buddy | Everest Hotel | Idukki,Adimali Kumali Highway,Cheruthoni,Idukki,Kerala,685602,,9.847466205,76.98095644,,0,,,,,,,,,,1,,,,01/23/2026 09:46:00,01/23/2026 09:46:00
474546,F118302F-FAC5-4F4E-838B-CB80E7D40BC0,Flash Charge EVCS | Kattappana,Kattappana - Kuttikkanam Road,School Kavala,Kattappana,Kerala,685508,,9.75083765,77.10918576,,0,,,,,,,,,,1,,,,01/23/2026 09:40:00,01/23/2026 09:40:00
474545,1CB45E10-F388-4411-8883-2A32334B2817,Flash Charge EVCS | Vagamon,Pullikkanam-Elappara Road,Vagamon Tourist Home,Vagamon,Kerala,685503,,9.688898074,76.90444843,,0,,,,,,,,,,1,,,,01/23/2026 09:38:00,01/23/2026 09:38:00
474544,EC1659E5-18FD-4A42-BAF5-7FC70A9F8FAE,EV Point EVCS | Pala,Pala Thodupuzha Road,Near Carmel Hospital,Pala,Kerala,686575,,9.719752345,76.69166294,,0,,,,,,,,,,2,,,,01/23/2026 09:35:00,01/23/2026 09:35:00
474543,17076967-680A-4AE2-A77A-793BD959446C,EQ ChargeMate | Naalumanikkattu,Manarkad - Thiruvanchoor Road,,Manarcadu,Kerala,686019,,9.606083639,76.57615047,,0,,,,,,,,,,2,,,,01/23/2026 09:33:00,01/23/2026 09:33:00
474542,16B4AB13-9D04-4D16-9181-9A82F3BDCAD8,Sihla Energy EVCS | Pathanadu,Karukachal - Manimala Road,Near PKV Trading Company,Pathanadu,Kerala,686542,,9.509674573,76.69336074,,0,,,,,,,,,,2,,,,01/23/2026 09:29:00,01/23/2026 09:29:00
474541,0358CA33-C531-4364-B230-8D13FF2FC702,EQ Charis EVCS | Cheeranchira,Church Road,Cheeranchira,Changanassery,Kerala,686106,,9.478424884,76.56147986,,0,,,,,,,,,,1,,,,01/23/2026 09:26:00,01/23/2026 09:26:00
474540,D5AC0255-985F-41D0-B651-1AE49A4E72E6,Iongrid | Thuruthy,MC Road,Thuruthy,Changanasseri,Kerala,686535,,9.47379427,76.52851438,,0,,,,,,,,,,2,,,,01/23/2026 09:22:00,01/23/2026 09:22:00
474539,ED5E13B1-D81F-4130-9CA1-C31FC2D2C262,Zap N Go,Alappuzha - Changanassery Highway,Kidangara,Kuttanadu,Kerala,689595,,9.41770524,76.48812051,,0,,,,,,,,,,2,,,,02/28/2026 18:57:00,01/23/2026 09:19:00
474538,EB99F7DC-BA76-4AB9-A700-8D73173439DE,EVOK Charging Station | Thiruvalla,Thengeli Road,Thirumoolapuram,Thiruvalla,Kerala,689106,,9.357343562,76.59062445,,0,,,,,,,,,,2,,,,01/23/2026 09:13:00,01/23/2026 09:13:00
474478,0F929C2A-E9CC-4A6F-B16B-75CF17334054,Anupama EVCS | Pathiyoor,Bhagavathipadi Kareelakulangara Road,,Pathiyoor,Kerala,690508,,9.21101914,76.50314274,,0,,,,,,,,,,1,,,,01/22/2026 14:24:00,01/22/2026 14:24:00
474477,2B900AD8-D219-456C-98F7-C64AEEF22761,EQ Kalayil EVCS | Adoor,NH 183A,Nellimoottil Junction,Adoor,Kerala,691523,,9.147193176,76.73240139,,0,,,,,,,,,,1,,,,01/22/2026 14:21:00,01/22/2026 14:21:00
474476,3476FCEE-A7F6-4F2B-8AB5-2612C59477D8,Throw In Foodcourt | Karunagappalli,Railway Station Road,,Karunagappalli,Kerala,690518,,9.067236462,76.53588535,,0,,,,,,,,,,1,,,,01/22/2026 14:16:00,01/22/2026 14:16:00
474475,5753F078-A04B-4FCB-BCFA-D2AE5435EE5F,Best EVCS | Karunagappalli,Old NH,Lalaji Junction,Karunagapally,Kerala,690518,,9.046108946,76.53668394,,0,,,,,,,,,,1,,,,01/22/2026 14:11:00,01/22/2026 14:11:00
474474,9AF79E02-38A0-40C9-B2CE-BF1250028033,Panamthodil Bakers | Chavara,NH 66,Near Panamthodil Building,Chavara,Kerala,698582,,8.983229975,76.5347704,,0,,,,,,,,,,2,,,,01/22/2026 14:09:00,01/22/2026 14:09:00
474473,47FD58AA-FCB1-4A47-B670-417A38288562,Panamthodil Bakers | Chavara,NH 66,Near Panamthodil Building,Chavara,Kerala,698582,,8.983229975,76.5347704,,0,,,,,,,,,,2,,,,01/22/2026 14:09:00,01/22/2026 14:09:00
474472,B5BB3FE3-8D0D-48EF-B885-15E7E6F3EBE7,Pontoor EVCS | Fill Nxt | Kunnicode,Kollam - Shenkotta road,Sasthri Junction,Kunnicode,Kerala,691322,,9.026472181,76.85190109,,0,,,,,,,,,,1,,,,01/22/2026 14:06:00,01/22/2026 14:06:00
474471,B1B945E0-1507-4DA0-AC1F-6D7DC8D2AF50,Gilgal EVCS | Fill Nxt | Valakom,MC Road,Oppositye Mercy Hospital,Valakom,Kerala,691532,,8.962957683,76.83555764,,0,,,,,,,,,,2,,,,01/22/2026 14:03:00,01/22/2026 14:03:00
474470,4D58B1CC-671C-455B-A693-350CF0122101,M Square EVOK | Kureepuzha,NH 66 - Kollam Bypass,Kureepuzha,Kollam,Kerala,691319,,8.921314625,76.57636971,,0,,,,,,,,,,2,,,,01/22/2026 13:59:00,01/22/2026 13:59:00
474468,5310C148-6CA5-4763-8096-78919C1DB909,AR Square EVCS | Kavalayoor,Varkkala Mananakku Road,Perunkulam,Kavalayur,,695144,,8.713974179,76.77971907,,0,,,,,,,,,,3,,,,01/22/2026 13:55:00,01/22/2026 13:55:00
474467,C4F1BDB2-CEDE-4BC7-A171-0E75D2726378,JKV Powern Hub EVCS | Palayam,Sunny Meads Lane,Palayam,Thiruvananthapuram,Kerala,695001,,8.500476045,76.95228964,,0,,,,,,,,,,2,,,,01/22/2026 13:44:00,01/22/2026 13:44:00
474466,A8D29E46-68FD-4129-9C9E-8631BEC3C714,JKV Powern Hub EVCS | Palayam,Sunny Meads Lane,Palayam,Thiruvananthapuram,Kerala,695001,,8.500476045,76.95228964,,0,,,,,,,,,,2,,,,01/22/2026 13:43:00,01/22/2026 13:43:00
474465,F05DF93D-E767-429A-B0BD-2BCF26BE5C47,Chandra EVCS | Pettah,Kavaradi Road,Pettah,Thiruvananthapuram,Kerala,695001,,8.494429797,76.93007271,,0,,,,,,,,,,1,,,,01/22/2026 13:40:00,01/22/2026 13:40:00
474464,1C21A2C2-FD91-4D24-86C7-A1B5D97C9F0C,Illam Chacka,Chacka Karikkakom Road,,Thriuvananthapuram,Kerala,695024,,8.491842864,76.9201682,,0,,,,,,,,,,2,,,,01/22/2026 13:38:00,01/22/2026 13:38:00
474463,5FCDC5F2-387C-4C70-9EF2-B5C1FC21C80B,EV Park ECVS Kazhakkoottam | Karthika Park Hotel,Salem - Kochi - Kanyakumari Road,Kazhakkoottam,Thiruvananthapuram,Kerala,695001,,8.572651965,76.87040126,,0,,,,,,,,,,2,,,,01/22/2026 13:25:00,01/22/2026 13:25:00
474462,2247A861-7F18-4B83-8164-9F27F7B4098C,EQ Future Mobility Thakkaram,Salem - Kochi - Kanyakumari Road,Kazhakkoottam,Thiruvananthapuram,Kerala,695001,,8.57858553,76.86647625,,0,,,,,,,,,,1,,,,01/22/2026 15:00:00,01/22/2026 13:22:00
474366,0F9D9CCC-D769-47EB-8B6C-6C4DFBE8C697,Rest Area Mumbai - Vadodara Expressway,Mumbai - Vadodara Expressway,,Saraswani,Gujarat,,,22.17015606,73.08761282,,0,,,,,,,,,,1,,,,01/20/2026 02:41:00,01/19/2026 15:25:00
474365,8B18E2C3-CE1B-44F8-9628-769EC31FE882,NE4 Eest Area Saraswani,NE4,,Saraswani,Gujarat,,,22.18022593,73.08990858,,0,,,,,,,,,,1,,,,01/20/2026 02:41:00,01/19/2026 15:24:00
474364,41B1DD71-5C95-462D-B74D-6708DD12D61A,Hotel Empire ChargeZone,NH48,,Chikhli,Gujarat,396521,,20.74067296,73.0356012,,0,,,,,,,,,,1,,,,01/20/2026 02:41:00,01/19/2026 14:30:00
474363,B54817C5-DA0A-4D07-B43E-7C32CC7EBBDD,Home,COLLEGE ROAD,,Hailakandi,Assam,788151,,26.6975,91.8512,,0,,,,,,,,,,1,,,,01/22/2026 14:29:00,01/19/2026 14:28:00
474191,C5D7D576-7DB4-4212-9F7B-518055F7AB0F,Viraj Junction EFill EVCS,NH48,,NH48,Karnataka,591229,,16.53666679,74.31995764,,0,,,,,,,,,,2,,,,01/18/2026 06:37:00,01/15/2026 06:32:00
473117,1E743E88-2053-463E-9127-B14DFB8F1E2A,Tata Power Hotel Elite,Para Road,,Lucknow,Uttar Pradesh,226017,,26.83827057,80.85377711,,0,,,,,,,,,,1,,,,01/16/2026 13:19:00,01/13/2026 13:15:00
473032,1A254695-C091-4575-99FF-AA9A4514EC46,Hotel Annapura,Piplod Dahod Highway,,Piplod,Gujarat,,,22.79423449,73.85882626,,0,,,,,,,,,,1,,,,01/15/2026 15:24:00,01-12-26 15:22
473031,8C07645F-A281-4BC7-B087-A2A4A038D09E,Shree Kanha International Chargezone,NH156,,Ratlam,Madhya Pradesh,,,23.38651332,75.05985128,,0,,,,,,,,,,1,Open all hours. Restaurant opens late. Basic washroom accessible all night,,,01/15/2026 15:19:00,01-12-26 15:18
472820,17D0EB4E-DB29-4CAC-82AD-FCAD7BBE431F,KR RESORT,2ML HANUMANGADH ROAD,NEAR FLYOVER,Ganganagar,Rajasthan,335001,,29.88678759,73.92823039,,0,,,,,,,,,,1,,,,01-12-26 18:35,01-09-26 18:33
472811,F1411DA3-D3D3-4CF6-91D7-DA8C62475A11,Tata PowerYamuna Expressway Mathura RHS,Yamuna Expressway,,Yamuna Expressway,Uttar Pradesh,281202,,27.61204701,77.74185073,,0,,,,,,,,,,2,,,,01-12-26 16:55,01-09-26 16:52
472810,90F27C4A-5C59-48E6-A4C0-48B4980EE5ED,Tata Power Yamuna Expressway Mathura Exit LHS,Yamuna Expressway,,Yamuna Expressway,Uttar Pradesh,281204,,27.55039597,77.75506264,,0,,,,,,,,,,2,,,,01-12-26 16:49,01-09-26 16:49
472808,19A22FEE-49B5-4F5C-B221-2D062894C6AA,Statiq Jaypee Agra,SH62,,Agra,Uttar Pradesh,,,27.15340534,78.07073593,,0,,,,,,,,,,1,,,,01-12-26 16:44,01-09-26 16:43
472798,7DE719CD-9FBF-4CD4-9283-95EE042B99BF,KR RESORT,2ML NEAR FLY OVER HANUMANGARH ROAD,,Ganganagar,Rajasthan,335001,,29.88699156,73.92473793,,0,8560803028,,,,,,,,,1,,,,01-12-26 1:32,01-09-26 1:27
472532,F9DC72BB-0808-4606-94ED-25B92D6EC16A,ev,Kulathur,CoiMBATORE,COIMBATORE,TAMILNADU,641062,,11.04640756,77.07956128,,0,,,,,,,,,,1,,,,01-07-26 14:54,01-04-26 14:53
472508,86AA23DC-D824-46BE-B7F7-0BBE92F1EB7E,Charging station,2nd Cross Road,D.V Gundappa Ward,,Karnataka,560002,,12.96085047,77.58182474,,0,,,,,,,,,,1,,,,01-07-26 9:53,01-04-26 9:52
472439,5D35F8A3-CCEC-41A6-8779-5283BD6F2261,Midway Treat Khushi Inn Sakadehi Betul Hotel,Nagpur-Betul-Itarsi-Bhopal,,,Madhya Pradesh,460005,,21.99778595,77.86538183,,0,,,,,,,,,,1,,,,02/15/2026 02:21:00,01-02-26 3:47
472327,3F47F418-1D6E-4CC8-8C15-58132D0BF089,Rest Area Jio BP  RHS,Delhi - Vadodara Expressway,,Bonli,Rajasthan,,,26.37854418,76.25327631,,0,,,,,,,,,,1,,,,01-03-26 11:38,12/31/2025 11:34:00
472326,9BEACC9E-FA6B-4F2C-BCF0-DD7B8195B2A3,Lakshya Water Park,Baran Rd,Off Delhi Mumbai Expressway,Kota District,Rajasthan,325208,,25.16222567,76.16636008,,0,,,,,,,,,,1,,,,01-03-26 11:33,12/31/2025 11:32:00
471993,D3A3CF92-6EB7-4ED1-A57D-FDE2C79FB66D,Chargezone Hotel Rangoli,Nh 48,,Navsari,GJ,,,21.03897578,72.97526541,,0,,,,,,,,,,1,,,,01/20/2026 02:41:00,12/26/2025 15:44:00
471992,097A7319-E5FC-4D49-A822-E40637EC8C54,DME Bonli Jio BP LHS,DME LHS,Bonli,Bonli,RJ,,,26.37735802,76.25375667,,0,,,,,,,,,,1,,,,12/29/2025 15:49:00,12/26/2025 15:34:00
471991,035472EF-C249-4467-AF2A-B620F904F47A,DME Garoth Rest Area RHS,DME RHS,Rest Area,Garoth,MP,,,24.34526163,75.6783233,,0,,,,,,,,,,1,,,,12/29/2025 15:54:00,12/26/2025 15:26:00
471989,8DD320AB-A518-4828-A23D-B4F3CDC29799,Volttic Delhi Mumbai Expressway LHS Garoth,DME Garoth,Rest Area,Garoth,MP,,,24.34687561,75.68155966,,0,,,,,,,,,,1,,,,12/29/2025 15:59:00,12/26/2025 14:58:00
471855,1E3BD0EE-0EB0-4545-A59C-2BE3B2ACA9E7,K2 Highway Treat & Resort,NH-46,,Guna,,,,24.68468468,77.33737149,,0,,,,,,,,,,2,,,,12/28/2025 04:06:00,12/25/2025 04:03:00
471854,B6C516EF-B4C7-42D6-B4B8-666FAA37AF35,Green Mountain Resort,NH-46,,Guna,Madhya Pradesh,473110,,24.54054054,77.20867784,,0,,,,,,,,,,2,,,,12/28/2025 03:46:00,12/25/2025 03:42:00
471853,BEDA097D-1C91-4656-B543-088C0BB5860E,Hotel Shivani,NH-46 Agra Mumbai Road,,Biora,Madhya Pradesh,,,23.96396396,76.93830403,,0,,,,,,,,,,2,,,,12/28/2025 02:30:00,12/25/2025 02:27:00
471003,DE88B5A9-BCA4-4C96-86F0-6E7B19129E75,160kW GREEN ENERGY EV CHARGING STATION,Alappuzha - Changanassery Highway,Perunna,Changanassery,Kerala,686102,,9.437442172,76.5420092,,0,8848713631,,,https://maps.app.goo.gl/occVcRz8hSiCw4dp8,,https://greenenergyevcharger.com/,,,,6,https://maps.app.goo.gl/occVcRz8hSiCw4dp8,,,02-10-26 19:56,12/15/2025 05:56:00
470897,7A07F103-F9E6-4887-8CF6-0DF73494ED3F,RK Mess & Restaurant,Kanyakumari - Varanasi Higway,,Manmangalam,Tamil Nadu,639006,,11.044939,78.055861,,0,,,,,,,,,,1,,,,12/15/2025 13:02:00,12-12-25 12:59
470760,6C9E925A-16D0-4F05-A3E9-39B113564369,Aravai Aanandas,Kanyakumari - Varanasi Highway,Aravakurichi,Karur,Tamil Nadu,639201,,10.777439,77.920825,,0,,,,,,,,,,2,,,,02/25/2026 12:46:00,12-09-25 17:37
470710,B34C6548-01C8-49AC-AF73-E74D5CC0D45B,VSB Auto Care,Coimbatore - Trichy Road,Ramagoundanpudur,Karur,Tamil Nadu,639008,,10.9642143,78.04655561,,0,,,,,,,,,,1,,,,12-11-25 5:47,12-08-25 5:44
470709,934FAAAB-5916-46B5-A6F2-665BB12A5B42,AKR Textiles,NH81,Ramagoundanpudur,Karur,Tamil Nadu,639008,,10.96396171,78.04804205,,0,,,,,,,,,,1,,,,12-11-25 5:42,12-08-25 5:38
469744,D3B59181-3553-4BA8-90EC-8B2266512433,Volttic LHS DME,Rajpura,Delhi Mumbai Expressway,Rajpura,Rajasthan,,,27.28713106,76.77469481,,0,,,,,,,,,,2,Food options at rest area. Another station on other side of expressway,,,11/24/2025 16:09:00,11/21/2025 16:04:00
469742,2CDB8B92-78BE-4714-A4FC-4B16D14B1BB7,Avantika Resort EV Cosmos,Dahod,NH 47,Dahod,Gujarat,,,22.81045962,74.30068522,,0,,,,,,,,,,2,,,,11/24/2025 16:04:00,11/21/2025 15:59:00
469522,5F80D688-8786-460C-8F4B-9CC7BA7E1D15,Regenta Fairlark,Bhayli Road,Canal Ring Road,Vadodara,Gujarat,,,22.28764515,73.13222579,,0,,,,,,,,,,2,Basement,,,11/21/2025 12:39:00,11/18/2025 12:36:00
469517,A8EF743C-E343-4A2A-A286-424F5C33102D,EESL - Devinder Collections,"EESL Charging Station Outside Devinder Collections,","Shankar Market, Connaught Place",New Delhi``,New Dehi,110001,,28.63324209,77.22494621,,0,,,,,,https://eeslindia.org/,,,,1,,,,11/21/2025 09:44:00,11/18/2025 09:42:00
469488,9B85BA98-F214-4AD0-9C81-7304D2CCE2DF,Regenta Fairlark Jio,Regenta Fairlark,Bhayli,Vadodara,GJ,,,22.28852323,73.13209856,,0,,,,,,,,,,1,,,,11/21/2025 09:04:00,11/17/2025 18:00:00
469487,48BABD1A-68D8-42E6-BEAF-0ABBEE2EB873,Hyundai EV Chg Stn Manor,Food Hub,"Manor, NH 48",Manor,MH,,,19.67794066,72.90804617,,0,,,,,,,,,,2,"It has 24, 60 and 30kw configuration like other hyundai stations",,,11/24/2025 16:19:00,11/17/2025 17:55:00
469384,C765FF4A-C262-48BD-9996-61506F158ACF,Shree Bihariji Filling Station,"Rampur Road, Bera Pokhara",,Haldwani,Uttarakhand,263139,,29.17643652,79.49640946,,0,,,,,,,,,,1,,,,11/17/2025 09:09:00,11/14/2025 09:08:00
469383,11957022-AA2D-4FA9-9585-C2F6041D0841,BPCL Royal Fuel Station,"6GF2+P9M, Kaladhungi Rd, Shiv Puram Phase -I",Unchapul,Haldwani,Uttarakhand,263139,,29.22417745,79.50104337,,0,,,,,,https://www.bharatpetroleum.in/,,,,1,,,,11/17/2025 09:04:00,11/14/2025 09:00:00
469382,84F0CA26-3EF1-4C27-80C6-3965272F353B,Fortune Walkway Mall,"Walkway Mall, Bareilly - Nainital Rd, Bhotia Parao",,Haldwani,Uttarakhand,263139,,29.24538972,79.53597171,,0,,18001212025,,,,https://www.chargezone.co.in/,,,,1,,,,11/17/2025 08:54:00,11/14/2025 08:50:00
469381,B430D484-8206-4230-9DE9-31B37A1A8431,Bikanerwala Sweets Haldwani (Aargo),"KMVN SHOPPING COMPLEX, Heera Nagar",,Haldwani,Uttarakhand,263139,,29.21491941,79.52798466,,0,93112 91378,,,,,https://aargoev.com/,,,,1,,,,11/17/2025 08:44:00,11/14/2025 08:42:00
469380,E76ACAAD-CB92-45EC-8EF2-47DB625CDE6F,Bharat Petroleum - Janta Petrol Pump,"BP Petrol Pump NH-87, Transport Nagar",Near Commercial Toyota,Haldwani,Uttarakhand,263139,,29.18654206,79.52084263,,0,,,,,,https://www.bharatpetroleum.in/,,,,1,,,,11/21/2025 09:04:00,11/14/2025 08:28:00
469357,58E9547C-E92B-4471-ADE4-F5BA8A8054A4,Tata Power- Ginger Hotel Pantnagar,"Ginger Hotel, Commercial Sector","IIE, Plot No. 1, SIDCUL, Pantnagar",Rudrapur,Uttarakhnad,263153,,28.99816711,79.41578576,,0,,18008332233,,,,https://www.tatapower.com/,,,,2,,,,11/16/2025 09:14:00,11/13/2025 09:11:00
469356,6BF05DAD-DD60-4A75-A117-7042968AB011,Ecoplug Radisson Blu Hotel,opposite sidcul plot no. a nh 87,,Rudrapur,Uttarakhand,263153,,29.00038213,79.39987738,,0,9119115675,,,,,https://ecoplug.in/,,,,1,,,,11/16/2025 08:59:00,11/13/2025 08:57:00
469355,2765DD62-5E21-4CAC-94EF-66B324522140,BP-RUDRAPUR,"COLLECTORATE, Rudrapur",Jagatpura,Rudrapur,Uttarakhand,263153,,28.99484157,79.40068625,,0,,,,,,https://www.statiq.in/,,,,1,,,,11/16/2025 08:54:00,11/13/2025 08:53:00
469354,CE0EEC8F-32E6-4E76-95DD-7D324AFF0C49,PREM SINGH & SONS (BPCL Charging Station),"Near DD Chowk, JagatPura",,Rudrapur,Uttarakhnad,263153,,28.97859682,79.40045317,,0,,1800224344,,,,https://www.statiq.in/,,,,1,,,,11/16/2025 08:49:00,11/13/2025 08:47:00
469353,67B1E433-2F3D-4543-8908-90683B90B0EE,Rudra Continental,"Hotel Rudra Continental, Rudra Chowk","Rudra Road, opposite Indian gas agency",Rudrapur,Uttarakhand,263153,,28.97584854,79.38954231,,0,7486052503,,,,,https://www.chargezone.co.in/,,,,1,,,,11/16/2025 08:39:00,11/13/2025 08:37:00
464561,A6B1D6FD-1A7A-47EE-B53B-A2E8232F20DC,Sagar Tranport Company,BANDIYA PARGANA,,Kichha,Uttarakhand,263148,,28.93121649,79.51703689,,0,,,,,,,,,,1,,,,11/17/2025 09:04:00,11-11-25 7:13
464560,7172F2F7-0834-47B1-8FD5-30C8B0D63172,Yash Filling Station,SATUIA,"SATUIA,UP BORDER, KICCHA,U, UDHAM SINGH NAGAR, 263148",Kichha,Uttarakhand,263148,,28.87083364,79.51648005,,0,,,,,,https://www.statiq.in/,,,,1,,,,11/17/2025 09:04:00,11-11-25 7:09
464559,CC1D280F-CE63-45AC-8D71-27D9D47AA07A,2012531-PRAKASH PETROLEUM,BP Petrol Pump,Bareilly road,Kichha,Uttarakhand,263148,,28.89269395,79.5095637,,0,,1800224344,,,,,,,,1,,,,11/17/2025 09:04:00,11-11-25 7:05
464531,760D23EA-58E4-4D10-9C2A-DED4D9FCF558,GLIDA JANESHWAR MISHRA PARK,"Gomti Nagar, Lucknow, Uttar Pradesh, 226010, India",,LUCKNOW,UTTAR PRADESH,226010,,26.83799922,80.98672704,,0,,,,,,,,,,2,,,,11/14/2025 06:24:00,11-10-25 11:49
464530,2914AAD1-8250-4338-9A8D-A7D4AAA46819,GLIDA LOHIA PARK,"VISHWAS KHAND, LUCKNOW",UTTAR PRADESH,LUCKNOW,UTTAR PRADESH,226012,,26.85721069,80.98223515,,0,,,,,,,,,,4,,,,11/14/2025 06:24:00,11-10-25 11:45
464405,7749DF4F-29DB-46CF-9606-3B30D4CC5959,Khajuraho Airport,Airport Authority Of India,,Khajuraho,MP,,,24.81017906,79.91151232,,0,,,,,,,,,,2,,,,11/14/2025 06:24:00,11-09-25 8:56
462394,ADC73B5E-3DAF-4252-B8AC-8B6F2EF64926,Hotel Bundela,Temple Road,,Khajuraho,MP,,,24.841218,79.9209553,,0,,,,,,,,,,1,,,,10/27/2025 03:14:00,10/24/2025 03:13:00
462380,AB8014EF-AE74-4123-874C-BBE38249E682,Cube Stop NH-44,Nagpur To Jabakpur Hughway,,Mohgaon,MP,,,21.9142364,79.52636659,,0,,,,,,,,,,1,,,,10/25/2025 12:39:00,10/22/2025 12:35:00
461277,021BF9D4-2E5F-4336-8A30-F02EDD8263E0,Shashtri Nagar,Vanaz,,Pune,Maharashtra,411038,,18.50392578,73.80373433,,0,,,,,,,,,,1,,,,09/22/2025 18:40:00,09/19/2025 18:39:00
461160,A20D0E19-E31E-433B-96D8-09BA54EBDEAA,Tata Power - Electric Vehicle Charging Station,"5G7C+8MM, Arjunpur Rd, Gorapadao, Patwadanagar",,Haldwani,Uttarakhand,263139,,29.163755,79.522706,,0,,,,,,,,,,1,,,,09/18/2025 09:19:00,09/15/2025 09:14:00
461021,649A6D47-E2AD-4040-A0AB-6298217E283B,FC - TataPower - TMSC Chandrani Enterprises,"Tata Motors Service Center, Bogra","NH 2, Jamuria",Asansol,West Bengal,713332,,23.66383145,87.05782811,,0,,,,,,,,,,1,,,,09-11-25 10:34,09-07-25 3:18
461004,DDA6322C-EC2F-4672-AF7D-91A45571EFD8,FC - TataPower - Hotel Sumandeep,Hotel Sumandeep,"Maithon Police Station, NH-2",Dhanbad,Jharkhand,828203,,23.76517328,86.80574019,,0,,1794340979,,,,,,,,1,,,,09-09-25 18:38,09-06-25 18:33
460962,5F067D99-A2A6-4EE1-B5E0-A42B027EC2E7,D N R Fuel Point,NH-44,,,Maharashtra,,,20.6342695,78.92731552,,0,,,,,,,,,,1,,,,01/14/2026 06:27:00,09-06-25 11:24
460960,EA2D1E1F-BBFB-4FA7-8C1E-AC70BAC20960,Green Garden Family Restaurant,Pipradih Giridih & Madhuban,NH 114A,Dumri,Jharkhand,825167,,24.01218983,86.03378566,,0,,,,,,,,,,1,,,,09-09-25 6:27,09-06-25 6:25
460636,C9C17CEB-1CB8-4A14-AEE5-B5F3C63A9884,Hotel Kantara Dine,NH-75 Bengaluru - Mangaluru Highway,,Solur,Karnataka,562127,,13.06457377,77.25712516,,0,,,,,,,,,,1,,,,08/30/2025 14:05:00,08/30/2025 14:05:00
460478,349B805B-14B7-4112-9810-306AE5370630,Burger King,Bengaluru - Mangaluru Highway,Baladare,Udayapura,Karnataka,573225,,12.96013446,76.33023906,,0,,,,,,,,,,1,,,,08/30/2025 13:57:00,08/20/2025 15:14:00
460205,3176F901-50C5-4862-9CD7-13A253813264,Konnagar,24 M Mukherjee Bagan Lane Konnagar,,Kolkata,west bengal,712235,,21.65144351,87.65139955,,0,,,,,,,,,,1,,,,08-05-25 6:54,08-02-25 6:49
459990,48F7C1C9-46E4-47F7-9582-32DDED5DA5F2,Jio-BP Pulse,"Near The Big Bay India, Highway Pitstop",,Yellagallahalli,,562104,,13.6062729,77.7872747,,0,,,,,,,,,,2,,,,07/25/2025 12:09:00,07/22/2025 12:05:00
458918,2DA443F4-6B65-4B68-96E2-B74996C00512,Tata.ev Luxon Motors - Tata Power,NH 66 Service Road,Near Hotel Highway Garden,Edappally,Kerala,682024,,10.01148474,76.3113875,,0,,,,,,,,,,2,,,,06/24/2025 18:12:00,06/24/2025 18:12:00
458917,6EF8A27F-E635-41E6-BF12-6D8369605418,TML Sree Gokulam Motors - Tata Power,NH 544,Skyline Gateway Apartments,Edappally,Kerala,682033,,10.03915497,76.31555881,,0,,,,,,,,,,1,,,,06/24/2025 18:09:00,06/24/2025 18:09:00
458916,961CECC7-FCA9-4EEC-8B4C-90FF8D696CA2,Tata.ev Gokulam Motors - Tata Power,NH 544,Sree Gokulam Motors,Choornikkara,Kerala,683106,,10.08130279,76.33946199,,0,,,,,,,,,,1,,,,06/24/2025 18:06:00,06/24/2025 18:06:00
458915,DA629F33-C7AF-4136-9AA9-EA81A9152C0A,Taj Cochin Internation Airport Hotel - Tata Power,Airport Road,Near Cochin International Airport,Nedumbassery,Kerala,683572,,10.15999504,76.39015422,,0,,,,,,,,,,1,,,,06/24/2025 18:02:00,06/24/2025 18:02:00
458914,693A6A0B-5D05-4071-BDD8-D94E607DE255,SAJ Earth Resort - Tata Power,Kariyad Mattoor Road,Near Cochin International Airport,Nedumbassery,Kerala,683572,,10.16222425,76.3846535,,0,,,,,,,,,,1,,,,06/24/2025 18:00:00,06/24/2025 18:00:00
458913,ED41A736-6942-4A6F-8D38-1A79BB4C29AA,Luxon Motors - Tata Power,NH 544,Kariyad,Kariyad,Kerala,683589,,10.16204205,76.36735603,,0,,,,,,,,,,1,,,,06/24/2025 17:56:00,06/24/2025 17:56:00
458912,A297A544-5825-4269-A2A1-C1A8F288D636,Sree Gokulam Motors - Tata Power,NH 544,Opposite Surya Hotel,Angamaly,Kerala,683572,,10.22106036,76.37675213,,0,,,,,,,,,,1,,,,06/24/2025 17:53:00,06/24/2025 17:53:00
458911,D138BC70-1331-4139-B12B-6F440A2EB30F,Centro Mall Charging Station - Tata Power,Chandapura Kottapuram Road,Centro Mall,Kodungallur,Kerala,680664,,10.23248948,76.19594022,,0,,,,,,,,,,1,,,,06/24/2025 17:50:00,06/24/2025 17:50:00
458910,3479D61A-5A2B-4F27-9F5B-11456861A53D,IOCL Thiruvonam Fuels - Tata Power,Coimbatore Road,Near Dhaya Hospital,Palakkad,Kerala,678013,,10.76983098,76.6680965,,0,,,,,,,,,,2,,,,06/24/2025 17:46:00,06/24/2025 17:46:00
458909,67442B0C-57A2-49BB-83E3-13C2FA0C760D,KVR Automotive - Tata Power,Kozhikode Palakkad Highway,Sukumar Arcade,Koppam,Kerala,678001,,10.7822582,76.65824511,,0,,,,,,,,,,1,,,,06/24/2025 17:43:00,06/24/2025 17:43:00
458908,69714671-8350-4117-81F5-0E0F47C54CDB,Gokulam Residency - Tata Power,NH 544,Puthukkad,Amballur,Kerala,680301,,10.4361871,76.26520583,,0,,,,,,,,,,1,,,,06/24/2025 17:38:00,06/24/2025 17:38:00
458907,82474ADC-2C83-48FA-9B3B-1EC555912F3D,Tata.ev Hyson Motors - Tata Power,NH 544,Kuttanellur,Thrissur,Kerala,680014,,10.49672847,76.25836131,,0,,,,,,,,,,2,,,,06/24/2025 17:35:00,06/24/2025 17:35:00
458906,86209427-BB8D-49C1-B7E9-3386EC55163F,PCK Centenary,MG Road,Near PKC Centenary,Thrissur,Kerala,680004,,10.52294042,76.20624767,,0,,,,,,,,,,1,,,,06/24/2025 17:33:00,06/24/2025 17:33:00
458905,C3429C9D-5E98-4290-A52A-DDDBCD6F08D8,TML Hyson Motors - Tata Power,Thrissur Kuttippuram Road,Puzhakkal,Thrissur,Kerala,680002,,10.54042299,76.18967782,,0,,,,,,,,,,2,,,,06/24/2025 17:30:00,06/24/2025 17:30:00
458904,B4CBD746-C2D6-4EA8-871E-C390C7353123,Hotel Gokulam Sabari - Tata Power,Outer Ring Road,Kuppayil,Guruvayur,Kerala,680101,,10.59635698,76.04293443,,0,,,,,,,,,,2,,,,06/24/2025 17:26:00,06/24/2025 17:26:00
314018,AE412AC2-9372-4C12-B79A-6391FE98E8BD,Shirdi,Shirdi,Shirdi,Shirdi,Maharashtra,423107,,19.75759399,74.47634733,,0,,,,,,,,,,1,,,,06/23/2025 04:29:00,06/20/2025 04:24:00
313995,1C17AE5D-209A-46E7-B9DA-AB0FB8DA68F5,InFour Wheel Care And Tyres - Tata Power,Palakkad Perinthalmanna Road,Thannerpanthal,Perinthalmanna,Kerala,679322,,10.96023797,76.23467881,,0,,,,,,,,,,1,,,,06/18/2025 12:22:00,06/18/2025 12:22:00
313994,63A63471-FE51-4768-8AB2-991FD880E04F,TML KVR Automotive - Tata Power,Kozhikode Palakkad Highway,Thirurkkad,Perinthalmanna,Kerala,679322,,10.98450272,76.18784701,,0,,,,,,,,,,1,,,,06/18/2025 12:18:00,06/18/2025 12:18:00
313993,EB599C38-0211-49D0-B3C4-82F5A143A506,IOCL Sigma Enterprises Charging Station - Tata Power,Calicut Road,Kavumpuram,Valanchery,Kerala,676552,,10.89791419,76.06100967,,0,,,,,,,,,,1,,,,06/18/2025 12:13:00,06/18/2025 12:13:00
313992,93F9ABB7-2EB0-4DA5-A243-0357E32C28BD,AAK Mall,Tirur Tanur Road,Naduvilangadi,Tirur,Kerala,676101,,10.91858061,75.91779833,,0,,,,,,,,,,1,,,,06/18/2025 12:08:00,06/18/2025 12:08:00
313991,3AABCE60-B43E-462B-9BC8-E0597ECD6637,Tata.ev Store Malappuram,Kozhikode Palakkad Highway,Varangode,Malappuram,Kerala,676505,,11.05251525,76.07764045,,0,,,,,,,,,,2,,,,06/18/2025 12:00:00,06/18/2025 12:00:00
313990,6B0772BF-C98B-4AAE-956A-D1E34B1BC14B,A M Tyres Malappuram - Tata Power,Kozhikode Palakkad Highway,Machingal,Malappuram,Kerala,676517,,11.06040253,76.08084416,,0,,,,,,,,,,1,,,,06/18/2025 11:56:00,06/18/2025 11:56:00
313989,A2F338A8-17DE-42EC-A30A-6C0DBA011E83,Hotel Gokulam Relax Park,Industrial Estate Road,Kavumbhagan,Manjeri,Kerala,676121,,11.11890611,76.11847374,,0,,,,,,,,,,2,,,,06/18/2025 11:50:00,06/18/2025 11:50:00
313988,40B120A7-2A65-49FE-ABC9-AD64833D9D5B,One Stop Automotive Cahrging Station - Tata Power,Nilambur Malappuram Road,Pathappiriyam,Edavanna,Kerala,676123,,11.2041462,76.13673353,,0,,,,,,,,,,2,,,,06/18/2025 11:45:00,06/18/2025 11:45:00
313980,2D64E5FF-FFC3-44B7-BA4C-32212202C237,Moto Town Auto Hub - Tata Power,Valanchery Nilambur Road,Nadivatha,Wandoor,Kerala,679328,,11.2232496,76.21691525,,0,,,,,,,,,,1,,,,06/17/2025 12:04:00,06/17/2025 12:04:00
313979,18393EA6-5409-4238-B646-8C31A94080CB,IOCL Aaditya Petroleum Naduvath Charging Station - Tata Power,Mampad Wandoor Road,Naduvath,Wandoor,Kerala,679328,,11.21105437,76.22468507,,0,,,,,,,,,,1,,,,06/17/2025 12:00:00,06/17/2025 12:00:00
313978,9ABD3A99-6438-4454-B564-2007286DCC4A,Calicut Airport Charging Station - Tata Power,Calicut Airport Road,Calicut International Airport Parking,Kondotty,Kerala,673647,,11.14029227,75.94831371,,0,,,,,,,,,,2,,,,06/17/2025 11:56:00,06/17/2025 11:56:00
313955,EE5A73A2-9CC4-461F-AE41-97981DA0AC75,TML Marina Motors - Tata Power,"NH 66, Service Road",Pantheerankavu,Kozhikode,Kerala,673019,,11.21696527,75.85795106,,0,,,,,,,,,,2,,,,06/16/2025 12:50:00,06/16/2025 12:50:00
313954,1547A8C6-DCCE-4E35-84E5-EEA38ACF524F,Rotana Motors Meenchanda - Tata Power,Calicut Road,Bypass Junction,Meenchanda,Kerala,673027,,11.21390853,75.80263211,,0,,,,,,,,,,1,,,,06/16/2025 12:47:00,06/16/2025 12:47:00
313953,0EC3CFF5-AFDB-406C-9BBB-7CBAE834D159,IOCL Lakshmi Sales & Service - Tata Power,Mini Bypass Road,Mankav,Kozhikode,Kerala,673029,,11.23362686,75.80323853,,0,,,,,,,,,,1,,,,06/16/2025 12:45:00,06/16/2025 12:45:00
313952,7DD7B11F-D107-4AFD-9455-186FF9CD81C8,Gokulam Galleria Mall - Tata Power,Mavoor Road,Arayidathu Palam,Kozhikode,Kerala,673004,,11.25846513,75.79290612,,0,,,,,,,,,,5,,,,06/16/2025 12:41:00,06/16/2025 12:41:00
313951,F6CFB52E-A1FE-40F9-B158-F5A339BB7083,Hotel Hyson Heritage - Tata Power,Bank Road,Mavoor Road Junction,Kozhikode,Kerala,673004,,11.2592145,75.77933452,,0,,,,,,,,,,2,,,,06/16/2025 12:36:00,06/16/2025 12:36:00
313950,F484C4EE-7998-433A-A1DD-E1F6AE1652CA,Taj The Gateway Hotel - Tata Power,P T Usha Road,Taj Gateway Hotel,Kozhikode,Kerala,673032,,11.25868982,75.77397871,,0,,,,,,,,,,2,,,,06/16/2025 12:30:00,06/16/2025 12:30:00
313949,C83598DF-A5A9-4637-8585-1568ED5C4861,Taj The Gateway Hotel - Tata Power,P T Usha Road,The Gateway Hotel,Kozhikode,Kerala,673032,,11.25902905,75.77370839,,0,,,,,,,,,,2,,,,06/16/2025 12:28:00,06/16/2025 12:28:00
313947,E022BCFF-57E4-4823-9685-92A2A716AA8E,IOCL Engapuzha Fuel - Tata Power,Kozhikode Kollegal Highway,Adivaram,Engapuzha,Kerala,673586,,11.46505013,75.9701747,,0,,,,,,,,,,1,,,,06/16/2025 12:23:00,06/16/2025 12:23:00
313946,8D736D83-AD37-47AB-B85F-175517B63B7E,IOCl Balaji Petroleum - Tata Power,Kozhikode Kollegal Highway,,Sulthan Bathery,Kerala,673592,,11.66094302,76.24002282,,0,,,,,,,,,,1,,,,06/16/2025 12:19:00,06/16/2025 12:19:00
313945,C2045165-FE73-4C2D-8826-76B615AD9BCE,Hotel Saugandhika Charging Station - Tata Power,Kozhikode Kollegal Highway,Kolagappara,Meenangadi,Kerala,673591,,11.65932826,76.20718523,,0,,,,,,,,,,2,,,,06/16/2025 12:16:00,06/16/2025 12:16:00
313944,0BD8123F-CC00-42C8-94B5-BC4AFCBA6B70,TML Marina Motors Pvt. Ltd. Kalpetta - Tata Power,Kozhikode Kollegal Highway,Kainatty,Kalpetta,Kerala,673122,,11.63735277,76.09468538,,0,,,,,,,,,,1,,,,06/16/2025 12:10:00,06/16/2025 12:10:00
313943,2E247775-316D-45FE-90CD-B4B36270B6EF,Taj Wayanad Resort and Spa- Tata Power,Manjoopara East Crescent Road,Thariyode,Padinjarathara,Kerala,673575,,11.65763336,75.96043178,,0,,,,,,,,,,2,,,,07/27/2025 06:16:00,06/16/2025 12:07:00
313942,780E92E5-F19E-4B0B-AF8A-A16C356A827F,KVR Dream Vehicles Thalassery - Tata Power,Thalassery Mysore Road,Eranholi,Thalassery,Kerala,670107,,11.76173425,75.50906838,,0,,,,,,,,,,1,,,,06/16/2025 12:03:00,06/16/2025 12:03:00
313941,303E283F-DEB2-43BB-B45D-A8B66D25811B,IOCL - MK Petroleum - Tata Power,NH 66,Chelora,Thazhe Chovva,Kerala,670018,,11.86015018,75.41434122,,0,,,,,,,,,,1,,,,06/16/2025 11:58:00,06/16/2025 11:58:00
313940,9A512B98-84EF-46B6-9696-65FBBF086E6A,KVR Dream Vehicles Service Centre - Tata Power,Thaliparamba - Iritty Road,Perumparamba,Iritty,Kerala,670703,,11.99068592,75.65802183,,0,,,,,,,,,,1,,,,06/16/2025 11:52:00,06/16/2025 11:52:00
313925,3B328484-1E90-401F-ADDF-58A1647F4A62,KVR Dream Vehicle - Tata Power,Thalassery Road,Chirakku Thazhe,Nadal,Kerala,670007,,11.83285672,75.4264417,,0,,,,,,,,,,2,,,,06/15/2025 16:37:00,06/15/2025 16:37:00
313924,138A7705-8AEC-41D1-A12D-A36D6BC3E79D,Tata.ev KVR Dreams Kannur - Tata Power,NH 66,Thazhe Chovva,Kannur,Kerala,670018,,11.86083034,75.41186778,,0,,,,,,,,,,2,,,,06/16/2025 11:54:00,06/15/2025 16:29:00
313923,832EE552-928F-4CE7-83AC-78E00B54A7DD,KVR Dream Vehicles Service Center - Tata Power,NH 66,,Payyanur,Kerala,670307,,12.12000326,75.21755451,,0,,,,,,,,,,1,,,,06/15/2025 16:24:00,06/15/2025 16:24:00
313922,AB9D2109-5202-4792-A7B3-C13BE5F2FF6F,V-Net Shopping Complex - Tata Power,NH 66,Karivellur,Payyannur,Kerala,670521,,12.17504848,75.19343333,,0,,,,,,,,,,1,,,,06/15/2025 16:19:00,06/15/2025 16:19:00
313921,4DEF8F4E-D7C8-43ED-AAB9-5FC2BFE7A0C8,Taj Bekkal - Tata Power,Kappil Beach,Thekkekkara,Bekkal,Kerala,671319,,12.42338328,75.0147548,,0,,,,,,,,,,2,,,,06/15/2025 16:13:00,06/15/2025 16:13:00
313920,E1C7F663-0F6E-44D0-A5DC-8DB907C8BF1B,TML KVR Dream Vehicles EVCS - Tata Power,NH 66,Vidya Nagar Post,Kasaragod,Kerala,671123,,12.51345441,75.02712294,,0,,,,,,,,,,1,,,,06/15/2025 16:08:00,06/15/2025 16:08:00
313919,B4EB7FD3-645C-4DC6-9BAE-083F1A67D005,IOCL Top Fuels Karanthakkad Charging Station - Tata Power,NH 66,"Near Fire Station, Karanthakkad",Kasaragod,Kerala,671123,,12.5094079,74.98611114,,0,,,,,,,,,,1,,,,06/15/2025 16:04:00,06/15/2025 16:04:00
313918,954AAB96-4A03-4876-B125-884B870ED305,Eco Charge Hub - GO EC,Vizhinjam Uchakkada Road,Kanjiramkulam,Thiruvananthapuram,Kerala,695524,,8.353208648,77.05379012,,0,,,,,,,,,,3,Variable rate based on time of the day,,,06/15/2025 15:46:00,06/15/2025 15:46:00
313917,F24AE704-5638-4D69-9D4F-521A14E4EF07,Rajco EVCS - GO EC,Poovar Neyyatinkara Road,,Neyyattinkara,Kerala,695121,,8.394252775,77.08872897,,0,,,,,,,,,,4,Variable rate based on time of the day,,,06/15/2025 15:43:00,06/15/2025 15:43:00
313916,E325BB5E-C831-4F79-9E60-440B4FEF5CBA,Appolo Dimora Hotel EVCS - GO EC,Thampanoor Overbridge,Thampanoor,Thiruvananthapuram,Kerala,695014,,8.488661007,76.95075167,,0,,,,,,,,,,1,Variable rate based on time of the day,,,06/15/2025 15:39:00,06/15/2025 15:39:00
313915,9A861476-3BD9-40CB-A422-1816B01310C7,Lulu International Mall EVCS - GO EC,NH 66,Aakkulam,Thiruvananthapuram,Kerala,695021,,8.515262882,76.89815844,,0,,,,,,,,,,11,Variable rate based on time of the day,,,06/15/2025 15:35:00,06/15/2025 15:35:00
313914,7000FBBA-D412-404D-AAB7-082AF0134549,Trivandrum UST Campus EVCS - GO EC,Technopark Phase 2,Kulathoor,Thiruvananthapuram,Kerala,695583,,8.539993048,76.884425,,0,,,,,,,,,,6,,,,06/15/2025 15:32:00,06/15/2025 15:32:00
313913,B3BF54F2-BF21-4E3A-BA2B-8163E0F1C35D,Karthika Residency Hotel EVCS - GO EC,Main Central Road,Vamanapuram,Karette,Kerala,695608,,8.728845866,76.89844751,,0,,,,,,,,,,2,Variable rate based on time of the day,,,06/15/2025 15:26:00,06/15/2025 15:26:00
313912,C169392B-D13C-4738-9A00-41B329E66E8D,KKP Renewables EVCS - GO EC,Main Central Road,Opposite Muslim Mosque,Karette,Kerala,695612,,8.734523378,76.89801647,,0,,,,,,,,,,1,Variable rate based on time of the day,,,06/15/2025 15:23:00,06/15/2025 15:23:00
313911,5994781F-C0EA-4206-BB38-1C60621A2283,Aeron EVCS - GO EC,NH 66,Behind Nadilath G Mart,Attingal,Kerala,695101,,8.686808046,76.82402233,,0,,,,,,,,,,2,Variable rate based on time of the day,,,06/15/2025 15:18:00,06/15/2025 15:18:00
313910,B8B188A9-6E24-469A-AD3E-3D2CE7F750F5,Zenith EVCS - GO EC,NH 66,Chathampara,Attingal,Kerala,695605,,8.733067659,76.81064655,,0,,,,,,,,,,1,Variable rate based on time of the day,,,06/15/2025 15:16:00,06/15/2025 15:16:00
313909,AB57A330-F749-459F-8497-6E31E5C303F2,Orion Plaza EVCS - GO EC,Main Central Road,Jatayu Junction,Chadayamangalam,Kerala,691534,,8.86342699,76.87120784,,0,,,,,,,,,,3,Variable rate based on time of the day,,,06/15/2025 15:12:00,06/15/2025 15:12:00
313908,66CD7C6B-0318-4701-B098-0402BA83CFE4,Power Up EVCS - GO EC,Ddava Papanasam Road,Edava,Varkala,Kerala,695311,,8.74908605,76.70581859,,0,,,,,,,,,,2,Variable rate based on time of the day,,,06/15/2025 15:07:00,06/15/2025 15:07:00
313907,39B8041A-2697-404B-A1C1-A7F65A2AB06A,Green Planet EVCS - GO EC,Main Central Road,Sadanandapuram,Kottarakkara,Kerala,691531,,8.982143341,76.80932966,,0,,,,,,,,,,2,Variable rate based on time of the day,,,06/15/2025 15:02:00,06/15/2025 15:02:00
313906,41AB3E1B-BE6B-4290-8256-F937FC80DEE0,RK EVCS - GO EC,Kollam Theni Highway,Cherumood,Kundara,Kerala,691511,,8.948246626,76.64624714,,0,,,,,,,,,,2,Variable rate based on time of the day,,,06/15/2025 14:59:00,06/15/2025 14:59:00
313905,6A465180-38D5-4D3B-8FD3-876CFCFBF647,SK EVCS - GO EC,Kunnicode - Pathanapuram Road,SK Bhavanam,Pathanapuram,Kerala,689695,,9.070991646,76.85631123,,0,,,,,,,,,,2,Variable rate based on time of the day,,,06/15/2025 14:55:00,06/15/2025 14:55:00
313904,EE8960C9-98BA-49AC-A370-3521EE2977A3,Erathu Motors EVCS - GO EC,Kottarakkara Sasthamkotta Road,,Puthoor,Kerala,691507,,9.051367403,76.70324696,,0,,,,,,,,,,2,Variable rate based on time of the day,,,06/15/2025 14:51:00,06/15/2025 14:51:00
313903,D6AF0EAA-1870-4C74-8C46-355209D1613B,Vrindavan EVCS - GO EC,Main Central Road,Kalayapuram,Inchakkad,Kerala,691560,,9.045128433,76.77360004,,0,,,,,,,,,,4,Variable rate based on time of the day,,,06/15/2025 14:44:00,06/15/2025 14:44:00
313902,84CA5E04-915F-4287-AE6D-36963D176969,JB Power EVCS - GO EC,Main Central Road,Kilivayal,Adoor,Kerala,691554,,9.116847049,76.74511188,,0,,,,,,,,,,3,Variable rate based on time of the day,,,06/15/2025 14:39:00,06/15/2025 14:39:00
313901,0C6E1377-8EA3-4A10-8E48-FA44BCD1987B,Peninsula Park Residency EVCS - GO EC,Kayamkulam Punalur Road,Parakode,Adoor,Kerala,691554,,9.145305964,76.76585839,,0,,,,,,,,,,1,Variable rate based on time of the day,,,06/15/2025 14:35:00,06/15/2025 14:35:00
313900,71280EFA-42DA-4477-B75D-73552B0A4F02,Green Earth - GO EC,Kayamkulam Punalur Road,Adoor Central,Adoor,Kerala,691523,,9.153564154,76.73554436,,0,,,,,,,,,,3,Variable rate based on time of the day,,,06/15/2025 14:32:00,06/15/2025 14:32:00
313899,1AEED219-DFD5-452C-B37E-6FCCAF076CB8,Sparkzone EVCS - GO EC,Valiazheekkal,Kandalloor,Kayamkulam,Kerala,690535,,9.145794596,76.45936322,,0,,,,,,,,,,2,Variable rate based on time of the day,,,06/15/2025 14:29:00,06/15/2025 14:29:00
313898,AD463970-8AC8-49CF-9E74-41AE39E309CF,Zufo EVCS,NH 66,Near Hotel Royal Agency,Karunagappalli,Kerala,690526,,9.132307411,76.51385829,,0,,,,,,,,,,1,Variable rate based on time of the day,,,06/15/2025 14:18:00,06/15/2025 14:18:00
313897,4A09AF2B-C900-4143-A5BC-083694F95CCC,Cartist - GO EC,NH 66,Kottukungara,Kayamkulam,Kerala,690502,,9.184739729,76.49029684,,0,,,,,,,,,,4,Variable rate based on time of the day,,,06/15/2025 14:15:00,06/15/2025 14:15:00
313896,6434184E-240A-4E30-89BA-634986DF0429,V Volte EVCS - GO EC,Harippad Edathuva Road,Danapadi,Haripad,Kerala,690514,,9.289000834,76.45653569,,0,,,,,,,,,,2,Variable rate based on time of the day,,,06/15/2025 14:11:00,06/15/2025 14:11:00
313895,7008C8BF-440E-435F-88AA-35F81E4B358D,Anjaly EVCS - GO EC,Pathanamthitta Kaipattoor Road,Manjikkara,Omallor,Kerala,689647,,9.246935402,76.75730779,,0,,,,,,,,,,2,Variable rate based on time of the day,,,06/15/2025 14:08:00,06/15/2025 14:08:00
313894,49D9D169-F166-49EF-8669-978CA4FB0751,Evergreen Continental EVCS - GO EC,College Road,Opposite Post Office,Pathanamthitta,Kerala,689645,,9.263776809,76.7854353,,0,,,,,,,,,,1,Variable rate based on time of the day,,,06/15/2025 14:04:00,06/15/2025 14:04:00
313893,022AD054-F380-4666-853F-9A5190A68F5E,Quik Energy EVCS - GO EC,Main Central Road,Near ITI Junction,Chengannur,Kerala,689122,,9.311533027,76.62272053,,0,,,,,,,,,,4,Variable rate based on time of the day,,,06/15/2025 14:00:00,06/15/2025 14:00:00
313892,DAC9A3BA-B55D-43DB-A243-E2743A319DF2,Amrutham Auto Care EVCS - GO EC,Main Central Road,Kallissery,Chengannur,Kerala,689124,,9.342144723,76.59848784,,0,,,,,,,,,,2,Variable rate based on time of the day,,,06/15/2025 13:57:00,06/15/2025 13:57:00
313891,1C6AACA5-E5C2-44BF-82E4-B63172C24DDE,Changanassery Immaculate Mary EVCS,Changanassery Vazhoor Road,Kurishumoodu,Changanassery,Kerala,686104,,9.459860218,76.55518359,,0,,,,,,,,,,2,Variable rate based on time of the day,,,06/15/2025 13:52:00,06/15/2025 13:52:00
313890,BB4BACF1-FFCD-4986-8AE9-F8C71109F879,Calvarymount Jerry Plaza,Thodupuzha Puliyanmala Road,7th Mile,Alliyar,Kerala,685515,,9.806942489,77.04794026,,0,,,,,,,,,,1,Variable rate based on time of the day,,,06/15/2025 13:47:00,06/15/2025 13:47:00
313889,BA2F832A-60AE-4283-8709-1ADDEC4807E1,Westgate Inn EVCS - GO EC,Hill Highway Road,Near Block Panchayath Office,Kattappana,Kerala,685508,,9.747617293,77.1054177,,0,,,,,,,,,,1,Variable rate based on time of the day,,,06/15/2025 13:44:00,06/15/2025 13:44:00
313888,2CDE37AE-44D4-4A4D-AB4E-D74BBA51FF4A,GO EC Charging Station,Anakkara Road,Anakkara,Idukki,Kerala,685512,,9.66539882,77.16084695,,0,,,,,,,,,,2,Variable rate based on time of the day,,,06/15/2025 13:40:00,06/15/2025 13:40:00
313887,6A1A36BB-CB7C-43D4-A736-D40B57D2F1DE,Sora EVCS - GO EC,Kottayam Kumali Road,Chelimada Junction,Kumali,Kerala,685509,,9.614445835,77.15390991,,0,,,,,,,,,,2,Variable rate based on time of the day,,,06/15/2025 13:37:00,06/15/2025 13:37:00
313886,0B44BFBA-EBCF-4AA0-B39B-6109DFC4E290,Open Kitchen EVCS - GO EC,Kottayam Kumali Road,Peerumade,Kuttikkanam,Kerala,685531,,9.580204298,76.97061173,,0,,,,,,,,,,3,Variable rate based on time of the day,,,06/15/2025 13:35:00,06/15/2025 13:35:00
313885,6B9EBD55-A6ED-4857-9B42-381E0F80913D,Nandanam EVCS - GO EC,Mutholy Kodungoor Road,Vazhoor,Kodungoor,Kerala,686504,,9.567074729,76.70609404,,0,,,,,,,,,,1,Variable rate based on time of the day,,,06/15/2025 13:30:00,06/15/2025 13:30:00
313884,8802D1EC-EF10-4DB1-B15A-DE36ED83D487,Clay Art Cafe - GO EC,Kollam Theni Highway,,Ponkunnam,Kerala,686506,,9.566378512,76.74160751,,0,,,,,,,,,,2,Variable rate based on time of the day,,,06/15/2025 13:23:00,06/15/2025 13:23:00
313883,36781991-49EA-4AC7-962A-5CEE120BA694,GO Green EVCS,Main Eastern Highway,,Anthikkad,Kerala,686651,,9.753999722,76.70127896,,0,,,,,,,,,,2,Variable rate based on time of the day,,,02/25/2026 17:57:00,06/15/2025 13:18:00
313882,EC9B60D4-016B-4B9F-BF0E-40C524B54494,Nila's Magestic Arcade,Ettumanoor Poonjar Road,Near Canara Bank,Kidangoor,Kerala,686572,,9.683248151,76.60975357,,0,,,,,,,,,,1,Variable rate based on time of the day,,,06/15/2025 13:15:00,06/15/2025 13:15:00
313881,011797EE-0ABA-4E24-831E-715E013124A6,Ettumanur Skylight EVCS - GO EC,Ettumanoor Poonjar Road,,Ettumanoor,Kerala,686631,,9.668171829,76.57537882,,0,,,,,,,,,,3,Variable rate based on time of the day,,,06/15/2025 13:11:00,06/15/2025 13:10:00
313880,9A948265-5E7E-46A7-AD6C-B7C3DE1191E7,Chaithanya Hospital EVCS - GO EC,Pala Kozha Road,Chaithanya Hospital Complex,Kuravilangad,Kerala,686633,,9.761923841,76.56472253,,0,,,,,,,,,,2,Variable rate based on time of the day,,,06/15/2025 13:05:00,06/15/2025 13:05:00
313879,FDDB66AE-BA1D-4218-A0CF-AFC70B3E2CF1,Manjoor Beeza Clubhouse EVCS - GO EC,Ettumanoor Ernakulam Road,Kothanalloor,Manjoor,Kerala,686603,,9.727579426,76.52038777,,0,,,,,,,,,,1,Variable rate based on time of the day,,,06/15/2025 13:03:00,06/15/2025 13:03:00
313878,FF1361C7-4CB7-458A-8ED8-5CA6C1D14D53,Kalladanthiyil EVCS - GO EC,Kallara Pravattom Road,Near Federal Bank Neendoor Branch,Neendoor,Kerala,686601,,9.68333688,76.50559381,,0,,,,,,,,,,2,Variable rate based on time of the day,,,06/15/2025 12:58:00,06/15/2025 12:58:00
313877,A6564306-0FDD-409E-A20F-9A91E0951308,The Grand Ambassador EVCS,Kottayam Kumali Road,Opposite General Hospital,Kottayam,Kerala,686001,,9.589399336,76.52633053,,0,,,,,,,,,,1,Variable rate based on time of the day,,,06/15/2025 12:53:00,06/15/2025 12:53:00
313876,A7E1E344-49FB-49FA-9E96-2144A002799E,Hotel Athira Residency EVCS - GO EC,Main Central Road,Kodimatha,Kottayam,Kerala,686013,,9.578258768,76.51947056,,0,,,,,,,,,,2,Variable rate based on time of the day,,,06/15/2025 12:48:00,06/15/2025 12:48:00
313875,27D635AD-DB40-4371-A58E-EE1C5E8A89E2,Cassia Regency EVCS - GO EC,Palace Road,Near Railway Station,Alappuzha,Kerala,688012,,9.490169817,76.32073716,,0,,,,,,,,,,1,Variable rate based on time of the day,,,06/15/2025 12:44:00,06/15/2025 12:44:00
313874,DCB47FE3-B050-40CB-A312-BAA221A7871B,Neo Charge EVCS - GO EC,NH 66,Kalavoor,Alappuzha,Kerala,688522,,9.559497169,76.32821359,,0,,,,,,,,,,1,Variable rate based on time of the day,,,06/15/2025 12:40:00,06/15/2025 12:40:00
313873,7F97BC42-7BB5-44A2-ADAF-C2EB6F76A708,Jason Orchard Inn EVCS - GO EC,NH 66,Kalavoor,Alappuzha,Kerala,688522,,9.562575062,76.32758403,,0,,,,,,,,,,1,Variable rate based on time of the day,,,06/15/2025 12:37:00,06/15/2025 12:37:00
313872,1A7B6F83-FF4C-4787-A582-AD350A87DA11,Huts Restaurant EVCS - GO EC,NH 66,Nedumbrakkad,Cherthala,Kerala,688524,,9.683890802,76.33358219,,0,,,,,,,,,,3,Variable rate based on time of the day,,,01/31/2026 20:45:00,06/15/2025 12:31:00
313871,80805A41-1079-4C8A-AA92-26ECADE443AF,Vijaya EVCS - GO EC,Poothotta Kanjiramattom Road,Amballor,Kanjiramattom,Kerala,682315,,9.851840438,76.38938787,,0,,,,,,,,,,1,Variable rate based on time of the day,,,06/15/2025 12:27:00,06/15/2025 12:27:00
313870,7B031F32-AFD4-4433-B89D-5F3A88570924,MPA Tyres EVCS - GO EC,Seaport Airport Road,Irumpanam,Thrippunithura,Kerala,682309,,9.962610268,76.35800116,,0,,,,,,,,,,1,Variable rate based on time of the day,,,06/15/2025 12:22:00,06/15/2025 12:22:00
313869,06398137-1554-415A-880A-F42EC32FC7C8,Central Talkies EVCS - GO EC,Ettumanoor Ernakulam Road,Near Old Bus Stand,Thrippunithura,Kerala,682301,,9.948953178,76.34771092,,0,,,,,,,,,,5,Variable rate based on time of the day,,,06/15/2025 12:18:00,06/15/2025 12:18:00
313868,DE34C3C0-9788-4FDD-8EFC-844821757CBE,Tribute Royale EVCS - GO EC,NH 66,,Maradu,Kerala,682304,,9.94775836,76.31854611,,0,,,,,,,,,,2,Variable rate based on time of the day,,,06/15/2025 12:12:00,06/15/2025 12:12:00
313867,975B22B8-0DB2-4EFB-9D64-617FAE744462,Prithvi EVCS - GO EC,KP Vallon Road,Near Kallupalam Junction,Kadavanthra,Kerala,682020,,9.947451633,76.30341556,,0,,,,,,,,,,3,Variable rate based on time of the day,,,06/15/2025 12:49:00,06/15/2025 12:05:00
313866,CFBB1CE3-C0E0-430D-A15A-BF7D20A139C7,EC City Centre EVCS - GO EC,1st Cross Road,Panampallinagar,Ernakulam,Kerala,682036,,9.965194492,76.29662321,,0,,,,,,,,,,2,Variable rate based on time of the day,,,06/15/2025 12:02:00,06/15/2025 12:02:00
313865,A0E2E5BD-B84B-48E3-BDB1-5C7BD972D9BF,Monsoon Empress Hotel EVCS,NH 66,Near Monsoon Empress Hotel,Palarivattom,Kerala,682025,,9.995959579,76.31410218,,0,,,,,,,,,,2,Variable rate based on time of the day,,,06/15/2025 11:57:00,06/15/2025 11:57:00
313864,C1AB6E12-6A41-470F-A231-F73B8D2DE3C9,Max EVCS - GO EC,NH 66,Opposite Ernakulam Medical Centre,Palarivattom,Kerala,682025,,9.998499334,76.31386096,,0,,,,,,,,,,2,Variable rate based on time of the day,,,06/15/2025 11:54:00,06/15/2025 11:54:00
313863,8BC3EAE4-D43E-4F06-BB59-A15C5D1B92C9,Park Residency EVCS - GO EC,Seaport Airport Road,Near Civil Station,Kakkanad,Kerala,682030,,10.01465881,76.3424006,,0,,,,,,,,,,2,Variable rate based on time of the day,,,06/15/2025 11:49:00,06/15/2025 11:49:00
313862,60AC96D4-A00B-4670-B283-F049B4E3C0CD,EVGO Hub - GO EC,Edappally Pukkattupady Road,Vallathol Padi,Thrikkakkara,Kerala,682021,,10.03567399,76.33644845,,0,,,,,,,,,,1,Variable rate based on time of the day,,,06/15/2025 11:45:00,06/15/2025 11:45:00
313861,FF19FE8D-87CC-4F36-BFC4-EAA1817224D6,Daffodils EVCS - GO EC,Pukkattupadi Road,Thykkavu,Edapally,Kerala,682021,,10.03211451,76.32296046,,0,,,,,,,,,,7,Variable rate based on time of the day,,,06/15/2025 11:42:00,06/15/2025 11:42:00
313860,D91CB306-B15D-450E-B074-2F7494EC68F9,Oberon Mall EVCS - GO EC,Oberon Mall Parking,NH Bypass,Edapally,Kerala,682024,,10.01437332,76.31253274,,0,,,,,,,,,,2,Variable rate based on time of the day,,,06/15/2025 11:37:00,06/15/2025 11:37:00
313859,45D0BE88-4C57-4BB4-B025-B301F4FED9B4,Lulu International Shopping Mall EVCS - GO EC,Lulu International Shopping Mall Parking,,Edapally,Kerala,682024,,10.025853,76.30847988,,0,,,,,,,,,,4,Variable rate based on time of the day,,,06/15/2025 11:34:00,06/15/2025 11:34:00
313858,5DF618CF-4959-43F0-803D-22BD5AEC5DA3,EcoPlug EVCS - GO EC,Aluva Munnar Road,Nellimattom,Neriyamangalam,Kerala,686693,,10.05657909,76.77664747,,0,,,,,,,,,,1,Variable rate based on time of the day,,,06/15/2025 11:29:00,06/15/2025 11:29:00
313857,3B79B0F2-FC82-4A15-98F2-B2CDB41D1A12,Future Clock EVCS - GO EC,Main Central Road,Rayamangalam,Perumbavoor,Kerala,683541,,10.08987328,76.49767034,,0,,,,,,,,,,5,Variable rate based on time of the day,,,06/15/2025 11:25:00,06/15/2025 11:25:00
313856,EA99EC77-007F-421F-AFDE-468A24F7D1EE,Prestige EV Super Charging Station - GO EC,Perumbavoor Aluva Road,Mudickal Post,Perumbavoor,Kerala,683547,,10.11659967,76.44569941,,0,,,,,,,,,,3,Variable rate based on time of the day,,,06/15/2025 11:21:00,06/15/2025 11:21:00
313855,BFA173B9-4281-4E77-B8E5-5D3B7EB77901,Innate Convention Centre,Parambayam Avanamcode Road,AAK Arcade,Aluva,Kerala,683101,,10.13484738,76.35454904,,0,,,,,,,,,,1,Variable rate based on time of the day,,,06/15/2025 11:16:00,06/15/2025 11:16:00
313854,57E118C0-9111-4799-931F-D7FF4FDB1CDE,Athani Energize EVCS,NH 544,,Athani,Kerala,683102,,10.14144398,76.35293383,,0,,,,,,,,,,2,Variable rate based on time of the day,,,06/15/2025 11:14:00,06/15/2025 11:14:00
313853,CA2920C3-B016-4AFC-9206-E0BB1F8B7113,Hotel Airlink Castle - GO EC,NH 544,Near Cochin International Airport,Athani,Kerala,683585,,10.15505346,76.35471453,,0,,,,,,,,,,1,Variable rate based on time of the day,,,06/15/2025 11:05:00,06/15/2025 11:05:00
313852,B304F845-7738-4334-8963-E1DE3EDD1E7C,V-Green EVCS - GO EC,Angamaly Manjapara Road,Kidagoor,Angamaly,Kerala,683572,,10.20178009,76.40966162,,0,,,,,,,,,,2,Variable rate based on time of the day,,,06/15/2025 11:02:00,06/15/2025 11:02:00
313850,46CB7DD7-41D4-4A02-B124-904E858AB9EC,Power Zone EV Charging Station - GO EC,NH 66,,North Paravur,Kerala,683513,,10.14967303,76.21756419,,0,,,,,,,,,,1,Variable rate based on time of the day,,,06/15/2025 10:50:00,06/15/2025 10:50:00
313849,ED276271-7F0A-4E4C-A646-A8FF03C363DF,Koratty Chennai Anandabhavan EVCS - GO EC,NH 544,Muringur,Koratty,Kerala,680309,,10.27724459,76.34452808,,0,,,,,,,,,,2,Variable rate based on time of the day,,,06/15/2025 10:44:00,06/15/2025 10:44:00
313848,6EDEF0AD-6087-4F09-A864-470982041CE2,Parekkat's EVCS - GO EC,Annamada Mala Pallippuram Road,Near Parekkat Convention Centre,Mala,Kerala,680732,,10.24066912,76.27252885,,0,,,,,,,,,,1,Variable rate based on time of the day,,,06/15/2025 10:40:00,06/15/2025 10:40:00
313847,0CDF2681-A19D-4E6C-BCDD-5F69E3C3955C,Kodungallur SVS - GO EC,Chandapura Kottapuram Bypass,Keetholi,Kodungallur,Kerala,680669,,10.21129205,76.19898867,,0,,,,,,,,,,2,Variable rate based on time of the day,,,06/15/2025 10:36:00,06/15/2025 10:36:00
313846,9815622B-810C-48C9-B2BE-10D03C208DD9,FUZO EV Super Charging Station,NH 66,Edamuttam,Kodungallur,Kerala,680703,,10.37813516,76.12254539,,0,,,,,,,,,,3,Variable rate based on time of the day,,,06/15/2025 10:30:00,06/15/2025 10:30:00
313843,1FE7C00D-7340-4F39-8526-99628A402867,Sree Rama EVCS - GO EC,NH 544,Amballur,Thrissur,Kerala,680302,,10.43559497,76.26587468,,0,,,,,,,,,,4,Variable rate based on time of the day,,,06/15/2025 10:23:00,06/15/2025 10:23:00
313841,381ECD10-BB19-4DE5-991C-1E7226544EDF,Daiz and Co. EVCS - GO EC,Ayyanthole Road,Ayyanthole,Thrissur,Kerala,680001,,10.52614957,76.18795462,,0,,,,,,,,,,1,Variable rate based on time of the day,,,06/15/2025 10:19:00,06/15/2025 10:18:00
313839,A51D0B29-0C5C-4DFF-9ABF-5B5BE39C37AE,Shobha City Mall EVCS - GO EC,Shobha City Mall Road,Puzhakkal,Thrissur,Kerala,680553,,10.54894656,76.18304111,,0,,,,,,,,,,4,Variable rate based on time of the day,,,06/15/2025 10:12:00,06/15/2025 10:12:00
313838,E3AE76B2-522B-471F-8559-E7294AE4AE71,Amala Smart EVCS - GO EC,Near Railway Overbridge,Amalanagar,Peramangalam,Kerala,680545,,10.56496749,76.16598426,,0,,,,,,,,,,3,Variable rate based on time of the day,,,06/15/2025 10:07:00,06/15/2025 10:07:00
313836,FE4F086B-2C03-4026-8B17-DE88EB795BC6,Sree Sankara EVCS - GO EC,NH 66,Thrithallore,Vadanappalli,Kerala,680619,,10.4872912,76.07083612,,0,,,,,,,,,,2,Variable rate based on time of the day,,,06/15/2025 10:01:00,06/15/2025 10:01:00
313835,C5E0272E-C814-4DC7-878F-340F6E8855A2,Green Drive EV Super Charging Station,Ashan Kadavu Road,Enfandiyur,Vadanappilly,Kerala,680615,,10.49454247,76.06584744,,0,,,,,,,,,,2,Variable rate based on time of the day,,,06/15/2025 10:02:00,06/15/2025 09:57:00
313819,483D296D-B4E3-4283-979A-0CF4454D6C0F,Sree Krishna Hotel - GO EC,Mammiyur Temple Road,Mummiyur,Guruvayoor,Kerala,680101,,10.59844782,76.03636789,,0,,,,,,,,,,1,Variable rate based on time of the day,,,06/14/2025 17:24:00,06/14/2025 17:24:00
313818,058B483D-79F1-45AD-81D0-C5929216C9F4,Palakkad Ahalia Women and Childern Hospital EVCS - GO EC,Ahalya Campus,Ahalia Women and Childern Hospital,Elappully,Kerala,678622,,10.79730859,76.82754081,,0,,,,,,,,,,2,Variable rate based on time of the day,,,06/14/2025 17:17:00,06/14/2025 17:17:00
313817,50C15712-FEA4-4986-9D7D-C793E91DF394,Palakkad Ahalia Eye Hospital EVCS - GO EC,Ahalia Eye Hospital Road,Ahalia Campus,Elappully,Kerala,678622,,10.79348727,76.82652951,,0,,,,,,,,,,2,Variable rate based on time of the day,,,06/14/2025 17:13:00,06/14/2025 17:13:00
313816,6AA1146A-9AB0-4950-9E57-AF27B71D3C81,Palakkad Ahalia Food Point EVCS - GO EC,Souriyan Street,Ahalya Campus,Elappully,Kerala,678622,,10.79203226,76.82834712,,0,,,,,,,,,,2,Variable rate based on time of the day,,,06/14/2025 17:10:00,06/14/2025 17:10:00
313815,8E3C1693-51DF-4781-A3CA-D5792382DFA9,Ahalia Walayar - GO EC,NH 544,Pudussery East,Walayar,Kerala,678557,,10.82659305,76.82605307,,0,,,,,,,,,,3,Variable rate based on time of the day,,,06/14/2025 17:05:00,06/14/2025 17:05:00
313814,02A683A8-C042-443D-A3D2-82CAB5DB01D7,Le Sky Dine EVCS - GO EC,NH 544,Koottupaatha,Palakkad,Kerala,678007,,10.77395725,76.69819741,,0,,,,,,,,,,3,Variable rate based on time of the day,,,06/14/2025 17:01:00,06/14/2025 17:01:00
313813,D8E16E80-C2C6-4A84-94CF-11A6D9AF97F6,Doctor Green EVCS - GO EC,NH 544,Swadi Junction,Alathur,Kerala,678541,,10.64616636,76.55140239,,0,,,,,,,,,,3,Variable rate based on time of the day,,,06/14/2025 16:57:00,06/14/2025 16:57:00
313811,2C673FC0-B007-42C6-A898-30BACFB5B03E,Jeevz - GO EC,Vadakenchery Padur Road,Vengappallil Arcade,Vadakkencherry,Kerala,678683,,10.59323903,76.48253527,,0,,,,,,,,,,1,Variable rate based on time of the day,,,06/14/2025 16:50:00,06/14/2025 16:50:00
313810,B006C1F6-3680-42C2-B540-0D4CD0376A03,Sanjeevani Green - GO EC,Pazhayannur Lakkadi Road,,Thiruvilwamala,Kerala,680588,,10.71002171,76.42879294,,0,,,,,,,,,,2,Variable rate based on time of the day,,,06/14/2025 16:46:00,06/14/2025 16:46:00
313809,93969F48-EACA-493C-9A24-FE8B081415A2,Green Valley - GO EC,Kodungallur Shornur Road,Mullurkkara,Thirissur,Kerala,680583,,10.69271606,76.26858375,,0,,,,,,,,,,4,Variable rate based on time of the day,,,06/14/2025 16:40:00,06/14/2025 16:40:00
313808,292AFC85-C730-4E1E-90A1-C43BE26E9A44,AR Dine - GO EC,Kodungallur Shornur Road,,Cheruthuruthi,Kerala,679531,,10.75038197,76.2747566,,0,,,,,,,,,,1,Variable rate based on time of the day,,,06/14/2025 16:35:00,06/14/2025 16:35:00
313807,E36E0DE0-A7B0-4882-859F-F8BF59530448,EV Super Charging Station,Pattambi Cherppulassery Road,Ongallur,Pattambi,Kerala,679303,,10.80479517,76.20815708,,0,,,,,,,,,,1,Variable rate based on time of the day,,,06/14/2025 16:31:00,06/14/2025 16:31:00
313806,D4298ADC-7C1F-47F3-AFC5-AAA10C42ED4F,Pattambi Power Bank - GO EC,Pattambi Perinthalmanna Road,,Pattambi,Kerala,679303,,10.81106853,76.1864437,,0,,,,,,,,,,4,Variable rate based on time of the day,,,06/14/2025 16:27:00,06/14/2025 16:27:00
313805,FE15A033-D4ED-4990-B16F-BF6267E7DCB4,New Kerala Hotel EVCS - GO EC,Guruvayoor Road,Thavalamparambil,Nhangattiri,Kerala,679303,,10.78488099,76.17067627,,0,,,,,,,,,,1,Variable rate based on time of the day,,,06/14/2025 16:22:00,06/14/2025 16:22:00
313804,EC99965C-4BC2-42C5-BFCD-8CCF0B6AC706,Oasis EV Super Charging Station,Kozhikode Palakkad Highway,Karimba,Mannarkkad,Kerala,678597,,10.93355662,76.5272171,,0,,,,,,,,,,3,Variable rate based on time of the day,,,06/14/2025 16:15:00,06/14/2025 16:15:00
313789,33A6FEEE-F362-4844-8D28-BDCCF0FFF399,Shalimar EVCS - GO EC,Kozhikode Palakkad highway,Valamkulam,Perinthalmanna,Kerala,679322,,10.96529678,76.28389833,,0,,,,,,,,,,2,Variable rate based on time of the day,,,06/14/2025 08:11:00,06/14/2025 08:11:00
313788,1D4B359A-3108-4D5A-B176-68B1545C288F,Green Zone EVCS - GO EC,NH 66,Kattiparuthi,Valanchery,Kerala,679571,,10.87341308,76.06245823,,0,,,,,,,,,,3,Variable rate based on time of the day,,,06/14/2025 07:59:00,06/14/2025 07:59:00
313787,293A4198-4BA0-4141-B200-FBBFC575885B,Environ EVCS,Thrissur Kunnamkuklam Road,,Changaramkulam,Kerala,679591,,10.73956943,76.02927251,,0,,,,,,,,,,2,Variable rate based on time of the day,,,02/25/2026 16:53:00,06/14/2025 07:53:00
313786,819D8484-453D-480D-BA41-E15B8EF3D4CF,CG Cafe EVCS - GO EC,SH 73,Ayanikode Town Masjid,Pandikkad,Kerala,676521,,11.13959615,76.23611346,,0,,,,,,,,,,1,Variable rate based on time of the day,,,06/14/2025 07:49:00,06/14/2025 07:49:00
313785,918F10E0-38C0-4B06-AE0C-761E9D0BB4F1,Karulai Malayora Express EVCS - GO EC,Nilambur Karulayi Road,Near Karulai Service Co-Operative Bank Ltd.,Karulai,Kerala,679331,,11.28804948,76.29798171,,0,,,,,,,,,,1,Variable rate based on time of the day,,,06/14/2025 07:44:00,06/14/2025 07:44:00
313784,60DFBB62-3DD8-4EE4-8BE7-7C4A76A52F43,Jam Joom Super Market - GO EC,Kozhikode Gudalur Road,Chandanakunnu,Nilambur,Kerala,679330,,11.28668073,76.23926379,,0,,,,,,,,,,1,Variable rate based on time of the day,,,06/14/2025 07:40:00,06/14/2025 07:40:00
313783,F0AB76A3-CFFF-4FF0-921D-CF4F5C741D09,ABS Motors - GO EC,Nilambur Malappuram Road,Vadapuram,Nilambur,Kerala,676542,,11.25364726,76.2019012,,0,,,,,,,,,,1,Variable rate based on time of the day,,,06/14/2025 07:37:00,06/14/2025 07:37:00
313782,4CE4716D-7A50-4263-96B2-426B4DEFEB09,VP Mall EVCS - GO EC,Ooty Road,Anakottupuram,Manjeri,Kerala,676123,,11.12891582,76.11539461,,0,,,,,,,,,,3,Variable rate based on time of the day,,,06/14/2025 07:34:00,06/14/2025 07:34:00
313781,D2B30EE9-6856-4E31-8D4E-B128E2B2BB6D,Jam Joom EV Charging Station - GO EC,Kottakunnu Road,Up Hill,Malappuram,Kerala,676505,,11.04318059,76.08430156,,0,,,,,,,,,,1,Variable rate based on time of the day,,,06/14/2025 07:29:00,06/14/2025 07:29:00
313780,718B1563-8BD8-439B-9785-5E2A86B1D5C4,HIQ Highway Market - GO EC,NH 66,Thennala,Venniyour,Kerala,676508,,11.02117549,75.94812609,,0,,,,,,,,,,1,Variable rate based on time of the day,,,06/14/2025 07:24:00,06/14/2025 07:24:00
313779,E0C47811-3DCD-46BC-A835-1955E2F8F090,Chargify EV Super Charging Station,NH 66,Velimukku,Malappuram,Kerala,676317,,11.07841705,75.90276392,,0,,,,,,,,,,1,Variable rate based on time of the day,,,06/14/2025 07:20:00,06/14/2025 07:20:00
313778,64E6C4D5-F05B-4586-9FFE-BBEE30FEA7B1,Reliance Fresh EVCS,NH 66,Pantheeramkavu,Kozhikode,Keral,673019,,11.23473742,75.84670659,,0,,,,,,,,,,1,Variable rate based on time of the day,,,02/25/2026 16:25:00,06/14/2025 07:15:00
313777,F20FFED8-6CE3-41E7-95A8-C6B7F52F2A01,Top Dines Hotel - GO EC,Kozhikode Kollegal Highway,Near Muthnga Weigh Bridge,Muthanga,Kerala,673602,,11.67080199,76.36101966,,0,,,,,,,,,,1,Variable rate based on time of the day,,,06/14/2025 07:11:00,06/14/2025 07:11:00
313776,894389AE-3AF0-4D24-B354-462BEE75CC82,Cafe Manoila - GO EC,Wayanad Road,Opposite Collectors Bungalow,Kalpetta,Kerala,673122,,11.59777661,76.08013837,,0,,,,,,,,,,1,Variable rate based on time of the day,,,06/14/2025 07:03:00,06/14/2025 07:03:00
313775,DA622E45-A250-4890-81E6-4071FA2350E8,CGH Wayanad Wild EV Charging Station - GO EC,Wayanad Road,Kunnathidavaka,Lakkidi,Kerala,673576,,11.51834425,76.0212557,,0,,,,,,,,,,1,Variable rate based on time of the day,,,06/14/2025 06:59:00,06/14/2025 06:59:00
313774,BEE3B80F-F163-4A21-9A03-1566E60C3742,Mall of Mukkom EVCS - GO EC,Edavannappara Koyilandi State Highway,Mall Junction,Mukkom,Kerala,673602,,11.31972723,75.99551711,,0,,,,,,,,,,2,Variable rate based on time of the day,,,06/14/2025 06:54:00,06/14/2025 06:54:00
313773,39FD9D7A-94A3-499F-A9D4-AA7A92BB78EB,HOTAG EV Charging Station - GO EC,Wayanad Road,Parappanpoyil,Thamarassery,Kerala,673574,,11.40469328,75.92956806,,0,,,,,,,,,,1,Variable rate based on time of the day,,,06/14/2025 06:50:00,06/14/2025 06:50:00
313763,21AE2D6A-967B-472F-BFC1-D747A251B4F0,Green Amp EVCS - GO EC,Palazhi Road,Pottammal,Kozhikode,Kerala,673016,,11.25880102,75.80890435,,0,,,,,,,,,,4,,,,06/13/2025 16:28:00,06/13/2025 16:28:00
313762,6FF4CFDF-DDC0-45AC-9A39-DC1EBC32E477,Calicut Malabar Gold - GO EC,Bank Road,Near Gulf Bazar,Kozhikode,Kerala,673004,,11.2578618,75.7802306,,0,,,,,,,,,,2,,,,02/25/2026 16:27:00,06/13/2025 16:12:00
313761,430235E9-6E64-4E71-BD71-F0535ED5E607,Mandrin Sky - GO EC,Kannur Mattannur Road,Chalode,Kannur,Kerala,670595,,11.92755972,75.50047315,,0,,,,,,,,,,1,,,,06/13/2025 16:07:00,06/13/2025 16:07:00
313760,50C8BEE2-56B3-48B4-86C5-B1D1B3DA6A44,JSR EVCS - GO EC,Chovva Kuthuparamba Road,Bavode,Mambaram,Kerala,670622,,11.82580205,75.50895671,,0,,,,,,,,,,1,,,,06/13/2025 16:03:00,06/13/2025 16:03:00
313759,75B8DB77-E096-4EBF-91CC-950046B82229,Kannur H&H,NH 66,Elayavoor,Melechowa,Kerala,670331,,11.8716637,75.39598586,,0,,,,,,,,,,1,,,,06/13/2025 16:00:00,06/13/2025 16:00:00
313758,8532AE52-C03B-42E2-9742-78C3E6EDE35B,G Mall - GO EC,G Mall,South Bazar,Kannur,Kerala,670002,,11.88020075,75.37466479,,0,,,,,,,,,,2,,,,06/13/2025 15:58:00,06/13/2025 15:58:00
313757,7923D92C-2968-4A38-AFE0-7903FBCF5D2B,Exit 17 - GO EC,NH 66,Cheruthazham,Payyannur,Kerala,670309,,12.08863773,75.25264585,,0,,,,,,,,,,2,,,,06/13/2025 15:54:00,06/13/2025 15:54:00
313756,C6BEEBD4-5851-4BAB-89CE-E9FCD1A47C86,Periya A Star - GO EC,NH 66,Vadakkekkara,Hosdurg,Kerala,671316,,12.40580531,75.09629761,,0,,,,,,,,,,1,,,,06/13/2025 15:55:00,06/13/2025 15:51:00
313755,F764B6C0-3648-4876-82F7-93C3924F3E7D,Roshi EVCS (EVOK) - ChargeMOD,Bank Road,Beeranthabali,Kasaragod,Kerala,671123,,12.50597417,74.98678089,,0,,,,,,,,,,1,Variable rate based on time of the day,,,06/13/2025 15:46:00,06/13/2025 15:46:00
313754,B009DC8D-B421-4B2F-BDD0-9D117710A163,Kanhangad KSEB EVCS - ChangeMOD,Kanhangad - Malom Road,Near KSEB Substation,Kanhangad,Kerala,671531,,12.34250549,75.11266367,,0,,,,,,,,,,7,Variable rate based on time of the day,,,06/13/2025 15:42:00,06/13/2025 15:42:00
313753,1E5AC844-D687-4CA3-8494-5146BFCD4442,Ammas Fast - ChargeMOD,Ammas Tata Motors,V V Nagar,Cheruvathur,Kerala,671313,,12.22720023,75.15911994,,0,,,,,,,,,,3,Variable rate based on time of the day,,,06/13/2025 15:37:00,06/13/2025 15:37:00
313752,BED6E662-0C1D-493A-8D26-9DBAA553ED95,Mathil Service Co-Operative Bank EVCS - ChargeMOD,Mathil Perul Mathamangalam Road,Mathamangalam,Mathil,Kerala,670307,,12.17697015,75.2467558,,0,,,,,,,,,,3,Variable rate based on time of the day,,,06/13/2025 15:33:00,06/13/2025 15:32:00
313751,34E54D26-7AB3-4885-91C9-20066EF2B1AF,EQ Point EVCS - ChargeMOD,Vellur Cherupuzha Road,Aravnchal,Payyannur,Kerala,670306,,12.20776624,75.27945213,,0,,,,,,,,,,2,Variable rate based on time of the day,,,06/13/2025 15:28:00,06/13/2025 15:28:00
313750,AC6F87B9-484D-4FC0-B46D-EEF12C1B99D5,PCR Bank EVCS - ChargeMOD,NH66,Near Pappinisseri Co-Operative Bank,Bakkalam,Kerala,670567,,11.99744945,75.37090753,,0,,,,,,,,,,2,Variable rate based on time of the day,,,06/13/2025 15:22:00,06/13/2025 15:22:00
313749,A85B5084-6ACB-485C-83C0-A0FB2943C587,Manjapalam KSEB EVCS - ChargeMOD,Near KSEB Substation,Manal,Kannur,Kerala,670014,,11.87836828,75.35952615,,0,,,,,,,,,,6,Variable rate based on time of the day,,,06/13/2025 15:18:00,06/13/2025 15:18:00
313748,F5ADC1A5-E062-4410-939A-DF9369A0F062,Eastend Hotel and Resorts - ChargeMOD,Temple Road,Silent Valley,Munnar,Kerala,685612,,10.0873794,77.06169963,,0,,,,,,,,,,3,Variable rate based on time of the day,,,06/13/2025 15:12:00,06/13/2025 15:12:00
313747,21921FCD-7497-43BA-84D2-32C7C96157A9,Sky Penta EVCS - ChargeMOD,Sky Penta Residency,,Iritty,Kerala,670703,,11.98556153,75.67618166,,0,,,,,,,,,,1,Variable rate based on time of the day,,,06/13/2025 15:03:00,06/13/2025 15:03:00
313746,179BDD97-10D8-41D6-BEB6-8B0B9A238257,Reboost EVCS - ChargeMOD,Koothuparamba Kuttiyadi Road,Near Bus Stand,"Panoor, Kannur",Kerala,695582,,11.75486663,75.57806506,,0,,,,,,,,,,1,Variable rate based on time of the day,,,06/13/2025 14:59:00,06/13/2025 14:59:00
313745,505298DB-A49E-41EF-8D7B-CB59F13999A1,Mindful EVCS - ChargeMOD,NH66,,Payyoli,Kerala,673522,,11.52044492,75.61798774,,0,,,,,,,,,,1,Variable rate based on time of the day,,,06/13/2025 14:53:00,06/13/2025 14:53:00
313744,FD6242CC-CA32-4090-955A-8B52103D9198,EVOK Charger - ChargeMOD,SH 54,Paleri,Kuttiyady,Kerala,673508,,11.64890104,75.75593648,,0,,,,,,,,,,1,Variable rate based on time of the day,,,06/13/2025 14:49:00,06/13/2025 14:49:00
313743,75D22526-0E86-4213-A553-B276759F77A8,Banasura Sagar KSEB EVCS - ChargeMOD,Banasura Sagar Dam Parking,,Padinjarathara,Kerala,673122,,11.67292398,75.95730581,,0,,,,,,,,,,6,Variable rate based on time of the day,,,06/13/2025 14:22:00,06/13/2025 14:22:00
313742,A86320C9-16B2-4524-970C-D9B207E3FE1C,Empire Restaurant - ChargeMOD,Manathavady Pakramthalam Road,Porunnanore,Tharuvana,Kerala,670645,,11.73640531,75.98674423,,0,,,,,,,,,,2,Variable rate based on time of the day,,,06/13/2025 14:17:00,06/13/2025 14:17:00
313741,44CC5D68-F713-4112-ADF8-84E1F3787B19,Hotel Wayanad Square - ChargeMOD,Peruvaka Road,Opposite BSNL Exchange,Mananthavady,Kerala,670645,,11.79697764,76.00660113,,0,,,,,,,,,,2,Variable rate based on time of the day,,,06/13/2025 14:13:00,06/13/2025 14:13:00
313740,4558AAF5-AA1F-4839-8A74-8D0D911C89D3,Adhithya (EVOK) - ChargeMOD,Ooty Road,,Sulthan Bathery,Kerala,673592,,11.66208634,76.26492171,,0,,,,,,,,,,4,Variable rate based on time of the day,,,06/13/2025 14:09:00,06/13/2025 14:09:00
313739,14DFBF2F-2B55-4160-AE25-BAA4227C6D93,Meenangadi EVCS - ChargeMOD,Kozhikode Mysore Road,,Meenangadi,Kerala,673122,,11.6540457,76.15358524,,0,,,,,,,,,,2,Variable rate based on time of the day,,,06/13/2025 14:05:00,06/13/2025 14:05:00
313738,D4997C66-5B49-47F7-A9DD-E66C1011937F,Konfudha Resort - ChargeMOD,Vellaramkunnu Odathodu Road,Madiyur,Kalpetta,Kerala,673127,,11.59145545,76.07090978,,0,,,,,,,,,,4,Variable rate based on time of the day,,,06/13/2025 14:02:00,06/13/2025 14:02:00
313737,E142605D-69A9-491A-AEFF-58018990F44D,Vythiri KSEB EVCS - ChargeMOD,Wayanad Road,Near KSEB Electrical Section,Vythiri,Kerala,673576,,11.54575372,76.03937193,,0,,,,,,,,,,6,Variable rate based on time of the day,,,06/13/2025 13:59:00,06/13/2025 13:59:00
313736,B3F18E72-178E-4253-B13C-2C5B03F2C99F,Thamarassery KESEB EVCS - ChargeMOD,Wayanad Road,Near KSEB Substation,Thamarassery,Kerala,673615,,11.44408743,75.95587691,,0,,,,,,,,,,6,Variable rate based on time of the day,,,06/13/2025 13:54:00,06/13/2025 13:54:00
313735,BFA1FC0E-C0BF-422F-9BFD-35E503491C55,Locus EVCS - ChargeMOD,Wayanad Road,Vennakkad,Koduvally,Kerala,673572,,11.33968384,75.89871569,,0,,,,,,,,,,6,Variable rate based on time of the day,,,06/13/2025 13:46:00,06/13/2025 13:46:00
313734,767C2D21-E3AC-4A8A-BBEA-BCD28A0C9D07,Yadav EV Charging Station - ChargeMOD,Wayanad Road,Kuruvattoor,Kunnamangalam,Kerala,673571,,11.31169215,75.8825934,,0,,,,,,,,,,2,Variable rate based on time of the day,,,06/13/2025 13:42:00,06/13/2025 13:42:00
313733,792A8996-DDE6-41DA-B5E6-2B3F330B4D2F,Kuttoth Enterprises EVCS - ChargeMOD,CWRDM Road,Iringadampalli Junction,Kozhikode,Kerala,673017,,11.28067356,75.82463167,,0,,,,,,,,,,1,Variable rate based on time of the day,,,06/13/2025 13:39:00,06/13/2025 13:39:00
313732,C276446F-D1A6-4540-BBBD-2B221E485784,RG Nallanna EVCS (EVOK) - ChargeMOD,CWRDM Roard,Vrindavan Colony,Kozhikode,Kerala,673017,,11.28081467,75.82434977,,0,,,,,,,,,,1,Variable rate based on time of the day,,,06/13/2025 13:37:00,06/13/2025 13:37:00
313731,2DA346BB-AB5D-4D41-899C-4101BBB5FB13,Solar Sparks EVCS - ChargeMOD,NH 66,Near Govt. UP School,Koyilandi,Kerala,673306,,11.42767541,75.70299624,,0,,,,,,,,,,1,Variable rate based on time of the day,,,06/13/2025 13:33:00,06/13/2025 13:33:00
313729,F9A4E6C3-3138-4873-AE83-BFD5EA15B50D,Hotel Arcore,KRS Road,Metagalli,Mysuru,Karnataka,570003,,12.3526874,76.6292033,,0,,,,,,,,,,1,,,,06/13/2025 13:27:00,06/13/2025 13:27:00
313728,6D263697-5F96-4040-9EB2-407D18C8CF40,Manipal Hospital Mysore,"No. 85-86, Bangalore-Mysore Ring Road Junction Bannimantapa 'A' Layout","Siddique Nagar, Mandi Mohalla",Mysuru,Karnataka,570015,,12.35014588,76.66019891,,0,,,,,,,,,,1,,,,06/13/2025 13:24:00,06/13/2025 13:24:00
313727,75A06647-93B9-454A-88A8-0BF19335B206,Pavangad KSEB EVCS - ChargeMOD,Koothuparamba Chovva Bypass,Near KSEB Substation,Pavangad,Kerala,673021,,11.31241162,75.75859063,,0,,,,,,,,,,6,Variable rate based on time of the day,,,06/13/2025 13:22:00,06/13/2025 13:22:00
313726,B29EC31A-962F-4783-B5DF-A168247E082F,Gandhi Road KSEB EVCS - ChargeMOD,Gandhi Road,Vellayil,Kozhikode,Kerala,673032,,11.26278446,75.76824105,,0,,,,,,,,,,1,Variable rate based on time of the day,,,06/13/2025 13:17:00,06/13/2025 13:17:00
313725,ED35BB62-7306-4F59-8DBA-585FE8A81002,Mountainpass Residency - ChargeMOD,Kozhikode Gudalur Road,Anamari,Vazhikadavu,Kerala,679333,,11.38662806,76.35472249,,0,,,,,,,,,,1,Variable rate based on time of the day,,,06/13/2025 13:13:00,06/13/2025 13:13:00
313724,F01F5B27-33CE-49BA-8AB6-72EDAFB7F124,Trends Edavannappara EVCS - ChargeMOD,Edavannappara Kondotty Road,Vazhakkadu,Edavannappara,Kerala,673640,,11.24532315,75.97749175,,0,,,,,,,,,,1,Variable rate based on time of the day,,,06/13/2025 13:10:00,06/13/2025 13:10:00
313723,EEA8DED6-EE08-4B6F-97AF-09097F938343,Indus Motors - ChargeMOD,Calicut Road,Chungam,Feroke,Kerala,673634,,11.18074376,75.85119864,,0,,,,,,,,,,1,Variable rate based on time of the day,,,06/13/2025 13:05:00,06/13/2025 13:05:00
313722,CBAAAAF1-BFA4-480B-9121-1E21233E5B6C,Kay Pees Electricals (EVOK) - ChargeMOD,Kozhikod Palakkad Highway,,Pulikkal,Kerala,673638,,11.16886778,75.92676863,,0,,,,,,,,,,1,Variable rate based on time of the day,,,06/13/2025 13:02:00,06/13/2025 13:02:00
313721,4B938AF8-F3DA-42D0-A76C-06AAB9FC3E8C,RG Nallanna EVCS (EVOK) - ChargeMOD,Palakkad Kozhikode Highway,RG Nallanna Office,Aikkarapadi,Kerala,673638,,11.17327991,75.9021518,,0,,,,,,,,,,1,Variable rate based on time of the day,,,06/13/2025 12:59:00,06/13/2025 12:59:00
313720,4EBE8D3A-5663-4C6A-ADAE-C5131E7CDF84,Barakah Tiles and Stones | EVOK | Thenhipalam,NH66 Service Road,Near Calicut University,Pingottoormad,Kerala,673636,,11.14491898,75.89616976,,0,,,,,,,,,,2,Variable rate based on time of the day,,,01/23/2026 11:55:00,06/13/2025 12:55:00
313719,A0BE694E-30FF-4BD5-869A-713F079A1E10,Tirur KSEB EVCS - ChargeMOD,Tirur Tanur Road,Thazhepalam,Tirur,Kerala,676101,,10.91624728,75.91828654,,0,,,,,,,,,,5,Variable rate based on time of the day,,,06/13/2025 12:49:00,06/13/2025 12:49:00
313718,91C24211-DE4B-4EDA-B9F0-DB8DF7AB44B1,Relax Point Restaurant,NH 66,Puramannur,Karippol,Kerala,676552,,10.92282041,76.03291841,,0,,,,,,,,,,2,Variable rate based on time of the day,,,06/13/2025 12:44:00,06/13/2025 12:44:00
313717,526373F4-C184-4DEE-8CFD-02A909B6AD25,Thirunilath ECVS Charging Station - ChargeMOD,Puthuparamba Road,Edarikkode,Kottakkal,Kerala,676501,,11.00172659,75.98044942,,0,,,,,,,,,,2,Variable rate based on time of the day,,,06/13/2025 12:40:00,06/13/2025 12:40:00
313716,F354F944-847D-4FED-B3C9-992E12DF3032,Malappuram KSEB EVCS - ChargeMOD,Cheri Road,Near KSEB Substation,Munduparamba,Kerala,676509,,11.05422453,76.09214302,,0,,,,,,,,,,6,Variable rate based on time of the day,,,06/13/2025 12:36:00,06/13/2025 12:36:00
313715,C0C085D9-153B-4004-A172-58B2701784E6,Krishna Enterprises - ChargeMOD,Rajiv Gandhi Bypass,Melakkam,Manjeri,Kerala,676121,,11.12303335,76.11586843,,0,,,,,,,,,,1,Variable rate based on time of the day,,,06/13/2025 12:32:00,06/13/2025 12:32:00
313714,744C79DA-503E-43BA-A30A-D971CD7F9125,Golden Baked EVCS - ChargeMOD,Achippilakkal Road,Kuthukal,Manjeri,Kerala,676121,,11.12341107,76.12418516,,0,,,,,,,,,,1,Variable rate based on time of the day,,,06/13/2025 12:30:00,06/13/2025 12:30:00
313713,669BCF22-A220-4AF6-8090-D85993B450E2,EcoCharge EVCS - ChargeMOD,Thekkemana Amakkad Road,Vayylathrapadi,Pandikkad,Kerala,676521,,11.09639986,76.21070705,,0,,,,,,,,,,2,Variable rate based on time of the day,,,06/13/2025 12:27:00,06/13/2025 12:27:00
313712,9432124C-A2C2-4B7B-83BF-53592AE2177D,MKM Melattur (EVOK) - ChargeMOD,Karuvarakundu Perinthalmanna Road,,Melattur,Kerala,679326,,11.05620809,76.27851203,,0,,,,,,,,,,2,Variable rate based on time of the day,,,06/13/2025 12:23:00,06/13/2025 12:23:00
313711,1207B2EF-E2A6-4F34-97F7-6EFC7E1AB139,Green Drive EVCS - ChargeMOD,Perinthalmanna Melattur Road,Near MEA Engineering College,Vengoor,Kerala,679325,,11.03450239,76.26188661,,0,,,,,,,,,,1,Variable rate based on time of the day,,,06/13/2025 12:20:00,06/13/2025 12:20:00
313710,84F4D59D-AF48-4207-847D-33249881A720,Hotel Mughal Park - ChargeMOD,Manjeri Perinthalmanna Road,,Perinthalmanna,Kerala,679322,,10.97719389,76.22165089,,0,,,,,,,,,,2,Variable rate based on time of the day,,,06/13/2025 12:17:00,06/13/2025 12:17:00
313709,97B1EC1A-8233-4791-8FCB-5EE60730FFB3,Avenue Plaza - ChargeMOD,Palakkad Kozhikode Highway,Near MES Kalladi College,Mannarkkad,Kerala,678583,,10.98886452,76.43668851,,0,,,,,,,,,,2,Variable rate based on time of the day,,,06/13/2025 12:14:00,06/13/2025 12:14:00
313708,B4BD2E04-C610-4DE6-B687-7C0AB797C582,Velanthavalam,Nattukal Vellamthavalam Road,Opposite BPCL Petrol Pump,Vellamthavalam,Kerala,678557,,10.80936299,76.84632159,,0,,,,,,,,,,4,Variable rate based on time of the day,,,06/13/2025 12:09:00,06/13/2025 12:09:00
313707,1DAB054F-D701-4234-99AD-B968951F1BB6,Flash Charge EVCS - ChargeMOD,NH 544,Chullimada,Kanjikkode,Kerala,678621,,10.80227998,76.78520299,,0,,,,,,,,,,2,Variable rate based on time of the day,,,06/13/2025 12:04:00,06/13/2025 12:04:00
313706,00E83E82-033D-43C8-942D-D59A5B1B22B2,Electrica EVCS - ChargeMOD,Palakkad Ponnani Road,Opposite Kallellad Police Camp,Palakkad,Kerala,678006,,10.78535486,76.60395568,,0,,,,,,,,,,2,Variable rate based on time of the day,,,06/13/2025 12:00:00,06/13/2025 12:00:00
313705,1FA7F2BC-0B65-4799-A595-C1CCE4ED3766,Sihla Energy - ChargeMOD,Kozhikode Palakkad Highway,,Mundur,Kerala,678592,,10.83949185,76.57999971,,0,,,,,,,,,,1,Variable rate based on time of the day,,,06/13/2025 11:56:00,06/13/2025 11:56:00
313704,9B987F1D-F10C-46D3-8446-5AE853B25EA4,Lakshmi KRS EVCS - ChargeMOD,Ottappalam Mannarkkad Road,Bhoothathankotta,Sreekrishnapuram,Kerala,679514,,10.89808011,76.39529565,,0,,,,,,,,,,1,Variable rate based on time of the day,,,06/13/2025 11:52:00,06/13/2025 11:52:00
313703,6EAC2079-8248-4163-B251-ABF413FDD9EE,Evee Buddy - ChargeMOD,Palakkad Shornur Road,Mangalam,Lakkidi,Kerala,679301,,10.77814249,76.43743038,,0,,,,,,,,,,2,Variable rate based on time of the day,,,06/13/2025 11:46:00,06/13/2025 11:46:00
313702,AA627F63-5336-4B41-B76B-EF87C4A94D11,Kulappully KSEB EVCS - ChargeMOD,Palakkad Ponnani Road,,Kulappully,Kerala,679122,,10.77974601,76.28528086,,0,,,,,,,,,,9,Variable rate based on time of the day,,,06/13/2025 11:41:00,06/13/2025 11:41:00
313701,F21EF36A-87D7-479A-BADD-4CC9D2F90B3E,Syndicate Mall and Cinemas,Perinthalmanna Road,Karinganad,Koppam,Kerala,679309,,10.87826592,76.18760662,,0,,,,,,,,,,1,Variable rate based on time of the day,,,06/13/2025 11:35:00,06/13/2025 11:35:00
313700,A74CAE1F-DC46-433E-8283-9505229154D3,Medi Mall EVCS - ChargeMOD,Pallippuram Pattambi Road,Near Private Bus Stand,Pattambi,Kerala,679303,,10.80158611,76.17840843,,0,,,,,,,,,,2,Variable rate based on time of the day,,,06/13/2025 11:31:00,06/13/2025 11:31:00
313699,91709092-0520-4534-8F05-F9849C6313EB,Koottanad KSEB EVCS - ChargeMOD,Cheruthuruthi Koottanad Road,Near KSEB Substation,Kootanad,Kerala,679533,,10.7582932,76.13036645,,0,,,,,,,,,,1,Variable rate based on time of the day,,,06/13/2025 11:27:00,06/13/2025 11:27:00
313698,DF004ED0-41BB-401E-8151-ACECC61F85D4,Sihla Energy EVCS - ChargeMOD,SH 69,,Changaramkulam,Kerala,679571,,10.73455196,76.04864669,,0,,,,,,,,,,2,Variable rate based on time of the day,,,06/13/2025 11:18:00,06/13/2025 11:18:00
313697,F01A7C09-33BA-4A99-9043-8D3B63EC2B18,Kadharkkante Chayakkada - ChargeMOD,SH 69,Nannamukku,Changaramkulam,Kerala,679591,,10.73260554,76.03743007,,0,,,,,,,,,,1,Variable rate based on time of the day,,,06/13/2025 11:14:00,06/13/2025 11:14:00
313696,C4BD60A0-CB9B-485C-8CDF-F6E8931E594D,Maranchery Bank EVCS - ChargeMOD,Guruvayoor Ponnani Road,Althara,Maranchery,Kerala,679581,,10.73382407,75.97481312,,0,,,,,,,,,,2,Variable rate based on time of the day,,,06/13/2025 11:10:00,06/13/2025 11:10:00
313695,59105680-D811-4EF8-805A-9127C7A45F83,Sihla Energy CV Junction,NH 66,CV Junction,Ponnanu,Kerala,679586,,10.78474624,75.94715236,,0,,,,,,,,,,1,Variable rate based on time of the day,,,06/13/2025 11:05:00,06/13/2025 11:05:00
313694,48316868-B898-4A7D-84CF-7048216E089F,Ponnani KSEB EVCS - ChargeMOD,Guruvayoor Ponnani Road,Near KSEB Substation,Ponnani,Kerala,679586,,10.77270263,75.9471515,,0,,,,,,,,,,6,Variable rate based on time of the day,,,06/13/2025 11:01:00,06/13/2025 11:01:00
313693,0D477D77-14E9-4564-B3CB-9D2866066122,Flash Charge EVCS - ChargeMOD,Kunnamkulam Wadakkanchery Road,Nelluvaya,Erumappetti,Kerala,680584,,10.68134082,76.16966999,,0,,,,,,,,,,2,Variable rate based on time of the day,,,06/13/2025 10:52:00,06/13/2025 10:52:00
313692,52176D3B-1DFD-45C9-BCF8-469BDB692B0C,SR Power Hub - ChargeMOD,Thrissur Shornur Road,Pathamkalu,Wadakkanchery,Kerala,680623,,10.64441131,76.23665238,,0,,,,,,,,,,4,Variable rate based on time of the day,,,06/13/2025 10:49:00,06/13/2025 10:49:00
313690,2B1D4C9B-F5F2-46EF-B61A-912597B04EE7,Executive EVCS - ChargeMOD,Thrissur Kunnamkulam Road,Eranellur,Kechery,Kerala,680501,,10.61662659,76.12578392,,0,,,,,,,,,,3,Variable rate based on time of the day,,,06/13/2025 10:45:00,06/13/2025 10:45:00
313688,BA0056E7-4340-47AA-8237-104AB95F323D,Core Multicusine Restaurant - ChargeMOD,Thrissur Shornur Road,M. G. Kavu,Killannur,Kerala,680581,,10.60582367,76.21178763,,0,,,,,,,,,,1,Variable rate based on time of the day,,,06/13/2025 10:41:00,06/13/2025 10:41:00
313683,C8B53131-4C1A-4769-8F7D-8984280771BD,Plug and Share Charge EVCS - ChargeMOD,Thrissur Shornur Road,Peringavu,Thrissur,Kerala,680002,,10.54056179,76.21568678,,0,,,,,,,,,,2,Variable rate based on time of the day,,,06/13/2025 09:40:00,06/13/2025 09:40:00
313682,9461A71F-66D3-4B34-973C-D4C92542AB4F,Vydyuthi Bhavan KSEB EVCS - ChargeMOD,Kottappuram Road,Kottappuram,Thrissur,Kerala,680004,,10.52779471,76.20534385,,0,,,,,,,,,,6,Variable rate based on time of the day,,,06/13/2025 09:35:00,06/13/2025 09:35:00
313681,96D5C001-976A-4575-ADC4-528072DA3D8C,V8 Car Spa (EVOK) - ChargeMOD,Thrissur Palakkad Road,Kizhakkumpattukara,Thrissur,Kerala,680005,,10.5213323,76.23075685,,0,,,,,,,,,,2,Variable rate based on time of the day,,,06/13/2025 09:31:00,06/13/2025 09:31:00
313679,6F2D6042-4D8B-4DF1-978B-CF97BB8A40BC,Guardian EV Charging Station by Imminent Future - ChargeMOD,Thrissur Palakkad Road,"Opposite Lourds Cathedral, East Fort",Thrissur,Kerala,680005,,10.52203616,76.2275689,,0,,,,,,,,,,1,Variable rate based on time of the day,,,06/13/2025 09:28:00,06/13/2025 09:28:00
313678,911199C7-A198-4EEB-8E9E-5CC10D458F5D,Anchorage AC - ChargeMOD,High Road,Asset Anchorage Parking,Mundupalam,Kerala,680006,,10.51150301,76.22112426,,0,,,,,,,,,,1,Variable rate based on time of the day,,,01/23/2026 11:03:00,06/13/2025 09:25:00
313677,C4C549D0-BDB5-4899-A021-28F484E58653,Flash Hub EVCS - ChargeMOD,High Road,Kuriachira,Thrissur,Kerala,680006,,10.50445167,76.22534147,,0,,,,,,,,,,4,Variable rate based on time of the day,,,06/13/2025 09:22:00,06/13/2025 09:22:00
313676,A2E4DAFB-A04E-411B-A437-1CD095CD97E9,Hotel Bhavan EVCS (EVOK) - ChargeMOD,NH 66,Elitepadi,Engandiyoor,Kerala,680615,,10.49768853,76.06464226,,0,,,,,,,,,,1,Variable rate based on time of the day,,,06/13/2025 09:17:00,06/13/2025 09:17:00
313675,A5AF9FEB-FBD3-406E-BE50-99FAC355D1A4,Surya Hotel (EVOK) - ChargeMOD,Chazhoor Pazhuvil Road,Opposite to Community Hall,Chazhoor,Kerala,680571,,10.43156926,76.14255951,,0,,,,,,,,,,2,Variable rate based on time of the day,,,06/13/2025 09:14:00,06/13/2025 09:14:00
313673,FD6D1F7E-B525-4FFD-8A44-0E6E3D2D2865,Valappad KSEB EVCS - ChargeMOD,Substation Quaters Road,Near Valappad KSEB Substation,Valappad,Kerala,680567,,10.40173221,76.11933512,,0,,,,,,,,,,6,Variable rate based on time of the day,,,06/13/2025 09:08:00,06/13/2025 09:08:00
313672,0FE5D6DF-E0C1-4EDE-A309-3CFB463229F2,Nattika FIRKA Service Co-Operative Bank - ChargeMOD,NH 66,Near Nattika Service Co-Operative Bank,Nattika,Kerala,680567,,10.40243778,76.11263308,,0,,,,,,,,,,2,,,,06/13/2025 09:05:00,06/13/2025 09:05:00
313671,C51C1BA5-22F5-4540-9D94-28E0DD7B615C,Sihla Energy EVCS - ChargeMOD,Kodungalloor Thrissur Road,Cheriyapalam,Karuvannur,Kerala,680711,,10.408609,76.2140256,,0,,,,,,,,,,2,Variable rate based on time of the day,,,03-02-26 20:59,06/13/2025 09:01:00
313670,B30A08F5-1664-4B31-8478-58C94C33B5BB,Irinjalakkuda KSEB EVCS - ChargeMOD,Kodungallor Thrissur Road,Kolothumpadi,Irinjalakkuda,Kerala,680661,,10.3314231,76.21526077,,0,,,,,,,,,,1,Variable rate based on time of the day,,,06/13/2025 08:57:00,06/13/2025 08:57:00
313669,A2B2507E-D70F-4F4A-A22C-0879CFC58946,Changathikoottam EVCS - ChargeMOD,SH 58,Near Avitis Hospital,Nenmara,Kerala,678508,,10.59340334,76.5835252,,0,,,,,,,,,,1,Variable rate based on time of the day,,,06/13/2025 08:52:00,06/13/2025 08:52:00
313667,BF661CEF-4DE7-4BED-A43B-9237B2F6418D,Vadakkenchery KSEB EVCS - ChargeMOD,Vadakkenchery Padur Road,Near KSEB Substation,Vadakkenchery,Kerala,678686,,10.59723817,76.47984937,,0,,,,,,,,,,6,Variable rate based on time of the day,,,06/13/2025 08:48:00,06/13/2025 08:48:00
313665,EDD2052B-03FD-48A3-8E90-DC3C152AAFD7,Evee Buddy - ChargeMOD,NH 544,Near College of Applied Science Bus Stop,Vadakkencherry,Kerala,678683,,10.59195731,76.46571177,,0,,,,,,,,,,2,Variable rate based on time of the day,,,06/13/2025 08:42:00,06/13/2025 08:42:00
313662,7035D967-D021-4F6D-A7DF-916E0B15250F,Plugin EVCS - ChargeMOD,NH544,Near Fish Bites Restaurant,Marathakkara,Kerala,680306,,10.47682692,76.25758185,,0,,,,,,,,,,3,Variable rate based on time of the day,,,07/20/2025 12:15:00,06/13/2025 08:37:00
313661,4749F48C-9B44-49A2-AE0C-7A56542572DF,Topup Zone EVCS - ChargeMOD,Nenmanikkara Road,Nenmanikkara,Amballur,Kerala,680302,,10.43389238,76.26514872,,0,,,,,,,,,,2,Variable rate based on time of the day,,,06/13/2025 08:33:00,06/13/2025 08:33:00
313659,C44E17F7-38BD-4BBC-8BFE-B5F604CE09D2,EV Point EVCS - ChargeMOD,NH 544,Kolathoor,Kodakara,Kerala,680699,,10.38066087,76.29768618,,0,,,,,,,,,,2,Variable rate based on time of the day,,,06/13/2025 08:28:00,06/13/2025 08:28:00
313658,ACEC771F-A23D-4B77-98EF-7161A2647A16,Korner EVCS - ChargeMOD,Kanakamala,Kodakara,Thrissur,Kerala,680684,,10.36704848,76.31535658,,0,,,,,,,,,,1,Variable rate based on time of the day,,,06/13/2025 08:25:00,06/13/2025 08:25:00
313656,C2759386-26B1-4E93-B084-46945E9708A9,Flash Charge EVCS - ChargeMOD,"NH 544, Chennai Ananda Bhavan Hotel",Potta,Chalakudy,Kerala,680689,,10.33960893,76.32174631,,0,,,,,,,,,,2,Variable rate based on time of the day,,,06/13/2025 08:21:00,06/13/2025 08:21:00
313655,0651C1AB-88CC-4D1C-A26B-DD43CC765077,Edassery Samrudhi Hypermarket (EVOK) - ChargeMOD,South Junction,South Chalakudy,Chalakudy,Kerala,680307,,10.30310177,76.33704224,,0,,,,,,,,,,1,Variable rate based on time of the day,,,06/13/2025 08:18:00,06/13/2025 08:18:00
313654,3EF8764D-4069-402C-8322-DA7E60E1BB7F,Indian Coffee House (EVOK) - ChargeMOD,NH 544,Muringur,Chalakkudy,Kerala,680309,,10.2893433,76.3370682,,0,,,,,,,,,,1,Variable rate based on time of the day,,,06/13/2025 08:15:00,06/13/2025 08:15:00
313653,4D4ECC8C-20A0-4C47-A1C7-3BF54439AE18,Clay House Hotel,NH 544,Muringoor,Chalakkudy,Kerala,680309,,10.28557423,76.34237765,,0,,,,,,,,,,1,Variable rate based on time of the day,,,06/13/2025 08:12:00,06/13/2025 08:12:00
313650,CD197F05-9B4B-4BD3-8378-A4FAA5091BFE,Hill View Resort (EVOK) - ChargeMOD,Chalakudy Anamala Road,Pariyaram,Athirappilly,Kerala,680721,,10.28603965,76.55851558,,0,,,,,,,,,,2,Variable rate based on time of the day,,,06-12-25 12:31,06-12-25 12:31
313649,A3B61EE3-BBBC-4400-8DD3-FCA6475C0009,EVOK Charging Station - ChargeMOD,NH 544,Karayamparambu,Angamaly,Kerala,683572,,10.21406148,76.37936729,,0,,,,,,,,,,1,Variable rate based on time of the day,,,06-12-25 12:28,06-12-25 12:28
313648,63105730-F20B-4947-9171-F00634C1AF17,Edassery Blue Bells EVCS - ChargeMOD,Angadikadavu Road,Edassery Blue Bells Hotel,Angamaly,Kerala,683572,,10.19714412,76.38410959,,0,,,,,,,,,,2,Variable rate based on time of the day,,,06-12-25 14:38,06-12-25 12:25
313647,61CF3321-8F5D-4C59-A47C-AC4134FDBB20,Hotel Elite Palazzo,NH 544,Bank Junction,Angamaly,Kerala,683572,,10.1897534,76.38664227,,0,,,,,,,,,,2,Variable rate based on time of the day,,,07/26/2025 14:49:00,06-12-25 12:22
313646,EBBF21AE-BDE3-49C6-A01C-F8459C9A2F8D,ChargeMOD EVCS Hub,NH 544,Mekkad,Nedumbassery,Kerala,683589,,10.1695516,76.37225561,,0,,,,,,,,,,6,Variable rate based on time of the day,,,06-12-25 12:18,06-12-25 12:18
313645,1DE05517-EF90-4935-A206-F1B06B9B3232,CIAL Terminal 3,Terminal 3 Parking,,Nedumbassery,Kerala,683589,,10.15658638,76.39193156,,0,,,,,,,,,,4,,,,06-12-25 12:19,06-12-25 12:15
313644,463CBF2B-F382-405A-B54A-7C0E12A3E34B,CIAL Terminal 1,Terminal 1 Parking,,Nedumbassery,Kerala,683589,,10.15686756,76.3889799,,0,,,,,,,,,,4,,,,06-12-25 12:14,06-12-25 12:14
313643,6BB95481-3932-4107-AED9-02D0876F8029,Capgo EVCS - ChargeMOD,Old Airport Road,Presidency Hotel,Nedumbassery,Kerala,683589,,10.15991448,76.38915827,,0,,,,,,,,,,1,Variable rate based on time of the day,,,06-12-25 12:11,06-12-25 12:11
313642,79C1C4FD-813F-4916-A515-F46584A9EA72,Jippus Galaxy EVCS - ChargeMOD,Kariyad Mattoor Road,,Nedumbassery,Kerala,683589,,10.16106206,76.38563078,,0,,,,,,,,,,1,Variable rate based on time of the day,,,06-12-25 12:09,06-12-25 12:09
313641,0753268F-C00C-4916-A7BD-A155AC000D30,Airsuite Airport Hotel,Old Airport Road,Opposite Cochin International Airport,Nedumbassery,Kerala,683589,,10.15929513,76.37852288,,0,,,,,,,,,,1,Variable rate based on time of the day,,,01/23/2026 10:36:00,06-12-25 12:07
313640,BF3C094A-8924-415D-BB99-F70B390BB553,North Paravoor KSEB EVCS - ChargeMOD,Aluva Paravoor Road,Mannam,North Paravoor,Kerala,683520,,10.14563298,76.25690381,,0,,,,,,,,,,5,Variable rate based on time of the day,,,06-12-25 12:03,06-12-25 12:03
313639,4779F352-6BCB-44B1-9FF0-1954E0C02157,Dhruv EVCS - ChargeMOD,Manjaly Athani Road,Chakka,Kunnukara,Kerala,683578,,10.15491305,76.28601445,,0,,,,,,,,,,2,Variable rate based on time of the day,,,06-12-25 12:00,06-12-25 12:00
313638,4E71B70E-2992-471A-81C7-FDABD62F94FA,Sulfex Mattress (EVOK) - ChargeMOD,NH544,Ambattukavu,Choornikkara,Kerala,683501,,10.08155965,76.33986742,,0,,,,,,,,,,1,Variable rate based on time of the day,,,06-12-25 11:56,06-12-25 11:56
313637,C25CB32A-BF34-4408-94D6-5D539010FF51,EVM MG Motors Coastline Garage - ChargeMOD,NH 544,Choornikkara,Kochi,Kerala,683106,,10.07728448,76.33764123,,0,,,,,,,,,,2,Variable rate based on time of the day,,,06-12-25 11:54,06-12-25 11:54
313636,CF10611C-1E87-421A-B7D2-43A527DF9A0D,Steelane (EVOK) - ChargeMOD,Seaport Airport Road,Kaipadamugal,Kalamassery,Kerala,682021,,10.04043387,76.33852407,,0,,,,,,,,,,1,Variable rate based on time of the day,,,06-12-25 11:49,06-12-25 11:49
313635,50F45E7C-4E74-422C-AB9A-88D42B664832,Kalamassery KSEB EVCS - ChargeMOD,HMT Road,North Kalamassery,Kalamassery,Kerala,683104,,10.05377003,76.33086763,,0,,,,,,,,,,6,Variable rate based on time of the day,,,06-12-25 11:46,06-12-25 11:46
313634,CE4A49A4-4268-44AA-AFB9-7DE21178CCE7,Rajagiri College EVCS - ChargeMOD,Karippai Road,South Kalamassery,Kalamassery,Kerala,682039,,10.05245925,76.3146563,,0,,,,,,,,,,3,Variable rate based on time of the day. Only available from 6 AM to 7 PM,,,06-12-25 11:43,06-12-25 11:43
313633,5DD622E6-94AF-40EC-9531-2E9603392FBD,Flash Charge - ChargeMOD,Edappally Pukkattupadi Road,Kizhakkekkara,Edappally,Keral,682024,,10.02776086,76.31117444,,0,,,,,,,,,,2,Variable rate based on time of the day,,,06-12-25 11:39,06-12-25 11:39
313632,7471217D-2397-4696-8185-CCF8FA7B9BA3,Kaloor KSEB EVCS - ChargeMOD,Banerji Road,Near JLN Metro Station,Kaloor,Kerala,682017,,10.00024104,76.29842982,,0,,,,,,,,,,6,Variable rate based on time of the day,,,06-12-25 11:32,06-12-25 11:32
313631,0964C885-3725-40E6-961E-031283942088,Gandhinagar KSEB EVCS - ChargeMOD,Maveli Road,Gandhinagar,Kochi,Kerala,682020,,9.97419253,76.2936817,,0,,,,,,,,,,6,Variable rate based on time of the day,,,06-12-25 11:29,06-12-25 11:29
313630,39B2D914-1219-4F5D-AC4B-3CCA79BE7EC3,Chillax EVCS (EVOK) - ChargeMOD,Geetanjali Raod,Kuthappady,Thammanam,Kerala,682032,,9.985005178,76.31606543,,0,,,,,,,,,,1,Variable rate based on time of the day,,,06-12-25 11:23,06-12-25 11:23
313629,797F24A0-6C68-47FD-AEFC-0592ACAC9BF2,Evee Buddy - Memaid EVCS - ChargeMOD,Kaniyampuzha Road,Vyttila Hub,Vyttila,Kerala,682019,,9.971684804,76.32415963,,0,,,,,,,,,,1,Variable rate based on time of the day,,,06-12-25 11:18,06-12-25 11:18
313628,7A32E0E2-7C75-4B08-B9B0-23649C8D4614,Broad Bean Hotel (EVOK) - ChargeMOD,"NH 66, Service Road",,Vyttila,Kerala,682019,,9.962667763,76.31821354,,0,,,,,,,,,,2,Variable rate based on time of the day,,,08-02-25 12:37,06-12-25 11:15
313627,28FEA6E1-7DE0-451D-BD6A-F2F8DDB1D12A,Vyttila KSEB EVCS - ChargeMOD,Ettumanoor Road,Opposite KSEB Substation,Vyttila,Keral,682019,,9.962901963,76.31922071,,0,,,,,,,,,,6,Variable rate based on time of the day,,,06-12-25 11:13,06-12-25 11:13
313626,C8024D3B-BED2-4C18-A7C7-FA21A86F5BAD,BYD EVM Southcoast Service Centre - ChargeMOD,"NH 66, Service Road",Jaya Nagar,Maradu,Kerala,682304,,9.948134986,76.31850176,,0,,,,,,,,,,2,Variable rate based on time of the day,,,06/15/2025 12:12:00,06-12-25 11:04
313625,1A4E89EC-F915-4A7B-9FC8-DED2E58757B7,EVM La Maison Citroen Kochi - ChargeMOD,NH 66,Kundannoor,Maradu,Kerala,682304,,9.940155101,76.31841841,,0,,,,,,,,,,2,Variable rate based on time of the day,,,06-12-25 10:59,06-12-25 10:59
313624,6510E6AF-5ED6-4A32-BD1F-AA62C2C46EC2,LiON EVCS - ChargeMOD,Kochi Dhanushkodi Road,Near Sree Murugan Cafe,Maradu,Kerala,682038,,9.942225213,76.3338851,,0,,,,,,,,,,2,Variable rate based on time of the day,,,06-12-25 10:56,06-12-25 10:56
313623,4122E5B1-7B98-4B9A-8D41-A0D89DA25EEE,Rajagiri Hospital EVCS - ChargeMOD,Rajagiri Hospital Road,Edathala,Aluva,Kerala,683112,,10.08803183,76.38904221,,0,,,,,,,,,,4,Variable rate based on time of the day,,,06-12-25 10:35,06-12-25 10:35
313622,D72054FE-6962-4AA5-811D-3F976569FDC4,Raos EVCS - ChargeMOD,Bypass Road,Chottanikkara,Thrippunithara,Kerala,682312,,9.932546342,76.38829398,,0,,,,,,,,,,1,Variable rate based on time of the day,,,06-12-25 10:32,06-12-25 10:32
313621,8EEDFEB8-878F-472A-92D0-9F3DF5BC297E,PPG Home EVCS - ChargeMOD,West Nada,Chottanikkara,Thrippunithara,Kerala,682312,,9.932987602,76.38873573,,0,,,,,,,,,,4,Variable rate based on time of the day,,,06-12-25 10:30,06-12-25 10:30
313620,E14F9F96-B0BD-4BBC-96D2-ECF8CAA049D8,Hound Mobility EVCS | Kakkanad,Infopark Expressway,Sunpaul Blueberry,Kakkanad,Kerala,682030,,10.00180181,76.36151799,,0,,,,,,,,,,4,Variable rate based on time of the day,,,01/23/2026 10:24:00,06-12-25 10:26
313619,2575DEE7-449C-47E8-8A4F-C646A8C8AB1C,Wonderla - Statiq,Wonderla Amusement Park,"Opposite to Staff Parking, Kumarapuram",Pallikkara,Kerala,683565,,10.02602207,76.39199597,,0,,,,,,,,,,5,,,,06-12-25 10:17,06-12-25 10:17
313618,BE4D2D7E-A3D8-4881-A3EB-01EB52CC680D,Matha DC EVCS - ChargeMOD,Ernakulam Thekkadi Road,Erumeli Junction,Kizhakkambalam,Kerala,683562,,10.03193693,76.40749252,,0,,,,,,,,,,2,Variable rate based on time of the day,,,06-12-25 10:12,06-12-25 10:12
313617,67FE339E-0955-4674-AA32-7D526826D32D,Hotel Oottupura (EVOK) - ChargeMOD,Main Central Road,Kanjirakkad,Perumbavoor,Kerala,683543,,10.13017087,76.47072021,,0,,,,,,,,,,1,Variable rate based on time of the day,,,06/19/2025 16:40:00,06-12-25 10:03
313616,5A8B7D61-859C-4E9C-83E9-92D731B5B8F2,Renvolt (EVOK) - ChargeMOD,Aluva Munnar Road,Opposite Nangeli Hospital,Kothamangalam,Kerala,686691,,10.06947007,76.60263007,,0,,,,,,,,,,2,Variable rate based on time of the day,,,06-12-25 10:00,06-12-25 10:00
313615,7357180E-BE9A-4262-8BBF-92F771E9FCA6,Kothamangalam KSEB EVCS - ChargeMOD,Kochi Madurai Road,Near KSEB Substation,Kothamangalam,Kerala,686691,,10.05398054,76.6153842,,0,,,,,,,,,,6,Variable rate based on time of the day,,,06-12-25 9:57,06-12-25 9:57
313614,D27639DC-7400-48C2-9BA4-91864B2251FA,GATR PowerFin EVCS - ChargeMOD,Kochi Madurai Road,Ambalapady,Muvattupuzha,Kerala,682316,,9.979468553,76.55067813,,0,,,,,,,,,,1,Variable rate based on time of the day,,,06-12-25 9:53,06-12-25 9:53
313613,9448C8AD-6F9F-4D06-8038-DA4CC7D90C32,PlugMap EVCS by Evan and Eyan,Near Latha Park,Kizhakkekara,Moovattupuzha,Kerala,686661,,9.978862994,76.58443995,,0,,,,,,,,,,4,Variable rate based on time of the day,,,03-02-26 19:24,06-12-25 9:50
313612,54B88CE1-2BA2-4129-A689-07BD351227ED,Kabani International (EVOK) - ChargeMOD,Main Eastern Highway,Kizhakkekara,Moovattupuzha,Kerala,686661,,9.979118268,76.58664023,,0,,,,,,,,,,2,Variable rate based on time of the day,,,06-12-25 9:47,06-12-25 9:47
313611,2303A618-95C4-46FB-9C8F-89FA459C91FB,Pineapple City EVCS - ChargeMOD,Main Eastern Highway,Vazhakulam,Thodupuzha,Kerala,686670,,9.94615736,76.635631,,0,,,,,,,,,,2,Variable rate based on time of the day,,,06-12-25 9:44,06-12-25 9:44
313610,CDE2758D-C8D7-4250-A0E6-E146F9E9A5D9,Hotel Woodlands - ChargeMOD,Thodupuzha Moovattupuzha Road,Madakkathanam,Thodupuzha,Kerala,686670,,9.917340697,76.68758141,,0,,,,,,,,,,2,Variable rate based on time of the day,,,06-12-25 9:40,06-12-25 9:40
313609,585B25E2-7C5F-4FF4-860F-35BC28D76863,Thodupuzha KSEB EVCS - ChargeMOD,Thodupuzha Bypass Road,Near KSEB Electrical Section,Thodupuzha,Kerala,685608,,9.892123472,76.70853053,,0,,,,,,,,,,6,Variable rate based on time of the day,,,06-12-25 9:37,06-12-25 9:37
313608,B7879127-51BB-4325-BE28-F270B3BB9AC3,EQ EV Nest - ChargeMOD,Main Eastern Highway,Near BP Petrol Pump,Karimkunnam,Kerala,685586,,9.863113531,76.69709052,,0,,,,,,,,,,2,Variable rate based on time of the day,,,06-12-25 9:31,06-12-25 9:31
313606,62969C02-F7D3-4FAD-BFE5-BD4144891A52,Royal EV Charging - ChargeMOD,Koothattukulam Ramapuram Road,Near Royal Traders,Koothattukulam,Keraka,686662,,9.856562504,76.5965698,,0,,,,,,,,,,3,Variable rate based on time of the day,,,06-12-25 9:27,06-12-25 9:27
313605,AC24A151-784F-49B7-B0AB-2C8FB2905DC3,EQ ChargeMate - ChargeMOD,Thalappara Road,Near DB College,Thalayolaparambu,Kerala,686605,,9.798850817,76.45988738,,0,,,,,,,,,,2,Variable rate based on time of the day,,,06-12-25 9:24,06-12-25 9:24
313603,424C8437-46EB-4F2C-B082-2F3EAE984F3F,Sihla Energy - ChargeMOD,Ammankari Road,Lakesong Resort,Kumarakom,Kerala,686563,,9.594581375,76.42606942,,0,,,,,,,,,,2,Variable rate based on time of the day,,,06-12-25 9:20,06-12-25 9:20
313602,E72383EF-A171-44B1-98C1-1F4DEBFAFA92,BMW EVM Autokraft Service Center - ChargeMOD,BMW Sercive Center,Kochuveli Industrial Area,Kochuveli,Kerala,695021,,8.502329328,76.89772557,,0,,,,,,,,,,1,Variable rate based on time of the day,,,06-12-25 9:12,06-12-25 9:12
313601,C001CB26-8B3A-465F-A7E3-62007A9DDAE6,ChargeMOD EVCS,NH 66 Service Road,Thirupuram,Thiruvananthapuram,Kerala,695133,,8.357873853,77.07294498,,0,,,,,,,,,,2,Variable rate based on time of the day,,,06/19/2025 16:37:00,06-12-25 9:08
313600,8098CFAA-3BD5-4162-B5C2-9FE31CA80968,Emily By JDaniels,Poojappura Main Road,Cherukara Gardebs,Poojappura,Kerala,695012,,8.494974778,76.97756798,,0,,,,,,,,,,2,,,,06/19/2025 16:37:00,06-12-25 9:04
313599,33053120-81A6-41E3-B93C-35F2163577BB,Nuke EVCS - ChargeMOD,National Highway 47,,Sreekaryam,Kerala,695017,,8.548542375,76.91829328,,0,,,,,,,,,,2,Variable rate based on time of the day,,,03/16/2026 12:59:00,06-12-25 8:59
313598,CB83AD45-E05C-435E-B07A-43A2F03E0102,Electro Zone EV Fast Charging Station - ChargeMOD,Karyavattom Road,Pangappara,Karyavattom,Kerala,695581,,8.560820152,76.89816464,,0,,,,,,,,,,1,Variable rate based on time of the day,,,06-12-25 8:56,06-12-25 8:56
313597,AFF915CB-9B8E-418B-8E49-65C0217B2995,Akshaya EV Fast Charging Station - ChargeMOD,Abacus Akshaya Building,Bypass Junction,Kazhakuttom,Kerala,695582,,8.565300166,76.87444738,,0,,,,,,,,,,2,Variable rate based on time of the day,,,06-12-25 8:52,06-12-25 8:52
313594,497CFA35-1044-489C-BAB0-92B32149B675,Moolamattom KSEB EVCS - ChargeMOD,Vagamon Road,KSEB Section,Moolamattom,Kerala,685589,,9.789170222,76.85385689,,0,,,,,,,,,,6,Variable tariff based on time of day,,,06-11-25 19:04,06-11-25 19:04
313593,6A8C748D-A376-4023-B8BA-4CA82B1B591F,EQ Vagamon EV Port - ChargeMOD,SH 14,,Vagamon,Kerala,686512,,9.684303987,76.89548264,,0,,,,,,,,,,3,Variable tariff based on time of day,,,06-11-25 18:59,06-11-25 18:59
313592,A43879FB-C0E9-49EA-8057-2BEFF4A45D48,Palm Peats (EVOK) - ChargeMOD,Erattupetta Road,Vadakkekkara,Erattupetta,Kerala,686121,,9.690678968,76.77458973,,0,,,,,,,,,,1,Variable tariff based on time of day,,,06-11-25 18:56,06-11-25 18:56
313591,8AC50C72-01A2-4CFC-AE84-08BE83B5ABD7,Flour Mill (EVOK) - ChargeMOD,Erattupetta Road,,Pala,Kerala,686575,,9.711918348,76.6932445,,0,,,,,,,,,,1,Variable tariff based on time of day,,,06-11-25 18:54,06-11-25 18:54
313590,34B5CCD2-CE0D-4682-A274-DE2F90D556F4,Jim and Jims EVCS - ChargeMOD,Ettumanoor Pala Road,Cherpunkal,Pala,Kerala,686574,,9.691623798,76.64031695,,0,,,,,,,,,,4,Variable tariff based on time of day,,,06-11-25 18:49,06-11-25 18:49
313589,F90197AC-DAB4-49A8-95B5-E789CC658B20,Alpha Hangout Play World,Main Cetral Road,Hangout Play World,Ettumanoor,Kerala,686631,,9.661163852,76.55132833,,0,,,,,,,,,,2,Variable tariff based on time of day,,,06-11-25 18:45,06-11-25 18:45
313587,693A8FAD-6A97-4362-BD2F-98CB6014D8ED,Gandhi Nagar KSEB EVCS - ChargeMOD,Medical College Road,Gandhi Nagar,Arpookara,Kerala,686008,,9.632684209,76.5244017,,0,,,,,,,,,,5,Variable tariff based on time of day,,,06-11-25 18:40,06-11-25 18:40
313586,E9B26247-8053-409D-B64F-B4144429D10D,Indraprastha Hotel (EVOK) - ChargeMOD,Main Central Road,Kumaranellor,Kottayam,Kerala,686006,,9.601836959,76.53215901,,0,,,,,,,,,,1,Variable tariff based on time of day,,,06-11-25 18:35,06-11-25 18:35
313585,BDBD7D34-4BCD-4313-B205-5D931DA9E655,Charge n Fresh EVCS - ChargeMOD,Kottayam Kumali Road,Manarcadu,Kottayam,Kerala,686019,,9.586257488,76.58841522,,0,,,,,,,,,,2,Variable tariff based on time of day,,,06-11-25 18:31,06-11-25 18:31
313584,5A8644B4-67F2-4A5D-9889-FC7BCA8C5ABE,Pallam KSEB EVCS - ChargeMOD,Main Centre Road,Near KSEB TMR Division,Pallom,Kerala,686007,,9.543064907,76.51423133,,0,,,,,,,,,,6,Variable tariff based on time of day,,,06-11-25 18:27,06-11-25 18:27
313583,E99F6E06-4E1B-40FA-A570-641665438095,Amma Restaurant,NH 66,Kommady,Alappuzha,Kerala,688007,,9.519932045,76.32752164,,0,,,,,,,,,,1,Variable tariff based on time of day,,,06-11-25 18:20,06-11-25 18:20
313582,29A15310-3D73-4784-9AFB-628F6CFE723D,Thankamanys EV Fast Charging Station - ChargeMOD,NH 66,Aarattuvazhi,Alappuzha,Kerala,688007,,9.505147465,76.32832598,,0,,,,,,,,,,1,Variable tariff based on time of day,,,06-11-25 18:18,06-11-25 18:18
313581,2A643B9A-7999-42B4-9C8C-742A3729A703,Punnapra KSEB EVCS - ChargeMOD,NH 66,Kuravanthodu,Punnapra,Kerala,688003,,9.425616903,76.34677264,,0,,,,,,,,,,5,Variable tariff based on time of day,,,06-11-25 18:12,06-11-25 18:12
313580,173510F8-FECA-4F9F-B1E0-67FA86C9DD50,Pathalil EVCS - Charge MOD,Karukachal Manimala Road,Near St. Teresa Girls High School,Nedumkunnam,Kerala,686542,,9.506164436,76.65233361,,0,,,,,,,,,,2,Variable tariff based on time of day,,,01/23/2026 09:27:00,06-11-25 18:06
313579,991641BC-67B3-4847-B65D-4FA682B663BD,JJ E Fills - ChargeMOD,Changanassery Vazhoor Road,Opposite SB High School,Changanassery,Kerala,686101,,9.452250326,76.5472389,,0,,,,,,,,,,3,Variable tariff based on time of day,,,06-11-25 18:01,06-11-25 18:01
313578,13B2B4F2-040D-4CEC-BB1B-F35CC4C064B8,Wealfro EV Hub,Main Central Road,Near Medlounges,Thiruvalla,Kerala,689107,,9.421076267,76.54613417,,0,,,,,,,,,,1,Variable tariff based on time of day,,,06-11-25 17:57,06-11-25 17:57
313577,6462BC9D-82BC-49C7-BEA4-D42D55E033A8,Anand Hypermarket - ChargeMOD,Kavumbhagom Road,Mathilbhagom,Thiruvalla,Kerala,689101,,9.373321982,76.56481065,,0,,,,,,,,,,1,Variable tariff based on time of day,,,01/23/2026 09:11:00,06-11-25 17:51
313576,D0AB8FE6-C403-40DA-869C-426A9F778879,Iongrid EV Spark - ChargeMOD,Ambalappuzha Thiruvalla Road,"Vellakinar Junction, Thalavady",Edathwa,Kerala,688011,,9.36752588,76.49951806,,0,,,,,,,,,,3,Variable tariff based on time of day,,,06-11-25 17:47,06-11-25 17:47
313575,4B9F93D3-FB9B-40EC-BCC5-62F006F5E395,V Charge Hub - ChargeMOD,NH 66,Near Federal Bank,Karuvatta,Kerala,690517,,9.314250283,76.42910773,,0,,,,,,,,,,4,Variable tariff based on time of day,,,01/31/2026 00:09:00,06-11-25 17:39
313574,D0B383CB-E5EE-4C41-B834-F6EE84E7C7D6,Quick Charge EVCS - ChargeMOD,NH66,Thottappalli,Karuvatta,Kerala,690517,,9.315750049,76.4012212,,0,,,,,,,,,,7,Variable tariff based on time of day,,,06-11-25 17:33,06-11-25 17:33
313569,198DC0DF-5F0F-4BDD-9B55-76CE77671E82,Phills Hub EVCS - ChargeMOD,Eastern Main Highway,Muzhiyar Junction,Pathanamthitta,Kerala,689672,,9.316652369,76.80090227,,0,,,,,,,,,,2,Variable tariff based on time of day,,,06-11-25 16:06,06-11-25 16:04
313567,8A0BCD4D-4891-4E24-B7F7-851896EFD6FC,Pamba KSEB EVCS - ChargeMOD,Pamba Shabarimala Road,Mannarkulanji,Pamba,Kerala,689713,,9.412378119,77.06996856,,0,,,,,,,,,,6,Variable tariff based on time of day,,,06-11-25 15:58,06-11-25 15:58
313560,D6FAD585-021C-4205-8538-BFBB6C7B2502,EVOK Pathanamthitta - ChargeMOD,Punalur Muvattupuzha Highway,Mannarakulanji Junction,Pathanamthitta,Kerala,689678,,9.306222052,76.80366578,,0,,,,,,,,,,1,Variable tariff based on time of day,,,06-11-25 15:49,06-11-25 15:49
313559,C37AEC28-D445-4BF8-924B-EDCBD98BD522,Green Plug EVCS - ChargeMOD,Main Central Road,Karakkad,Chengannur,Kerala,689504,,9.271844657,76.65508789,,0,,,,,,,,,,1,Variable tariff based on time of day,,,06-11-25 15:45,06-11-25 15:45
313557,2981DC2A-8BDE-4CFF-8D1A-C45CA51AB1C1,PTC Arcade - ChargeMOD,Main Cetral Road,Mulakkuzha,Chengannur,Kerala,689122,,9.301293402,76.63077878,,0,,,,,,,,,,3,Variable tariff based on time of day,,,06-11-25 15:42,06-11-25 15:42
313555,EA0761ED-6B93-4DA4-B3F2-B2DDC2C384A3,Muzhangodayil EVCS - ChargeMOD,SH 80,"Choondupalaka Junction, Muttom",Harippad,,690511,,9.251673853,76.48723264,,0,,,,,,,,,,2,Variable tariff based on time of day,,,06-11-25 15:35,06-11-25 15:35
313554,0A3943D6-C2DB-4A03-92EF-6F0D93FFE793,Askar EV - ChargeMOD,Mavelikkara Road,Punnamodu,Mavelikkara,Kerala,690101,,9.23250558,76.53790278,,0,,,,,,,,,,1,Variable tariff based on time of day,,,06-11-25 15:30,06-11-25 15:30
313553,EE2F7C39-407E-4F67-9594-87220C034C7C,Anaswara Jewellers EVCS - ChargeMOD,Estern Main Highway,Opp. KSRTC Bus Stand,Konni,Kerala,689961,,9.229128424,76.84839128,,0,,,,,,,,,,1,Variable tariff based on time of day,,,06-11-25 15:27,06-11-25 15:27
313552,02354472-E477-4F0A-925B-0ECD029D4E7B,EQ Power Buzz EVCS - ChargeMOD,Main Central Road,Kalarickkal Building,Paranthal,Kerala,689501,,9.187183741,76.7092955,,0,,,,,,,,,,2,Variable tariff based on time of day,,,06-11-25 15:23,06-11-25 15:23
313550,B861204B-F8A5-4C60-9072-F961B43747B9,Adhithya Green Power - ChargeMOD,Main Central Road,,Paranthal,Kerala,689501,,9.180307946,76.70896676,,0,,,,,,,,,,1,Variable tariff based on time of day,,,06-11-25 15:18,06-11-25 15:18
313549,73DD946E-3868-4B00-B72B-C76817FDAF5B,SR Auto Zone - ChargeMOD,Pathanapuram Road,Vayanashala Junction,Adoor,Kerala,691522,,9.162499405,76.71051678,,0,,,,,,,,,,1,Variable tariff based on time of day,,,06-11-25 15:14,06-11-25 15:14
313548,DD9B96F6-1406-445F-B8E5-625ACC26D010,Artemis EV Super Charger - ChargeMOD,Chunakkara,Charumoodu,Mavelikkara,Kerala,690534,,9.198881109,76.6001765,,0,,,,,,,,,,2,Variable tariff based on time of day,,,06-11-25 15:09,06-11-25 15:09
313547,24B9F4C4-27C0-4CA1-9F57-0474784CC4F1,Royale Regency (EVOK) - ChargeMOD,Ochira Road,KVM Building,Ochira,Kerala,690526,,9.130625595,76.51429714,,0,,,,,,,,,,1,Variable tariff based on time of day,,,06-11-25 15:02,06-11-25 15:02
313546,FC64974D-C508-48B4-A9AF-5C6C83C61C2E,Delight Launch Cafe - ChargeMOD,Main Central Road,Kalayapuram,Kottarakkara,Kerala,691560,,9.059350297,76.76600397,,0,,,,,,,,,,2,Variable tariff based on time of day,,,06-11-25 14:58,06-11-25 14:58
313545,774ACAF2-2A23-48A8-8A0C-A781C9DEEA41,Ente Veedu Interior (EVOK) - ChargeMOD,Main Central Road,"Inchakkad, Mylom",Kottarakkara,Kerala,691560,,9.03035187,76.78219777,,0,,,,,,,,,,1,Variable tariff based on time of day,,,06-11-25 14:43,06-11-25 14:43
313541,CE991257-5A27-44A5-B182-11745554AA5E,Thenmala EVOK - ChargeMOD,Kollam Ottakkal Road,,Thenmala,Kerala,691308,,8.966824196,77.05562963,,0,,,,,,,,,,1,Variable tariff based on time of day,,,06-11-25 14:01,06-11-25 13:23
313540,EC5AB734-A934-4AB3-9ABC-158A3D65F5ED,Plug N Pay EVCS - ChargeMOD,Kottarakkara Road,Paruthiyara,Odanavattom,Kerala,691512,,8.93504521,76.77241548,,0,,,,,,,,,,1,Variable tariff based on time of day,,,06-11-25 14:01,06-11-25 13:20
313539,7DA301A1-E423-45AF-A841-BDB76D981199,Kundara KSEB - ChargeMOD,Kollam Theni Highway,Elampallor,Kundara,Kerala,691501,,8.957185858,76.67133653,,0,,,,,,,,,,6,Variable tariff based on time of day,,,06-11-25 14:01,06-11-25 13:15
313538,BB5D49C5-FBBF-4223-A330-CEC01E99F2DB,Sree Suprabhatham - ChargeMOD,NH 66,Mini Capithans Junction,Kollam,Kerala,691581,,8.926969524,76.55280315,,0,,,,,,,,,,2,Variable tariff based on time of day,,,06-11-25 14:01,06-11-25 13:08
313537,9436782E-4729-46F6-BFFF-8F3E9D5696F3,Bishop Jerome Nagar (EVOK) EVCS - ChargeMOD,NH 66,Bishop Jerome Nagar,Chinnakkada,Kerala,691001,,8.887577414,76.58843661,,0,,,,,,,,,,2,Variable tariff based on time of day,,,06-11-25 14:01,06-11-25 13:02
313536,B4965405-0DA0-49DE-90BA-94D7D94FAB53,VOX Xpress Wash (EVOK) - ChargeMOD,Kollam Bypass,Palathara,Kollam,Kerala,691020,,8.873868016,76.64100893,,0,,,,,,,,,,1,,,,06-11-25 14:01,06-11-25 12:57
313535,EA75C0FE-815F-4BE4-A1FC-22B39A5908A5,EVOK Charging Stattion - ChargeMOD,NH 66,Karimthottuva,Parippalli,Kerala,691574,,8.819673868,76.75363731,,0,,,,,,,,,,1,,,,06-11-25 14:01,06-11-25 12:53
313534,38F2F896-BCF4-448C-BECF-0F3A428ECF43,Plug N Pay EVCS,Main Central Road,Polikodu,Kottarakkara,Kerala,691532,,8.935694035,76.85104921,,0,,,,,,,,,,2,,,,06-11-25 14:01,06-11-25 12:49
313533,E2E19E3A-0EAB-4618-901C-DB3EC8D0FC36,Kottiyam KSEB EVCS - ChargeMOD,NH 66,Kottayam Kundara Road,Kottiyam,Kerala,691571,,8.866370095,76.66887781,,0,,,,,,,,,,6,Variable tariff based on time of day,,,06-11-25 14:01,06-11-25 12:22
313532,6EF74310-BED1-4E02-8ECD-CC4EA94FA65A,Avananchery KSEB EVCS - ChargeMOD,Attingal Nedumangad Road,Avananchery,Attingal,Kerala,695103,,8.690987764,76.84839779,,0,,,,,,,,,,6,Variable tariff based on time of day,,,06-11-25 14:01,06-11-25 12:14
313531,35FDD662-B036-41E6-B194-632078374045,Paruthippara KSEB EVCS - ChargeMOD,Main Central Road,Chempakasseri Nagar,Paruthippara,Kerala,695015,,8.534933841,76.94198426,,0,,,,,,,,,,6,Variable tariff based on time of day,,,06-11-25 14:01,06-11-25 12:07
313530,93A7BB6D-BC5C-43D5-A0CE-2ACC7462EC03,Pattom KSEB EVCS - ChargeMOD,Main Central Road,Vrindavan Gardens,Pattom,Kerala,695004,,8.516753527,76.93968818,,0,,,,,,,,,,6,Variable tariff based on time of day,,,06-11-25 14:01,06-11-25 12:00
313529,13FB321B-3175-40C1-8DE9-9ED533455C17,ANERT EESL - Pinarayi Park,Thalasseri Irikkur Road,Pinarayi,Kannur,Kerala,670741,,11.7952321,75.4902189,,0,,,,,,,,,,3,,,,06-11-25 14:01,06-11-25 11:43
313528,F2988201-71F2-42AE-85F8-8F3564A0CB69,ANERT EESL - Aahar Restaurant Vadakara,KTDC Road,"NH 66, Karimbanappalam",Vadakara,Kerala,673101,,11.58636489,75.59322034,,0,,,,,,,,,,3,,,,06-11-25 14:01,06-11-25 11:37
313527,A2B5CF03-89C5-4D25-B468-CCCF569754B2,ANERT EESL - Moosakkutti Memorial Bus Stand,Moosakkutti Memorial Bus Stand,,Perinthalmanna,Kerala,679322,,10.97506931,76.22228328,,0,,,,,,,,,,3,,,,06-11-25 14:01,06-11-25 11:32
313526,32461FA7-6E46-4AA5-8685-A0CAD4F0A31F,ANERT EESL - Kanjirappuzha Garden,Kanjirappuzha Road,Kanjirappuzha,Mannarkkad,Keral,678591,,10.98925926,76.53701214,,0,,,,,,,,,,3,,,,06-11-25 14:01,06-11-25 11:28
313525,09EC3203-0270-427D-BC52-24C22F27F1E6,ANERT EESL - KTDC Aahar Restaurant,NH 66,Krishnapuram,Kayamkulam,Lerala,690533,,9.149021955,76.51291823,,0,,,,,,,,,,3,,,,06-11-25 14:01,06-11-25 11:22
313515,4847782D-5245-4DC4-8A1A-EAB4D9DFFEA9,ANERT EESL - Kulappulli Bus Stand,Shornur Pattambi Road,Kulappulli,Shornur,Kerala,679122,,10.78101644,76.27832766,,0,,,,,,,,,,3,,,,06-11-25 14:01,06-10-25 12:42
313514,D0E9DB0E-DD64-4E6C-9D52-5E6EF19A00A5,ANERT EESL - KILA Thrissur,Shornur Road,Mulamkunnathukavu,Thrissur,Kerala,680581,,10.60158189,76.21488231,,0,,,,,,,,,,3,,,,06-11-25 14:01,06-10-25 12:38
313513,F0365B5D-6D26-4A40-BF96-80C735F1D205,ANERT EESL - Chittur Thathamangalam Minicipality,Chittur Thathamangalam Minicipality Office,Near Bank of Baroda,Palakkad,Kerala,678104,,10.69295155,76.72626208,,0,,,,,,,,,,3,,,,06-11-25 14:01,06-10-25 12:34
313512,6BA09D7A-3BCC-43E8-B657-BBA245E6D92E,ANERT EESL - DTPC Idukki Park,Idukki Park,Nayarupara Post,Idukki,Kerala,685602,,9.849056509,76.97740371,,0,,,,,,,,,,3,,,,06-11-25 14:01,06-10-25 12:29
313511,76321C88-F109-481E-B8F4-8A10E2B63D32,ANERT EESL - Ernakulam,KTDC Tourist Reception Centre,"Shanmugham Road, Marine Drive",Ernakulam,Kerala,682031,,9.976988501,76.27781052,,0,,,,,,,,,,4,,,,06-11-25 14:01,06-10-25 12:25
313510,EE2FD580-3FBC-4112-9935-E86474CA3666,ANERT EESL - Autokast,NH 66,Mararikkulam North Village,Cherthala,Kerala,688539,,9.63370013,76.33372245,,0,,,,,,,,,,3,,,,07-10-25 11:04,06-10-25 12:21
313509,1C85B982-194B-489F-8EA3-ADBCA2476681,ANERT EESL Milma Diary Plant - EESL,Mammoodu,Kaipattor,Pathanamthitta,Kerala,689648,,9.218788692,76.74875398,,0,,,,,,,,,,3,,,,06-11-25 14:01,06-10-25 12:16
313508,ECFFE870-8C54-490A-AD25-D1664C5BC72F,ANERT - EESL Sangamukham - EESL,Shankumukham Beach,DTPC Vehicle Parking Area,Thiruvananthapuram,Kerala,695008,,8.481014702,76.91264314,,0,,,,,,,,,,4,,,,06-11-25 14:01,06-10-25 12:09
313507,2B03784F-D29F-4759-BF86-4586193D7DF2,Apco Hyundai - ChargeZone,NH 66,Indiranagar Post,Chengala,Kerala,671541,,12.50891488,75.04478426,,0,,,,,,,,,,2,,,,06-11-25 16:27,06-10-25 12:04
313506,D6FBE244-9BE8-4BCE-A0EE-11D5CF3E4DCF,Thiruvangoor EV Fast Charging Station - ChargeMOD,Kannur Road,Thiruvanganoor,Kozhikode,Kerala,673304,,11.38282724,75.7359365,,0,,,,,,,,,,2,Variable rate based on time of the day,,,06/13/2025 13:28:00,06-10-25 12:01
313505,E84D82B1-9563-488F-BFFC-0E549312A431,MB#Bridgeway Motors,Kannur Road,West Hill,Kozhikode,Kerala,673005,,11.28249895,75.7695995,,0,,,,,,,,,,2,,,,02/25/2026 11:43:00,06-10-25 11:58
313504,9186283F-85C1-4554-9B8C-63E426F903EF,KVR Hyundai - ChargeZone,Kannur Road,West Hill,Kozhikode,Kerala,673003,,11.27997831,75.7704806,,0,,,,,,,,,,2,,,,06-11-25 14:01,06-10-25 11:55
313503,13C589CD-74DB-4D51-898C-EC3F94586598,Grand Hyundai - ChargeZone,Calicut Bypass,Kalpathi,Palakkad,Kerala,678003,,10.79047661,76.65111939,,0,,,,,,,,,,2,,,,02/25/2026 13:35:00,06-10-25 11:52
313502,BFACEDD6-C618-432C-B688-03D595C5E2E3,MB#Bridgeway Motors,NH 544,Marathakkara,Thrissur,Kerala,680306,,10.47104712,76.25745903,,0,,,,,,,,,,2,,,,02/25/2026 11:42:00,06-10-25 11:49
313501,9BC69EDF-A954-468E-9B4A-5AB8180D1A50,Kochi Marriot Hotel,Lulu International Shopping Mall,Edappalli,Kochi,Kerala,682024,,10.02982815,76.30813431,,0,,,,,,,,,,2,,,,02/25/2026 13:00:00,06-10-25 11:40
313500,C233BC49-4902-4845-9760-7F0EADFD0BA0,Le Meridien - ChargeZone,NH 66,"Nettor, Maradu",Ernakulam,Kerala,682304,,9.933863177,76.31687406,,0,,,,,,,,,,2,,,,02/25/2026 13:01:00,06-10-25 11:37
313499,F4572F17-C178-4C01-9FBA-BE71EA78A4DC,MB#Coastal Star,NH 66,Nettoor,Ernakulam,Kerala,682304,,9.92299022,76.31768925,,0,,,,,,,,,,2,,,,02/25/2026 11:45:00,06-10-25 11:35
313498,32499E40-E5E7-4B3E-8965-4F72CDF6A0FC,GreenVeel,Eastern Main Highway,"Catherine Complex, Manichuvadu",Muvattupuzha,Kerala,686661,,9.973783778,76.60069409,,0,,,,,,,,,,1,,,,02/25/2026 11:58:00,06-10-25 11:32
313497,8B8BF59C-88F7-48EC-A508-2555837BD102,GreenVeel - ChargeZone,Thodupuzha Bypass Road,Thodupuzha,Idukki,Kerala,685584,,9.89265954,76.71176414,,0,,,,,,,,,,3,,,,01/23/2026 10:02:00,06-10-25 11:28
313496,EDB5B8C9-1E34-450C-9A76-595A50D52D82,Athirampuzha,MC Road,Athirampuzha,Kottayam,Kerala,686631,,9.661688306,76.55113746,,0,,,,,,,,,,2,,,,02/25/2026 11:48:00,06-10-25 11:23
313495,2C7020FD-4FB9-4AA5-883E-EFCABA074B8C,SS Hyundai,"SH7, Thiruvalla Pathanamthitta Road",Churulikkodu,Pathanamthitta,Kerala,689643,,9.277744925,76.75468311,,0,,,,,,,,,,2,,,,02/25/2026 13:07:00,06-10-25 11:19
313494,0028BF76-7476-4BF3-B0C6-0B5C32669120,GDM Auditorium - ChargeZone,NH 66,Near KSRTC,Kayamkulam,Kerala,690502,,9.169962389,76.49808792,,0,,,,,,,,,,2,,,,02/25/2026 13:06:00,06-10-25 11:15
313493,AEDF6DB5-02ED-4F77-B4CE-2119AF83AAE2,Hotel Indraprastha,NH 66,"Near KSRTC Bus Stand,",Karunagappalli,Kerala,690518,,9.052355042,76.53546081,,0,,,,,,,,,,2,,,,02/25/2026 13:08:00,06-10-25 11:12
313492,8E91034B-CA65-42ED-B480-C793A58D304A,Best EVCS - ChargeMOD,Old NH 47,Lalaji Jinction,Karunagappalli,Kerala,690518,,9.046053009,76.53663078,,0,,,,,,,,,,2,Variable tariff based on time of day,,,06-11-25 14:36,06-10-25 11:08
313491,9578DF04-2D5C-4B76-BFF1-BDCC65DCE842,Instacharge EV Fast Charging and Café,Kollam Bypass,Mangad Post,Kollam,Kerala,691015,,8.915427161,76.61486887,,0,,,,,,,,,,4,,,,02/25/2026 12:00:00,06-10-25 11:04
313490,BEE06BED-56B9-4F15-9973-7C4F1C752DED,Chungath Sprise Hyundai - ChargeZone,NH 744,Near Kilikolloor Juma Masjid,Kollam,Kerala,691004,,8.911104862,76.62735316,,0,,,,,,,,,,2,,,,06-11-25 14:01,06-10-25 11:00
313489,866840AB-CDC5-4794-92D9-281CDD01D033,KVE Charge,Venkulam - Guest House Road,Kurakkanni,Varkala,Kerala,695311,,8.737548356,76.70789801,,0,,,,,,,,,,3,,,,02/25/2026 12:03:00,06-10-25 10:55
313488,87320D2A-63CA-46DD-AC56-F093A8A89A96,Marvel Paints,Peroorkada Road,Towards Ambalamukku,Thiruvananthapuram,Kerala,695005,,8.535706208,76.96526204,,0,,,,,,,,,,2,,,,02/25/2026 12:07:00,06-10-25 10:50
313475,7FA13C10-89FF-435B-8BF5-5EF8B67B34CD,Raj Residency - Zeon,Alamipalli Road,Hosdurg,Kanhangad,Kerala,671315,,12.30424174,75.09704178,,0,,,,,,,,,,1,,,,06-11-25 14:01,06-09-25 18:54
313474,ADE3852F-260F-4112-AF3A-FA0BEF5797E9,Koodali SCB,Kannur Mattannur Road,Chalode,Kannur,Kerala,670595,,11.9270166,75.50042206,,0,,,,,,,,,,1,,,,06-11-25 14:01,06-09-25 18:51
313472,33CD951B-DAFC-43E5-B73F-301F4663C24A,Co-Operqative Bank - Zeon,State Highway 30,,Kathirur,Kerala,670642,,11.78788559,75.53302105,,0,,,,,,,,,,3,,,,06-11-25 14:01,06-09-25 18:46
313471,333F1C4B-8CC9-436C-A1DE-54AD4626038E,Down Town Mall - Zeon,Jubilee Road,,Thalasseri,Kerala,670104,,11.74512339,75.49541917,,0,,,,,,,,,,2,,,,06/19/2025 09:07:00,06-09-25 18:42
313469,2E8BC45B-DBBF-4E25-8CE7-5D9ADC8029B7,Issacs Centre Square - Zeon,Raheem Memorial Road,,Sulthan Batheri,Kerala,673592,,11.66124226,76.25568142,,0,,,,,,,,,,1,,,,06-11-25 14:01,06-09-25 18:38
313468,CAA5BC5F-BD6B-4B15-9EC2-6E1E73965EE9,Great Trails Wayanad by GRT Hotels,Great Trails Road,Pinangode,Kalpetta,Kerala,673122,,11.63045584,76.01814584,,0,,,,,,,,,,1,,,,06-11-25 19:21,06-09-25 18:36
313467,DEDC25E7-B10C-4BEF-8BAD-5E68E3CA27E5,Nesto Hypermarket - Zeon,Main Road,Kalpetta,Kalpetta,Kerala,673121,,11.60311373,76.08314904,,0,,,,,,,,,,1,,,,06-11-25 14:01,06-09-25 18:29
313465,891ABE81-7455-4288-820D-96BB16CC0524,HiLite Mall - Zeon,Kozhikode Bypass,Pantheerankavu,Kozhikode,Kerala,673014,,11.24810247,75.83413592,,0,,,,,,,,,,4,,,,06/19/2025 09:07:00,06-09-25 18:25
313464,501FCBFA-3981-4326-A1E4-8DEA52B6EAF6,HiLite Business Park - Zeon,Kozhikode Bypass,Poovangal,Kozhikode,Kerala,673014,,11.24701616,75.83467864,,0,,,,,,,,,,3,,,,06/19/2025 09:06:00,06-09-25 18:23
313461,1FDA9303-DCAD-43AB-BDD8-EA56D5E6A9B3,Nesto Hypermarket - Zeon,Changuvetty Junction,Changuvetty,Kottakkal,Kerala,676501,,10.99573941,75.99210994,,0,,,,,,,,,,2,,,,06/19/2025 09:05:00,06-09-25 18:11
313460,BF3C9E9B-CA32-4A78-9129-33A92BC64D12,Club Sulaimani - Zeon,NH 66,,Kottakkal,Kerala,676503,,10.98386743,75.9980295,,0,,,,,,,,,,1,,,,06-11-25 14:01,06-09-25 18:04
313459,5A063D5D-3963-47A7-996F-DC158D2F2002,Nesto Hypermarket Zeon,Thirur Chamravattam Road,,Thirur,Kerala,676101,,10.90772625,75.92032568,,0,,,,,,,,,,2,,,,06/19/2025 09:05:00,06-09-25 18:01
313458,FD934F76-B5EF-4E0B-8394-EEECB7A4C8D5,Emirates Mall - Zeon,Thrissur Kuttippuram Road,Edappal,Edappal,Kerala,679576,,10.78602051,76.00816182,,0,,,,,,,,,,1,,,,06-11-25 14:01,06-09-25 17:56
313456,A87861B5-71F8-4630-BEBC-9DE474E1F225,Hotel Devaragam,Outer Ring Road,Opp. Railway Station,Guruvayur,Kerala,680101,,10.59562258,76.04459843,,0,,,,,,,,,,1,,,,06-11-25 14:01,06-09-25 17:49
313455,FD2813C3-2B1D-4763-9DF4-27CC46EF15E1,Nesto Hypermarket,Thrissur Kuttippuram Road,Punkunnam,Thrissur,Kerala,680002,,10.53992625,76.19288758,,0,,,,,,,,,,2,,,,06/19/2025 09:04:00,06-09-25 17:46
313454,C58CE09B-33C6-46B3-ABD2-A4BEF712A14E,Dream City Convention Center,NH 544,Pallikandam,Pattikkad,Kerala,680652,,10.55587199,76.32282252,,0,,,,,,,,,,1,,,,06-11-25 14:01,06-09-25 17:42
313453,DF1F1E8B-8AFF-45B7-8D0C-D34B521685CE,Chennai Ananda Bhavan,NH 544,Nadathra Junction,Thrissur,Kerala,680751,,10.5127597,76.25891675,,0,,,,,,,,,,2,,,,06/19/2025 09:03:00,06-09-25 17:38
313452,39864771-D0E6-45F0-B035-40DA02B9372B,Hilite Mall,Thrissur Mamangalam Road,Kuttanellur,Thrissur,Kerala,680014,,10.49548871,76.25680253,,0,,,,,,,,,,5,,,,06/19/2025 09:03:00,06-09-25 17:35
313451,E1F3F73D-FFA6-4E75-A39F-5F64AC12E9E5,Mughal Mall,NH 544,Kodungallur,Kodungallur,Kerala,680664,,10.23131902,76.1972431,,0,,,,,,,,,,2,,,,06/19/2025 09:02:00,06-09-25 17:22
313450,F340A5B8-8F1D-4AE3-9275-D544E17698C2,Maxx Inn M Star,NH 544,Karukutty,Angamaly,Kerala,683576,,10.22272376,76.37569774,,0,,,,,,,,,,1,,,,06-11-25 14:01,06-09-25 17:14
313449,38673EF3-3061-4223-B6E0-DD26AE55AB45,Club Mahindra Resort - Cherai Beach,Cherai Beach Road,,Cherai,Kerala,683514,,10.137094,76.18028953,,0,,,,,,,,,,2,,,,06-11-25 19:19,06-09-25 17:09
313447,F0D4E6DD-EC96-4B46-B205-4A52D369DF9B,Grand Mall,NH 66,Edappalli Junction,Edappalli,Kerala,682024,,10.02416042,76.30871193,,0,,,,,,,,,,3,,,,06/19/2025 09:01:00,06-09-25 17:06
313446,F6D3A37F-75B4-4D23-BDC9-39C6E67B0F04,Gokul Oottupura Restaurant,NH 66,Padivattam,Edappalli,Kerala,682021,,10.01114482,76.31249741,,0,,,,,,,,,,1,,,,06-11-25 14:01,06-09-25 17:01
313445,9A57ACB3-C727-49D8-ABEE-A20BF932A3CB,Brunton Boatyard,Bellar Road,Fort Kochi,Cochin,Kerala,682001,,9.968304525,76.24570948,,0,,,,,,,,,,1,,,,06-11-25 14:01,06-09-25 16:58
313444,0437E552-3385-4095-9554-618418C71127,Casino Hotel,KPK Menon Road,Willington Island,Kochi,Kerala,682003,,9.961431244,76.26949095,,0,,,,,,,,,,1,,,,06-11-25 14:01,06-09-25 16:55
313443,5D11640D-0DBB-41D5-9D93-BE5DBDEAD70D,Hotel Ganga Grand,MC Road,Aramana Junction,Moovattupuzha,Kerala,686673,,9.981770566,76.57830423,,0,,,,,,,,,,2,,,,06/19/2025 09:00:00,06-09-25 16:52
313442,9A0900D2-1591-45B6-A747-CAD62C32D0EA,Eden Wood Resorts,Muthirapuzhayar Road,,Munnar,Kerala,685565,,10.02567632,77.05377106,,0,,,,,,,,,,1,,,,06-11-25 19:18,06-09-25 16:49
313441,4537431A-38FF-4FEC-AC10-57D5ABD553CF,Club Mahindra Aleppey Resort,Vaduthala Jetty Road,,Arookutty,Kerala,688535,,9.859751104,76.33582417,,0,,,,,,,,,,2,,,,06-11-25 19:17,06-09-25 16:42
313440,46613279-4F54-4BBB-816D-10E203C30658,CGH Marari Beach,State Highway 66,Marari Beach,Mararikulam,Kerala,688523,,9.596033619,76.30277024,,0,,,,,,,,,,1,,,,06-11-25 14:01,06-09-25 16:39
313439,4F188F84-05CB-4583-BCBA-7CDACDA61165,Cassia Restaurant,NH 66,Kommadi,Alappuzha,Kerala,688008,,9.518713883,76.32748515,,0,,,,,,,,,,2,,,,06/19/2025 08:58:00,06-09-25 16:35
313438,4FA88576-98C1-4EBA-B8DA-637B6E9EDE86,Hotel Aida,MC Road,,Kottayam,Kerala,686001,,9.582880476,76.52168622,,0,,,,,,,,,,1,,,,06-11-25 14:01,06-09-25 16:32
313437,12CA30F7-C651-417E-B62C-9DC54039D559,The Windsor Castle Hotel,MC Road,"Kodimatha Bridge,",Kottayam,Kerala,686013,,9.5715482,76.51936941,,0,,,,,,,,,,1,,,,06-11-25 14:01,06-09-25 16:30
313436,ECFEA160-07DE-4C34-95CB-37E6CFBDE278,Club Mahindra Resort - Thekkadi,Thekkadi Bypass Road,Ambadi Junction,Kumali,Kerala,685509,,9.60343667,77.17154785,,0,,,,,,,,,,2,,,,06-11-25 19:18,06-09-25 16:26
313435,8B407E61-391A-46E0-A501-085373C6D185,RD Cinemas,Kottayam Theni HIghway,,Mundakkayam,Kerala,686513,,9.544093022,76.87733542,,0,,,,,,,,,,1,,,,06-11-25 14:01,06-09-25 16:23
313434,E3206822-1B49-420E-8CE7-628DEBF2D6DE,Kanthari Restaurants,Changanassery Bypass,Near AKM School,Changanassery,Kerala,686101,,9.45516547,76.54242382,,0,,,,,,,,,,1,,,,06-11-25 14:01,06-09-25 16:20
313433,47CFADEB-BB21-4A1A-BF50-55224C28278E,Mannil Green Solutions,State Highway 6,Chennithala,Mavelikkara,Kerala,690105,,9.283238234,76.53084011,,0,,,,,,,,,,2,,,,06/19/2025 08:59:00,06-09-25 16:17
313432,13BC7578-2035-450C-9B6E-64D5883E6574,Phills Hub - Zeon,Eastern Main Highway,Muzhiyar Junction,Pathanamthitta,Kerala,689672,,9.316719271,76.80097102,,0,,,,,,,,,,3,,,,06-11-25 16:05,06-09-25 16:12
313431,4BBD5755-468C-4461-BD57-FD365C03BDC0,Wyte Portico Hotel,MC Road,Karuvatta,Adoor,Kerala,691523,,9.161947572,76.72149631,,0,,,,,,,,,,1,,,,06-11-25 14:01,06-09-25 16:09
313430,8B797D89-5286-4398-963A-97132EC19528,Pooyappalli Service Co-Operative Bank Ltd,Kollam Ayoor Road,Pooyappalli,Kollam,Kerala,691537,,8.898682096,76.74213825,,0,,,,,,,,,,4,,,,06-11-25 14:01,06-09-25 16:07
313420,1A6A1A5E-CCAB-41B4-9F36-36639669B6F3,N and N Station,Near Popular Hyundai Showroom,NH 66,Kottiyam,Kerala,691 571,,8.864731077,76.66048322,,0,,,,,,,,,,2,EVOK Charger,,,06-11-25 14:01,06-09-25 15:03
313419,0C44E206-32B3-4B77-9518-E72F3933E117,Amma Veedu Restaurent,MC Road,Near Polikkode,Ayoor,Kerala,691533,,8.930368465,76.85381998,,0,,,,,,,,,,1,EVOK Charger,,,06-11-25 14:01,06-09-25 14:55
313418,74D7E588-B988-4ACD-AD40-230C83051C77,DM Charging,Parippilli Junction,Off NH 66,Parippilli,Kerala,691574,,8.812579175,76.75675171,,0,,,,,,,,,,2,,,,06/19/2025 08:59:00,06-09-25 14:48
313417,50EDCECE-9ECC-4E58-BF16-5DB4772A1154,New Indraprastha (EVOK) EVCS,"New Indraprastha Hotel, NH 66",Navaikulam,Kallambalam,Kerala,695603,,8.792020363,76.770632,,0,,,,,,,,,,1,EVOK Charger,,,06-11-25 14:01,06-09-25 14:44
313416,8CECDE23-D89C-44E0-8A0E-E018C13C2AF9,Vazhiyorakkada Hotel,MC Road,,KIlimamoor,Kerala,695614,,8.785763002,76.88370044,,0,,,,,,,,,,1,,,,06-11-25 14:01,06-09-25 14:39
313406,56740BF6-9D7A-484F-BB10-63C0F3A7BE32,Astro Burgers,Astro Kitchen,Near Govt. Yatri Nivas,Attingal,Kerala,695101,,8.687607888,76.82992395,,0,,,,,,,,,,1,,,,06-11-25 14:01,06-09-25 9:12
313405,9C3851E1-0E9B-4BBC-81E2-B69642DEA012,Edackodu Bank EVCS,"Edackodu Service Co-Operative Bank, NH 66",Attingal,Thiruvananthapuram,Kerala,695104,,8.671500192,76.83499833,,0,,,,,,,,,,3,,,,06-11-25 14:01,06-09-25 9:07
313404,A3171181-B492-4F07-A819-C274F6055875,Kerala EV Vembayam,MC Road,Pirappancode,Thiruvananthapuram,Kerala,695616,,8.651754842,76.9279797,,0,,,,,,,,,,2,,,,01/22/2026 13:46:00,06-09-25 9:03
313403,557FC2F3-DDC9-40E6-80EA-BCD6E4DF5EB3,Ultralink EVCS Charging Station,NH 66,Cheruvarakonam,Thiruvananthapuram,Kerala,695502,,8.330756913,77.14237583,,0,,,,,,,,,,2,,,,06/19/2025 16:34:00,06-09-25 8:58
313402,AD3CFC08-FAFD-48E2-BA3D-DAED26373E06,Club Mahindra Resort Poovar,Club Mahindra Resort Poovar,Kulathoor,Thiruvananthapuram,Kerala,695513,,8.306583673,77.08608641,,0,,,,,,,,,,2,,,,03/16/2026 13:22:00,06-09-25 8:54
313401,249804AB-CC46-4378-B3FF-0B4BF2A15B14,Powerhub EVCS Attukal,Opposite Homoeo Medical College Ground,Kalady,Thiruvananthapuram,Kerala,695009,,8.466545109,76.96080801,,0,,,,,,,,,,2,,,,06/19/2025 16:35:00,06-09-25 8:50
313400,98A2043D-1D85-4E93-BBD9-14579C2D5968,Sleeba & Sons Station,Sleeba & Sons Mahindra Showroom,Peroorkada,Thiruvananthapuram,Kerala,695013,,8.544983421,76.97229844,,0,,,,,,,,,,1,,,,02/25/2026 11:50:00,06-09-25 8:44
313399,BB1E05D6-E9C4-407C-9306-41BBDA07FA79,JKV Power Hub,"Police Camp Road, Nandavanam",Palayam,Thiruvananthapuram,Kerala,695034,,8.503667854,76.95391617,,0,,,,,,,,,,1,,,,06/19/2025 16:38:00,06-09-25 8:39
313398,BB3CA24E-298B-4647-B250-4A2372CC41F4,Hilton Garden Inn Trivandrum,Hilton Garden Inn Trivandrum,Palayam,Thiruvananthapuram,Kerala,695039,,8.499635232,76.95029906,,0,,,,,,,,,,2,,,,06-11-25 14:01,06-09-25 8:35
313397,5D4D848B-A5EF-48CC-AF7D-8F511850EDC1,CBC Motors Charging Station,"1795/1, Thrimoorthi Nagar",Manarcaud,Thiruvananthapuram,Kerala,695008,,8.465871552,76.93909758,,0,,,,,,,,,,1,,,,06-11-25 14:01,06-09-25 8:31
313396,3D1CF66B-D164-40A2-8208-81C455C4ACB0,Trivandrum Airport T1,Trivandrum Airport T1 Parking,Vallakkadavu,Thiruvananthapuram,Kerala,695008,,8.476057965,76.91830975,,0,,,,,,,,,,2,,,,06-11-25 14:01,06-09-25 8:26
313395,11E5257E-1887-4D99-BD61-2E9CE60D3606,Trivandrum Airport T2,Trivandrum Airport T2 Parking,Vallakadavu,Thiruvananthapuram,Kerala,695008,,8.488386744,76.92245063,,0,,,,,,,,,,2,,,,06-11-25 14:01,06-09-25 8:23
313394,2BBDB563-309D-4B1F-9D4E-7F1DDF6E4397,V Kay Super Market,"NH 66,",Kazhakkoottam,Thiruvananthapuram,Kerala,695301,,8.575089637,76.86841739,,0,,,,,,,,,,1,,,,06-11-25 14:01,06-09-25 8:19
313393,DE713CC4-41CB-410C-9FDF-73997C763E70,ChargeMOD EVCS Hub,Kallinkal Road,"Near Nippon Toyota, Kazhakkoottam",Thiruvananthapuram,Kerala,695581,,8.550683857,76.87848778,,0,,,,,,,,,,3,,,,06-11-25 14:01,06-09-25 8:09
313392,FC38D596-9512-43D5-B9AD-4917FA285DFC,Delta Power Kulathoor,Kulathoor,,Thiruvananthapuram,Kerala,695583,,8.542037313,76.87581948,,0,,,,,,,,,,3,,,,06-11-25 14:01,06-09-25 8:04
313391,0AF2A2C1-EE7E-468F-8E84-5B62F7355B8E,KIMS Hospital Trivandrum (EVOK),KIMS Hospital Trivandrum,"Vinod Nagar Road, Anayara Post",Thiruvananthapuram,Kerala,695029,,8.514470785,76.90784744,,0,,,,,,,,,,2,EVOK Charger,,,01/22/2026 13:30:00,06-09-25 7:57
313390,CE3B74CB-5973-4ABA-B0C9-5DA6372D6732,Alpha EVCS Yahoo Super Bazar,Artec Futura,"Poonthi Road, Pettah",Thiruvanthapuram,Kerala,695029,,8.510831845,76.90484032,,0,,,,,,,,,,2,,,,01/22/2026 13:31:00,06-09-25 7:51
312635,26B1515D-550A-49CD-971D-3A8B9CD69C57,Mansavi SuperCharge Point,"A 14, B Block , Golf Links 1","Sec Omega 1, Greater Noida",G B Nagar,Uttar Pradesh,201310,,28.45518637,77.50358521,,0,9990414014,8920422271,,"Mansavi Supercharge Point (MSCP) is at A-14, Block B, Ansal Golf Links-1, Sector Omega-1, Greater Noida, UP 201310, offering unmatched accessibility:  * **200 m** from the Noida–Greater Noida Expressway * **250 m** from Knowledge Park II (KP 2) Metro Station * **At Zero Point**, where the Yamuna Expressway heads toward Agra * **700 m** from India Expo Mart (major event hub)  Whether you’re commuting, traveling between cities, or attending an event, MSCP is the perfect fast-charging stop—conveniently located where connectivity meets the city’s major arteries.",,https://www.mansavisuperchargepoint.webnode.in,,,,1,,,,05/19/2025 05:24:00,05/16/2025 05:19:00
312412,D24BEDD5-BEB1-4F8A-A149-1C17C5DC863F,Sri Sai Kanchetty Family Restaurant,Sudapally,,Dichpally,Telangana,,,18.63217084,78.20817023,,0,,,,,,,,,,1,,,,05-12-25 11:29,05-09-25 11:24
312374,C7504B65-A8A4-4002-AA52-777442B54298,Hotel Topline,Solapur Dhule National Hwy,LHS,Dhule,Maharashtra,411014,,20.83696798,74.75561015,,0,,,,,,,,,,1,,,,05-11-25 9:54,05-08-25 9:53
312373,D2E2728E-F6D8-4784-9554-E9738FEE8670,Hotel Mayur Express,"Outside Sangamner, NH 60",RHS,Sangamner,Maharashtra,411014,,19.52011448,74.20273682,,0,,,,,,,,,,1,,,,05-11-25 9:54,05-08-25 9:49
312061,1CC0422D-4A4B-47A4-9CC3-51C97D750143,FC - JioBP - The Bengal Dhaba,The Bengal Dhaba,"Kalyani Expressway (South Bound), Kalyani",Kalyani,West Bengal,743145,,22.9226685,88.45628434,,0,,,,"Charger is located behind the gate, the security guard will open the gate.",,,,,,1,,,,05-01-25 16:34,04/28/2025 16:33:00
312060,256FB9D0-26B0-4039-A7E7-E888C56C5D2D,FC - JioBP - WBSDCL Athupur,"Behind WBSDCL Sub-Station, E Kapte Para Road",Exide Road Authpur,Barrakpore,West Bengal,743128,,22.8394671,88.38586414,,0,,,,,,,,,,1,,,,05-01-25 16:29,04/28/2025 16:27:00
312059,87FC4A14-B5D9-4573-B88C-EEC588BCAAC3,FC - Jio-BP - Khardaha,"Jio-BP Petrol Pump, Barakpur Trunk Road",Jaiprakash Nagar Panihati,Khardaha,West Bengal,700115,,22.70657212,88.37434853,,0,,,,,,,,,,1,,,,05-01-25 16:14,04/28/2025 16:12:00
312058,E4A8EBDF-8CEB-422A-9E35-A76FD1294280,FC - Tata Power - Taj Raajkutir,"Taj Raajkutir, EM Bypass",Next To Salt Lake Stadium Metro Station,Kolkata,West Bengal,700054,,22.57350556,88.40230026,,0,,,,Behind the access gates that the stationed security guard will open for you.,,,,,,1,,,,05-01-25 16:04,04/28/2025 15:59:00
312046,98468D76-0254-4D08-AB90-AB7A628D7D17,Azadpur Metro Station,"Ground Floor, near Metro Car Parking",,Delhi,Delhi,110052,,28.70661176,77.1821076,,0,,,,,,,,,,4,,,,05-01-25 9:59,04/28/2025 09:55:00
311985,3C4F9013-6845-496E-B88C-031E96A29CDC,Village Vatika Restaurant And Hotel,NH-47,,Danora,Madhya Pradesh,,,21.88567059,77.88399107,,0,,,,,,http://www.chargezone.co.in,,,,1,,,,12/27/2025 11:18:00,04/27/2025 15:40:00
311983,72B13361-4EB7-4935-A1DE-D1E47A208C26,Vithal Kamats,"NH-44, Near G-Point Fuel Station",,Hinganghat,Maharashtra,442301,,20.57443904,78.88230402,,0,,,,,,,,,,2,,,,04/30/2025 11:09:00,04/27/2025 11:08:00
311977,6190FB33-EDB7-4CD0-8904-3762F59F9160,Hotel Bluemoon,"Sy No. 116, NH-7, 1B, Mandal, near kasepally, Miduthuru, Peddvaduguru, Andhra Pradesh 515405",,Miduthuru,Andhra Pradesh,515405,,15.02621864,77.62107334,,0,,,,,,,,,,2,,,,07/22/2025 11:59:00,04/26/2025 10:48:00
311910,CBFB0846-10C9-4443-996F-5E5A851E4CE5,Mahaveer Ventures Hotel and Resort - The Padival Grand,"Mahaveer Mall, Main Road","above Reliance Trendz, Bolwar",Puttur,Karnataka,574201,,12.76619,75.19666,,0,,,,,,,,,,2,,,,04/23/2025 14:21:00,04/23/2025 14:21:00
311895,F65277A0-2258-4D2E-A471-87582E1EC329,Silavattam Village,"333/3A, GST Road, NH45, Ozhupakkam,","Silvattam Village,","Madurathakam, Chengalpattu Dt",Tamil Nadu,603306,,12.48148773,79.8625223,,0,,,,,,https://okapigreenev.com/,,,,1,,,,04/28/2025 10:59:00,04/22/2025 11:30:00
311813,627641A0-3982-49A2-8048-3FE29189FB6E,Mahalaxmi EV Charging STATION,Shop No 1 Heritage One,Jalpura,Gautaum Buddha Nagar,uttar pradesh,201306,,28.54753,77.44491,,0,9990616146,,,,,,,,,3,,,,04/28/2025 11:02:00,04/17/2025 10:44:00
311731,7B25808B-A3A2-4277-8E6C-1603C05E8549,"Baboos Triangle, Zeon Charging Station",Thrissur Kuttipuram Road,Kallumpuram,Kunnamkulam,Kerala,680543,,10.71947926,76.07748035,,0,,,,,,,,,,2,,,,01/23/2026 13:33:00,04/13/2025 09:34:00
311680,B8D5446A-8AF8-49D2-9876-E96B0018E2D2,Etron Energies,Avadi Road,Thiruverkadu,Chennai,Tamil Nadu,600077,,13.07148,80.11256,,0,,,,,,,,,,1,,,,04-08-25 16:59,04-08-25 16:59
311679,96B91E79-ADAC-41BB-B831-C9D1C0479B0D,Regency Tiruttani by GRT Hotels,Mahalakshmi Nagar Opposite GRT College,Chennai Tirupathi Highway,Thiruttani,Tamil Nadu,631209,,13.19516,79.64576,,0,,,,,,,,,,1,,,,04-08-25 16:52,04-08-25 16:52
311678,A5E0476A-3D82-4980-AA35-3A67BFC42ED9,RB Business Centre,"18, NH - 38, near Arni Road",Adukkamparai,Vellore,Tamil Nadu,632011,,12.86196,79.13251,,0,,,,,,,,,,1,,,,04-08-25 16:49,04-08-25 16:49
311677,1D0BC50D-BA62-4A35-A2F2-2C793ECEFEE9,Regency Sameera Vellore by GRT Hotels,"No.145, Green Circle",New Bypass Road,Vellore,Tamil Nadu,632004,,12.93209,79.13843,,0,,,,,,,,,,1,,,,04-08-25 16:46,04-08-25 16:46
311676,080DCF89-03F5-443A-8C09-CBD7B76DA9FF,7 Star Green Veg Restaurant,"Toll gate, Bengaluru - Chennai Highway",,Vaniyambadi,Tamil Nadu,635751,,12.64682,78.58269,,0,,,,,,,,,,1,,,,04-08-25 16:39,04-08-25 16:39
311648,1D40BAB1-047F-4CCA-ACDB-F966731C9D23,"Cafe Udupi Ruchi, Ulundurpet","102/19, Chennai Trichy Highway",Sengurichi Village,Ulundurpet,Tamil Nadu,606115,,11.71937,79.33668,,0,,,,,,,,,,1,,,,04-07-25 14:24,04-07-25 14:24
311647,72191116-BF72-464E-9CDF-112F6BAAD39E,Hotel Sri Anandhas,"Near SMC Hospital, Ivathukudi Village",Trichy - Chennai Highway,Veppur,Tamil Nadu,606305,,11.59206,79.15621,,0,,,,,,,,,,1,,,,04-07-25 14:21,04-07-25 14:21
311646,75E226B9-9C11-44EC-BF55-C6D4824E1381,"Adyar Ananda Bhavan, Kallakurichi","SF NO 185, 1 B, Salem Main Road","near Kallakkurichi Block, Raja Nagar",Kallakurichi,Tamil Nadu,606202,,11.71086,78.94797,,0,,,,,,,,,,1,,,,04-07-25 14:18,04-07-25 14:17
311645,6BDC1F4C-78C1-4F90-B1FE-A4E3E9BD879F,"Adyar Ananda Bhavan, Attur","No.82/6, A2, Thulakanoor Village",,Attur,Tamil Nadu,636141,,11.592,78.62726,,0,,,,,,,,,,1,,,,04-07-25 14:15,04-07-25 14:15
311644,C3A7BE95-0BEB-4703-BCD7-EE53244E80DA,Aswins Veg Restaurant,"NH - 38, Kalpady Road",Eraiyasamuthiram,Perambalur,Tamil Nadu,621113,,11.209,78.8828,,0,,,,,,,,,,1,,,,04-07-25 14:10,04-07-25 14:10
311643,720F212E-114F-4C5E-B90A-FC4725AF1C93,AVS Imperiaa,"No: 9, 12 & 23-27, Thirunallar Road","Thiruvalluvar Nagar, Patchoor",Karaikal,Puducherry,609602,,10.93799,79.8224,,0,,,,,,,,,,1,,,,04-07-25 14:07,04-07-25 14:07
311642,38E19D61-F5B5-451F-B663-7E09E1AC848F,Golden Sand,Chruch Main Road,,Velankanni,Tamil Nadu,611111,,10.68292,79.8478,,0,,,,,,,,,,1,,,,04-07-25 14:04,04-07-25 14:04
311641,04B34F58-1DB7-4CE1-B7FE-140AA6DFB9E1,"Jayaraj Karz, Vallam Pudur Sethi","Vallam Puthur Sethi, NH 83",,Thanjavur,Tamil Nadu,613403,,10.728,79.04692,,0,,,,,,,,,,1,,,,04-07-25 14:01,04-07-25 14:01
311640,0DC07463-1268-4C51-9641-5DD43E21E43B,"Kaveri Garage, Tiruchirapalli",Grand Southern Trunk Road,"Srirangam, Thiruvanaikoil",Tiruchirappalli,Tamil Nadu,620005,,10.85843,78.71129,,0,,,,,,,,,,1,,,,04-07-25 13:58,04-07-25 13:58
311639,735D80E2-019B-425E-893D-5A0D86A133B3,Hotel Arun Cafe,"NH - 45B, Trichy - Madurai Highway",Vadugappatti,Viralimalai,Tamil Nadu,621316,,10.6244,78.56317,,0,,,,,,,,,,1,,,,04-07-25 13:55,04-07-25 13:55
311638,A6CDB915-67B7-4B39-B193-BDB98CEBD1C1,"Kaveri Garage, Piratiyur","No 27/5, Dindigul Main Road",Dheeran Nagar,Piratiyur,Tamil Nadu,620009,,10.79194,78.65714,,0,,,,,,,,,,1,,,,04-07-25 13:50,04-07-25 13:50
311637,BBDC0A7C-62B3-4BF5-A5E1-716CEC9189E0,Hotel Malar,"159, Madurai Main Road",,Karaikudi,Tamil Nadu,630001,,10.07009,78.76079,,0,,,,,,,,,,1,,,,04-07-25 13:47,04-07-25 13:47
311636,19766FCF-6EBC-4AD6-9D33-A5CB739900B2,Regency Tuticorin by GRT Hotels,3/187 Periyanayagapuram Main Road,"opp. Collectorate, Korampallam",Thoothukudi,Tamil Nadu,628101,,8.7816,78.10053,,0,,,,,,,,,,1,,,,04-07-25 13:44,04-07-25 13:44
311635,B64C0398-D4ED-495E-BDEA-32BC17F647E8,Pearl Garden Resort,Thoothukudi - Tiruchendur Road,,Veerapandianpattinam,Tamil Nadu,628217,,8.53918,78.11771,,0,,,,,,,,,,1,,,,04-07-25 13:42,04-07-25 13:42
311634,00733B0F-B5BA-4491-A540-97EDE9492BC7,"Sree Saravana Bhavan, Sankagiri","Near Sankagiri Toll Gate, NH - 544 Salem Kochi Highway",Vaikundam,Sangagiri,Tamil Nadu,637103,,11.4866,77.99226,,0,,,,,,,,,,1,,,,04-07-25 13:35,04-07-25 13:35
311633,8389BD59-04A2-4F5F-93C5-BA8922C4D2F8,"Milky Mist Cafe, Erode Sathy Highway","Kandhasamiyur, Gobi Main Road",Ellispettai,Erode,Tamil Nadu,638012,,11.3998,77.62536,,0,,,,,,,,,,1,,,,04-07-25 13:30,04-07-25 13:30
311632,C5FBFCB4-A36F-4E87-8C30-7F8A41484D6F,Texvalley,"NH 544, Salem - Cochin Highway",Gangapuram Chithode,Erode,Tamil Nadu,638102,,11.37172,77.64731,,0,,,,,,,,,,1,,,,04-07-25 13:26,04-07-25 13:26
311631,D3A17D00-B207-4009-BF1F-D0BDCECFCD71,Victory Tata,"No 327, S.F, 2B, Erode - Perundurai Road",,Erode,Tamil Nadu,638012,,11.31239,77.66505,,0,,,,,,,,,,1,,,,04-07-25 13:23,04-07-25 13:23
311630,39343BEF-F152-4495-BBF7-820BCA7B856C,Sri Kongu Bakes,NH - 544 Bye Pass,,Perundurai,Tamil Nadu,638052,,11.28353,77.55823,,0,,,,,,,,,,1,,,,04-07-25 13:20,04-07-25 13:20
311629,DC889453-5930-4BC0-BA60-DA6A1A578B65,Junior Kuppanna,"NH - 544, Salem - Kochi Highway",,Avinashi,Tamil Nadu,641654,,11.17708,77.24713,,0,,,,,,,,,,1,,,,04-07-25 13:17,04-07-25 13:15
311628,1B4F7888-C7EE-4D24-B534-35F7913D9CA6,"Sree Annapoorna Hotel, Avinashi","NH - 544, Rayan Kovil",Avinashi Bye Pass Road,Avinashi,Tamil Nadu,641663,,11.17513,77.26342,,0,,,,,,,,,,1,,,,04-07-25 13:12,04-07-25 13:12
311627,1B25F52C-9677-41EE-99DA-A58B358A2976,Cafe Udupi Ruchi,NH - 544,6-Track Bypass Road,Avinashi,Tamil Nadu,641654,,11.17719,77.28392,,0,,,,,,,,,,1,,,,04-07-25 13:09,04-07-25 13:09
311626,826D6B07-0F00-406E-9BC1-B21492C2817E,Annapoorna - NH Avinashi,Rayan Kovil,Avinashi Bye Pass Road,Avinashi,Tamil Nadu,641654,,11.1778,77.28318,,0,,,,,,,,,,1,,,,04-07-25 13:06,04-07-25 13:06
311625,084ED6B9-8945-48A5-BF31-C3F9227043D6,"Ibex River Resort, Pollachi","Trichur Road, Thalanar Farms","Vazaikombu Nagoor Pirivu, Ambrampalam",Pollachi,Tamil Nadu,642001,,10.64693,76.91992,,0,,,,,,,,,,1,,,,04-07-25 13:00,04-07-25 13:00
311624,B649960F-E22E-44AB-8228-91B645762972,Travlounge - Palakkad,Palakkad Coimbatore Road,"Pudussery East, Vattappara",Walayar,Kerala,678624,,10.82633,76.82033,,0,,,,,,,,,,1,,,,04-07-25 12:58,04-07-25 12:58
311623,67FB16AC-1124-4F53-8DF0-427AFDED3AAB,Adyar Ananda Bhavan Navakkarai,"No.2, Mahendra Medu",Palakkad - Coimbatore Road,Navakkarai,Tamil Nadu,641105,,10.85592,76.86251,,0,,,,,,,,,,1,,,,04-07-25 12:53,04-07-25 12:53
311622,2BB9C421-0712-4995-B53F-62E7257D7998,"SR Jungle Resort, Anaikatti","927, Anaikatti Road","near Barath Gas Godown, KK Nagar",Anaikatti,Tamil Nadu,641108,,11.11848,76.75985,,0,,,,,,,,,,1,,,,04-07-25 12:50,04-07-25 12:50
311610,7D87BFD9-D890-4C3B-8C8B-F36A2A729B2B,Sundaram Motors Coimbatore,"1/166, Pollachi Main Road","Rangasamykonar Nagar, Eachanari",Coimbatore,Tamil Nadu,641021,,10.91863,76.98461,,0,,,,,,,,,,2,,,,02/25/2026 13:36:00,04-06-25 15:06
311609,B5E471D4-47E7-4547-8A02-1B04C624D19B,Hotel Sri Mu Saravana Bhavan,"NH - 544, Meenakshi Amman Nagar",Kamachipuram,Coimbatore,Tamil Nadu,641016,,11.00142,77.06625,,0,,,,Zappang charging stations,,,,,,1,,,,04-06-25 15:00,04-06-25 15:00
311608,12AF09E9-FDBC-4C2E-BB27-E04A1F88144C,IOCL Singanallur,"SF No 128, Trichy Road",Singanallur,Coimbatore,Tamil Nadu,641005,,11.0028,77.03874,,0,,,,,,,,,,1,,,,04-06-25 14:57,04-06-25 14:57
311607,75B730B4-814C-4F2F-9898-617E57E326CA,PPS MG Motors,"138, Avinashi Road",Chinniyampalayam,Coimbatore,Tamil Nadu,641062,,11.05013,77.05773,,0,,,,,,,,,,1,,,,04-06-25 14:55,04-06-25 14:55
311606,9D3BCCDB-A12D-46C4-96E4-C0471146F3B2,Fairfield by Marriott Coimbatore,"2b, Airport Road","Peelamedu, Civil Aerodrome Post",Coimbatore,Tamil Nadu,641014,,11.03623,77.03736,,0,,,,,,,,,,1,,,,04-06-25 14:51,04-06-25 14:51
311605,E3929A94-4931-443B-84C7-EFCA1F3D8127,Zibe Coimbatore by GRT Hotels,"427, 2B, Avinashi Road",Peelamedu,Coimbatore,Tamil Nadu,641004,,11.02287,76.99726,,0,,,,,,,,,,1,,,,04-06-25 14:41,04-06-25 14:41
311604,257A639E-4AC0-4102-A9B4-9603A54C38D8,3 Star Auto Care,"34-1, Ground Floor, LML Colony, Amman Kulam Road, P.N.Palayam",Back side LULU Hyper Market,Coimbatore,Tamil Nadu,641037,,11.01434,76.98979,,0,,,,plugzmart ev app,,,,,,1,,,,04-06-25 14:39,04-06-25 14:39
311603,974BD7DF-93F6-41BA-B2F9-D8AF0A76DD99,Ibis Coimbatore City Centre,"Lakshmi Mills Junction, Puliakulam Road",,Coimbatore,Tamil Nadu,641037,,11.01223,76.98654,,0,,,,,,,,,,2,,,,02/25/2026 13:37:00,04-06-25 14:35
311602,F2C362F1-CA71-4508-8DCB-14879B37509D,Zone by The Park Hotel,"33/3, Avinashi Road",Lakshmi Mills,Coimbatore,Tamil Nadu,641018,,11.01157,76.98444,,0,,,,,,,,,,1,,,,04-06-25 14:28,04-06-25 14:28
311601,C7F1C203-7D21-4763-9D48-50CA8F00189E,Taj Vivanta Coimbatore,"105, Race Course Road",Gopalapuram,Coimbatore,Tamil Nadu,641018,,11.0025,76.97363,,0,,,,,,,,,,1,,,,04-06-25 14:26,04-06-25 14:26
311600,4A9D1E45-2C7A-4093-936E-5EF81B922B0A,"Welcomhotel By ITC Hotels, Race Course, Coimbatore","1266/14, W Club Road, Race Course",Gopalapuram,Coimbatore,Tamil Nadu,641018,,10.99713,76.97389,,0,,,,,,,,,,1,,,,04-06-25 14:22,04-06-25 14:22
311599,0D6E95ED-3C66-4CED-A14C-33A61056FA52,VEEV Brookfields,"F-20, G17A, 67-71, Dr Krishnasamy Mudaliyar Road","Puthiyavan Nagar, Sukrawar Pettai, R.S. Puram",Coimbatore,Tamil Nadu,641001,,11.00939,76.95905,,0,,,,,,,,,,8,,,,04-06-25 15:08,04-06-25 14:19
311598,DED806EB-8710-4747-9647-A642A9027133,Corporation Parking Lot,"Cross Cut Road, Peranaidu Layout","Ram Nagar, Gandhipuram",Coimbatore,Tamil Nadu,641009,,11.01695,76.96566,,0,,,,,,https://evchargepartners.in/,,,,1,,,,04-06-25 14:15,04-06-25 14:15
311597,879F7FFC-F0D0-4E09-AE13-0B662FBA4BE8,PSV EV Point,"No, 88/7, ARR Complex, Thudiyalur Road",Saravanampatti,Coimbatore,Tamil Nadu,641035,,11.08231,76.98681,,0,,,,plugzmart ev charger,,,,,,1,,,,04-06-25 14:07,04-06-25 14:07
311596,A3457D38-6B70-4209-9B7E-EB78B9E0222E,Annalakshmi Drive in,"HRM Building, 27/172, Donnington Road",Johnstone Square,Kotagiri,Tamil Nadu,643217,,11.42336,76.86669,,0,,,,One Plug EV,,,,,,1,,,,04-06-25 13:57,04-06-25 13:57
311595,A4093B7B-95AA-4FA8-BEFE-62E5BFB67885,Lakshmi Retreat,"Rangiem House, 14/51",Club Road,Kotagiri,Tamil Nadu,643217,,11.42998,76.86711,,0,,,,,,,,,,1,,,,04-06-25 13:51,04-06-25 13:51
311594,55A8CD2B-ADBE-4443-8049-B6276D9B9D9D,Deccan Park Resort,"Theetukal post, Fern Hill",West Mere,Ooty,Tamil Nadu,643004,,11.39974,76.66623,,0,,,,,,,,,,1,,,,04-06-25 13:47,04-06-25 13:47
311593,3D489B77-C626-4071-8B8D-CBC3BC40A957,Sasthapuri Hotels,"9/4 H5, Mysore Ooty Highway, R G Puram",,Gudalur,Tamil Nadu,643212,,11.49862,76.49398,,0,,,,,,http://www.e4ev.in,,,,1,,,,04-06-25 13:44,04-06-25 13:44
311580,5124BA3A-3A0F-4A75-839D-2CC9595220B1,OM MADURAI SARAVANA BHAVAN,"Tuticorin Madurai Road, near Toll Plaza Eliyarpathi",Thiruparankundram,Thangalacheri,Tamil Nadu,625022,,9.78446,78.094274,,0,,,,,,,,,,1,,,,04-05-25 4:50,04-05-25 4:50
311561,3638845E-CB10-488B-8594-CBF9BACBA4F2,Hotel Star palace,"14/69 E1, NH - 87",Madurai Rameswaram Highway,Rameswaram,Tamil Nadu,623526,,9.28468,79.29506,,0,,,,,,,,,,1,,,,04-04-25 17:35,04-04-25 17:35
311560,BFD31902-9788-4D01-A362-F681F6613211,Tucker Rameswaram,"Santhiya Nagar, near Green Leaf Resort",,Rameshwaram,Tamil Nadu,623526,,9.28616,79.27707,,0,,,,,,,,,,1,,,,04-04-25 17:32,04-04-25 17:32
311559,0088B145-0B8A-4F57-87B1-88EEB10D73E4,Keerthi Residency,"3/424, Pokkuvarathu Nagar,",Rameswaram Highway,Vani,Tamil Nadu,623536,,9.35021,78.88531,,0,,,,,,,,,,1,,,,04-04-25 17:28,04-04-25 17:28
311558,616522F4-009C-4908-9DEE-1DDDBE5F93DE,MDS Bakery,East Coast Road,Chalai Bazar,Ramanathapuram,Tamil Nadu,623504,,9.3909,78.8514,,0,,,,,,,,,,1,,,,04-04-25 17:25,04-04-25 17:25
311557,EAFFD433-01E2-4A7D-8F96-09AE193193B9,Bheemas Nalabagam,Madurai Mandapam Highway,"Bharathi Nagar, Sakkarakottai",Ramanathapuram,Tamil Nadu,623503,,9.36109,78.84638,,0,,,,,,,,,,1,,,,04-04-25 17:23,04-04-25 17:23
311556,BF545156-779E-423D-93E1-3A4063C2C4ED,Hotel Coral Residency,"No 27, Ayyasamy Club North Street,",Railway Feeder Road,Ramanathapuram,Tamil Nadu,623501,,9.35954,78.83801,,0,,,,,,,,,,1,,,,04-04-25 17:18,04-04-25 17:18
311555,C8F8D805-7BC5-40A5-9B55-44CADDEF9EA5,Chima Cars,"No 2/211, Madurai Road",Kooriyur,Ramanathapuram,Tamil Nadu,623502,,9.36718,78.8099,,0,,,,,,,,,,1,,,,04-04-25 17:16,04-04-25 17:16
311554,229A2901-02F9-4126-BA4B-DF7E045E9000,BPCL Manamadurai,"NH - 87, near Bus Stand",Kilangattur,ManaMadurai,Tamil Nadu,630609,,9.68846,78.44998,,0,,,,,,,,,,1,,,,04-04-25 17:13,04-04-25 17:13
311553,0F41B1DD-960A-4C70-827C-101F74506F17,Bharat Petroleum COCO Pump Thirupuvanam,"Sy No 225/1A, NH - 87",,Tiruppuvanam,Tamil Nadu,630611,,9.81293,78.26301,,0,,,,,,,,,,1,,,,04-04-25 17:10,04-04-25 17:10
311552,AB6F2EC3-6D81-4C16-8EEB-842C61D6C7A6,Jacks Charging Station,"APK road, near police check post","Mandela Nagar, Perungudi",Madurai,Tamil Nadu,625022,,9.84301,78.10406,,0,,,,,,,,,,1,,,,04-04-25 17:06,04-04-25 17:06
311551,B4F21FC4-3BB9-41A1-BD2F-7D8582138771,Jasmine Filling Station,"NH - 38, Mandela Nagar",,Madurai,Tamil Nadu,625022,,9.84111,78.10481,,0,,,,,,,,,,1,,,,04-04-25 17:04,04-04-25 17:04
311550,4E8B91FE-FE78-42E1-939B-103E9349DEA8,"Amika Hotel, Madurai","269/1D1, NH - 38, Airport Mattuthavani Ring Road","Rajamanickamnadar Nagar, Avaniyapuram",Madurai,Tamil Nadu,625012,,9.86373,78.12427,,0,,,,,,,,,,1,,,,04-04-25 17:01,04-04-25 17:01
311549,CB9ACEDB-747A-4F46-BF84-85D9E1512EF3,Ever Power Charging Station,"NH - 44, near Anna University","Srinivasa Colony, Kilakuyilkudi",Madurai,Tamil Nadu,625006,,9.9017,78.04536,,0,,,,,,,,,,1,,,,04-04-25 16:54,04-04-25 16:54
311548,5B3BFDEA-58DF-4317-B228-71CD4062E1E4,The Gateway Hotel Madurai,"No 40, Tirupparankunram Road",Pasumalai,Madurai,Tamil Nadu,625004,,9.89713,78.08755,,0,,,,,,,,,,1,,,,04-04-25 16:50,04-04-25 16:50
311547,31FF18A1-9D1B-41F7-852A-C3D5A14BB907,Tucker Motors Private Limited,"190/3, Manika Vasakar Street",near Lakshmi Stores,Madurai,Tamil Nadu,625003,,9.91161,78.09279,,0,,,,,,,,,,1,,,,04-04-25 16:46,04-04-25 16:46
311546,78034294-B917-4B70-A721-1787480BBF64,Velammal Hospital and Medical College Parking - 2,"Velammal Village, Madurai - Tuticorin Highway","Airport-Mattuthavani Ring Road, Chinthamani",Madurai,Tamil Nadu,625009,,9.886214391,78.15132219,,0,,,,,,,,,,1,,,,04-04-25 16:43,04-04-25 16:43
311545,C08852FE-8D25-4D15-82DF-0B6BD9699294,Velammal Hospital and Medical College Parking - 1,"Velammal Village, Madurai - Tuticorin Highway","Airport-Mattuthavani Ring Rd, Chinthamani",Madurai,Tamil Nadu,625009,,9.886238411,78.15058163,,0,,,,,,,,,,1,,,,04-04-25 16:40,04-04-25 16:40
311544,E12A70C6-2E45-4E87-B2A8-E7ED8A68D0AF,Grand Madurai by GRT Hotels,"79/1A1, Madurai - Thoothukudi Highway, next to Velammal Hospital and Medical College, Velammal Village","Anuppanadi, Chinthamani",Madurai,Tamil Nadu,625009,,9.885731969,78.14862819,,0,,,,,,,,,,1,,,,04-04-25 16:34,04-04-25 16:34
311543,FDD77148-F992-4FFC-8EAB-670DBA3CF67E,Regency Madurai by GRT Hotels,"38, Madakulam Main Rd, next to SARVA CENTER, Vinayai Nagar","Palanganatham, Signal Junction",Madurai,Tamil Nadu,625003,,9.904912124,78.096602,,0,,,,,,,,,,1,,,,04-04-25 16:30,04-04-25 16:30
311542,2C75CBDF-C74B-41F2-A799-CDF97A73C25B,JC Residency Madurai,"14, Lady Doak College Road",Chinna Chokikulam,Madurai,Tamil Nadu,625002,,9.937168599,78.13268945,,0,,,,,,,,,,1,,,,04-04-25 16:28,04-04-25 16:28
311541,FBFB0E84-4348-440F-B66D-6816B0EFB67B,Courtyard by Marriott Madurai,"168, Alagar Kovil Main Rd, next to Circuit House","KK Nagar, Ramaond Reserve Line",Madurai,Tamil Nadu,625002,,9.941091589,78.13946538,,0,,,,,,,,,,1,,,,04-04-25 16:25,04-04-25 16:25
311540,33EE19D3-D149-4DEC-8A6B-14C3D54A9546,Zibe Salem by GRT Hotels,"Four Roads, GRT Jewellery Building, 14/1",Omalur Main Rd,Salem,Tamil Nadu,636009,,11.66543,78.14509,,0,,,,,,,,,,1,,,,04-04-25 16:19,04-04-25 16:19
311539,35E6AB3C-A051-4860-A002-521DCA1F633C,"Kaveri Auto Garage, Madurai","Survey No 146/2C1, 148/1A, 149/1B2A",Paravai,Madurai,Tamil Nadu,625402,,9.96434,78.06483,,0,,,,,,,,,,1,,,,04-04-25 15:02,04-04-25 15:02
311538,16F1427D-3904-48F8-88B6-AD51A86934C1,"Aras Kia, Nagarai","No 63/6A1B, TV Nallur",,Nagari,Tamil Nadu,625221,,10.0124,78.01737,,0,,,,,,,,,,1,,,,04-04-25 14:59,04-04-25 14:59
311537,BDCEBCB4-59D8-413C-8F7C-5BCCC8E21419,Hotel Temple City,"NH 44, Chellakulam",,Thathampatti,Tamil Nadu,625020,,10.07991,77.97778,,0,,,,,,,,,,1,,,,04-04-25 14:54,04-04-25 14:54
311536,9B966952-F520-4660-A26D-B243E82A23F3,Hotel Eden Garden,NH - 44,,Pandiarajapuram,Tamil Nadu,624201,,10.11237,77.93769,,0,,,,,,,,,,1,,,,04-04-25 14:50,04-04-25 14:50
311535,6A68228E-21A5-4150-B608-812E000FB103,Bharat Petroleum e-charge station,NH - 44,,Chinnalapatti,Tamil Nadu,624301,,10.2998,77.9413,,0,,,,,,,,,,1,,,,04-04-25 14:48,04-04-25 14:48
311534,04602C7B-2C8A-4325-AB4F-A2C28BF3856E,Adyar Ananda Bhavan,"NH - 44, Thomaiyar Puram,",Adiyanuthu,Dindigul,Tamil Nadu,624002,,10.33668,77.95701,,0,,,,,,,,,,1,,,,04-04-25 14:43,04-04-25 14:43
311532,65529ABF-94A4-49EF-A9FA-434EF828E895,Hotel PVK Grand,"80, Thadicombu Road",Ashok Nagar,Dindigul,Tamil Nadu,624001,,10.3741,77.96772,,0,,,,,,,,,,1,,,,04-04-25 14:41,04-04-25 14:41
311531,B3D9E169-774C-4449-B294-262A38936B3F,"Kaveri Garage, Seelapadi","No 478/1A2, Trichy - Dindugal Road","Nandhavanappatty, Seelapadi",Dindugal,Tamil Nadu,624005,,10.38031,77.99536,,0,,,,,,,,,,1,,,,04-04-25 14:38,04-04-25 14:38
311530,823D5DD6-B2B6-4155-8638-2975401C6B7A,Vel Saravana bhavan,"Bypass Road, opp. Velu Mahal, Collectrate Post, Chennamanayakkanpatti",Rajakkapatti,Dindigul,Tamil Nadu,624001,,10.386,77.96756,,0,,,,,,,,,,1,,,,06/14/2025 13:02:00,04-04-25 14:34
311529,0242F469-A876-4477-B124-D110E6A04F6C,Jio BP Dindigul,Marambadi Road,Innasiyarpuram,Thadikombu,Tamil Nadu,624709,,10.42633,77.95391,,0,,,,,,,,,,1,,,,04-04-25 14:30,04-04-25 14:30
311528,42F515D1-7176-4E45-AC63-402ABBC87D68,A.R. Fuels,NH - 44,,Thadikombu,Tamil Nadu,624709,,10.42743,77.95434,,0,,,,,,,,,,1,,,,04-04-25 14:27,04-04-25 14:27
311527,70E5A9D3-0FB4-4E92-8E93-F605BC2BC94F,Adyar Ananda Bhavan,"SF.No.144, NH - 67","Opp Toll Gate, Nagapattinam - Coimbatore - Gundlupet Highway",Thennilai,Tamil Nadu,639206,,10.95696,77.85174,,0,,,,,,,,,,1,,,,04-04-25 14:23,04-04-25 14:23
311526,6DAE5CD6-2C71-4958-9554-62B7DEC8AA5C,Sri Venkateshwara Auto Fuels,Karur - Trichy Bypass,,Karur,Tamil Nadu,639001,,10.90851,78.10009,,0,,,,,,,,,,1,,,,04-04-25 14:19,04-04-25 14:19
311525,9CA7FBB0-8701-474D-87D0-3F65E6CD4BD1,Subbanna Hotel,"Madurai Bypass Road, Service Road",L G B Nagar,Karur,Tamil Nadu,639001,,10.95773,78.06033,,0,,,,,,,,,,1,,,,12-12-25 1:46,04-04-25 14:14
311524,97981D29-36EC-4218-AB52-CFCC165C25B9,The True Saai Works Karur,"Salem Bypass Road, opposite Spring Field","Kulathupalayam, Periya",Karur,Tamil Nadu,639002,,10.97867,78.06428,,0,,,,,,,,,,1,,,,04-04-25 14:11,04-04-25 14:11
311523,ADA3C02A-B1C0-4C75-9B64-7DAEA28B2F3A,11 to 11 Family Restaurant,"2, Manmangalam Semmadai",Karur Bypass,Karur,Tamil Nadu,639006,,11.01214832,78.06795343,,0,,,,,,,,,,1,,,,12/15/2025 12:52:00,04-04-25 14:07
311518,9F6635CD-EF5D-4186-899F-620B68E8AAE6,Sri Nathi Restaurant,"Bus Stop, NH - 44, Karur - Namakkal Highway",near to PGP College,Paramathi,Tamil Nadu,637207,,11.17039,78.03892,,0,,,,,,,,,,1,,,,04-03-25 15:59,04-03-25 15:59
311504,73941461-FBC8-4269-80AF-D6F7EFAA72C3,Coastal Grand Hotel,"1/134, Ayyampalayam",Nallipalayam,Namakkal,Tamil Nadu,637003,,11.23999,78.14177,,0,,,,,,,,,,1,,,,04-02-25 16:56,04-02-25 16:56
311503,E1A290B1-673E-4559-BD8F-578D80A9D3BD,Sri Nathi Restaurant,opp. to Selvam College Road,"Salem Main Road, Ponnusamy Nagar",Pappinayakkanpatti,Tamil Nadu,637003,,11.27246,78.16423,,0,,,,,,,,,,1,,,,04-02-25 16:54,04-02-25 16:54
311502,7F69614C-53EA-4BC2-839B-ADD98D212B65,Jio-BP Namakkal,"Survey No 88/2B2, NH - 44",Pappaniackanpatti,Namakkal,Tamil Nadu,637003,,11.27967,78.16411,,0,,,,,,,,,,1,,,,04-02-25 16:51,04-02-25 16:51
311501,2B32FCEE-8EAF-4CD1-AF12-22837EA51C4B,NEW POESH GARDEN - FAMILY RESTAURANT,"Andagaloor Gate, 67, Attur - Rasipuram Road",,Rasipuram,Tamil Nadu,637408,,11.44779,78.16161,,0,,,,,,,,,,1,,,,04-02-25 16:47,04-02-25 16:47
311500,EA67B8A3-2D63-4CA6-AE98-AAD25CD6A048,Adyar Ananda Bhavan - A2B,"Brindavan Garden, 301","Salem - Madurai Road, Athanur",Rasipuram,Tamil Nadu,637401,,11.49253,78.15367,,0,,,,,,,,,,1,,,,04-02-25 16:43,04-02-25 16:43
311499,2863402D-F31E-4FAD-90DA-574D5B450903,Saravana Parottas,"Trichy Highway, near Vetri Vikas School",,Mallur,Tamil Nadu,636203,,11.53586,78.14556,,0,,,,,,,,,,4,,,,02/25/2026 13:40:00,04-02-25 16:39
311498,2E296E85-5F56-44FD-8771-826D4F9762EB,Sai Annapoorna Veg,"NH - 44, Sandiyur Attayampatti",,Santhiyur,Tamil Nadu,636203,,11.57838,78.14588,,0,,,,,,,,,,1,,,,04-02-25 16:35,04-02-25 16:35
311497,1DE69F08-B3FC-451A-9E96-658E1C1561D9,RRK Hitech Petroleum,"NH - 44, Sandiyur Attayampatti,",,Santhiyur,Tamil Nadu,636203,,11.57853,78.14611,,0,,,,,,,,,,1,,,,04-02-25 16:33,04-02-25 16:33
311496,4F34BCAA-42B7-458F-AA5D-CFEF2507C499,Adyar Ananda Bhavan - A2B,"3/659, Neikarapatti Road,","Sandaipet, Kondalampatti",Salem,Tamil Nadu,636010,,11.61856,78.107,,0,,,,,,,,,,1,,,,04-02-25 16:29,04-02-25 16:29
311495,02B3196E-6A20-40BC-BA89-8BB6AC5CABB1,The True Saai Works Salem,"73, Omalur Main Road","next to Hotel Grand Estancia, Narasothipatti",Salem,Tamil Nadu,636004,,11.68287,78.12606,,0,,,,,,,,,,1,,,,04-02-25 16:25,04-02-25 16:25
311494,B1D6B0F8-EFCB-4030-9458-35AFB76404AB,MG Salem,"3rd St, Anna Nagar",Mamangam,Salem,Tamil Nadu,636302,,11.69299,78.11234,,0,,,,,,,,,,1,,,,04-02-25 16:23,04-02-25 16:23
311493,CF0BECE8-D6AC-49C0-BB7C-DF80AEC3F8EC,Salem RR Biryani,"315, NH - 44 Service Road",Kottagoundampatti,Salem,Tamil Nadu,636011,,11.72134,78.07146,,0,,,,,,,,,,1,,,,04-02-25 16:20,04-02-25 16:20
311492,B4FE156B-C1F6-42BE-9E5B-D6C5CD31E66C,Aasai Aasai Anandha Bhavan,"NH - 44, Delight Restaurant Aasai",,Omalur,Tamil Nadu,636455,,11.75299,78.05057,,0,,,,,,,,,,1,,,,04-02-25 16:16,04-02-25 16:16
311491,FC3E279C-DF17-4BFF-AE9F-CFB005D650D0,Anandha Bhavan,NH - 44,Bangalore to Salem Highway,Omalur,Tamil Nadu,636455,,11.75518,78.05113,,0,,,,,,,,,,1,,,,04-02-25 16:14,04-02-25 16:13
311490,F1E2BC15-DDDD-468D-8B96-2E3ED60FECF4,Jio BP Pulse Salem,"NH - 44, Pannapatti",,Pallapatti,Tamil Nadu,636305,,11.82426,78.06513,,0,,,,,,,,,,1,,,,04-02-25 16:09,04-02-25 16:09
311489,88375FCE-E8F4-46B6-B206-C4E50E4180A5,Annai Ananda Bhavan Restaurant,"NH - 44, Pappinaickanahalli",,A.Reddihalli,Tamil Nadu,636705,,12.12502,78.13515,,0,,,,,,,,,,1,,,,04-02-25 16:06,04-02-25 16:06
311488,4B4D8DE2-809C-4788-B966-545B6FDF78F9,M K Agencies,NH - 44,Dharmapuri to Krishnagiri Highway,Kerakodahalli,Tamil Nadu,635111,,12.27429,78.197,,0,,,,,,,,,,1,,,,04-02-25 16:04,04-02-25 16:04
311487,F06012C0-60E1-4FE6-92CA-DDEBB437189C,Italian Lounge - Cafe 66,"NH - 44, Kariamangalam",,Sappanipatti,Tamil Nadu,635111,,12.34146,78.21598,,0,,,,,,,,,,1,,,,04-02-25 16:01,04-02-25 16:01
311486,D938D40A-8C28-4B8D-8C5D-9BF779EBF3F7,The True Saai Works Krishnagiri,"No 417A/1A, Bengaluru - Chennai Highway,",,Krishnagiri,Tamil Nadu,635001,,12.53084,78.23787,,0,,,,,,,,,,1,,,,04-02-25 15:57,04-02-25 15:57
311485,1F9DF2C4-F599-40F2-9F79-D2B749712F94,Hotel Saravana Bhavan Classic,"D.No. 2/77,Bangalore Bye Pass Road","Baiyanapalli Village, Bayanapalli",Krishnagiri,Tamil Nadu,635115,,12.55407,78.18823,,0,,,,,,,,,,1,,,,04-02-25 15:52,04-02-25 15:52
311484,60B5C55E-9B6F-4198-9106-6834A6B2D40F,Hotel Saravanaa Bhava,"Next toTollgate, Opp to IOC Ptrol Bunk",Krishnagiri to Bangalore Highway,Krishnagiri,Tamil Nadu,635121,,12.57037,78.17235,,0,,,,,,,,,,1,,,,04-02-25 15:48,04-02-25 15:48
311483,3501CB36-F69C-4949-AD0C-A05B0EAC2123,LAVATO - A Premium Lounge,"Survey No: 20/5B2B, Pillnayakuppam Post, NH44","near Hotel Sri venkateshwara Pure Veg Highway Restaurant, Bandarapalli Village",Junjupalli,Tamil Nadu,635115,,12.57339,78.16922,,0,,,,,,,,,,1,,,,04-02-25 15:45,04-02-25 15:45
311482,28DDED06-A671-4D63-B4A7-F26A9CDE899D,Hotel Saravanaa Bavaa,NH - 44,,Krishnagiri,Tamil Nadu,635115,,12.58920281,78.14394723,,0,,,,,,,,,,1,,,,04-02-25 15:36,04-02-25 15:36
311481,5CCC7E4B-9E7E-4A39-B1A4-CE925BA25AEF,Sree Saravana Bhavan Veg. Treat,Hotel Surya Complex,"NH - 44, Polupalli",Krishnagiri,Tamil Nadu,635115,,12.5819,78.15707,,0,,,,,,,,,,1,,,,04-02-25 14:51,04-02-25 14:46
311480,C5CBB7F8-25EA-4468-8B28-3FDB499B9138,Saravana Bhavan Classic,"NH - 44, near Krishnagiri",,Sikkarimedu,Tamil Nadu,635115,,12.58858,78.14646,,0,,,,,,,,,,1,,,,04-02-25 14:43,04-02-25 14:43
311479,A940E6E6-F4E7-4F6F-ACEC-0BBC27453498,Sangli,Sangli,,Sangli,,416416,,16.84836343,74.60515974,,0,,,,,,,,,,1,,,,04-05-25 13:59,04-02-25 13:57
311464,D5310C65-ACFF-41CC-9805-4FC6EA1657DE,Adyar Ananda Bhavan,NH - 44,,Chinnar,Tamil Nadu,635117,,12.63869,78.06529,,0,,,,,,,,,,1,,,,03/31/2025 16:18:00,03/31/2025 16:18:00
311463,67F01E8D-93CA-4E90-BEF7-88714BE3738F,DSquare Food Hub,NH - 44,,Sundagiri,Tamil Nadu,635117,,12.64608,78.04741,,0,,,,,,,,,,1,,,,03/31/2025 16:15:00,03/31/2025 16:15:00
311462,F22E1C9A-8E57-471D-8F01-627E68FE60DF,Jio BP Hosur - 2,"Survey No 322/1B & 2B & 3B, Sappadi, Hosur - Krishnagiri Road",,Nallaganakothapalli,Tamil Nadu,635117,,12.67108,77.97997,,0,,,,,,,,,,1,,,,03/31/2025 16:09:00,03/31/2025 16:09:00
311461,82A14BAE-E42B-4B32-AE34-2115DB88B686,Starbucks & KFC Shoolagiri,"Survey No 192 /4, No 2, 149/3, NH - 44","next to IOCL Bunk, Addakurukki",Shoolagiri,Tamil Nadu,635117,,12.6807,77.95265,,0,,,,,,,,,,1,,,,03/31/2025 16:05:00,03/31/2025 16:05:00
311460,A674E6E5-2FF9-4076-B789-A007D6FA3393,Jio BP Hosur,NH - 44,,Kamandoddi,Tamil Nadu,635109,,12.68784,77.92684,,0,,,,,,,,,,1,,,,04-03-25 15:53,03/31/2025 16:01:00
311459,88DC8D60-D7FC-47E8-82D7-A402B51DC188,Siri Motors,"S3 Plaza, Door No 3/61 Opp to Ashok Leyland Phase II, Plot no 14 and 23",Eshwar Nagar Gandhinagar,Hosur,Tamil Nadu,635109,,12.71462,77.88475,,0,,,,,,,,,,1,,,,03/31/2025 15:58:00,03/31/2025 15:58:00
311458,1DF5A0DE-39EE-4080-94A1-605179A628C4,True Sai Tata,Survey No 46/ 1A and 47/1A,Thorapalli Agraharam,Hosur,Tamil Nadu,635109,,12.71741,77.87594,,0,,,,,,,,,,1,,,,03/31/2025 15:55:00,03/31/2025 15:55:00
311457,B45154AD-6FC0-4CDD-8499-83E44E25D14C,Chennai Silks Hosur,181/182 Sipcot Complex Phase 1 Mookondapalli,"Bengaluru - Chennai Highway, Hosur",,Tamil Nadu,635126,,12.74717,77.81056,,0,,,,,,,,,,1,,,,03/31/2025 15:51:00,03/31/2025 15:51:00
311456,35BD628A-D063-4F92-AFEF-F0C3AE5B4A41,"Hotel Hills, Hosur","No 41, SIPCOT Industrial Complex, Phase 1",Mookondapalli,Hosur,Tamil Nadu,635126,,12.75413,77.80406,,0,,,,,,,,,,1,,,,03/31/2025 15:49:00,03/31/2025 15:49:00
311455,D7661991-870B-4832-AE83-E1DB48C1E805,Sowmya Fuel Station,"Sy no 3, Hosur Road",,Attibele,Karnataka,562107,,12.78393,77.75433,,0,,,,,,,,,,1,,,,03/31/2025 15:43:00,03/31/2025 15:43:00
311454,23601C3D-2940-48C1-9DD0-B778298721F0,Electronic City - BPCL,"Hosur Road, Konappana Agrahara",Electronic City,Bengaluru,Karnataka,560100,,12.85327,77.6672,,0,,,,,,,,,,1,,,,03/31/2025 15:40:00,03/31/2025 15:40:00
311453,808CB5AC-0A46-4E91-BC02-273219DF01D5,Monk Mansion,"89, Neeladri Nagar","Electronics City Phase 1, Electronic City",Bengaluru,Karnataka,560100,,12.84108886,77.66441659,,0,,,,,,,,,,2,,,,03/31/2025 15:30:00,03/31/2025 15:30:00
311452,93482840-3A0D-4FF3-929F-C6D091E93CAB,BloomSuites,"No. 5-56/A, Wipro Avenue, opp. Wipro Gate, Electronics City Phase 1",Electronic City,Bengaluru,Karnataka,560100,,12.83968541,77.65952566,,0,,,,,,,,,,1,,,,03/31/2025 15:28:00,03/31/2025 15:28:00
311451,2C1891D6-019B-4DEA-A3CC-54FF9F02B97C,Metro Cash&Carry,"5/2, NH - 44, Lavakusha Nagar","Konappana Agrahara, Electronic City",Bengaluru,Karnataka,560100,,12.86106588,77.66099764,,0,,,,,,,,,,1,,,,03/31/2025 15:25:00,03/31/2025 15:25:00
311450,AD28E3F6-2405-48FC-B42D-9D2B08101C93,"Zeon Charging, Sathy",Rangasamuthiram 199,"near Jayasakthi Cinemas, Nehru Nagar",Sathyamangalam,Tamil Nadu,638402,,11.48992392,77.24369169,,0,,,,,,,,,,1,,,,03/31/2025 14:36:00,03/31/2025 14:36:00
311408,DC4D5C19-C4F6-4278-A06D-9C0257557CD9,Hotel Masala Suruchi,NH - 75,Bengaluru Mangaluru Highway,Marur Handpost,Karnataka,562127,,13.0595636,77.1631723,,0,,,,,,,,,,1,,,,03/27/2025 16:18:00,03/27/2025 16:18:00
311407,F41C012D-7E13-4059-ABF0-F63122CB1E52,Swathi Delicacy,NH - 75,Bengaluru Mangaluru Highway,Koppa,Karnataka,577126,,12.99504,76.89999,,0,,,,,,,,,,2,,,,03/27/2025 15:58:00,03/27/2025 15:58:00
311285,FB0AEB06-4FF4-4F16-A5BD-6163CA81A3B1,SRM Eshwari College,Bharathi Salai,,Ramapuram Chennai,Tamil Nadu,600089,,13.03523121,80.19546897,,0,,,,,,,,,,1,,,,03/29/2025 03:34:00,03/19/2025 16:08:00
311284,65D15A73-F1E5-4027-AE5A-D5D21464AE96,SRM Institute of science and technology,Bharathi salai ramapuram,,chennai,Tamilnadu,600089,,12.919047,80.28298608,,0,,,,,,,,,,1,,,,03/29/2025 03:34:00,03/19/2025 16:02:00
309500,34C80BFB-C3EA-4D6A-B599-A9D5F948AC98,Dhanyalakshmi Fuels BPCL,Madar Halli,,Gundlupete,Karnataka,571111,,11.84679,76.67291,,0,,,,,,,,,,1,,,,03-12-25 16:43,03-12-25 16:43
309484,5969316B-3A31-4CEF-AB86-EAC79B8D6938,Maruti Charging Station,Karwar,,Karwar,Karnataka,581352,,14.84718833,74.13547626,,0,,,,,,,,,,1,,,,03-12-25 7:47,03-12-25 7:47
309483,2D64A9FB-C6E8-4055-8B2B-02A9F959BFC5,Pearl EV Fast charger,"12/10-97-91, Ward 31",Lingsugar Road,Raichur,Karnataka,584101,,16.20816451,77.35246661,,0,,,,,,,,,,1,,,,03-12-25 7:36,03-12-25 7:36
309444,13B14E41-589B-477A-99DB-8DC40C8E18A6,SLV Hotel & Family Restaurant,Chittapur Road,,Yadgir,Karnataka,585201,,16.74947088,77.1301182,,0,,,,,,,,,,1,,,,03-10-25 16:24,03-10-25 16:24
309442,A62CBA43-C1D8-467B-8A22-393C8E5F02EB,New Sangeeta Gardens Family Restaurant,"NH - 50, Vijayapura - Gulbarga Roa",,Sindgi Rural,Karnataka,586128,,16.93447,76.26145,,0,,,,,,,,,,1,,,,03-10-25 16:01,03-10-25 16:01
309441,C3CCBA7C-5DB8-40AF-9A45-8062503966F9,Sri Nisty Pvt,Nandoor K,,Kalaburgi,Karnataka,585102,,17.27460609,76.87407369,,0,,,,,,,,,,1,,,,03-10-25 15:58,03-10-25 15:58
309440,EC30846C-7FCF-470B-847B-80BB04145926,Aashirwaad Mangal Karyalay,"66, 2nd Cross, G D A Layout 1st Block",Veerendra Patil Nagar,Kalaburagi,Karnataka,585105,,17.32724988,76.86779955,,0,,,,,,,,,,1,,,,03-10-25 15:55,03-10-25 15:55
309439,12895141-17AC-4714-B99E-7AEDB8D2FC0F,Punjabi Dhami Hotel,"NH - 65, Mumbai Highway",,Sastapur,Karnataka,585327,,17.8286,76.90048,,0,,,,,,,,,,1,,,,03-10-25 15:10,03-10-25 15:10
309438,BA6826C9-E854-4046-82C5-B10FC41D8758,Hotel BHP-6,"Opp Noor Dhaba, PYC Road, NH - 65",,Humnabad,Karnataka,585330,,17.7726,77.11402,,0,,,,,,,,,,1,,,,03-10-25 15:07,03-10-25 15:07
309437,474BFB9B-10CA-4D1D-AA9F-08771EFFC590,Hotel 24,"NH - 65, near Mangalgi tollgate",Nirna,Mannaekhelli,Karnataka,585227,,17.7392,77.3347,,0,,,,,,,,,,1,,,,03-10-25 15:02,03-10-25 15:02
309436,14CEB358-73E6-4BF0-B69A-B7A710DFFDAF,Vintage Retreat Resort,SH 15 Bidar Mannakheli Highway,Kadwad Village,Chatnalli,Karnataka,585226,,17.79618,77.42225,,0,,,,,,,,,,1,,,,03-10-25 14:59,03-10-25 14:59
309435,8571CD68-C27F-461C-940A-058FAD4879DA,Ashoka Village Resort,"NH - 52, Halagunaki Cross",Vijayapura - Solapur Road,Sonakanahalli,Karnataka,586104,,17.15414,75.79103,,0,,,,,,,,,,1,,,,03-10-25 14:56,03-10-25 14:56
309427,4D0E070E-4D4B-4E59-9D85-E10B5C3E12CB,Bijjargi Motors,"NH - 50, Bye Pass,",Indi Road Cross,Vijayapura,Karnataka,586104,,16.84916793,75.73497558,,0,,,,,,,,,,1,,,,03-10-25 7:50,03-10-25 7:50
309426,12747AC9-3A27-4411-B73F-BA50B2579861,S-Hyper Mart,"NH - 50, Vijayapur - Sindagi Road",Rambhapur,Vijayapura,Karnataka,586103,,16.81325,75.7416,,0,,,,,,,,,,1,,,,03-10-25 7:46,03-10-25 7:46
309425,1227D6F1-D630-468D-B398-54355178419A,Tourist Hotel,"Zero Point Managuli, NH - 50",,Managuli,Karnataka,586122,,16.66450654,75.80500547,,0,,,,,,,,,,1,,,,03-10-25 7:41,03-10-25 7:41
309423,8F93B749-757C-49B5-B3B1-3AAA77F3BEDD,MR Residency,"M R Residency, Near APMC Bypass","Service Road,NH-50",Hungund,Karnataka,587118,,16.05300525,76.06577132,,0,,,,,,,,,,1,,,,03-10-25 7:37,03-10-25 7:37
309422,14867BF8-CE7C-4D71-8E65-663B34C64E48,Jio BP Mobility Station,"Truck Stop, No 69/3 Hungund, NH - 50","near Ilkal, Tondihal",Ilkal,Karnataka,587125,,15.99107,76.10002,,0,,,,,,,,,,1,,,,03-10-25 7:54,03-10-25 7:34
309387,A2EE081E-82F8-412E-B613-B3444C1FD28B,"Anand Nagar, Hyderabad",near Kamineni Hospitals,,Hyderabad,Telangana,500074,,17,78.56117774,,0,,,,,,,,,,1,,,,03/29/2025 03:39:00,03-09-25 9:15
309370,4EBD8647-A7BF-483E-AD43-FA7982E0254C,Hotel Poorvi,NH - 50,,Uppaldinni,Karnataka,583237,,15.6388441,76.22021127,,0,,,,,,,,,,1,,,,03-08-25 17:20,03-08-25 17:20
309369,2A99D62A-F270-425B-8459-AB26E973304E,BPCL Bagalkote,Murnala Village,,Bagalkote,Karnataka,587102,,16.18182,75.63617,,0,,,,,,,,,,1,,,,03-08-25 17:17,03-08-25 17:17
309368,14D015DB-576C-415B-AFC0-1E67EE31C492,ITC Welcome Hotel,Kakati,,Belagavi,Karnataka,591113,,15.92777043,74.53233233,,0,,,,,,,,,,1,,,,03-08-25 17:07,03-08-25 17:07
309367,8569411A-F8F3-4C29-8AB8-639273CA778C,OM EV Charging,NH - 48 Service Road,Near IIT Dharwad,Mammigatti,Karnataka,580011,,15.51204707,74.94282023,,0,,,,,,,,,,1,,,,03-08-25 16:48,03-08-25 16:48
309357,78D7F8E1-E720-485D-80EB-E7DBA8B7D287,Jio-BP Mobility Station PD Halli,"Sy No.44(P), NH - 67",Paramadevana Hills,Hagari,Karnataka,583111,,15.14327,77.0632,,0,,,,,,,,,,1,,,,03-07-25 16:59,03-07-25 16:32
309356,91D53C97-A31A-489D-883C-3861286EFBDA,Mahindra Bellary Motors,"NH 63, Bellary - Uravakonda - Anantapur Road",,Ballari,Karnataka,583101,,15.14016,76.97093,,0,,,,,,,,,,1,,,,03-07-25 16:59,03-07-25 16:29
309355,62248CB5-536C-4084-8373-94AF3EBAF402,Bellad Enterprises Pvt Ltd,Hosapete Road,,Ballari,Karnataka,583102,,15.1624,76.86862,,0,,,,,,,,,,1,,,,03-07-25 16:59,03-07-25 16:27
309354,18988BC2-3D3F-420C-998E-CBA5CCFBADCF,USHA KIRAN SERVICE STATION,"1/2854-1-1, Adoni-Yemmiganur-Mantralaya Road","Siva Temple Area, Timmappa Colony",Yemmiganur,Andhra Pradesh,518360,,15.7612,77.46571,,0,,,,,,,,,,1,,,,03-07-25 16:59,03-07-25 16:23
309353,1C0B84DD-6C4B-4249-8773-70E547329EFE,Hotel Abode,Mantralayam,,Mantralayam,Andhra Pradesh,518345,,15.94075,77.42351,,0,,,,,,,,,,1,,,,03-07-25 16:59,03-07-25 16:20
309352,D6343FF9-69AA-4854-A2E9-2DB2EFB76CD1,Miracle Dhaba,"Near Vishwashanthi Ashrama, Nelamangala, NH - 48, Tumkur Road","Vijaya Vittala Nagar, Nagarur",Bengaluru,Karnataka,562123,,13.08468,77.41488,,0,,,,,,,,,,1,,,,03-07-25 16:59,03-07-25 16:15
309351,C8A0E487-582E-4003-B73A-E79558439C51,Lithium Charging Station,"820, 2nd A Cross Rd, HRBR Layout 1st Block",Kalyan Nagar,Bengaluru,Karnataka,560043,,13.01490318,77.64620471,,0,,,,,,,,,,1,,,,03-07-25 16:59,03-07-25 16:00
309350,91EEBF3F-D249-4E98-9B23-1F68D745FBA7,MG Motor B Narayanapura,"1, Outer Ring Road, Kamadhenu Nagar","B Narayanapura, Dooravani Nagar",Bengaluru,Karnataka,560016,,12.99577,77.6847,,0,,,,,,,,,,1,,,,03-07-25 16:59,03-07-25 15:55
309349,2B93FDF5-08BB-4DE5-A468-F270FCDC449A,Trifecta Addatto,"ITPL Main Road, Garudachar Palya",Mahadevapura,Bengaluru,Karnataka,560048,,12.99430594,77.69929493,,0,,,,,,,,,,4,,,,03-07-25 16:59,03-07-25 15:49
309348,1DFB3CC7-2381-482F-899C-9BC628F387F2,Epitome KIA Whitefield,"19/A, Hoodi Main Road, Doddanakundi Industrial Area 2","Seetharampalya, Hoodi",Bengaluru,Karnataka,560048,,12.9857691,77.70856233,,0,,,,,,,,,,1,,,,03-07-25 16:59,03-07-25 13:30
309347,6605D11B-0776-4FE6-AD6C-23583B4BDE4B,BMW Deutsche Motoren,"217, 2, ITPL Main Road, Doddanakundi Industrial Area 2","Garudachar Palya, Mahadevapura",Bengaluru,Karnataka,560048,,12.98413607,77.70811153,,0,,,,,,,,,,1,,,,03-07-25 16:59,03-07-25 13:27
309346,A95B1B05-A67E-4631-9E90-6BCBDAA7D193,Lithium Urban Tech Pvt Ltd,"158, ITPL Main Road, NCPR Industrial Layout, Doddanakundi Industrial Area 2","Seetharampalya, Hoodi",Bengaluru,Karnataka,560048,,12.98306,77.70906,,0,,,,,,,,,,1,,,,03-07-25 16:59,03-07-25 13:25
309345,B03A2FE1-C227-49F1-ACCA-885B217769B4,"Fairfield by Marriott, Mahadevapura","3-A1 Kundanahalli Main Road, Mahadevpura","opposite IFB Campus, Whitefield",Bengaluru,Karnataka,560048,,12.98184244,77.70863283,,0,,,,,,,,,,1,,,,03-07-25 16:59,03-07-25 13:20
309344,DF7A758A-8102-428E-BDCC-F7D966BC1C24,Prestige Technostar,"ITPL Main Road Doddanakundi Industrial Area 2, Phase 1",Doddanekkundi,Bengaluru,Karnataka,560048,,12.97260029,77.7114568,,0,,,,,,,,,,1,,,,03-07-25 16:59,03-07-25 13:17
309343,E75957D9-4FAF-4AB1-8641-471E6C00F99A,KHT Brookefield,"#2, Kundalahalli Main Road, AECS Layout,",Marathahalli,Bengaluru,Karnataka,560037,,12.96712415,77.71696159,,0,,,,,,,,,,1,,,,03-07-25 16:59,03-07-25 13:13
309342,012365B3-0BEA-4472-A73F-4AD1C6C3E90B,JLR Shakti Auto,"Jaguar and Land Rover, #36 Kundalahalli Main Road","AECS Layout, Brookefield",Bengaluru,Karnataka,560037,,12.96358226,77.71737953,,0,,,,,,,,,,1,,,,03-07-25 16:59,03-07-25 13:11
309341,80B3DA2D-77DD-45EC-AC97-899E13B33F90,goEgo EV CHARGE PARK,"SRIT House, #113/1B, ITPL Main Road","Kundalahalli, Brookefield",Bengaluru,Karnataka,560037,,12.96316,77.71814,,0,,,,,,,,,,1,,,,03-07-25 16:59,03-07-25 13:09
309340,07A063DE-C357-4C43-9147-B48E7E03BA8A,"Jio-bp Pulse Hub, Siddhapura",#244 Shop No 1 Varthur Main Road,"Siddapura, Brookefield",Bengaluru,Karnataka,560066,,12.95717327,77.72954555,,0,,,,,,,,,,1,,,,03-07-25 16:59,03-07-25 13:03
309339,42EACE21-AF1C-4861-9E14-756F608BF67F,DivyaSree LitBox,"DivyaSree Republic of Whitefield Sy. No. 36/2 & 36/3, Kundanahalli Village","EPIP Zone, Doddanakundi, Whitefield",Bengaluru,Karnataka,560066,,12.97098961,77.72502446,,0,,,,,,,,,,1,,,,03-07-25 16:59,03-07-25 12:59
309338,1DC5AC05-CA9A-4A2C-BC54-9F5D7DB44029,Marriott Hotel Whitefield,"Plot No 75, 8th Road","EPIP Zone, Whitefield",Bengaluru,Karnataka,560066,,12.97926241,77.72744813,,0,,,,,,,,,,1,,,,03-07-25 16:59,03-07-25 12:55
309337,AA7BBAB6-8C34-466C-B06F-CDB93C6E1477,Nexus Shantiniketan Jio-BP,ITPL Road,"Thigalarapalya, Krishnarajapuram",Bengaluru,Karnataka,560067,,12.98904002,77.72758362,,0,,,,,,,,,,1,,,,03-07-25 16:59,03-07-25 12:51
309336,363D9FF9-BBC8-4392-A748-5ADAC2F92953,Nexus Shantiniketan - Statiq,ITPL Road,"Thigalarapalya, Krishnarajapuram",Bengaluru,Karnataka,560067,,12.98906569,77.7276038,,0,,,,,,,,,,1,,,,03-07-25 16:59,03-07-25 12:46
309335,4A3E773F-EA0B-43C6-8677-9E500E02778F,Sheraton Grand Bengaluru Whitefield Hotel & Convention Center,"Whitefield Road, Prestige Shantiniketan","Hoodi, Whitefield",Bengaluru,Karnataka,560048,,12.98921538,77.72961911,,0,,,,,,,,,,1,,,,03-07-25 16:59,03-07-25 12:40
309334,0956F968-A413-4D26-8554-3EC41D95BC74,Divyasree NR Enclave,"#1, 1st Main Rd, Whitefield","KIADB Export Promotion Industrial Area, Krishnarajapuram",Bengaluru,Karnataka,560066,,12.98634711,77.73038387,,0,,,,,,,,,,1,,,,03-07-25 16:59,03-07-25 12:33
309333,4C5D0E8A-1AAB-42FC-971F-53EC7B8BA001,Park Square Mall,"ITPB, ITPL Main Road","Pattandur Agrahara, Whitefield",Bengaluru,Karnataka,560066,,12.98728009,77.73628236,,0,,,,,,,,,,1,,,,03-07-25 16:59,03-07-25 12:31
309332,899B0B3A-0E09-49FA-9EAA-695D94FFE68D,Taj Vivanta Whitefield,"ITPB Main Road, Beside Park Square Mall","Pattandur Agrahara, Whitefield",Bengaluru,Karnataka,560066,,12.98720238,77.7373663,,0,,,,,,,,,,1,,,,03-07-25 16:59,03-07-25 12:26
309331,CFB6B09E-CAC6-4A9F-A51D-65CF6DC7B5D6,The Zinc By Fern Hotels,"Surya Elegance, Off Channasandra Main Road,","Vijayanagara, Whitefield",Bengaluru,Karnataka,560066,,12.97757572,77.75708951,,0,,,,,,,,,,1,,,,03-07-25 16:59,03-07-25 12:21
309330,86084062-6C9B-4B8C-A52C-1B4A9DC64842,Nexus Whitefield Statiq,"62, Whitefield Main Road","Whitefield, Prestige Ozone",Bengaluru,Karnataka,560066,,12.9600764,77.74719392,,0,,,,,,,,,,1,,,,03-07-25 16:59,03-07-25 12:15
309329,20E99141-2B11-4978-B7FE-21584FCF6876,Nexus Whitefield Jio-BP,"62, Whitefield Main Road, Prestige Ozone",Whitefield,Bengaluru,Karnataka,560066,,12.9600764,77.74719392,,0,,,,,,,,,,1,,,,03-07-25 16:59,03-07-25 12:09
309328,5EA42192-BB81-4112-A683-65E4F2067E5E,Forum South Bengaluru,"Konanakunte Cross Metro Statio, Kanakapura Road","Anjanadri Layout, Konanakunte",Bengaluru,Karnataka,560062,,12.88919163,77.56343684,,0,,,,,,,,,,1,,,,03-07-25 16:59,03-07-25 12:01
309320,4E1E46EF-A7AF-4106-B9BC-6B453838ECCB,"Global Mall, Okalipuram","Okalipura Road, Gopalapura",Binnipete,Bengaluru,Karnataka,560023,,12.98211,77.56317,,0,,,,,,,,,,1,,,,03-07-25 16:59,03-06-25 17:50
309319,845026CA-7FE3-41C7-9D67-78DA45362789,Freedom Park,"Sevakshetra, No. 14  6th Cross","Kalidasa Marga, Gandhi Nagar",Bengaluru,Karnataka,560009,,12.97859,77.58139,,0,,,,,,,,,,1,,,,03-07-25 16:59,03-06-25 17:44
309318,D08551A7-AC54-4487-8714-A60C67F6321C,Jio-BP Pulse Varthur Hub,"Survey No 13/3, Balagere Road, opposite EuroKids","Devasthanagalu, Varthur",Bengaluru,Karnataka,560087,,12.93979,77.73447,,0,,,,,,,,,,18,,,,03-07-25 16:59,03-06-25 17:40
309317,D6EA3E0D-FF54-4CA5-8D7A-21E4C688730B,"Jio-BP Pulse Hub, Marathalli","17, behind Biriyani Zone, Vivekananda Layout","Chandra Layout, Marathahalli",Bengaluru,Karnataka,560037,,12.95179,77.70207,,0,,,,,,,,,,1,,,,03-07-25 16:59,03-06-25 17:35
309316,2C4114D0-7CA9-4255-BE67-5598F924D1D5,Exora Business Park,Exora Business Park,Kadubeesanahalli,Bengaluru,Karnataka,560103,,12.94329,77.69229,,0,,,,,,,,,,1,,,,03-07-25 16:59,03-06-25 17:28
309315,91316782-2F38-421D-8C9E-1BD5017B5C00,Aloft Bengaluru Outer Ring Road,Cessna Business Park Sarjapur - Marathahalli Outer Ring Road,"Kadubeesanahalli Post, Bellandur",Bengaluru,Karnataka,560103,,12.93674468,77.69488851,,0,,,,,,,,,,1,,,,03-07-25 16:59,03-06-25 17:25
309314,294B677C-A7F3-4CC3-B8AA-E98BDE71C6B9,Bellandur Charging Hub,"Fitso Panathur PK Sports, Swimming, No.6","Bhoganahalli Road, Panathur Post",Bengaluru,Karnataka,560103,,12.92924,77.70305,,0,,,,,,,,,,1,,,,03-07-25 16:59,03-06-25 17:22
309313,87920804-143D-43CA-B698-3B9DC151071D,Big Pitcher Sarjapur Road,"Doddakannelli, 116/9, Ambalipura - Sarjapur Rd",Kaikondrahalli,Bengaluru,Karnataka,560035,,12.90986,77.68856,,0,,,,,,,,,,1,,,,03-07-25 16:59,03-06-25 17:15
309312,C3A73E5C-3FAE-4F2E-AB87-D731DB45B962,RMZ Eco World,Adarsh Palm Retreat Tower 1,"RMZ Ecoworld Road, Bellandur",Bengaluru,Karnataka,560103,,12.92099415,77.68605456,,0,,,,,,,,,,1,,,,03-07-25 16:59,03-06-25 17:11
309311,B22ADE0D-A7D9-468F-806D-B8F4F91669E9,The Bay at Ecoworld,"Building No.6, RMZ Ecoworld Road","Adarsh Palm Retreat, Bellandur",Bengaluru,Karnataka,560103,,12.92100366,77.68539426,,0,,,,,,,,,,1,,,,03-07-25 16:59,03-06-25 17:08
309310,F05DD140-C13C-423C-8A20-FAA50FFEE4DC,Courtyard by Marriott,Marathahalli - Sarjapur Outer Ring Road,Bellandur,Bengaluru,Karnataka,560103,,12.92823438,77.68218795,,0,,,,,,,,,,1,,,,03-07-25 16:59,03-06-25 17:05
309309,9518D16F-9189-42B7-B1B1-615CB077E335,DoubleTree Suites by Hilton Bengaluru Outer Ring Road,"Iblur Gate, Dr. Puneeth Rajkumar Road",Sarjapur Main Road,Bengaluru,Karnataka,560102,,12.91911175,77.66515519,,0,,,,,,,,,,1,,,,03-07-25 16:59,03-06-25 17:03
309308,F2CC8370-A35B-4DF7-A1EC-8E98CA13B70B,Key Motors,"Malavalli Road, Survey No 38/14, Kallahalli",,Kanakapura,Karnataka,562117,,12.57449,77.42937,,0,,,,,,,,,,1,,,,03-07-25 16:59,03-06-25 16:59
309307,636D2277-B49F-4027-BBD5-E2D4F6193B07,Manikanta Filling Centre BPCL,Kanakapura Road,,Harohalli,Karnataka,562112,,12.6915,77.47631,,0,,,,,,,,,,1,,,,03-07-25 16:59,03-06-25 16:55
309306,732BBA3B-E31B-43F7-A340-9B5EBFD069AB,MG Motor Hosur Road,"Old, 2B Workshop No 6, 384, 6/2 1, Hosur Road","Electronic City, Beratena Agrahara",Bengaluru,Karnataka,560100,,12.86563,77.65753,,0,,,,,,,,,,1,,,,03-07-25 16:59,03-06-25 16:52
309305,3BD6763A-561E-40E2-AFCC-7E3C82CB2AD0,"Kropex Auto, Hosur Road","No 49/1, Hosur Road","Aishwarya Crystal Layout, Begur",Bengaluru,Karnataka,560068,,12.87194,77.65095,,0,,,,,,,,,,1,,,,03-07-25 16:59,03-06-25 16:47
309304,52234FB5-D43E-4129-9A0D-F68404F88667,Metropolis Gurukrupa,"58/1, Hosur Road, Service Road","Aishwarya Crystal Layout, Singasandra",Bengaluru,Karnataka,560068,,12.87544,77.64835,,0,,,,,,,,,,1,,,,03-07-25 16:59,03-06-25 16:45
309303,4A743326-B911-4377-8D9A-96F3776B94CD,"More Hypermarket, Hosur Road",#764/A ACC Layout B Block Near National Vemite,Singasandra,Bengaluru,Karnataka,560068,,12.88014,77.64592,,0,,,,,,,,,,1,,,,03-07-25 16:59,03-06-25 16:39
309302,CBBC6B13-5985-439B-8334-38032E921794,"Prerana Motors, Hongasandra","No 55 Kudlugate, Hosur Road, next to Ozone Tech Park, Kudlu Gate","Garebhavipalya, Hongasandra",Bengaluru,Karnataka,560068,,12.8912,77.63829,,0,,,,,,,,,,1,,,,03-07-25 16:59,03-06-25 16:34
309301,F987EAB6-0C47-4196-A609-D53D404522A9,Pratham Motors,"58/5, Kudlu Road, next to Zee School, HSR Extension","VGP Layout, Somasundarapalya",Bengaluru,Karnataka,560068,,12.89388,77.65157,,0,,,,,,,,,,1,,,,03-07-25 16:59,03-06-25 16:32
309300,77892797-4404-41EF-AF41-7F09BF569B20,Divija EV charging Station,"1066, 24th Main Road","1st Sector, HSR Layout",Bengaluru,Karnataka,560102,,12.91801062,77.64926515,,0,,,,,,,,,,1,,,,03-07-25 16:59,03-06-25 14:55
309299,80AD23FD-6B8B-4A37-971B-72007145A316,"Bengaluru One, Old Airport Road","S3, Old Airport Road, Sudhama Nagar",Jeevan Bima Nagar,Bengaluru,Karnataka,560017,,12.95925146,77.6627608,,0,,,,,,,,,,1,,,,03-07-25 16:59,03-06-25 14:50
309298,4623AFF3-0202-458C-803E-083C092C6DE2,KTC Legacy Charging Station,"Site No. 1, Pearl Paradise Layout","Kempapura,Yemalur Post,near Neev Academy",Bangalore,Karnataka,560037,,12.94576164,77.67413005,,0,,,,,,,,,,1,,,,03-07-25 16:59,03-06-25 14:47
309297,A9D3DD4C-EE78-41D2-AA59-0293C65856EA,Divyashree Greens,"Visitor Parking, Pine Valley, Embassy Golf-links Business Park, Off Intermediate Ring Road","Embassy Golf Links Business Park, Challaghatta",Bengaluru,Karnataka,560071,,12.95272443,77.64085233,,0,,,,,,,,,,1,,,,03-07-25 16:59,03-06-25 14:44
309296,20BA25F5-92CA-40B1-8BA6-2853BB08783E,Carzonrent,"# 16 'B, Bazaar Street, Halasuru",Someshwarpura,Bengaluru,Karnataka,560008,,12.97451944,77.62146111,,0,,,,,,,,,,1,,,,03-07-25 16:59,03-06-25 14:34
309295,BA37BCAE-EDA1-4BE8-B4A5-BE9B298DA44E,The Park Hotel,"No 6/2, Bhaskaran Road, Yellappa Garden","Yellappa Chetty Layout, Sivanchetti Gardens",Bengaluru,Karnataka,560001,,12.97394064,77.61988885,,0,,,,,,,,,,1,,,,03-07-25 16:59,03-06-25 14:30
309294,F00CE2C4-A343-4DCB-87D5-D4C61365D119,Taj MG Road,"41/3, MG Road, Yellappa Garden","Yellappa Chetty Layout, Sivanchetti Gardens",Bengaluru,Karnataka,560001,,12.97331435,77.6195781,,0,,,,,,,,,,1,,,,03-07-25 16:59,03-06-25 14:27
309293,DC88A8F6-386F-42FD-865B-A4300EC48D61,"The Oberoi, Bengaluru","37-39, MG Road",Sivanchetti Gardens,Bengaluru,Karnataka,560001,,12.97278825,77.61840478,,0,,,,,,,,,,1,,,,03-07-25 16:59,03-06-25 14:25
309285,9ADC15E3-C06C-4F5F-B2E6-939B724C9F01,The Pavilion 2,"Dollars Colony, J.P Nagar Phase 4",,Bengaluru,Karnataka,560076,,12.90375,77.60136,,0,,,,,,,,,,1,,,,03-07-25 16:59,03-06-25 13:22
309283,04D950FE-CC47-4C9E-AF72-020B31CCF003,Anant Cars Bannerghatta Road,"Janardhan Towers,opposite to Rainbow Hospital","Bannerghatta Main Road, BTM Layout",Bengaluru,Karnataka,560076,,12.90302,77.60159,,0,,,,,,,,,,1,,,,03-07-25 16:59,03-06-25 13:13
309281,71AFE526-B762-4513-9A06-FE8D880EF44D,"Key Motors, Bannerghatta Road","#215/15, Arakere Gate",Bannerghatta Road,Bengaluru,Karnataka,560076,,12.88912,77.59736,,0,,,,,,,,,,1,,,,03-07-25 16:59,03-06-25 13:09
309279,33F89667-65D5-4B62-9445-8A9163BE69F2,Royal Meenakshi Mall,Bannerghatta Road,Hulimavu,Bengaluru,Karnataka,560076,,12.8759,77.59583,,0,,,,,,,,,,1,,,,03-07-25 16:59,03-06-25 13:04
309278,893B7EE7-FBDD-4EC3-B63F-999C068B30DD,"Key Motors, Kanakapura Main Road","No 71, 1A & 71/7, Kanakapura Main Road, opposite Gopalan Temple Trees Apartment","Jarganahalli, J.P Nagar 6th Phase",Bengaluru,Karnataka,560078,,12.90401,77.57358,,0,,,,,,,,,,1,,,,03-07-25 16:59,03-06-25 13:00
309277,D101E72D-D862-4E3C-A7B1-CC196EB0ABD6,BESCOM Rajarajeshwari Nagar,"638, Kenchenahalli Main Road","Ideal Homes Township,",Bengaluru,Karnataka,560098,,12.92905,77.514789,,0,,,,,,,,,,1,,,,03-07-25 16:59,03-06-25 12:52
309274,8572739A-E4A6-47CA-93EF-FA88FA007955,BESCOM Byatarayanapura,"opp Byatarayanapura Traffic Police Station, Banashankari 1st Stage",Banashankari,Bengaluru,Karnataka,560026,,12.95027886,77.54055693,,0,,,,,,,,,,1,,,,03-07-25 16:59,03-06-25 12:42
309273,1EDB8F8A-B7C8-48EC-B0F7-73EE458EE981,Welcomhotel Richmond Road,"46, Richmond Road",Victoria Layout,Bengaluru,Karnataka,560025,,12.96870997,77.61440938,,0,,,,,,,,,,1,,,,03-07-25 16:59,03-06-25 12:36
309272,5D9DA969-42B7-427A-B26B-0A4861995F47,Vivanta by Taj Residency Road,"66, Residency Road","Craig Park Layout, Ashok Nagar",Bengaluru,Karnataka,560025,,12.97248839,77.60854161,,0,,,,,,,,,,1,,,,03-07-25 16:59,03-06-25 12:32
309271,270CBE9A-35DA-4F10-A434-CCCF695422CC,Forum Rex Walk,Brigade Road,Ashok Nagar,Bengaluru,Karnataka,560025,,12.972458,77.606851,,0,,,,,,,,,,4,,,,03-07-25 16:59,03-06-25 12:28
309270,0DC2F0D2-FCAC-4F66-AF41-269CE8ECEFA3,BMW Navnit Motors,"48/3, Lavelle Road","D'Souza Layout, Shanthala Nagar",Bengaluru,Karnataka,560001,,12.9725986,77.59908119,,0,,,,use RechargeEV app,,,,,,1,,,,03-07-25 16:59,03-06-25 12:23
309269,E463C365-8783-49CD-BEDA-833D081DE626,Hotel Southern Star,Lavelle Road,"D'Souza Layout, Shanthala Nagar",Bengaluru,Karnataka,560001,,12.97472746,77.59942187,,0,,,,,,,,,,1,,,,03-07-25 16:59,03-06-25 12:17
309268,D1664846-291B-44BD-9D60-5B284ED4A517,Sundaram Motors,"107, Kasturba Road, opp. Venkatappa Art Gallery,","D'Souza Layout, Shanthala Nagar",Bengaluru,Karnataka,560001,,12.97384515,77.59597891,,0,,,,,,,,,,1,,,,03-07-25 16:59,03-06-25 12:14
309267,41B94A59-7AD7-40F9-A06E-1E156E2AB920,JW Marriott,"Vittal Mallya Road, D'Souza Layout",Shanthala Nagar,Bengaluru,Karnataka,560001,,12.97228769,77.59492658,,0,,,,,,,,,,1,,,,03-07-25 16:59,03-06-25 12:10
309266,60847F2A-5757-4DF9-91DA-875C20F5B316,Audi Central,"1, St Marks Road, Shanthala Nagar",Ashok Nagar,Bengaluru,Karnataka,560001,,12.97001546,77.60047478,,0,,,,,,,,,,1,,,,03-07-25 16:59,03-06-25 12:02
309265,8F000C76-C9B8-4E3C-908D-A2A808AEAC98,Manjunath Fuel Service-BPCL,"SH - 52, Nyamathi Road",,Surahonne,Karnataka,577223,,14.14024,75.55737,,0,,,,DC 30kW charger by e-Drive BPCL use Ionage app,,,,,,1,,,,03-07-25 16:59,03-06-25 11:43
309235,FB57C414-42A5-4E58-9BDC-FA95CF098FDF,Indira Nagar,Neare Suraj Hotel,Arangoan Road,Ahmednagar,Mahrashtra,414001,,19.05181892,74.72343146,,0,+91 8446217889,,,,,,,,,2,,,,03-08-25 4:24,03-05-25 4:19
309232,7E6851CC-64CC-42CB-8BA4-176188C7FA02,CAFE PARADISE FAMILY RESTAURANT,"NH - 748, Akrali",,Ramnagar,Karnataka,581453,,15.43437,74.46271,,0,,,,,,,,,,1,,,,03-07-25 16:59,03-04-25 17:12
309231,F4392D13-54B1-43A9-ABBF-E4E3662CAF85,Arthigamaya Spa & Resort,"Om Beach road, Kudle Beach road, Gokarna",,Gokarna,Karnataka,581326,,14.52576,74.31716,,0,,,,,,,,,,1,,,,03-07-25 16:59,03-04-25 17:08
309230,85FF2BB7-0159-4395-9EAA-CED3996ADE30,M/S T.S Tawady - BPCL,Halgeri,,Siddapur,Karnataka,581355,,14.34117099,74.89089758,,0,,,,DC 30kW charger by e-Drive BPCL use Ionage app,,,,,,1,,,,04/27/2025 03:39:00,03-04-25 17:06
309229,44E4DAAB-0D64-476D-A7EB-8776693AF00B,S.G. Enterprises BPCL,"NH - 66, Yedthare",,Byndoor,Karnataka,576214,,13.85362,74.6304,,0,,,,DC 30kW charger by e-Drive BPCL use Ionage app,,,,,,1,,,,03-07-25 16:59,03-04-25 17:02
309228,25283AFF-4859-49D3-87ED-95F34E0F4D2C,Rajani Fuel Centre,"NH - 66, Kollur Mookambika - Kundapura Road",,Tallur,Karnataka,576230,,13.65205,74.70635,,0,,,,DC 30kW charger by e-Drive BPCL use Ionage app,,,,,,1,,,,03-07-25 16:59,03-04-25 16:59
309227,E3899F01-E244-4844-ACCA-6BF53A243139,Ashitha Enterprises BPCL,"NH - 66, near Sasthan Toll Plaza, Gundmi Village",,Sasthan,Karnataka,576226,,13.47826,74.7132,,0,,,,DC 30kW charger by e-Drive BPCL use Ionage app,,,,,,1,,,,03-07-25 16:59,03-04-25 16:57
309226,0D678F42-9A79-46BC-ABB1-A70FA1EFC3B2,Krupa Motors & Fuels,"NH - 169A, Agumbe - Udupi Highway, Hebri",,Hebri,Karnataka,576112,,13.45598,74.98411,,0,,,,DC 30kW charger by e-Drive BPCL use Ionage app,,,,,,1,,,,03-07-25 16:54,03-04-25 16:53
309225,87283B5A-613F-4039-9F42-0D0BF82C7B9B,"WheelsDrive Charger, Bajagoly","NH - 169, Bajagoly, Mudar,",,Bajagoly,Karnataka,576101,,13.19883,75.06799,,0,,,,,,,,,,1,,,,03-07-25 16:54,03-04-25 16:49
309224,E0B57883-44DC-4ED6-9CD5-30961252036A,Vibrant PU College,Kallabettu,,Mudbidri,Karnataka,574227,,13.05771,75.03821,,0,,,,,,,,,,1,,,,03-07-25 16:49,03-04-25 16:45
309223,E7942B5E-FEB2-43E6-830D-6251094EE447,Hotel Indraprastha,"NH - 75, Bengaluru - Mangaluru Highway",,Baragur,Karnataka,573225,,12.94103327,76.35064288,,0,,,,Use “Adani Gas EV” app,,,,,,1,,,,03-07-25 16:44,03-04-25 16:43
309222,2577640B-7479-4186-9172-1009F9AC2892,Mangaluru International Airport,"Parking - Bajpe Main Road, Kenjar HC",,Mangaluru,,574142,,12.95149,74.87191,,0,,,,Use “Adani Gas EV” app,,,,,,1,,,,03-07-25 16:44,03-04-25 16:40
309221,CB234193-F54C-4B68-AD79-93FECDB8F5E0,Sundaram Motors Mercedes-Benz,"NH - 73, Dayambu",,Mangaluru,Karnataka,575007,,12.86689,74.90518,,0,,,,,,,,,,1,,,,03-07-25 16:29,03-04-25 16:25
309220,4C948BBA-0CF7-4218-BAE1-33C708D88AB6,"Adishakti Cars, Hebbal","56, Outer Ring Road, opposite Lumbini Gardens","Jogappa Layout, Nagavara",Bengaluru,Karnataka,560045,,13.04291,77.60927,,0,,,,,,,,,,1,,,,03-07-25 16:14,03-04-25 16:10
309190,77A57A97-53F8-4146-99E7-D737952C682B,Sixth Gear Cars,"Bellary Road, Hebbal Kempapura",,Bengaluru,Karnataka,560024,,13.04675541,77.59123645,,0,,,,,,,,,,1,,,,03-06-25 17:24,03-03-25 17:21
309189,6558C1C1-AD59-4E2E-93DF-099475A0AACF,Orion Avenue,"10/34, Banaswadi, Dodda Banaswadi Main Road, Jaibharath Nagar,","Sathya Nagar, Maruthi Sevanagar",Bengaluru,Karnataka,560033,,13.00113794,77.63254,,0,,,,,,,,,,2,,,,03-06-25 17:19,03-03-25 17:18
309188,02CC78CD-D2D7-493C-A8B0-67A2B0698092,Gokulam Grand Hotel & Spa,"115, Mangalore - Villupuram Road, HMR Layout","Gokula Extension, Jalahalli",Bengaluru,Karnataka,560054,,13.04204,77.55465,,0,,,,,,,,,,1,,,,03-06-25 17:14,03-03-25 17:13
309187,53C8266E-6610-43DB-ACA5-67035D079CDD,Elements Mall,Thanisandra Main Road,,Bengaluru,Karnataka,560077,,13.04612,77.6269,,0,,,,,,,,,,3,,,,03-06-25 17:14,03-03-25 17:10
309186,254475FE-6705-4FE3-9C95-29502D77CA47,Jio BP Charging Hub Chikkagubbi,"Chikkagubbi Village, Nadagowdagollahalli",,Bengaluru,Karnataka,562149,,13.08784814,77.66014775,,0,,,,,,,,,,56,,,,03-06-25 17:04,03-03-25 17:03
309185,B82F144C-4B89-4C87-B8AE-A7DF763A6537,Jaguar Land Rover Cars Airport Road,"NH - 44, Airport Road","Bagalur Cross, Yelahanka",Bengaluru,Karnataka,560064,,13.11756,77.60923,,0,,,,,,,,,,1,,,,03-06-25 16:59,03-03-25 16:55
309158,C553DB8F-5EF4-4FDE-8802-A309B3F1DAE6,Jio BP Chikkajala,"NH 44, Yelahanka",,Bengaluru,Karnataka,562157,,13.16554,77.62933,,0,,,,,,,,,,1,,,,03-04-25 14:44,03-01-25 14:40
309157,B8CF9BEB-5EED-44BD-B375-136EA85A4B89,Moxy Bengaluru Airport Prestige Tech Cloud,"4 & 5, Sadahalli Main Road, Near Sadhahalli Gate",,Bengaluru,Karnataka,562157,,13.19211,77.64456,,0,,,,,,,,,,1,,,,03-04-25 14:39,03-01-25 14:37
309156,8BBE0741-8043-4282-94C9-0A2C5034B67E,Click Hotel Sadahalli,"No. 35, Down Town Park, Sadahalli Gate, near ITC Factory,",Kempegowda International Airport Road,Sadahalli,Karnataka,562157,,13.19218,77.64652,,0,,,,,,,,,,1,,,,03-04-25 14:34,03-01-25 14:32
309155,8440D2FF-EBD6-4F0D-9320-D44649AA5814,Mulberry Shades Bengaluru Nandi Hills,"Survey No: 28, 29 & 30, Kemathimmanahalli Village",Kundane Hobli,Devanahally,Karnataka,562110,,13.34843,77.68211,,0,,,,,,,,,,1,,,,03-04-25 14:29,03-01-25 14:24
309154,AE9F4E0D-BEC3-4371-922E-D2F7F59B8DAB,JW Marriott Bengaluru Prestige Golfshire Resort & Spa,"Nandi Hills Road Karahalli Post,",Kundana Hobli,Devanahall,Karnataka,562164,,13.31205,77.69087,,0,,,,,,,,,,1,,,,03-04-25 14:24,03-01-25 14:20
309153,18DD36C2-6228-4065-A813-DC58DDE6EB49,Taj Bangalore,"Taj Hotel, Right side of the Reception Entry",Kempegowda International Airport,Bengaluru,Karnataka,560300,,13.19736,77.71011,,0,,,,,,,,,,1,,,,03-04-25 14:14,03-01-25 14:13
309152,14CAED5C-30A9-4E2F-BD5A-D6DB0AA4F790,Shell Recharge Devanahalli,"Devanahalli Bypass NH - 44,",,Devanahalli,Karnataka,562110,,13.24117,77.70313,,0,,,,,,,,,,1,,,,03-04-25 14:04,03-01-25 14:00
309151,36CC6169-7004-4D8F-832D-72BD1181D0C5,GLIDA Charging Hub,"Airport Hub, BK Halli Road, Chikkanahalli","Bandikodegehalli Amanikere,",Bengaluru,Karnataka,562157,,13.18324,77.67608,,0,,,,,,,,,,10,,,,03-04-25 13:59,03-01-25 13:55
309150,C218EA4C-66D8-4DB8-9F44-B8CFCB78828E,GAIL Gas Station -Tata Power,"SH 104, Singahalli",Kondenahalli,Bengaluru,Karnataka,562129,,13.15341,77.72827,,0,,,,,,,,,,1,,,,03-04-25 13:09,03-01-25 13:08
309149,9B1DDC84-D458-4F07-A002-9F043B49C1DE,Orion Uptown Mall,"Kattamnallur, Old Madras Rd",,Bengaluru,Karnataka,560049,,13.05515,77.7638,,0,,,,,,,,,,1,,,,03-04-25 13:09,03-01-25 13:04
309148,04564C49-199E-4A40-B934-CA91692D69AF,Kia India Training Center,"Budigere Road, Virgonagar",Aavalahalli,Bengaluru,Karnataka,560049,,13.05242,77.74675,,0,,,,,,,,,,1,,,,03-04-25 13:04,03-01-25 13:00
309099,096698BA-1171-4969-ADC9-3634038543FE,ITC Gardenia Bengaluru,"1, Residency Road",Ashok Nagar,Bengaluru,Karnataka,560025,,12.96728,77.59552,,0,,,,,,,,,,1,,,,03-04-25 3:24,02/24/2025 15:06:00
309098,82A3DC42-5127-4B67-A063-4B030329EEDC,Divyasree Chambers,"O Shaughnessy Road, Langford Gardens",,Bengaluru,Karnataka,560025,,12.96192,77.59922,,0,,,,,,,,,,1,,,,03-04-25 3:24,02/24/2025 15:03:00
309097,B585258F-6E4E-4CA6-B301-C92718F8F13D,ibis Bengaluru City Centre,"Plot No - 30, Raja Ram Mohan Roy Road, off Richmond Road",Sampangi RamaNagara,Bengaluru,Karnataka,560027,,12.96751,77.5939,,0,,,,,,,,,,1,,,,03-04-25 3:24,02/24/2025 15:00:00
309096,AA3646FF-451B-427F-B2F0-C21A3F71CF54,Club Mahindra Madikeri,"Galibeedu Road, Kalakeri Nidugane",,Madikeri,Karnataka,571204,,12.44092711,75.71641034,,0,,,,,,,,,,1,,,,06-11-25 19:20,02/24/2025 14:51:00
309095,0F10EC3C-F357-4E80-9C13-B84C2D990AF5,Hotel Varun Mansion,"NH 75, Boovanahalli",,Boovanahalli,Karnataka,573226,,13.00219032,76.13960172,,0,,,,,,,,,,1,,,,03-07-25 16:45,02/24/2025 13:47:00
309076,AD1FFE04-65CF-4EF2-B595-F65A6D505539,Hotel Kadamba Veg,"Sy. No 272/2, Nice Road Junction","SH 17, Bengaluru - Mysuru Highway",Bengaluru,Karnataka,560060,,12.9019345,77.4689096,,0,,,,,,,,,,1,,,,03-04-25 3:24,02/23/2025 04:46:00
309070,3BEFDECB-91B6-45E5-BEEC-6B53F3FA69B0,Bolt.Earth Charging Station,"K M Doddi, Service Road, SH-33",Maddur Malavalli Road,Bharathi Nagara,Karnataka,571422,,12.48172,77.03598,,0,,,,,,,,,,1,,,,03-04-25 3:24,02/22/2025 07:02:00
309069,A234D530-2D19-4A63-82C7-9D867B1632C7,Nagalakshmi Fuel Station,Bannur Road,,Mysuru,Karnataka,570011,,12.30446,76.70639,,0,,,,DC 30kW charger by e-Drive BPCL use Ionage app,,,,,,1,,,,03-04-25 3:24,02/22/2025 06:57:00
309068,B7CE3C8D-7AC7-4782-9782-E47AEBF20BDD,Adarsh Kia - Mysore,"SY NO.87/2, Ring Road, near DEVEGOWDA CIRCLE, Alanahalli,",Bannur Road,Mysuru,Karnataka,570011,,12.30706,76.70759,,0,,,,,,,,,,1,,,,03-04-25 3:24,02/22/2025 06:54:00
309067,C8F98063-5052-4CD3-B804-F05794108C80,The Quorum Hotel,"2257, 1, Vinoba Rd, near Kala Mandir, Devaraja Mohalla, CFTRI Campus",Shivarampet,Mysuru,Karnataka,570005,,12.31223,76.64067,,0,,,,,,,,,,1,,,,03-04-25 3:24,02/22/2025 06:46:00
309066,F400D7D4-5B9E-4414-98CE-8C80FFF7EB6A,Southern Star Mysore,"13-14, Vinoba Rd, near Metropole Circle, Devaraja Mohalla, CFTRI Campus",Kajjihundi,Mysuru,Karnataka,570005,,12.31169,76.64328,,0,,,,,,,,,,1,,,,03-04-25 3:24,02/22/2025 06:42:00
309065,17E0B45A-3ADC-4153-B4D2-2213D94128C2,"Urs Kar, Krishnamurthy Puram","CH 11, New Kantharaj Urs Rd, Krishnamurthy Puram",Kuvempu Nagara,Mysuru,Karnataka,570004,,12.29519,76.6415,,0,,,,,,,,,,1,,,,03-04-25 3:24,02/22/2025 06:39:00
309064,802F8116-C617-4401-9486-8993443BC663,Hotel Siddharta,"No.73/1, Guest House Road",Nazarbad,Mysuru,Karnataka,570010,,12.30853,76.66071,,0,,,,,,,,,,1,,,,03-04-25 3:24,02/22/2025 06:35:00
309063,240D0E06-7D84-46CA-B98F-F952546F58E2,Nexus Centre City,"8, Hyderali Rd, Jyothi Nagar",Gayathri Puram,Mysuru,Karnataka,570010,,12.31857,76.66539,,0,,,,,,,,,,1,,,,03-04-25 3:24,02/22/2025 06:31:00
309062,931E289D-802A-4972-A189-6D43F7A0B274,Ganapati Fuel Station,Ring Road,Metagalli,Mysuru,Karnataka,570003,,12.35048,76.63894,,0,,,,DC 30kW charger by e-Drive BPCL use Ionage app,,,,,,1,DC 30kW charger by e-Drive BPCL use Ionage app,,,03-04-25 3:24,02/22/2025 06:23:00
309061,CC4DB0C3-87EB-45BB-8E91-4D0B51C5FF8A,GRS Fantasy Park,"122, Hebbal Industrial Area",Metagalli,Mysuru,Karnataka,570020,,12.35317,76.6357,,0,,,,,,,,,,1,,,,03-04-25 3:24,02/22/2025 06:08:00
309060,12A59BA2-E7A5-49FB-B3CB-6B516B560C31,Akshaya Motors,"50, Hebbal Industrial Estate",Hebbal Industrial Area,Mysuru,Karnataka,570016,,12.35941,76.62151,,0,,,,,,,,,,1,,,,03-04-25 3:24,02/22/2025 06:02:00
309024,DCFF31B6-1993-4058-A3DF-C1016E1BA717,Sri Manjunatha Fuel Station,NH 75 Nelyadi,,Nelyadi,Karnataka,574229,,12.83561,75.39953,,0,,,,,,,,,,1,DC 30kW charger by e-Drive BPCL use Ionage app,,,02/24/2025 10:38:00,02/20/2025 17:17:00
309023,F829BFC3-0DB4-4BCC-BF9F-F589581137C8,GL ONE MALL,"Bus Stand Main Road, near KSRTC",,Puttur,Karnataka,574201,,12.76013,75.20645,,0,,,,,,,,,,1,,,,03-04-25 3:24,02/20/2025 17:14:00
309022,0220509F-9DEA-4264-9EFD-F26BFB1AC571,A.R.M Kia,"NH 73 , Kannur Village, beside Sundaram Benz",Kannur,Mangaluru,Karnataka,575007,,12.86709,74.90488,,0,,,,,,,,,,1,,,,03-04-25 3:24,02/20/2025 17:10:00
309021,0FBFFA13-2055-4B3D-9870-0C99DC96E69C,"Cauvery Motors, Mangalore","Alape, NH 73, near Railway Bridge",Padil,Mangaluru,Karnataka,575007,,12.87213,74.89078,,0,,,,,,,,,,1,,,,03-04-25 3:24,02/20/2025 17:05:00
309020,F47AF0C4-C1DA-4171-AFC4-3FE5CBA7990A,St Joseph Service Centre,"Father Muller's Road, Souterpet",Kankanady,Mangaluru,Karnataka,575002,,12.8591,74.85515,,0,,,,,,,,,,1,,,,03-04-25 3:24,02/20/2025 17:02:00
309019,5B892C1C-65D7-40A8-B50D-CC94C946E7D4,Fiza by Nexus Mall,Mangaladevi Temple Road,Pandeshwar,Mangaluru,Karnataka,575001,,12.85763,74.83832,,0,,,,,,,,,,1,,,,03-04-25 3:24,02/20/2025 16:59:00
309018,EF6C02DB-6B15-4F13-8DBE-1ED4831DD7FF,"Vivanta Mangalore, Old Port Road","Old Port Road, Bunder",,Mangaluru,Karnataka,575001,,12.86212,74.83519,,0,,,,,,,,,,1,,,,03-04-25 3:24,02/20/2025 16:56:00
309017,920C3229-E123-401B-8A21-33F1DE1C5A86,"Auto Matrix, Bejai","Manjusha Building, George Fernandes Road",Bejai,Mangaluru,Karnataka,575004,,12.88567,74.84352,,0,,,,,,,,,,1,,,,04-12-26 4:52,02/20/2025 16:52:00
309016,80CB529D-4EB7-4F40-B5C2-84DBA80FEDB6,Mescom Substation Bejai,"MESCOM Bhavan, Kavoor Cross Road",Bejai,Mangaluru,Karnataka,575004,,12.88666,74.84176,,0,,,,,,,,,,1,,,,03-04-25 3:24,02/20/2025 16:49:00
309015,F1364D13-A876-4EEE-9A30-BAF26D17F7AA,Sowkar M Baba Pai & Co,"Opposite to Water Tank, Ladyhill",M G Road,Mangaluru,Karnataka,575006,,12.88806956,74.83548432,,0,,,,,,,,,,1,,,,04-12-26 4:29,02/20/2025 16:46:00
309014,8678AC97-B0B9-4421-A8FB-D7FFFF369FE6,MG Motor Jubilant Motors,"Survey No, 38/2, Kuloor - Kavoor Road, Kuloor",Padukodi,Mangaluru,Karnataka,575013,,12.92394,74.83135,,0,,,,,,,,,,1,,,,03-04-25 3:24,02/20/2025 16:41:00
309013,A3F572BC-FE88-4A23-804C-2D97A5ED24D9,Ginger Hotel,"Kulur Ferry Road, Kottara",,Mangaluru,Karnataka,575013,,12.90846241,74.83580307,,0,,,,,,,,,,1,,,,03-04-25 3:24,02/20/2025 16:36:00
308999,340AEBC2-7F79-4078-A49A-7586F970BBBE,Audi Mangaluru,"D.No:3-93, Kulur Junction, Kavoor Road, Kuloor",Kavoor,Mangaluru,Karnataka,575013,,12.92388185,74.82965522,,0,,,,,,,,,,1,,,,03-04-25 3:24,02/19/2025 17:30:00
308998,22575549-3C90-4CA0-8897-E2C31357958E,J B Fuel Station,"Panambur Circle, New Mangalore Industrial Area",Baikampady,Mangaluru,Karnataka,575010,,12.94023031,74.81603967,,0,,,,DC 30kW charger by e-Drive BPCL use Ionage app,,,,,,1,,,,03-04-25 3:24,02/19/2025 17:26:00
308997,E876BE9D-2190-49ED-8CDF-F739E4BDE58B,Deepak Sales and Services - BPCL Petrol Pump,West Coast NH 66 Opp Industrial Area Baikampady,New Mangaluru Port,Panambur,Karnataka,575010,,12.94928,74.81044,,0,,,,DC 30kW charger by e-Drive BPCL use Ionage app,,,,,,1,,,,03-04-25 3:24,02/19/2025 17:23:00
308996,B1D09FC1-41E8-4F74-99DD-204F47DD149C,Royal Orchid Central Kireeti,Station Road,,Hosapete,Karnataka,583201,,15.28683,76.38577,,0,,,,,,,,,,1,,,,03-04-25 3:24,02/19/2025 17:17:00
308995,81927272-172E-4A0E-AB55-4E0279E92EDD,HR Motel,"SH 20 Belagavi, Bagalkote - Belagavi Rd",opp. RT Patil Petroleum BPCL,Yaragatti,Karnataka,591129,,15.9663,75.01014,,0,,,,,,,,,,1,,,,03-08-25 17:13,02/19/2025 17:13:00
308994,82B8EC2C-7020-4F2F-8C58-9BD4C555343E,Jio-BP Petrol Pump,"Survey No 305 & 314 Hukkeri, NH 48, near Belgaum Truck Stop",,Chikkalagudda,Karnataka,591314,,16.19321,74.518,,0,,,,,,,,,,1,,,,03-04-25 3:24,02/19/2025 17:11:00
308993,92C60EEA-06C9-4A86-95A2-D33437F79610,Hotel Paradise,Amboli Gadhinglaj Road,,Sulgaon,Maharashtra,416505,,16.14641,74.21505,,0,,,,,,,,,,1,,,,03-04-25 3:24,02/19/2025 17:04:00
308992,F3906512-D5CA-4F5E-8FCD-DE4CB8484E3A,Gogte Plaza,The Irish House Gogte Plaza Side of Fairfield Marriott,Kakati,Belagavi,Karnataka,591113,,15.92845146,74.52903791,,0,,,,,,,,,,1,,,,03-04-25 3:24,02/19/2025 17:00:00
308991,41978A58-A786-4FC0-A915-0F75491BFF60,RR Mall Belagavi,"Reliance Retail Mall, Bauxite Road",Kamleshwar Nagar,Belagavi,Karnataka,590010,,15.90161481,74.52143375,,0,,,,,,,,,,1,,,,03-04-25 3:24,02/19/2025 16:54:00
308990,3132E0A8-2B3F-4D11-9884-013C0DEC7BD3,Hotel Ramdev,"PB Road, Nehru Nagar",near Jawaharlal Nehru Medical College,Belagavi,Karnataka,590001,,15.87828748,74.51579659,,0,,,,,,,,,,1,,,,03-04-25 3:24,02/19/2025 16:51:00
308989,04BBAD32-5E98-4437-93B3-ED7F7FF6D48B,"UK27 The Fern - An Ecotel Hotel, Belagavi","NH 748 Civil Hospital Road, Ayodhya Nagar",Sadashiv Nagar,Belagavi,Karnataka,590019,,15.87496,74.51343,,0,,,,,,,,,,1,,,,03-04-25 3:24,02/19/2025 16:49:00
308988,DACF55EF-1AF4-466C-8540-2039BBD8D3F0,Pai Resorts,"1044, opp. Fort lake, Azad Nagar","Phase 3B-2, Gandhi Nagar",Belagavi,Karnataka,590016,,15.86734455,74.5286844,,0,,,,,,,,,,1,,,,03-04-25 3:24,02/19/2025 16:43:00
308987,03A5BEDF-7057-419B-9D4C-109384465433,"Manickbag Automobiles, Belagavi","No 691, Bemciel, industrial estate, Khanapur Road, next to Bemco","NH748, Udyambag",Belagavi,Karnataka,590008,,15.8188,74.49224,,0,,,,,,,,,,1,,,,03-04-25 3:24,02/19/2025 16:40:00
308986,88671A52-0AAF-4903-9421-0389523F400B,Miraculum Kia,"317/6, Khanapur Road Circle, near Peeranwadi","beside Bharat Petroleum, Brahma Nagar",Belagavi,Karnataka,590008,,15.80545,74.48541,,0,,,,,,,,,,1,,,,03-04-25 3:24,02/19/2025 16:38:00
308985,6D45A167-A466-4B79-BBA2-54420740D2B8,BPCL Goral Petroleum,"Off Mandoli Road, Dwarka Nagar, Godse Nagar",,Belagavi,Karnataka,590006,,15.83662,74.49365,,0,,,,,,,,,,1,DC 30kW charger by e-Drive BPCL  use Ionage app,,,02/21/2025 12:14:00,02/19/2025 16:36:00
308984,56326174-5823-4951-BD8E-2725EE4CFBA8,Shri Mahalingeshwar Petroleums,NH 48 Shaganamatti,,Belagavi,Karnataka,590020,,15.80585,74.57531,,0,,,,,,,,,,1,,,,03-04-25 3:24,02/19/2025 16:28:00
308983,30B8C21E-0E8D-40FA-847F-6E62878E0BE9,Hotel Gajaraj Palace,"Kulvali Cross, NH 48 Service Road",,Kittur,Karnataka,591115,,15.58799,74.78388,,0,,,,,,,,,,1,,,,03-04-25 3:24,02/19/2025 15:16:00
308982,45AD27E8-E990-4A5C-A124-23FAEE087755,Nisarga Family Restaurant,"SH 76, Chalageri",,Chalageri,Karnataka,581145,,14.55971,75.72506,,0,,,,,,,,,,1,,,,03-04-25 3:24,02/19/2025 15:12:00
308981,EC6DF380-690E-4B8A-817A-5E6890949707,Raastha Resto Bar,"NH 48, Shamanur",,Davanagere,Karnataka,577004,,14.44452,75.89139,,0,,,,,,,,,,1,,,,03-04-25 3:24,02/19/2025 15:08:00
308980,B9FEB611-7FBB-4727-AC8F-3C85F58A9971,Kahaani - The Food Journey,"NH 4  By-pass, near Glass House, Shamanur",,Davanagere,Karnataka,577004,,14.44549,75.8911,,0,,,,,,,,,,2,,,,03-04-25 3:24,02/19/2025 15:06:00
308979,988215A7-FB9E-4F0A-A0FD-D78E4B902E4C,Mahindra Mahanth Motors,"Davangere - Harihar Road, opp. GMIT College",,Davanagere,Karnataka,577006,,14.47385,75.88627,,0,,,,,,,,,,1,,,,03-04-25 3:24,02/19/2025 15:03:00
308978,C81996B1-4A29-4C34-AF5F-67589DACD78D,"TSS Super Market, Sirsi",TSS Road,,Sirsi,Karnataka,581401,,14.6243143,74.84155546,,0,,,,,,,,,,1,,,,03-04-25 3:24,02/19/2025 14:59:00
308977,C83987DF-5DCA-486B-8CA1-E98EF4573482,Shiva Hotel,"N H 4, near Harihar, Makanur",,Harihar,Karnataka,581123,,14.53811,75.75962,,0,,,,,,,,,,1,,,,03-04-25 3:24,02/19/2025 14:55:00
308976,FA09EAD6-C57A-4E4D-A905-4B3112B65067,Adishakti Cars,"State Highway 76, Avaragere",,Davanagere,Karnataka,577003,,14.44223,75.95212,,0,,,,,,,,,,1,,,,03-04-25 3:24,02/19/2025 14:52:00
308975,85398914-4E74-45F3-9673-675FB0CDEA25,Hotel Anand Vihar,"NH50, Hulikere",,Hulikere,Karnataka,583218,,14.62398,76.46012,,0,,,,,,,,,,1,,,,03-04-25 3:24,02/19/2025 14:49:00
308974,4E701C36-048F-4B0A-A950-057FA0708D90,Akshara Pure Veg,"NH4, near New HP Petrol Bunk",,Aimangala,Karnataka,577558,,14.08641,76.54001,,0,,,,,,,,,,1,,,,03-04-25 3:24,02/19/2025 14:45:00
308973,312E4CE1-00F9-4B2C-8181-0429F29F9C67,Purohit Hotel,"Near Guilalu Toll Plaza, Guilal",,Hiriyur,Karnataka,577558,,14.0521,76.56153,,0,,,,,,,,,,1,,,,03-04-25 3:24,02/19/2025 14:43:00
308972,E9C5BBAD-6A9B-4DC7-BA33-AC571F17FCB9,Dakshin Motors - TATA Service Center,"Adivala Farm, Hiriyur, Madras Bombay Trunk Rd",,Hiriyur Rural,Karnataka,577598,,13.92317,76.64257,,0,,,,,,,,,,1,,,,03-04-25 3:24,02/19/2025 14:40:00
308971,7150EEB7-0C8E-4479-9DBF-7F407844A1DD,Hotel Aroma Natural Veg,Madras Bombay Trunk Rd,,Javagondnahalli,Karnataka,577511,,13.83953012,76.73914834,,0,,,,,,,,,,1,,,,04-08-26 16:35,02/19/2025 14:33:00
308970,A6C93176-3F36-481D-AFE7-81FA6614CC1C,Hotel Aroma Natural Veg,NH 4 Madras Bombay Trunk Rd,,Javagondnahalli,Karnataka,577511,,13.83953012,76.73914834,,0,,,,,,,,,,1,,,,04-08-26 16:35,02/19/2025 14:31:00
308965,6DF0E235-ED9D-4D16-B168-06D948A04F9B,"Sree Auto, Tumkur",No 1 BH Road Near Gubbi Gate,,Tumakuru,Karnataka,572107,,13.34529,77.08027,,0,,,,,,,,,,1,,,,03-04-25 3:24,02/18/2025 17:36:00
308964,3D703BE3-60FA-4001-810E-2E9C41AED37C,Ghar Ka Khana,NH 48,,Hale Nijagal,Karnataka,562111,,13.24891,77.22395,,0,,,,,,,,,,1,,,,03-04-25 3:24,02/18/2025 17:33:00
308953,F3DD252A-2043-48CC-A4CF-E41457178B66,Deol Punjabi Hotel & Lodge,NH 48 Madras Bombay Trunk Road,,Kunabev,Karnataka,581115,,14.65406,75.56992,,0,,,,,,,,,,1,,,,03-04-25 3:24,02/17/2025 17:20:00
308951,618AC3C0-0C3F-4D45-B3F4-7FE442DDFFEB,MG Motor Bellad,"Opp NGEF, PB Rd, Rayapur",,Hubballi,Karnataka,580025,,15.40827,75.06133,,0,,,,,,,,,,1,,,,03-04-25 3:24,02/17/2025 17:07:00
308950,FBAA515D-F9D7-406B-A5D0-520C7701911F,Salimath Engineers,"Salimath Building, No 18 & 19, Padma Housing Society, Airport Road",Opposite Kirloskar Electric Company,Hubballi,Karnataka,580030,,15.35533,75.08915,,0,,,,,,,,,,1,,,,03-04-25 3:24,02/17/2025 17:03:00
308949,D92A23D5-F603-46EC-8E40-063CFF4CBEA9,Shreya Stellar Mall,"Bus Stop, JGCC, PB Rd, Jayanagar",Vidya Nagar,Hubballi,Karnataka,580021,,15.3593,75.12727,,0,,,,,,,,,,1,,,,03-04-25 3:24,02/17/2025 17:00:00
308946,9A6CD82E-3C8B-4F5A-AEE3-5AA7A10992B9,Sai Ganesh Restaurant,"NH 48 Service Road, Adargunchi",,Hubli,Karnataka,580028,,15.27878,75.14759,,0,,,,,,,,,,1,,,,03-04-25 3:24,02/17/2025 16:56:00
308945,348B49DB-DE54-4771-B0CF-8DAE651D101B,Hotel Panchavati,NH 48 Shiggaon Taluk,,Munavalli,Karnataka,581202,,14.94519,75.25032,,0,,,,,,,,,,1,,,,03-04-25 3:24,02/17/2025 16:50:00
308944,D25DD061-855A-4DD3-880E-372E1F1A5A82,"TSS Super Market, Mundagod",Kumta - Hubli Road,,Mundgod,Karnataka,581349,,14.97927,75.04431,,0,,,,,,,,,,1,,,,03-04-25 3:24,02/17/2025 16:46:00
308943,94134AD6-1234-4756-BC2C-A8C564F978D4,TSS Super market,APMC Yard,,Yellapur,Karnataka,581359,,14.96012,74.71765,,0,,,,,,,,,,1,,,,03-04-25 3:24,02/17/2025 16:44:00
308942,7DCA5265-D2BE-4B67-8DAC-93DCFD0A175D,Hotel Lavender Elite,"Railway Station Road, NH 66",Karki,Honnavar,Karnataka,581334,,14.3166,74.42836,,0,,,,,,,,,,1,,,,03-04-25 3:24,02/17/2025 16:40:00
308941,5D634D2A-E444-4143-B011-6964D94FEE9A,Shreekumar Residency,"NH 66 Karki, Konkar",,Honnavar,Karnataka,581341,,14.32599,74.42664,,0,,,,,,,,,,1,,,,03-04-25 3:24,02/17/2025 16:37:00
308940,C5AC2BFE-AF1C-41AB-BCD5-CC17BC77F871,Jyothis Residency,"27/5, Kollur Mookambika - Kundapura Road",beside Sri Mookambika Temple,Kollur,Karnataka,576220,,13.86534,74.81452,,0,,,,,,,,,,1,,,,03-04-25 3:24,02/17/2025 16:34:00
308939,8D34F111-E92D-425E-B855-D3235AB66092,Hotel Sharada Comforts,Chikmagaluru - Sringeri Road,,Sringeri,Karnataka,577139,,13.42865,75.25619,,0,,,,,,,,,,2,,,,03-04-25 3:24,02/17/2025 16:27:00
308938,A626E66F-E1DC-45A5-BB08-441DB7940913,The Grand Krishna Hotel,"Narasingha Rao Road, Basavanahalli",,Chikkamagaluru,Karnataka,577101,,13.32784,75.77365,,0,,,,,,,,,,1,,,,03-04-25 3:24,02/17/2025 16:23:00
308937,80FD3D85-658C-4B46-8293-312E62C6D20B,Hotel Aadrika,"Milan Theatre Road, opp.Kkuvempu Kala Mandir",,Chikkamagaluru,Karnataka,577101,,13.31755,75.77101,,0,,,,,,,,,,1,,,,03-04-25 3:24,02/17/2025 16:18:00
308936,F3EB3901-B17C-43B7-BD1A-8669354C3046,Jio BP Pulse - Mettupalayam,"Survey No 720/1A, SH 31 Karamadai, Kuttaiyur, near Metro Matriculation School",,Mettupalayam,Tamil Nadu,641301,,11.27928,76.94778,,0,,,,,,,,,,1,,,,03-04-25 3:24,02/17/2025 16:06:00
308935,67FC0FCD-20E2-4FA6-AEB7-A6BC63EA3329,Adyar Ananda Bhavan,"Ooty-Conoor, Road",,Mettupalayam,Tamil Nadu,641305,,11.32163,76.9161,,0,,,,,,,,,,1,,,,03-04-25 3:24,02/17/2025 16:03:00
308934,EACFC7EA-C8E0-4284-86EF-49D7252DF25F,Wellington Gymkhana Club,"Old Neelambar 2, Wellington, Coonoor",,Wellington,Tamil Nadu,643231,,11.36142,76.79607,,0,,,,,,,,,,1,,,,03-04-25 3:24,02/17/2025 15:51:00
308933,4FA9BDD6-DA5A-41A0-AFAA-00305CA1F384,Gateway Coonoor,Upper Coonoor,,Coonoo,Tamil Nadu,643101,,11.34605,76.80108,,0,,,,,,,,,,1,,,,03-04-25 3:24,02/17/2025 15:42:00
308932,F2183D5F-CD57-470E-924B-DB4724D1EA96,"Welcome Heritage Ayatana, Ooty","Athigaratty, Ooty",,Muttinadu,Tamil Nadu,643003,,11.33652,76.71073,,0,,,,,,,,,,1,,,,03-04-25 3:24,02/17/2025 14:48:00
308931,368F6C50-E465-4548-8B01-FA147FC7DDFB,"Club Mahindra Resort - Derby Green, Ooty","29-49, Baikey Road, Off Ettines Road",Near Ooty Race Course,Ooty,Tamil Nadu,643001,,11.4023,76.69714,,0,,,,,,,,,,1,,,,03-04-25 3:24,02/17/2025 14:44:00
308930,24619A53-9285-4E6E-A7D5-4D3E36B138F4,Sterling Ooty - Fern Hill,"No. 73, Kundah House Road",Fern Hill,Ooty,Tamil Nadu,643004,,11.39057,76.69866,,0,,,,,,,,,,1,,,,03-04-25 3:24,02/17/2025 14:41:00
308929,11D97251-33AF-4B95-8963-D82692367A44,Hotel Gem Park,"Sheddon Rd, Pudumund",,Ooty,Tamil Nadu,643001,,11.42074,76.70407,,0,,,,,,,,,,2,,,,03-04-25 3:24,02/17/2025 14:37:00
308928,FF9E00F2-E8DD-4A5C-8AF3-B99560CC6E5A,"Savoy, Ooty - IHCL SeleQtions","77, Sylks Rd, Monterosa Colony, Ooty",,Ooty,Tamil Nadu,643001,,11.41494,76.69288,,0,,,,Open till 8PM only,,,,,,1,,,,03-04-25 3:24,02/17/2025 14:34:00
308927,763626BE-D331-47D0-88FF-B822D05AEB79,MC Resort Bandipura,"Bandipur National Park, Bangalore-Ooty Road",,Melukamanahally,Karnataka,571126,,11.69692,76.63576,,0,,,,,,,,,,1,,,,03-04-25 3:24,02/17/2025 14:29:00
308926,8CAD2A36-406C-433F-B313-615E08FB2E0F,Vana Vihar Resort Bandipur,Coimbatore-Ooty-Gundlupet Highway,,Mel Kamanahalli,Karnataka,571126,,11.70634,76.64111,,0,,,,,,,,,,1,,,,03-04-25 3:24,02/17/2025 14:27:00
308925,C4A55EAF-0F22-4F0E-B49E-AFD307A638BE,Shivalli Restaurant 1,"SH - 17, Mudagere",,Channapatna,Karnataka,562160,,12.63923,77.14021,,0,,,,,,,,,,1,,,,03-04-25 3:24,02/17/2025 14:18:00
308924,D59BD172-D958-4B4D-ABB5-1FF409069B31,Eagleton The Golf Resort,"off Bangalore – Mysore Highway, Shyanamangala Cross, Mysore Road",,Bidadi,Karnataka,562109,,12.80007,77.41324,,0,,,,,,,,,,1,,,,03-04-25 3:24,02/17/2025 14:11:00
308923,D23818F3-9DF8-45E6-A0D4-B3C8AD06E374,ibis Bengaluru Hosur Road,"26/1, near Central Silk Board Junction, next to The Oxford College",Bommanahalli,Bengaluru,Karnataka,560068,,12.90073,77.63203,,0,,,,,,,,,,1,,,,03-04-25 3:24,02/17/2025 13:10:00
308922,1A7F8CAB-D7F2-4508-BA9A-A653E553692C,Blusmart Charging Station (HSR Hub),"ITI Layout, Sector 7, HSR Layout",,Bengaluru,Karnataka,560068,,12.90212,77.64191,,0,,,,,,,,,,1,,,,03-04-25 3:24,02/17/2025 13:06:00
308921,3265D1F2-368E-48BA-8092-E6075AB3E816,"La Maison Citroën Hosur Road, Bengaluru","Survey No.4, Khata No. 62-4, Beratena Agrahara Village Begur Hobli",Hosur Rd,Bengaluru,Karnataka,560100,,12.86308,77.65922,,0,,,,,,,,,,1,,,,03-04-25 3:24,02/17/2025 12:59:00
308920,1347E41C-7C7C-4818-9FD4-0CAEA5658A11,JioBP Pulse Charging Hub - Electronic City Phase II,"Sy No 62/1, Electronic City, Hobli, Begur",Doddanagamangala Village,Bengaluru,Karnataka,560100,,12.86462,77.67486,,0,,,,,,,,,,1,,,,03-04-25 3:24,02/17/2025 12:54:00
308919,178C3DFD-E822-4D9B-BD84-97B733FBAACD,Jio BP Chandapura,"Survey No 73, Anekal, Neraluru",,Bengaluru,Karnataka,562107,,12.79284,77.72766,,0,,,,,,,,,,1,,,,03-04-25 3:24,02/17/2025 12:48:00
308918,30B61B35-E501-453F-AEF7-0E1AD091A6C2,Blusmart Charging Station Electronic City Phase 1,"Maragondanahalli, Bommasandra",Shikaripalya Main Road,Bengaluru,Karnataka,560100,,12.82734,77.65552,,0,,,,,,,,,,1,,,,03-04-25 3:24,02/17/2025 12:43:00
308917,06145333-FCEC-4CB1-B344-7A601B810768,Blusmart Charging Station (Gottigere Hub),"52, Gottigere - Kengeri Rd, Vidyasagar Layout, Gundappa Layout",Gottigere,Bengaluru,Karnataka,560083,,12.85845,77.58721,,0,,,,,,,,,,1,,,,03-04-25 3:29,02/17/2025 12:35:00
308916,4205E5C4-0CFA-4617-9D5A-CD36545FBCEB,Shell Recharge Advaith Hyundai Mysuru,"Plot #26, Mysore Hunsur Main Road, Opp. Kirloskar Electric Company",Belvadi Industrial Area,Mysuru,Karnataka,570016,,12.34912,76.57168,,0,,,,,,,,,,1,,,,03-04-25 3:29,02/17/2025 05:04:00
308915,38550D07-688E-4D1C-A150-F057D63951A2,Shell Recharge Advaith Hyundai Mangaluru,"3-68/1, NH 66, Kuntikan, Kuntikana",Derebail,Mangaluru,Karnataka,575006,,12.90145,74.84193,,0,,,,,,,,,,1,,,,03-04-25 3:29,02/17/2025 04:58:00
308914,8B501677-7519-41AA-AFC1-1AF815F0BF84,Shell Recharge Heggeri Dharwad,"NH 48 Belur Road, Belur Industrial Area",,Belur,Karnataka,580011,,15.52849,74.90613,,0,,,,,,,,,,1,,,,03-04-25 3:29,02/17/2025 04:54:00
308913,60216A74-B194-4E71-9C79-3456D54E773A,Shell Recharge Pale,Bengaluru - Mumbai Highway Chabbi Taluka,,Hubballi,Karnataka,581207,,15.240056,75.14345,,0,,,,,,,,,,1,,,,03-04-25 3:29,02/17/2025 04:51:00
308907,D7423D02-A3E6-4346-B7CE-72228742D48D,Shell Recharge Anekal Road,"Chandapura - Anekal Road, Marsur",,Naganaikanahalli,Karnataka,562106,,12.76356,77.70167,,0,,,,,,,,,,1,,,,03-04-25 3:29,02/16/2025 18:56:00
308906,D70C02D4-79ED-4E72-A2ED-77E3F541E1FD,Shell Recharge Devanahalli,"NH Service Road, NH44 Bypass",,Devanahalli,Karnataka,562110,,13.26416,77.71751,,0,,,,,,,,,,1,,,,03-04-25 3:29,02/16/2025 18:53:00
308905,B68DDAEA-E977-4AD8-8964-17F4E99D8F9A,"Shell Recharge, Chandapura","44 Anekal, Balagaranahalli Road",,Attibele,Karnataka,562107,,12.78840738,77.73682462,,0,,,,,,,,,,1,,,,03/31/2025 15:21:00,02/16/2025 18:51:00
308904,8B5AF926-37BA-478B-BE57-D0E300177F43,Shell Recharge Kanakapura Road,"Kanakapura Main Rd, Uttarahalli Hobli",,Bengaluru,Karnataka,560062,,12.86276,77.53146,,0,,,,,,,,,,1,,,,03-04-25 3:29,02/16/2025 18:48:00
308903,43E2646E-B59A-4F79-A8EB-4A6CB36B451F,Shell Recharge Yelachenahalli,"Kanakapura Main Road, next to Yelachenahali, Krishna Devaraya Nagar, Kashi Nagar, Kumaraswamy Layout",,Bengaluru,Karnataka,560078,,12.89719,77.57071,,0,,,,,,,,,,1,,,,03-04-25 3:29,02/16/2025 18:45:00
308902,3DB8CBDD-F272-4816-920C-CFA61033519F,Shell Recharge Gokare Road,"Devanahalli, Boodihal",,Devanahalli,Karnataka,562110,,13.23897,77.72394,,0,,,,,,,,,,1,,,,03-04-25 3:29,02/16/2025 18:43:00
308901,8AC5BF7F-B7BC-49FE-8554-69A3D90A307B,Shell Recharge Haralur,"Plot No.6, Sy No.27/2, Haralur Road, Ambalipura Village",Varthur Hobli,Bengaluru,Karnataka,560102,,12.91293,77.66542,,0,,,,,,,,,,1,,,,03-04-25 3:29,02/16/2025 18:40:00
308900,1BAA9D12-9AAC-445F-AF70-0B7D59A50321,Shell Recharge Marathahalli,"Marathahalli, Outer Ring Road","Varthur, Hobli",Bengaluru,Karnataka,560037,,12.94285,77.69782,,0,,,,,,,,,,1,,,,03-04-25 3:29,02/16/2025 18:36:00
308899,90D32E93-F03E-4855-9D64-342109251A38,Shell Recharge Prestige Tech Park,Prestige Tech Park Kadubeesanahalli Bridge,Kadubeesanahalli,Bengaluru,Karnataka,560037,,12.94269,77.69235,,0,,,,,,,,,,1,,,,03-04-25 3:29,02/16/2025 18:32:00
308898,FBF3767F-4DD2-43EA-AC90-CCE880AB4BBF,Shell Recharge Bagmane Solarium,"Chinnapanahalli Main Rd, Kundalahalli Colony",Brookefield,Bengaluru,Karnataka,560037,,12.9717,77.7075,,0,,,,,,,,,,1,,,,03-04-25 3:29,02/16/2025 18:29:00
308897,5A15CF38-3FC6-457C-BFB8-036C53D3684B,Shell Recharge Prestige Shantiniketan,"9, Shanthi Road Bheemanna Garden, Shanti Nagar, Thigalarapalya",KR Puram,Bengaluru,Karnataka,560027,,12.992,77.7299,,0,,,,,,,,,,1,,,,03-04-25 3:29,02/16/2025 18:24:00
308896,670BA7A0-C156-4FAA-BE00-67EACF1C9F91,Shell Recharge Brookfield,"Graphite India Main Road, ITPL Main Rd, Hoodi,",,Bengaluru,Karnataka,560048,,12.98297349,77.708086,,0,,,,,,,,,,1,,,,03-08-25 2:37,02/16/2025 18:20:00
308895,BF9924D4-0CDE-4630-BFFB-1B9E23A3E3EF,Shell Recharge Avalahalli,Old Madras Road Bidarahalli Hobli,Bangalore East,Bandapura,Karnataka,560049,,13.04041,77.74131,,0,,,,,,,,,,1,,,,03-04-25 3:29,02/16/2025 18:16:00
308894,00CE5FB8-0803-49B9-9AA3-BD585D5B37C6,Shell Recharge Budigere,"Budigere Rd Hosakote, Cheemasandra",Bidarahalli,,Karnataka,560049,,13.06226,77.74273,,0,,,,,,,,,,1,,,,03-04-25 3:29,02/16/2025 18:12:00
308893,558E4B08-CDD6-4C6C-B1F1-E40AE0A58B9A,Shell Recharge Mahadeva Kodigehalli,"IT Park, No 1, Road, Kiadb Industrial Park, Mahadeva Kodigehalli",,Bengaluru,Karnataka,562149,,13.15446,77.70277,,0,,,,,,,,,,1,,,,03-04-25 3:29,02/16/2025 18:09:00
308891,FDC5CAA4-6AA8-41E7-B229-DD7D57248185,Shell Recharge Old Madras Road,"Old Madras Rd, Rajana Colony, K R PURAM HOBLI",,Bengaluru,Karnataka,560093,,12.9923,77.65942,,0,,,,,,,,,,1,,,,03-04-25 3:29,02/16/2025 18:02:00
308890,F7A07DF5-9DAC-4DF4-933B-2B6BC03120AA,Shell Recharge TC Palya,136 Thambu Chetty Palya Main Road,Kowdenahalli Main Rd,Bengaluru,Karnataka,560016,,13.02234,77.67867,,0,,,,,,,,,,1,,,,03-04-25 3:29,02/16/2025 18:00:00
308889,08582771-4F3E-4C65-AA5D-2358B4FE6EF7,Shell Recharge Thanisandra,"Thanisandra Main Road, Hobli, Ashwath Nagar, KR Puram",,Bengaluru,Karnataka,560077,,13.05367,77.63073,,0,,,,,,,,,,1,,,,03-04-25 3:29,02/16/2025 17:57:00
308888,07513543-FC26-4597-9C53-E40F4B7D5750,Shell Recharge Hennur,"Hennur Bagalur Main Rd, opp. Mantri Web City, Visthar",,Bengaluru,Karnataka,560077,,13.07536,77.6524,,0,,,,,,,,,,4,,,,03-04-25 3:29,02/16/2025 17:55:00
308886,99CB5E99-0D57-4093-A64D-774CAEE6A373,Shell Recharge Kogilu Road,"Kogilu Main Rd, Kurlappa Layout","2nd Division, Yelahanka",Bengaluru,Karnataka,560064,,13.1043,77.60448,,0,,,,,,,,,,1,,,,03-04-25 3:29,02/16/2025 17:50:00
308885,4B1CB918-90CA-42CF-A38A-8C81720D9B17,Shell Yelahanka New Town,"Yelahanka Rd, Escorts Colony","Attur Layout, Yelahanka Hobli",Bengaluru,Karnataka,560064,,13.098,77.5658,,0,,,,,,,,,,1,,,,03-04-25 3:29,02/16/2025 17:47:00
308883,96468C66-9B31-42E2-8BCB-783AB6F330EC,MG Motor Mysuru,"Plot No 201,Vijayanagar 4th Stage,Hunsur Rd, Vijayanagar 4th Stage, Hinkal",,Mysuru,Karnataka,570017,,12.3257,76.61038,,0,,,,,,,,,,1,,,,03-04-25 3:29,02/16/2025 17:43:00
308882,630039CF-C2AD-45AD-8B1D-FDCB9C391DF0,Shell Recharge Mandakalli,Mandakalli,Mysuru - Ooty Rd,Gudumadanahalli,Karnataka,570008,,12.24523,76.65978,,0,,,,,,,,,,1,,,,04-01-25 2:06,02/16/2025 17:36:00
308881,5A857A72-34C8-4EB3-8B95-6F844B39E9E4,Shell Recharge Hinkal,"5675, Hunsur Road, 14th Main Rd, Vijayanagar 1st Stage",Saraswathipuram,Mysuru,Karnataka,570017,,12.3279,76.60826,,0,,,,,,,,,,1,,,,02/25/2025 18:16:00,02/16/2025 17:32:00
308879,BB73EF96-345D-4F31-94E9-2FD172E3E7C4,Highway Star Mall,"Bangalore - Tirupati Highway, National Highway 75",,Vadagur,Karnataka,563101,,13.13885,78.20935,,0,,,,,,,,,,2,,,,03-04-25 3:29,02/16/2025 17:15:00
308878,8F669AD8-116A-4F22-B937-BD8CC20BCC26,Aaradhya Grand Mulbagal Dosa,"NH75, near Nandini Palace",,Kolar,Karnataka,563101,,13.13522,78.18786,,0,,,,,,,,,,1,,,,03-04-25 3:29,02/16/2025 17:11:00
308877,15473F18-82E0-493F-8553-AFDAEBD7CBF6,Hotel Guruprasad Veg,"NH 48, Kyadiggere",,Chitradurga,Karnataka,577524,,14.17052,76.47221,,0,,,,,,,,,,1,,,,03-04-25 3:29,02/16/2025 17:01:00
308876,5F41FEC1-067D-4093-9FE6-4B08E7D64995,Paakashala Sira,"No-4903/96/2 Site No- 55, Near K.S.R.T.C Depot","Saraswathi Badavane, N.H-4",Sira,Karnataka,572137,,13.75492,76.88246,,0,,,,,,,,,,10,,,,03-08-25 19:04,02/16/2025 16:59:00
308875,706D047A-AE06-419D-AC7C-C5A954DDF200,Samara's Veg,"Toll plaza, NH7, Bagepalli",,Bagepalli,Karnataka,561207,,13.79204,77.76632,,0,,,,,,,,,,2,,,,02/21/2026 14:58:00,02/16/2025 16:54:00
308874,6796F880-EA1F-49C8-85E0-6EFD929B6202,Hotel Nanjundeshwara,"Sannappana Palya, Kyathasandra",,Pandithanahalli,Karnataka,572104,,13.28586,77.18248,,0,,,,,,,,,,1,,,,03-04-25 3:29,02/16/2025 16:51:00
308873,00EE2081-CE99-4032-B059-A75B984B8696,Shepra Farms,"No.197/198, Uttamballi village",NH 948 Kollegala - Tamil Nadu Highway,Kollegala,Karnataka,571440,,12.13427,77.07437,,0,,,,,,,,,,1,,,,03-04-25 3:29,02/16/2025 16:47:00
308872,374F49D5-04A2-4175-B5EA-34BD96FB2C99,Mulki Sunder Ram Shetty Convention Centre,"Convention Center, Kolnad",Kilpady,Mulki,Karnataka,574154,,13.06385,74.79791,,0,,,,,,,,,,1,,,,03-04-25 3:29,02/16/2025 16:41:00
308871,ED8B8032-4B3F-4A5C-8D1F-B4BD05E24288,Club Mahindra Resort - Virajpet,"Palangala Village, Karada Post,",,Virajpet,Karnataka,571212,,12.20992,75.73586,,0,,,,,,,,,,2,,,,06-11-25 19:20,02/16/2025 16:29:00
308862,D11DE514-02AC-47BB-A05A-6948D4021D1D,Hotel Sharadha International,"N.H 66, Adi-udupi",,Udupi,Karnataka,576103,,13.34939,74.73729,,0,,,,,,,,,,1,,,,03-04-25 3:29,02/15/2025 17:24:00
308861,F53E91A3-E294-44C3-8BC6-BDDB816482D8,Paradise Isle Beach Resort,"46, Malpe",,Udupi,Karnataka,576108,,13.36063,74.69908,,0,,,,,,,,,,1,,,,03-04-25 3:29,02/15/2025 17:20:00
308860,B3CED235-727D-4642-A4D1-B8AA8A8DD659,Malpe Fish Trade Center,"Beach Road, Malpe",,Udupi,Karnataka,576108,,13.35205,74.70382,,0,,,,,,,,,,1,,,,03-04-25 3:29,02/15/2025 17:17:00
308859,7AEE89B5-CB62-404E-A741-0BE22B6230B6,Kaustubha Residency,"NH 66, Udupi",,Udupi,Karnatak,576122,,13.29373,74.74513,,0,,,,,,,,,,1,,,,03-04-25 3:29,02/15/2025 17:14:00
308837,9E284FB4-5373-43C6-B52F-39CFCBC7751D,Wonderla Bengaluru,"Left Side of the Parking Area from Main Entrance Gate, Wonderla Resort,",Mysore Rd,Bengaluru,Karnataka,562109,,12.838006,77.402104,,0,,,,,,,,,,4,,,,03-04-25 3:29,02/14/2025 17:33:00
308819,F6F196D5-CDEE-4534-9C1A-D4A9961F466B,Poojari’s Nirantara,"sy no. 115/1, Mandanahalli Grama, Harohalli",,"Jayapura, Mysuru",Karnataka,570008,,12.14124,76.50854,,0,,,,,,,,,,1,,,,02/18/2025 09:15:00,02/13/2025 17:15:00
308818,6BF2C3AB-6E38-443E-A92B-3DD10D088306,"Urs Cars, Hinkal","No 198/1 Kasaba Hobli, Road, Hinkal",Hunsur Road,Mysuru,Karnataka,560057,,12.32742,76.60886,,0,,,,,,,,,,1,,,,02/18/2025 09:16:00,02/13/2025 17:13:00
308817,74B73CD4-DBEA-49F8-B3D6-6CFD36B6C9A2,"Urs Kar Service Centre Pvt Ltd, Hebbal","G & H, 440, Kasaba Hobli, opp. JK Radial Plant",Hebbal,Mysuru,Karnataka,570016,,12.35354,76.61858,,0,,,,,,,,,,1,,,,02/18/2025 09:16:00,02/13/2025 17:11:00
308816,F535A305-7088-47FA-A2C3-0BB3ADEAB827,Ibis Styles Mysuru,"17/2, KRS Rd",Metagalli,Mysuru,Karnataka,570016,,12.35753,76.62834,,0,,,,,,,,,,1,,,,02/18/2025 09:16:00,02/13/2025 17:09:00
308815,99EEB32B-3338-4888-B779-89476F7D108D,Grand Mercure Mysore,"2203 60 New Sayyaji Rao Road, Nelson Mandela Road",,Mysuru,Karnataka,570021,,12.3307,76.64479,,0,,,,,,,,,,2,,,,02/18/2025 09:16:00,02/13/2025 17:08:00
308814,97D48F30-3A74-4BB9-99E3-8FA81F382A20,Mall Of Mysore,"No.C-1, M.G Road Indira Nagar","Nazarbad Mohalla, Extension",Mysuru,Karnataka,570010,,12.2977,76.66446,,0,,,,,,,,,,1,,,,02/18/2025 09:18:00,02/13/2025 17:06:00
308813,F081CE82-1CB7-43E5-9796-E8B151C944DD,Metropolis Gurukrupa Apartment,"58/1, near Fab Hypermart, Aishwarya Crystal Layout",Singasandra,Bengaluru,Karnataka,560068,,12.87479,77.64694,,0,,,,,,,,,,1,,,,02/18/2025 09:17:00,02/13/2025 17:03:00
308812,5BA35698-25A3-4EC2-B166-B7FA225E9F64,RMZ EcoWorld,Bellandur,,Bengaluru,Karnataka,5600103,,12.92542,77.68788,,0,,,,,,,,,,1,,,,02/18/2025 09:17:00,02/13/2025 17:01:00
308811,FB0B7F2F-20DF-4CEB-B703-B1AD862AB97F,Novotel Bengaluru Outer Ring Road,"ECOSPACE BUSINESS PARK, Sarjapur - Marathahalli Rd, opp. Rmz","Kariyammana Agrahara, Bellandur",Bengaluru,Karnataka,5700103,,12.9299,77.68317,,0,,,,,,,,,,1,,,,02/18/2025 09:17:00,02/13/2025 17:00:00
308810,A3C3EE22-0632-41C2-BD3C-2EE41A1BDF59,Kabra Excelsior,"6/A, 80 Feet Rd, Koramangala 1A Block, Koramangala 3 Block,",Koramangala,Bengaluru,Karnataka,560034,,12.92786,77.63306,,0,,,,,,,,,,1,,,,02/18/2025 09:17:00,02/13/2025 16:58:00
308809,397F1CE5-0DE5-4C24-9F26-96FBD5977F7E,Nexus Mall Koramangala,"Hosur Rd, Chikku Lakshmaiah Layout",Koramangala,Bengaluru,Karnataka,570095,,12.93484,77.6118,,0,,,,,,,,,,1,,,,02/18/2025 09:17:00,02/13/2025 16:55:00
308808,2B2D8204-428E-4176-9057-6C2CA7D0A510,Grand Mercure Bengaluru,"Old Madras Rd, Rahat Bagh",Nagavarapalya,Bengaluru,Karnataka,570093,,12.99267,77.66117,,0,,,,,,,,,,1,,,,02/18/2025 09:17:00,02/13/2025 16:53:00
308807,014EE155-191B-4871-AC75-E19EF82AC2EB,RMZ Infinity,"3, Old Madras Rd, opposite Gopalan Signature Mall","Sadanandanagar, Bennigana Halli",Bengaluru,Karnataka,570016,,12.99365,77.66045,,0,,,,,,,,,,1,,,,02/18/2025 09:17:00,02/13/2025 16:51:00
308806,B3FE373E-7A70-431A-BAAC-37D447F92598,RMZ MILLENIA,"Halasuru,",,Bengaluru,Karnataka,570042,,12.98247,77.62461,,0,,,,,,,,,,1,,,,02/18/2025 09:18:00,02/13/2025 16:49:00
308805,D5C9C1C3-4013-49B7-A3EF-FB5A4668CA40,Radisson Bengaluru City Center,"2, Gangadhar Chetty Rd, Halasuru","Yellappa Chetty Layout, Sivanchetti Gardens",Bengaluru,Karnataka,570042,,12.97622,77.61948,,0,,,,,,,,,,1,,,,02/18/2025 09:18:00,02/13/2025 16:47:00
308804,DEC51DF9-BC0A-4A24-B8B7-2B4821674B6B,The Rialto Hotel,"20-21, Seshadri Rd, Gandhi Nagar",,Bengaluru,Karnataka,570009,,12.98026,77.57661,,0,,,,,,,,,,1,,,,02/18/2025 09:18:00,02/13/2025 16:45:00
308803,D76B7F8F-843D-403B-99A4-E37F5B0EF4D7,GT World Mall,"Magadi Main Rd, next to Prasanna Theatre",Cholourpalya,Bengaluru,Karnataka,560023,,12.97396,77.55157,,0,,,,,,,,,,1,,,,02/18/2025 09:18:00,02/13/2025 16:42:00
308802,CCBAEB72-A060-4FDF-971B-D382BEF46092,Sheraton Grand Bangalore Hotel at Brigade Gateway,26/1 Dr. Rajkumar Road Malleswaram,Rajajinagar,Bengaluru,Karnataka,560055,,13.01275,77.55504,,0,,,,,,,,,,1,,,,02/18/2025 09:18:00,02/13/2025 16:37:00
308801,4A72AE7B-BAEB-4B5B-B91F-7E08FDA445DE,Orion Brigade Gateway,"Dr Rajkumar Road, Rajajinagar",,Bengaluru,Karnataka,560065,,13.01105,77.55471,,0,,,,,,,,,,2,,,,02/18/2025 09:15:00,02/13/2025 16:31:00
308800,D91078E0-8C80-4B83-B717-CC28A5E891A8,Orion Mall Outside,Dr Rajkumar Road,Rajajinagar,Bengaluru,Karnataka,560055,,13.00955312,77.55461113,,0,,,,,,,,,,4,,,,04/14/2025 16:57:00,02/13/2025 16:28:00
308799,5AFEFA64-D036-4F1D-B2F9-5A92E23DAC58,"Prerana Motors, Rajaji Nagar","Metro Station, No 46, 2nd Stage 10th Cross, Chord Road","opposite Rajaji Nagar Metro station, Rajajinagar",Bengaluru,Karnataka,560079,,12.99935,77.54971,,0,,,,,,,,,,1,,,,02/18/2025 09:18:00,02/13/2025 16:24:00
308798,B6B4272B-AA5C-4982-B9DB-95BC6933FA65,Taj Yeshwantpur,"2275, Tumkur Road, Yeshwanthpur Industrial Area, Phase 1",Yeswanthpur,Bengaluru,Karnataka,560022,,13.02882249,77.5403215,,0,,,,,,,,,,2,,,,03/16/2025 13:31:00,02/13/2025 16:20:00
308795,7F52B02A-B90E-4572-9F69-A802FDBB367E,IKEA Bengaluru,"Nelamangala - Majestic Service Rd, Manjunatha Nagar,",Nagasandra,Bengaluru,Karnataka,560073,,13.04917,77.49967,,0,,,,Free AC 7.2kW slow charging points (6 points per floor) located within IKEA Bangalore at nagasandra  You can just connect the Type 2 connector to start charging. Activation is no longer necessary.,,,,,,3,,,,02/18/2025 09:13:00,02/13/2025 16:05:00
308792,570D042D-CDF3-4346-AFD4-C567075B6EAE,SS CoCo Nest Luxury Service Apartments,"Chikmagalur- Kadur Bypass Rd,",near Nurture International School,Chikkamagaluru,Karnataka,577102,,13.31559,75.79555,,0,,,,,,,,,,2,,,,02/18/2025 09:13:00,02/13/2025 16:00:00
308791,359764D6-610B-422C-84C4-83BCE43FE15C,"Sree Auto, Tiptur","Industrial Estate, Bangalore - Honnavar Highway",Bandihalli,Tiptur,Karnataka,572201,,13.26252,76.49317,,0,,,,,,,,,,1,,,,02/18/2025 09:12:00,02/13/2025 15:57:00
308790,A329A8AC-060F-41D3-A2D9-5DA5819D2AAA,KTC Hotel,"Seegepalya, Bus Stop",,Rajathadripura,Karnataka,572114,,13.31672,76.68119,,0,,,,,,,,,,1,,,,02/18/2025 09:12:00,02/13/2025 15:54:00
308783,1FABC898-7A03-48EC-A98E-38746F707861,Paakashala @ TBegur,"Thyamagondlu Cross, Karnataka 562123",,TBegur,Karnataka,562123,,13.15172,77.33795,,0,,,,,,,,,,3,,,,03-04-25 3:29,02-12-25 15:15
308782,81D0971E-A16A-4CDF-B7F6-AE0AB49E20ED,Saviruchi Veg,Sri Venkateshwara Arcade,,Malavalli,Karnataka,571430,,12.38494,77.05314,,0,,,,,,,,,,1,,,,03-04-25 3:29,02-12-25 14:51
308781,2D67BDE9-9DBA-44CF-A76B-7D58F7164DE6,The Rove Kodagu,Napoklu,,Napoklu,Karnataka,571214,,12.30143,75.67671,,0,,,,,,,,,,1,,,,03-04-25 3:29,02-12-25 14:47
308780,096071DF-CF82-4B01-A4FA-B98A4CB2B3CC,Ambatty Greens Resort,"Bitangalla, near Coorg Golf links",,Virajpet,Karnataka,571213,,12.18228,75.828,,0,,,,,,,,,,2,,,,03-04-25 3:29,02-12-25 14:44
308779,12E7A9BE-9FEE-4158-9FD9-3CA89221A11B,Kodagu Planter's Club,SH90,,Gonikoppa,Karnataka,571213,,12.18078,75.91345,,0,,,,,,,,,,2,,,,03-04-25 3:29,02-12-25 14:38
308778,8CE1B79A-D7DB-47CF-89D6-B4DD8DBA01BC,Taj Madikeri Resort & Spa,"1st Monnangeri, Post, Galibeedu",,Madikeri,Karnataka,571201,,12.44606,75.68499,,0,,,,,,,,,,1,,,,03-04-25 3:29,02-12-25 14:34
308777,502BCB3A-F036-45AA-8520-E824ECE3E5D0,Church Side Bar & Restuarant,"Chikpet Temple Road, Chikpet Temple Road, Chickpet, near Omkareswara Temple",,Madikeri,Karnataka,571201,,12.41887,75.74048,,0,,,,,,,,,,2,,,,03-04-25 3:29,02-12-25 14:22
308776,FFE63B0A-B67B-49FA-B89B-6E1DD2E6E1DB,Tata Motors - URS KAR,Mysore - Madikeri Road,,Guddehosuru,Karnataka,571234,,12.44616,75.93032,,0,,,,,,,,,,2,,,,03-04-25 3:29,02-12-25 14:19
308775,762F4B3F-26B4-4C3B-BB64-70C4E264753C,Purple Palms Resort & Spa,"Bollur, Post, Guddehosuru",,Kushalnagar,Karnataka,571234,,12.44734,75.93211,,0,,,,,,,,,,1,,,,03-04-25 3:29,02-12-25 14:15
308774,B29AAD4C-B91B-4732-A8C5-C4B0C476F77D,Siri Ambari Resorts and Spa,"Manchadevanahalli, Bylakuppe, Kushalnagar",,Manchadevanahalli,Karnataka,571107,,12.40038,76.01705,,0,,,,,,,,,,2,,,,03-04-25 3:29,02-12-25 14:10
308773,588C46D1-E6CE-4A5E-BCE8-EEE94358A4DA,Hotel Four Seasons,BM Road,,Kundanahalli,Karnataka,571107,,12.38309,76.03155,,0,,,,,,,,,,2,,,,03-04-25 3:29,02-12-25 14:07
308763,F5E55422-6749-4A61-B1B7-22774D91F85F,Udupi Utsav,"No. 129/8B, SH17",,Sundahalli,Karnataka,571402,,12.50535,76.83215,,0,,,,,,,,,,1,,,,03-04-25 3:29,02-11-25 17:21
308762,A8041281-B285-4616-A038-C6E588AB3B23,Siri Restaurant,Mudagere,,Mathikere,Karnataka,562160,,12.639274,77.139907,,0,,,,,,,,,,2,,,,03-04-25 3:29,02-11-25 17:18
308761,1908BB08-1331-471F-B171-33C1372B263A,Hotel Indradhanush,"Mudugere, NH 275, Mathikere",,Channapatna,Karnataka,562160,,12.6396,77.14106,,0,,,,,,,,,,1,,,,03-04-25 3:29,02-11-25 17:15
308760,7CAA3716-D34F-4180-97E0-5A3F3E47B674,Shivalli Chowki Restaurant,Mudager,,Channapatna,Karnataka,562160,,12.63923,77.14023,,0,,,,,,,,,,1,,,,03-04-25 3:29,02-11-25 17:11
308759,F6C10DDF-E2DA-4798-85A3-D4E896A25C3B,SM Infra Foods,"S M Infra Foods, 132, SH17",,Channapatna,Karnataka,562160,,12.64316,77.15675,,0,,,,,,,,,,1,,,,03-04-25 3:29,02-11-25 17:09
308758,403A7087-8709-436D-ABDA-174033755FFB,KEVAL Charging Station,"568, 6th Cross, Outer Ring Road, Service Road","near Sai Baba Temple, Chowdeshwari Nagar, Kempegowda Layout, Hegganahalli",Bengaluru,Karnataka,560058,,13.0001,77.52435,,0,,,,Works through  1. Instacharge Mobile App 2. WhatsApp messaging app No need to add credits to wallet.  Can link paytm wallet if available.,,,,,,2,,,,03-04-25 3:29,02-11-25 17:00
308757,B2F8B883-2465-4F0C-BBFA-441C38F272D1,Renaissance Bengaluru Race Course Hotel,"No 17 And 17, 1, Race Course Rd, Madhava Nagar, Extension",,Bengaluru,Karnataka,560001,,12.98439,77.57639,,0,,,,,,,,,,1,,,,03-04-25 3:29,02-11-25 16:52
308734,893879F8-253B-45CE-A035-B1E7C2CA0B2B,Shell Recharge Yeshwantpur,"Tumkur Rd, Yeshwanthpur Industrial Area, Phase 1, Yeswanthpur, Bengaluru, Karnataka 560022",,Bengaluru,Karnataka,560022,,13.02499,77.54759,,0,,,,,,,,,,5,,,,02/18/2025 15:45:00,02-09-25 15:22
308733,F5AA7D6A-DAA8-4E19-8B64-12F5DE221013,VST Central KIA,"69/2, Hesarghatta Rd, Bhuvaneshwari Nagar, Bagalakunte, Bengaluru, Karnataka 560057",,Bengaluru,Karnataka,560057,,13.05335,77.50798,,0,,,,,,,,,,1,,,,02/17/2025 16:58:00,02-09-25 15:14
308732,ADCD31E1-69E4-4B06-93B2-693D8B4DAC5A,Jio BP Pulse,Miraj Cinemas,"Magadi Main Rd, above D-Mart, Vishwaneedam, Post, Sunkadakatte, Bengaluru, Karnataka 560091",Bengaluru,Karnataka,560091,,12.98931,77.50062,,0,,,,,,,,,,2,,,,03-04-25 3:29,02-09-25 15:10
308731,DF5FB032-3C52-4813-B678-92D8869C3723,Shell Recharge Mysore Road,"C-77, 3rd Cross Rd, Ranganathan Colony, Mysore Road",Deepanjali Nagar,Bengaluru,Karnataka,560026,,12.94696,77.53247,,0,,,,,,,,,,5,,,,02/18/2025 12:09:00,02-09-25 15:03
308730,990FB43E-F93C-41EE-8535-E7C8961499CC,Gateway by Taj,,"Jyothinagar Post, Joythinagar, Chikkamagaluru, Karnataka 577102",Chikkamagaluru,Karnataka,577102,,13.33696,75.81749,,0,,,,,,,,,,1,,,,02/17/2025 16:58:00,02-09-25 14:48
308729,69CE6ADA-A162-42A6-A792-2E06D60D6155,Grower's Cafe,,"Cheekanahalli, Karnataka 573115",Cheekanahalli,Karnataka,573115,,13.10898,75.74099,,0,,,,,,,,,,1,,,,02/17/2025 16:58:00,02-09-25 14:41
308728,469F8CE4-156D-4710-B4FB-9E518AA06A5B,Audi Service Center,"Phase 4, Plot No N3/A/2B, near Rosenberger Electronic Pvt Ltd, Verna Industrial Estate, Verna, Goa 403722",,Verna,Goa,403722,,15.36121,73.95358,,0,,,,,,,,,,1,,,,02/17/2025 16:58:00,02-09-25 14:35
308727,9C829D88-30A2-476E-B068-9FFDF80B8702,1930 Vasco Mall,"Swatantra Path, opp. The HQ, Vaddem, Vasco Da Gama, Goa 403802",,Vasco Da Gama,Goa,403802,,15.39724,73.81304,,0,,,,,,,,,,1,,,,02/17/2025 16:57:00,02-09-25 14:30
308726,46339567-ABE4-4937-8350-C4026415FC98,Magsons Supermarket,25-28 Greva Residency,"MES College Road, Zuari Nagar, junction",Vasco Da Gama,Goa,403726,,15.38793,73.86319,,0,,,,,,,,,,1,,,,03-04-25 3:29,02-09-25 14:25
308725,9ADF770A-4CD1-4402-A388-3747428D7C53,Royal Orchid Beach Resort & Spa,"Utorda Beach Rd, Utorda, Goa 403713",,Utorda,Goa,403713,,15.3203,73.90176,,0,,,,,,,,,,1,,,,02/17/2025 16:58:00,02-09-25 14:21
308724,B4EC9731-A514-4840-A3DB-D9EDE5172CB6,Fortune Resort Benaulim,"1795/H, Calwaddo, Benaulim, Goa 403716, India",,Benaulim,Goa,403716,,15.24629,73.92976,,0,,,,,,,,,,1,,,,02/17/2025 16:58:00,02-09-25 14:15
308723,B73BF613-0A8E-4BB8-8F8A-6F9947594A71,The St. Regis Resort,,"Mobor, Cavelossim, Goa, 403731, India",Cavelossim,Goa,403731,,15.15412716,73.95117826,,0,,,,,,,,,,1,,,,02/17/2025 16:58:00,02-09-25 14:13
308722,46F4E70E-E46A-4E69-8BB2-65F7F85A74A4,Hotel Elite,Hunsur Road,Mallinathapura,Mallinathapura,Karnataka,571103,,12.3459,76.43309,,0,,,,,,,,,,1,,,,04-01-25 4:26,02-09-25 14:07
308721,C9ECAC29-76AF-4AF2-AD85-E218D4BB7C28,Hotel Ankola International,,"NEAR ANKOLA APMC GROUND, Ankola, Karnataka 581314, India",Ankola,Karnataka,581314,,14.66667418,74.31221187,,0,,,,,,,,,,1,,,,02/17/2025 16:58:00,02-09-25 13:59
308719,2E55C09F-A3D6-4BB2-BDCE-4A070BC2D9AA,Hotel Sagar Residency,Bangalore - Honnavar Highway,,Honnavar,Karnataka,581334,,14.29007344,74.46279472,,0,,,,,,,,,,1,,,,02/18/2025 09:19:00,02-09-25 13:54
308716,86F1148E-E3CB-4C46-BB20-5649A55DF25E,Shrreyas Inn Hemmadi,,"Sangam Circle, NH 66, Kundapura, Karnataka 576201, India",Kundapura,Karnataka,576201,,13.63272084,74.7004605,,0,,,,,,,,,,1,,,,02/17/2025 16:58:00,02-09-25 13:49
308715,0DA55AA3-F281-42D2-9A62-8626A848EE31,Manipal INN,"Near Karavali Bypass, NH 66",,Udupi,Karnataka,576103,,13.35036323,74.73695857,,0,,,,,,,,,,1,,,,02-11-25 8:58,02-09-25 13:44
308714,48A33C57-1144-460D-BDC9-5E18F45096F9,Hotel K1,Hotel K1 BHRAMARI KAUP,"Opp Hale Marigudi, NH 66",Kaup,Karnataka,574106,,13.22567375,74.7486237,,0,,,,,,,,,,1,,,,03-04-25 3:29,02-09-25 13:38
308713,4B4D2715-57FD-440A-8C40-2C3EBD73CC58,Ayodhya pure veg,Solapur-Mangalore Highway,Pulkeri,Karkala,Karnataka,574104,,13.19458439,74.99894608,,0,,,,,,,,,,1,,,,03-04-25 3:29,02-09-25 13:34
308711,DB71A29C-37E2-4569-91B7-B46CE47411A8,Hotel Birwa Nelyadi,Hosamajalu,"Kowkradi, Nelyadi post, cross, near Dharmasthala",Nelyadi,Karnataka,574229,,12.83385366,75.41335464,,0,,,,,,,,,,1,,,,03-04-25 3:29,02-09-25 13:26
308708,A1DE8240-D92E-4E1A-A7E5-6C5E40FEC356,Hotel Aditya View,,"Bangalore Dharmastala, Road, Nidle, Belthangady, Karnataka 574216",Nidle,Karnataka,574216,,12.93122319,75.4071048,,0,,,,,,,,,,1,,,,02/17/2025 16:58:00,02-09-25 13:17
308679,F3E65AE6-9BFD-48D8-A6F4-4A8049ED19DA,Kengeri Charging Hub,"Sy.no 125/1B, 111/1C, 129/1C, Mysore Road","near KSRTC Depot, Kengeri",Bengaluru,Karnataka,560060,,12.90551716,77.47375007,,0,,,,,,,,,,4,,,,07/24/2025 04:57:00,02-07-25 16:46
308678,B5E7451D-59E0-48B5-BBF5-D72A495BF552,Akshaya Motors Mercedes-Benz,"Valagerehalli Village, 77/1, Mysore Road",opp. RV COLLEGE OF ENGINEERING,Bengaluru,Karnataka,560059,,12.92396323,77.49720825,,0,,,,,,,,,,1,,,,02-10-25 16:44,02-07-25 16:42
308663,4C6FBCD1-A8BA-4F96-9322-0F648CA3E437,MEI EV charging hub,,"2GGV+R43, Yeshwanthpur Industrial Suburb, Mahalakshmi Layout, Bengaluru, Karnataka 560022",Bengaluru,Karnataka,560022,,13.02681626,77.54261285,,0,,,,,,,,,,1,,,,02-09-25 15:17,02-06-25 14:56
308662,B874F86B-0820-44CD-8C13-3A93E71C6A37,Shell Recharge Tumkur Road,"Nelamangala - Majestic Service Road Dasarahalli,",Nagasandra,Bengaluru,Karnataka,560073,,13.04672556,77.50216038,,0,,,,,,,,,,1,,,,02/18/2025 15:45:00,02-06-25 14:47
308661,B18F23A9-91A6-471A-B8CA-8A325B58942B,Jio BP Nelamangala,"Survey No 113/1, 117/2 & 115/1, Nelamangala Road, Vijaya Vittala Nagar, Kasaba Hobli",,Arasinakunte,Karnataka,562123,,13.08652542,77.40847302,,0,,,,,,,,,,1,,,,02/18/2025 15:45:00,02-06-25 14:43
308660,5B1E6CD8-4036-4DCE-9F4A-5436EDFA84BB,Hana Impireal 75 Restaurant,"Bangalore Mangalore national highway 75, hand post near Kunigal industrial area",,Kunigal,Karnataka,562131,,13.03311257,77.08714465,,0,,,,,,,,,,1,,,,02/17/2025 16:58:00,02-06-25 14:26
308659,996297A2-C990-4D44-9930-79E51C092470,Hotel Empire Kunigal,"#151 BM road byladakere Yediyur Hobli, Kunigal, Karnataka 572130",,Kunigal,Karnataka,572130,,12.99777055,76.92416918,,0,,,,,,,,,,1,,,,02/17/2025 16:58:00,02-06-25 14:21
308658,8EE3D2BF-9F8E-4948-A20F-EF75E6A00802,Paakashala @ Yediyur,"Koppa Bangalore Mangalore Highway, NH75",,Kunigal,Karnataka,572142,,12.99023991,76.88182265,,0,,,,,,,,,,1,,,,02/17/2025 16:58:00,02-06-25 14:17
308657,6311EF3C-81B0-4B77-9771-34A4F99899C0,Hotel Mayur Veg,"Jaladagere,",,Kunigal,Karnataka,572142,,12.98803757,76.8746462,,0,,,,,,,,,,1,,,,02/17/2025 16:58:00,02-06-25 14:11
308656,FB5499F6-3339-4B3B-ACAB-0AF1F290DBC0,Dharnika Comforts Bar & Family Restaurant,"Chakkenahalli, Yadiyuru Hobli, Kunigal, Yadiyur",,Yediyuru,Karnataka,572142,,12.98762088,76.87332914,,0,,,,,,,,,,1,,,,02/24/2025 10:37:00,02-06-25 14:07
308655,3A8EBD8A-FA23-47A3-A9E9-1BF4A038212B,Hotel Vaishali,"179, Bandadka - Bengaluru Rd, next to kalinga residency, Hatna, Karnataka 571432",,Yediyur,Karnataka,571432,,12.97602147,76.82832027,,0,,,,,,,,,,1,,,,02/17/2025 16:58:00,02-06-25 14:01
308650,5400782A-274F-49CE-9F41-639A67E3351E,Mtr 1924,"No. 24/1 & 24/2, Thirumalapura Village,Hobli Bellur",,Nagamangala,Karnataka,571418,,12.97010428,76.8016858,,0,,,,,,,,,,1,,,,02/24/2025 10:37:00,02-06-25 7:51
308649,29A50D3A-E40D-4DAF-AEAD-5C4022E02847,Hotel Harsha Grand,Halalu gate,"near bellur cross toll, NH75",Nagamangala,Karnataka,571432,,12.9663554,76.78837258,,0,,,,,,,,,,6,,,,02/17/2025 16:58:00,02-06-25 7:43
308648,D317F6E7-34D9-460E-A446-703ECAE2D5A0,Cafe Coffee Day,"NH - 75 Bangalore - Hassan Highway,",,Bellur,Karnataka,571418,,12.96237988,76.74911923,,0,,,,,,,,,,1,,,,02-09-25 7:29,02-06-25 7:27
308647,F5DD5155-FA38-41D5-A5BC-0A9D2B054975,"Auto Matrix, Tata Motors",BM Road,"Thanniruhalla, Karnataka 573201",Hassan,Karnataka,573201,,12.99535833,76.07977486,,0,,,,,,,,,,1,,,,02-09-25 7:14,02-06-25 7:12
308646,185FE317-2D74-4093-93A6-CDB5456FD2AB,Surabhi's Delicacy,"BM road, beside Grama panchayat office, Bage",,Bage,Karnataka,573214,,12.95601177,75.85031771,,0,,,,,,,,,,1,,,,02-09-25 4:54,02-06-25 4:51
308645,4FF8B61A-FFFA-4E11-B0CB-BCA42D1515E1,Hotel Shiv Surya,"Heddurga, Kongavalli, Karnataka 573214",,Heddurga,Karnataka,573214,,12.95636312,75.91730927,,0,,,,,,,,,,1,,,,02-09-25 4:49,02-06-25 4:47
308644,D0524332-5432-4C47-9CAA-FA129E179426,Hotel Samrat Grand,NH-75 Bengaluru Mangaluru Road,Anemahal,Sakleshpura,,573134,,12.92895877,75.76483175,,0,,,,,,,,,,1,,,,02-09-25 4:44,02-06-25 4:39
308643,97303DE6-7E6A-4ED1-9562-ED51C740C9A9,Hotel Sky Birds,NH-75,,Ranganathapura,Karnataka,573220,,12.98692163,76.20598917,,0,,9789616161,,,,,,,,8,,,,02-09-25 4:34,02-06-25 4:31
308366,51C7E86E-03FD-4345-9E15-9CB9B29EC75B,Aryaas Pure Veg,"NH - 48, Veppangal",Pallikonda,,Tamil Nadu,635809,,12.90702,78.9619,,0,,,,,,,,,,3,,,,04-08-25 16:42,01/25/2025 04:25:00
308365,D687A3AA-1780-4D0A-ACE5-8270D9B4BDDC,Cafe Coffee Day,Ground Floor No 161-1A Kuthampakkam Village,,Chennai,Tamil Nadu,635804,,12.88816819,78.87963197,,0,,,,,,,,,,5,,,,02-09-25 14:34,01/25/2025 04:12:00
308058,67641EED-C161-4260-AD0D-6F578BA4312B,Vijaya Power Charging Station 60 + 60 kW,Shirwal,,Shirwal,Maharashtra,412801,,18.15732716,73.96017845,,0,7448145050,,,,,http://vijayapower.com,,,,4,,,,01/23/2025 07:44:00,01/19/2025 03:22:00
308057,54F17E4D-2236-4BF4-A481-56C8064ED6E0,Hotel Madhuban EV Charging Station,Amboli,Near Hotel Madhuban,Amboli,Maharashtra,416510,,16.0026571,74.04357547,,0,7448145050,7448145050,,,,http://vijayapower.com,,,,2,,,,01/23/2025 07:44:00,01/19/2025 03:15:00
308043,319325E1-F8A1-4B12-BF55-CC62FBAD49F8,Vikaya Power Solutions,Shirwal,,Shirwal,Maharashtra,412801,,18.27204628,73.85327216,,0,,,,,,,,,,4,,,,01/23/2025 07:44:00,01/18/2025 13:06:00
308042,822D0719-553D-493F-B5F0-2A590168FC92,Hotel Madhuban EV Charging Station,Amboli,,Amboli,Maharashtra,416510,,16.00262179,74.0434927,,0,,,,,,,,,,2,,,,01/22/2025 10:44:00,01/18/2025 13:04:00
307912,C34C8390-3209-4681-BE60-053CE816DA13,Vijata Power Charging Station 60 kW,Shiye Phata,Toap,Toap,Maharashtra,416114,,16.7823341,74.27818104,,0,7448145050,7448145050,,,,http://vijayapower.com,,,,3,,,,01/20/2025 16:05:00,01/14/2025 03:18:00
307911,96EB48A5-4873-492D-8C02-63ACF946C41E,Vijaya Power Charging Station 60 Kw + 30 Kw,Dyp City Mall,,Kolhapur,Maharashtra,416003,,16.7033685,74.25045697,,0,7448145050,7448145050,,,,http://vijayapower.com,,,,3,,,,01/23/2025 07:44:00,01/14/2025 03:15:00
307481,F46C23F9-5DD8-4BBD-8C1E-5552539D9066,Powerbank Charging Station,"Sector 61, Sahibzada Ajit Singh Nagar",PP3H+2R4,Chandigarh,Punjab,160062,,30.70254031,76.72955328,,0,+91 78451362,,,,,https://www.plugshare.com/location/125033,,,,1,,,,04-01-25 9:08,12/27/2024 14:45:00
307480,8B6400B4-5145-4DE7-A35C-52C3D56397C3,Tata Power Charging Station,"Audi Chandigarh, Industrial Area Phase II",PQ2Q+4RF,Chandigarh,Haryana,160002,,30.70039972,76.78958546,,0,,,,,,,,,,2,,,,01/23/2025 07:49:00,12/27/2024 14:37:00
307469,C60D5864-EC29-4134-A3AD-99938251DF65,Hotel Golden hut,"Umri Chowk, NH1",,Kurukshetra,Haryana,136131,,29.94598011,76.89940448,,0,,,,,,,,,,3,,,,01/23/2025 07:49:00,12/27/2024 02:26:00
307468,BFF8CA15-0EE8-4932-BC33-04C45DE30435,"Golden Hut, Dera Bassi",NH152,GRVC+JGW,Gholu Majra,Punjab,140507,,30.54447274,76.82153643,,0,,,,,,,,,,2,,,,01/23/2025 07:49:00,12/27/2024 02:13:00
307467,111556B6-6207-44F8-BC53-86AAD00E5740,The Gillz-Hotel & Restaurant,"Ambala Jagadhari Highway, Opp. Sangam Dhaba",Near Hamidpur Bus Stand,Ambala,Haryana,134203,,30.28270919,77.0127543,,0,,,,,,,,,,2,,,,01/23/2025 07:49:00,12/27/2024 02:04:00
307466,C705CFA8-D2D4-4B6B-9DB2-C6BEEDA88482,BHEL Charging Station,"Pipli Rd, near GEETA DAWAAR, Sector 2","XVGR+2Q7, Located in: Parakeet Resort",Kurukshetra,Haryana,136118,,29.97515754,76.89180889,,0,,,,,,,,,,4,,,,01/23/2025 07:49:00,12/27/2024 01:51:00
307465,79AEB66E-B58A-4DCE-955C-AAB6753F3E62,Haryana Tourism Resort,"Haryana Tourism Resort, Grand Trunk Road",PXVF+X36,Uchana,Haryana,132116,,29.74507285,76.97268654,,0,,,,,,,,,,2,,,,01/23/2025 07:49:00,12/27/2024 01:41:00
307464,A77B373C-93D6-4C94-9740-902AEC0BFAC6,Statiq Charging Station,"Mayur Dhaba, Indian Oil Pump","Grand Trunk Rd, Sector 14",Karnal,Haryana,132001,,29.72690645,76.97863197,,0,,,,,,,,,,1,,,,01/23/2025 07:49:00,12/27/2024 01:33:00
307463,0FFDCE76-93B6-4E3C-94C3-CE7A1CC0B41C,Tata Power Charging Station,Grand Trunk Rd,524P+X83,Sonipat,Haryana,131101,,29.15794314,77.03586564,,0,,,,,,,,,,1,,,,01/23/2025 07:49:00,12/27/2024 01:21:00
307462,9D4B1741-80FE-4FB7-955C-714E5E8A79C0,Tata Power Charging Station,Sector 14,223M+M3J,Sonipat,Haryana,131001,,29.00473623,77.03264404,,0,,,,,,,,,,2,,,,01/23/2025 07:49:00,12/27/2024 01:16:00
307460,6AADB03B-A450-4A47-8BA0-8797CC09D12A,Anantam Clubs & Resorts,"Mahudi, Highway, Pindarda Village",,Gandhinagar,Gujarat,382610,,23.33835544,72.70008026,,0,,,,,,,,,,2,,,,01/23/2025 07:49:00,12/26/2024 16:32:00
307459,528820BB-E634-449B-9D68-D064FBC8DBA5,"Laxura Restaurant, Banquet & Rooms","Mehsana Highway, Opposite Pallavi Guest House, Ahmedabad",,Mandali,Gujarat,382732,,23.42888479,72.39415885,,0,,,,,,,,,,2,,,,01/23/2025 07:49:00,12/26/2024 16:22:00
307458,00E96DA6-8CFE-4DF5-82C9-69FB052A7EF8,Tectonic Power Charging Station,"C9WV+CG, Celebrations Chowk near Nirma Plant Mandali","Ahmedabad, Highway Rd",Baliyasan,Gujarat,382732,,23.44652295,72.39375007,,0,,,,,,,,,,2,,,,01/23/2025 07:49:00,12/26/2024 16:15:00
307457,534C2341-5770-454E-B59D-59C37C8BAF38,Kesar Hotel & Restaurant,"GJ SH-7 Highway, Viramgam Rural",Ahmedabad-Bhuj Highway,Viramgam,Gujarat,382150,,23.09110943,72.03001389,,0,,,,,,,,,,2,,,,01/23/2025 07:49:00,12/26/2024 16:04:00
307456,F47FB88F-7F40-4004-BB9C-67584B3699C2,Hotel Decent,"Ahmedabad Palanpur State Highway, SH 41",,Unava,Gujarat,384160,,23.7513808,72.36697155,,0,,,,,,,,,,2,,,,01/23/2025 07:49:00,12/26/2024 15:54:00
307455,C258E1B5-8F74-4C61-A2C7-BFB8D9D3FB95,HOTEL LAGOON PARK,"Near Sherpura bus stand, state highway, 41, Ta- Vadgam, Kanodar",,Palanpur,Gujarat,385520,,24.06547063,72.39331223,,0,,,,,,,,,,2,,,,01/23/2025 07:49:00,12/26/2024 15:46:00
307454,13A60376-E09A-4913-B1B9-A4D7FD050F10,Ramee Royal Resort & Spa,"Near IIM, Balicha,Udaipur - Ahmedabad Highway,NH 8",,Udaipur,Rajasthan,313002,,24.49438992,73.6564737,,0,,,,,,,,,,4,,,,01/23/2025 07:49:00,12/26/2024 15:36:00
307453,CB9F8357-1A0E-4F9B-B78C-640473C8A37A,Hotel Raj Palace,"Marjivi choraya, Nimbahera Bypass, NH79",,Nimbahera,Rajasthan,312601,,24.59118987,74.69685914,,0,,,,,,,,,,2,,,,01/23/2025 07:49:00,12/26/2024 15:26:00
307452,5028A644-3D26-4BD0-99B3-3880E79E8F43,Chitrakoot Resorts and Restaurant,"Diamond Circle NH 76-79, Udaipur Road Village-Rithola",,Chittorgarh,Rajasthan,312001,,24.83430627,74.5697424,,0,,,,,,,,,,4,,,,01/23/2025 07:49:00,12/26/2024 15:22:00
307382,6F2B57D4-AC84-4F89-976F-4817073B4E79,Tata Power Charging Station,"Ratanzila, Sedariya","CMGJ+PVJ,",Ajmer,Rajasthan,305025,,26.42609271,74.68143813,,0,,,,,,,,,,2,,,,01/23/2025 07:49:00,12/23/2024 12:29:00
307381,BDD701EF-6E26-4360-9924-852A39FA2736,Xobolt Charging Station,"N.H.-8, JAIPUR ROAD, NEAR G.V.K.TOLL PLAZA","GRAM-BADGAON, Madanganj Kishangrah",Tolamal,Rajasthan,305801,,26.59302925,74.92709454,,0,,,,,,,,,,2,,,,01/23/2025 07:49:00,12/23/2024 12:23:00
307380,413E4A00-6534-4890-A116-28974F5A6C6F,Volttic Charging Station,Jaipur Kishangarh Expressway,P8WC+CCW,Mozamabad,Rajasthan,303009,,26.74603694,75.32142487,,0,,,,,,,,,,2,,,,01/23/2025 07:49:00,12/23/2024 12:19:00
307379,613BAB4E-CD4C-4506-AFC8-5C135DAC66B1,Statiq Charging Station,"Entrance Gate, Mahindra World City",Kalwara,Jaipur,Rajasthan,302037,,26.80701491,75.6426502,,0,,,,,,,,,,2,,,,01/23/2025 07:49:00,12/23/2024 12:15:00
307378,3FF644FA-3E3E-467F-8F90-8F7010B23AF4,Xobolt Charging Station,Located in Radhika Marriage Garden & Amusement Park,"5V5J+VM8,",Thegda,Rajasthan,325201,,25.16005686,75.88176313,,0,,,,,,,,,,2,,,,01/23/2025 07:49:00,12/23/2024 12:09:00
307376,0A5F9AB4-0ECE-47D0-B93D-0376BE65DAF7,Statiq Charging Station,"Shree Jee food square, NH 27",48XF+2PQ,Bijolia,Rajasthan,311602,,25.1477204,75.32436698,,0,,,,,,,,,,2,,,,01/23/2025 07:49:00,12/23/2024 11:35:00
307296,CF138D31-CEF5-46FA-A32D-35B361C882C0,Tata Power Vehicle Charging Station,DAANA PANI FOOD ZONE,W6JH+Q8,Sambhra,Rajasthan,344032,,25.93210843,72.22682392,,0,,,,,,,,,,2,,,,01/23/2025 07:49:00,12/20/2024 16:29:00
307295,470FED50-99FE-4408-A8A2-9D96D831CA19,Xobolt Charging Station,"Light Industrial Estate, Plot no. 21, Cazri Rd, Near ITI Road","Sector G, Shastri Nagar",Jodhpur,Rajasthan,342001,,26.26176544,73.00007961,,0,,,,,,,,,,2,,,,01/23/2025 07:49:00,12/20/2024 16:09:00
307294,37192B5A-8BB3-46AE-BA36-0CDF171EEFED,Statiq Charging Station,"Shri Aaian Motors, near Sharma Honda, Keroo",Opposite KN College,Jodhpur,Rajasthan,342001,,26.31760841,72.86856101,,0,,,,,,,,,,1,,,,01/23/2025 07:49:00,12/20/2024 16:03:00
307293,B73D0C98-500A-45A1-818F-147561F5D3D6,Xobolt Charging Station,Hotel Aapni Dhani,M989+M6X,Bhamatsar,Rajasthan,334801,,27.66703607,73.36820701,,0,,,,,,,,,,2,,,,01/23/2025 07:49:00,12/20/2024 15:52:00
307292,8977FEDA-FCEB-4DAE-B9E7-168B76E29B18,Jio-BP pulse,"Ground Floor, NH 15, Bikaner - Kolayat Rd","Nathusar, Antyodaya Nagar",Bikaner,Rajasthan,334804,,28.02686509,73.26409415,,0,,,,,,,,,,2,,,,01/23/2025 07:49:00,12/20/2024 15:46:00
307291,45E28451-6BD7-4979-ADBF-ED6E2CA9F0D3,Tata Power Charging Station,Pawan Hotel,3J43+GG5,Ratangarh,Rajasthan,331022,,28.05608118,74.60426741,,0,,,,,,,,,,2,,,,01/23/2025 07:49:00,12/20/2024 15:39:00
307290,4FF0F7E2-F701-4F9B-B5F5-3C52AC4B1FE2,Xobolt Charging Station,Hotel Highway Haveli,"Bikaner Bypass Rd, Sikar",Jaipur,Rajasthan,332315,,27.67981935,75.09126198,,0,,,,,,,,,,2,,,,01/23/2025 07:49:00,12/20/2024 15:29:00
307289,3D959170-0148-4A72-99F5-39F2F76D3F03,eDRIVE Charging Station,Kataria,V46C+M8,Haryana,,123023,,27.86220684,76.12080242,,0,,,,,,,,,,1,,,,01/23/2025 07:49:00,12/20/2024 15:20:00
307288,E4FF62FA-AB24-451D-932D-E95E0ECCAA5C,GLIDA Charging Station,"Hotel Tokas, NH-8",XCH2+67,Neemrana,Rajasthan,301705,,27.97834887,76.40048626,,0,,,,,,,,,,1,,,,01/23/2025 07:49:00,12/20/2024 15:12:00
307286,F6977F2F-D1CF-41F9-B5E1-FE038D05B1E6,Statiq Charging Station,"Aryan Hotel, Sikar Rd",9H5Q+HX,Dheerajpura,,332404,,27.35913455,75.58965655,,0,,,,,,,,,,2,,,,01/23/2025 07:49:00,12/20/2024 14:58:00
307284,2D5A39FD-EBB8-4A42-A9FE-30ABBFCFBB5C,Xobolt Charging Station,"Vishwakarma Hotel and Restaurant, Near Ganpati Dhaam",8JV2+RR9,Parasrampura,Rajasthan,332404,,27.34580386,75.602122,,0,,,,,,,,,,2,,,,01/23/2025 07:49:00,12/20/2024 14:52:00
307283,75D10DE3-D2BE-4B4A-8194-973906EC589B,AARGO EV Charging Station,Hotel Jhankar Sikar Highway Sargoth,,Reengus,Rajasthan,332404,,27.34229196,75.60268351,,0,,,,,,,,,,1,,,,01/23/2025 07:49:00,12/20/2024 14:48:00
307282,1F23F27C-0CC6-4349-8074-4BC6BFAC57D5,Statiq Charging Station,"Hotel Highway King, Main, Delhi - Jaipur Expy",,Shahpura,Rajasthan,303119,,27.48858907,76.05286559,,0,,,,,,,,,,2,,,,01/23/2025 07:49:00,12/20/2024 14:40:00
307281,45A8E5EF-D002-4528-A98D-217CB89BC324,Volttic Charging Station,"CH125+650, 7QMF+PV, LHS, Delhi - Mumbai Expy, Pinan",,Jodhpura,Rajasthan,301413,,27.28732765,76.77323195,,0,,,,,,,,,,2,,,,01/20/2026 02:41:00,12/20/2024 14:33:00
307151,E5572D72-11DB-41BD-A543-41BB857EE461,"MobiLane Charging Station, Jamanagar","Hotel Highway Hari, Rajkot-Dwarka Highway",,Vasai,Gujarat,361325,,22.43768122,69.96337421,,0,,,,,,,,,,2,,,,01/23/2025 07:54:00,12/17/2024 16:56:00
307150,EF6788F4-95E6-4069-93FB-CC847CEF87CA,MobiLane Charging Station,Hotel Asopalav Shamalaji,,Samalaji,Gujarat,383355,,23.65437207,73.31678699,,0,,,,,,,,,,2,,,,01/23/2025 07:54:00,12/17/2024 16:51:00
307149,58974858-2D73-4A8B-B51F-8F391CC11A25,Statiq Charging Station,"Plot no. 10, Valley View, Airport Rd, near Transport Nagar, Pratap Nagar",,Udaipur,Rajasthan,313003,,24.59457946,73.76870844,,0,,,,,,,,,,1,,,,01/23/2025 07:54:00,12/17/2024 16:40:00
307148,42C2F06F-F418-46B8-A5FD-BC472459ACA7,Tata Power Charging Station,"J36G+QXQ, Menar",,Vallabhnagar,Rajasthan,313601,,24.61225001,74.07281592,,0,,,,,,,,,,1,,,,01/23/2025 07:54:00,12/17/2024 16:35:00
307147,B3369D9C-3020-4F87-83E9-2AF4B622793F,NEEL-GAGAN PUNJABI DHABA,"NH 48,",,Shishod,Rajasthan,314804,,23.93190018,73.56855528,,0,,,,,,,,,,2,,,,01/23/2025 07:54:00,12/17/2024 14:41:00
307146,3BE16CCD-3B1C-41BD-AC42-99AD070FAE67,Hotel Atithi Palace,"NH8, Chagan Colony, Motli Circle, Kherwara Chhaoni",,Badla,Rajasthan,314011,,23.95904258,73.58165669,,0,,,,,,,,,,2,,,,01/23/2025 07:54:00,12/17/2024 14:33:00
307145,FD856B01-5D15-4FC4-B131-5F0FF51FF1C8,Hotel Green Plaza,"NH79, Bhilwara Chittar",,Hamirgarh,Rajasthan,311025,,25.15231409,74.62321291,,0,,,,,,,,,,2,,,,01/23/2025 07:54:00,12/17/2024 14:24:00
307144,E1EE5054-F923-456A-AFFF-94742BDB3540,HFM - Highway Food Mall,"Nr. Limbdi Over Bridge, NH 8A",,Limbdi,Gujarat,363421,,22.56718089,71.77418877,,0,,,,,,,,,,2,,,,01/23/2025 07:54:00,12/17/2024 14:17:00
307143,561333FB-D4FC-422D-8A56-02D511852350,Honest Restaurant- Amardeep food court,Near Adani CNG Pump,,Kedariya,Gujarat,363351,,23.00625297,71.08590884,,0,,,,,,,,,,2,,,,01/23/2025 07:54:00,12/17/2024 14:09:00
307141,78982202-8AB5-49DC-96CF-7AD33F45EF51,Hotel Choudhary Place,NH 27,,Pindwara,Rajasthan,307022,,24.75775893,73.01997679,,0,,,,,,,,,,2,,,,01/23/2025 07:54:00,12/17/2024 13:55:00
307140,D566B05C-7A94-496E-AAC4-DF406A201959,Hotel Tiranga,QJHF+GJ,,Roopaheli,Rajasthan,311021,,25.77983334,74.6238682,,0,,,,,,,,,,2,,,,01/23/2025 07:54:00,12/17/2024 13:39:00
307139,302506BA-167A-4D1D-A4EB-5426D99512C4,Novotel Jaipur Convention Centre,"Sitapur Industrial Area, Tonk Road, NH 12",,Jaipur,Rajasthan,302022,,26.78105566,75.82683191,,0,,,,,,,,,,2,,,,01/23/2025 07:54:00,12/17/2024 13:31:00
307137,72C8E29F-CE4B-4418-8EBE-D3A05F0C5177,Jaipur Marriott Hotel,"Ashram Marg, Near Jawahar Circle",,Jaipur,Rajasthan,302015,,26.84202738,75.79630011,,0,,,,,,,,,,2,,,,01/23/2025 07:54:00,12/17/2024 12:12:00
307136,97E8DE38-1571-46FB-AA2C-8E9B3BAFE200,JCR - The Entertainment World,Survey No. 612 - Theba Chokdi,Jamnagar Dwarka Bypass Rd,Jamnagar,Gujarat,361120,,22.4453545,70.11665545,,0,,,,,,,,,,2,,,,01/23/2025 07:54:00,12/17/2024 12:06:00
307135,FD930FE7-3A22-4BCA-B357-05B68F5A6034,Hotel Express Highway,"NH-8, Delhi - Jaipur Expy",,Behror,Rajasthan,301701,,27.85741685,76.26572513,,0,,,,,,,,,,2,,,,01/23/2025 07:54:00,12/17/2024 12:01:00
307134,8CE74E58-9C75-4595-9092-3AC2F676EEAD,"Hotel Highway Express, Delhi Side",Behror Sherpur,"Jaipur to Delhi Road, Behror Midway",Behror,Rajasthan,301701,,27.87421407,76.27630696,,0,,,,,,,,,,2,,,,01/23/2025 07:54:00,12/17/2024 11:58:00
307133,57B2F5D5-0DBE-4794-91E0-3485CD2F642B,Courtyard by Marriott Aravali Resort,1 Village Pakhal,,Faridabad,Haryana,121001,,28.37163971,77.21052937,,0,,,,,,,,,,2,,,,01/23/2025 07:54:00,12/17/2024 11:39:00
307132,FCE50116-29D3-49B8-80DE-48157E023A5B,The Westin Sohna Resort and Spa,"Vatika Complex PO Dhaula, Karanki, Road",,Sohna,Haryana,122103,,28.23723796,77.15038666,,0,,,,,,,,,,2,,,,01/23/2025 07:54:00,12/17/2024 11:31:00
307131,90DAF9B0-6EF2-49CB-A214-7C5CDA9E6591,Fortune Park Orange,"K.M.Stone 67, NH-8, Near Raman Munjal Hospital",Sidhrawali,Gurugram,Haryana,122413,,28.24952649,76.81701147,,0,,,,,,,,,,2,,,,01/23/2025 07:54:00,12/17/2024 11:24:00
307111,4AB4F6EB-9144-4659-A59E-B2DC04102017,Sarhol Charging Hub,"K39, Near Sun Pharma","Sector 18, Sarhol",,Haryana,122001,,28.48756979,77.07332085,,0,,,,,,,,,,6,,,,01/23/2025 07:54:00,12/16/2024 17:29:00
307110,890A140D-D9F6-41F9-B941-8FB22993472E,Le Meridien,"Sunset Boulevard, Sector 26",,Gurgaon,Haryana,122002,,28.48017155,77.10837798,,0,,,,,,,,,,2,,,,01/23/2025 07:54:00,12/16/2024 17:16:00
307109,12BD921B-C4DF-4FEA-B5D0-3D6AC4A30256,Courtyard by Marriott,"Sushant Lok, Phase 1",Sector 27,Gurgaon,Haryana,122002,,28.46059817,77.08066396,,0,,,,,,,,,,2,,,,01/23/2025 07:54:00,12/16/2024 17:12:00
307108,AACBCB5B-72F6-46A9-8DC8-F58275E33A48,Hotel Westinn,"1, MG Road, Sector 29",IFFCO Chowk,Gurgaon,Haryana,122002,,28.47684723,77.0706756,,0,,,,,,,,,,2,,,,01/23/2025 07:54:00,12/16/2024 17:07:00
307107,3F36B45F-A992-45C1-9936-A2336062FBF7,Hotel Pullman,"IGI Road, Aerocity",,New Delhi,Delhi,110037,,28.55336146,77.12361596,,0,,,,,,,,,,2,,,,01/23/2025 07:54:00,12/16/2024 16:53:00
307106,459C39D1-F754-4ADE-9F2C-62758C83EDA8,Le Méridien,Raisina Road,Connaught Place,New Delhi,Delhi,110001,,28.61840101,77.2178362,,0,,,,,,,,,,2,,,,01/23/2025 07:54:00,12/16/2024 16:40:00
307105,29035C1C-B06F-4DEA-85BB-E1FF48EEACD6,"Mercedes Benz Silver Arrows, Noida","D7, Dallupura Rd, Opp. Sahara India Financial Corporation","Rajat Vihar, D Block, Sector 8",Noida,Uttar Pradesh,201301,,28.59622945,77.33062464,,0,,,,,,,,,,2,,,,01/23/2025 07:54:00,12/16/2024 15:50:00
307102,0CBB2850-51DC-43A1-8D37-DDB9D520BE2C,Andheri West,Four Bunglows,,Mumbai,Maharashtra,400057,,19.1166,72.82927,,0,,,,,,,,,,1,,,,03-10-25 14:49,12/16/2024 14:21:00
307035,AA5BFF86-45DB-43C9-BBA5-89534A3CE62E,Statiq Charging Station,"Indian Institute of Technology Delhi, Hauz Khas",G5VP+VFJ,New Delhi,Delhi,110016,,28.54476925,77.18614532,,0,,,,,,,,,,2,,,,01/23/2025 07:54:00,12/14/2024 22:45:00
307034,D96423CE-2E8A-44FD-873B-B455117A9984,Statiq Charging Station,Qutab Minar Metro Station,G57P+7C,,Delhi,110016,,28.51319678,77.18607061,,0,,,,,,,,,,1,,,,01/23/2025 07:54:00,12/14/2024 22:38:00
307033,57508D1F-E887-4106-91FD-D6C291C95A9F,Statiq Charging Station,"Hotel, The Suryaa",New Friends Colony,New Delhi,Delhi,110025,,28.56132229,77.26966816,,0,,,,,,,,,,2,,,,01/23/2025 07:54:00,12/14/2024 22:30:00
307032,6AEFA7CE-A206-4A79-914E-BF1E7012CAE4,Statiq Charging Station,"13/6, Mathura Rd, near Main Entry Gate","Ekta, Ekta Nagar",Faridabad,Haryana,121003,,28.45909304,77.3063967,,0,,,,,,,,,,2,,,,01/23/2025 07:54:00,12/14/2024 22:25:00
307031,3C12DCDB-D9A7-4C2E-8806-1BB240B66C08,Statiq Charging Station,"MCD Parking, near Metro Station Mohan Estate","Block B, Mohan Cooperative Industrial Estate","Badarpur, New Delhi",Delhi,110044,,28.51873186,77.29479543,,0,,,,,,,,,,2,,,,01/23/2025 07:54:00,12/14/2024 22:19:00
307030,2580079D-649B-4ED5-8C82-002839BE77B0,Savoy Suites Charging Station,Greater Noida,,Noida,Uttar Pradesh,201310,,28.46461299,77.50846719,,0,,,,,,,,,,2,,,,01/23/2025 07:54:00,12/14/2024 22:14:00
307029,AE647169-530C-4296-A437-0D1B00774FB4,MLCP Zone3 Captive Charging Station,"MLCP Parking, Sector 18",,Noida,Uttar Pradesh,201301,,28.56991651,77.32208501,,0,,,,,,,,,,2,,,,01/23/2025 07:54:00,12/14/2024 22:02:00
307028,D2551FA2-B0B1-4ECD-A2E3-D0A46C1BE471,Berger Tower Charging Station,"DND Flyover, Sector 16B",,Noida,Uttar Pradesh,201301,,28.57454445,77.31348268,,0,,,,,,,,,,2,,,,01/23/2025 07:54:00,12/14/2024 21:56:00
307027,5E9D0BE1-DFA2-4095-BFAA-61B12A41932C,EESL Charging Station,"Near RTO Office, Sector 33A",,Noida,Uttar Pradesh,201301,,28.58796762,77.35208698,,0,,,,,,,,,,1,,,,01/23/2025 07:54:00,12/14/2024 21:40:00
306986,96969610-28E3-4811-B4EF-DB5606E96FFF,EESL Charging Station,"9, Lodi Colony, New Delhi, Delhi 110003, India",Located in Palika Maternity Hospital,,Delhi,110003,,28.58369488,77.2222264,,0,,,,,,,,,,1,,,,01/23/2025 07:54:00,12/13/2024 16:25:00
306985,E5932D34-0C95-436E-9496-84CF03633663,EESL Charging Station,"J6M9+H27, opposite Iqbal Brothers Tailoring Shop",", Block G, Connaught Place",,Delhi,110001,,28.63391638,77.21759419,,0,,,,,,,,,,1,,,,01/23/2025 07:54:00,12/13/2024 16:19:00
306984,C045C63F-FB77-417C-80CA-C1A7FD9DA86E,EESL Charging Station,"J6JC+MR8, N Block, Middle Cir, Block N",Connaught Place,,Delhi,110001,,28.63160743,77.22192657,,0,,,,,,,,,,1,,,,01/23/2025 07:54:00,12/13/2024 16:16:00
306983,57973FE0-9D9C-4CDE-8477-69E71E9DCF65,EESL Charging Station,"NDMC Parking, Outside Devinder Collections","11, Shankar Market, Connaught Lane",,Delhi,110001,,28.63358992,77.22355404,,0,,,,,,,,,,1,,,,01/23/2025 07:54:00,12/13/2024 16:13:00
306982,30FF4B5A-973F-49A9-A8BA-1C8D2842CA9C,EESL Charging Station,"H-1, Middle Cir, Block H",Connaught Place,,Delhi,110001,,28.63499693,77.21967228,,0,,,,,,,,,,1,,,,01/23/2025 07:54:00,12/13/2024 16:09:00
306981,20840F04-68FA-4032-AD7C-5E0B83D3E343,EESL Charging Station,"NMDC Parking, Dharma Marg, Block Y, Diplomatic Enclave",Malcha Market,,Delhi,110021,,28.60189431,77.18621161,,0,,,,,,,,,,1,,,,01/23/2025 07:54:00,12/13/2024 16:05:00
306980,840D2C5A-745F-4696-8B81-0ECA60616FE8,GTB Nagar Metro Station Parking,"65, Ring Rd, Tagore Park Extension, GTB Nagar",,,Delhi,110009,,28.69903576,77.2039924,,0,,,,,,,,,,4,,,,05-01-25 9:59,12/13/2024 16:00:00
306979,32F67586-BCB2-425D-A928-712C98386EB1,Hans Resorts,"91 Milestone, Delhi-Jaipur Highway, near Kasola Chowk",,Rewari,Haryana,123401,,28.12563663,76.63806418,,0,,,,,,,,,,1,,,,01/23/2025 07:54:00,12/13/2024 15:49:00
306978,027C1888-BBDA-4B0B-8626-58A71EA580E7,Subway,"A2, Bhagat Singh Colony, Rajupet, U.I.T.",,Bhiwadi,Rajasthan,123106,,28.20192129,76.80953731,,0,,,,,,,,,,1,,,,01/23/2025 07:54:00,12/13/2024 15:44:00
306977,6BB6EA2D-993C-4E7A-93C8-7B42DC616A39,Bikanerwala,"55th Mile Stone, NH 48, Kukrola, Panchgaon",,Gurugram,Haryana,122001,,28.32326783,76.90113917,,0,,,,,,,,,,1,,,,01/23/2025 07:54:00,12/13/2024 15:40:00
306976,68BB3E64-3FE9-4C6B-9B98-478E29E4E473,Krishna Valley Vrindavan,"5.8Krishna Valley Vrindavan HJG7+9M3, Jait",,,Uttar Pradesh,281406,,27.57529195,77.61453112,,0,,,,,,,,,,1,,,,01/23/2025 07:54:00,12/13/2024 15:20:00
306975,6D56B52D-0F22-4989-A56A-3B9AFE65DC13,Kosi Gulshan Dhaba,"RCW5+XPC, Kotwan",,,Uttar Pradesh,281403,,27.82922438,77.4210658,,0,,,,,,,,,,1,,,,01/23/2025 07:54:00,12/13/2024 15:12:00
306974,16891C61-9501-4E3E-BDC1-0DEA2E24B5E1,Haldiram,"RCM9+G98, Kosi Kalan",,,Uttar Pradesh,281403,,27.82411765,77.42561289,,0,,,,,,,,,,1,,,,01/23/2025 07:54:00,12/13/2024 15:09:00
306973,D77B3458-4547-47DA-A110-89DCF349F8BE,Asli Pappu Dhaba (2),"RCM9+3J9, NH19",,,Uttar Pradesh,281403,,27.82397398,77.42520025,,0,,,,,,,,,,2,,,,01/23/2025 07:54:00,12/13/2024 15:05:00
306972,9E397190-5DDE-46A9-AC9F-5FA5DDE601A2,Asli Pappu Dhaba,"RCM8+4RH, Mathura",,,Uttar Pradesh,281403,,27.81631621,77.42763146,,0,,,,,,,,,,1,,,,01/23/2025 07:54:00,12/13/2024 15:02:00
306971,14C673C2-9CDF-4BA2-866A-46B235DA888B,Golden Galaxy Hotels & Resorts,77QW+36J Golden Galaxy Hotels & Resorts,Kail Gaon,,Haryana,121004,,28.28940019,77.29664111,,0,,,,,,,,,,1,,,,01/23/2025 07:54:00,12/13/2024 14:51:00
306970,B09A0D1C-5298-47A3-A134-D3849769C24A,Powerbank Ghitorni Metro Station Parking Area,Mehrauli-Gurgaon Rd,"Gadaipur, Sultanpur",,Delhi,110030,,28.49271726,77.14844073,,0,,,,,,,,,,1,,,,01/23/2025 07:54:00,12/13/2024 14:43:00
306969,C72B9428-E16A-4AF8-AEBE-D8657FC98A80,Qutab Minar Metro Station,"Anuvrat Marg, Mittal Garden, Sainik Farm",,,Delhi,110016,,28.51413816,77.18681117,,0,,,,,,,,,,4,,,,01/23/2025 07:54:00,12/13/2024 14:14:00
306968,7AE29D71-6937-4BA1-9CDB-AD017247FE92,ITC Maurya,Sardar Patel Marg,"Akhaura Block, Diplomatic Enclave, Chanakyapuri",,Delhi,110021,,28.59734202,77.1731831,,0,,,,,,,,,,2,,,,01/23/2025 07:54:00,12/13/2024 14:08:00
306967,0467829A-5F52-4869-947B-75DEA7DF1E4B,EESL Charging Station,"Prithviraj Market, Rabindra Nagar",,,Delhi,110003,,28.60069402,77.22615763,,0,,,,,,,,,,1,,,,01/23/2025 07:54:00,12/13/2024 13:24:00
306953,BA1F2E00-1BE4-4B47-897E-226D4C77D4AB,TML Autovikas,"170, Mathura Rd, Pocket 1, Sector 5",,Faridabad,Haryana,121001,,28.36285993,77.31481075,,0,,,,,,,,,,1,,,,01/23/2025 07:54:00,12-11-24 17:41
306952,F1D35F07-C4FE-496E-B03F-DADECF03842B,FBD ONE CORPORATION PARK,"Block G, Molar band Extension",,Faridabad,Haryana,121003,,28.48816917,77.30577306,,0,,,,,,,,,,10,,,,01/23/2025 07:54:00,12-11-24 17:36
306951,C9ACFA6C-206E-4831-A843-7A8698EF2906,Moolchand Metro Station,"Vikram Vihar, Lajpat Nagar IV",,,Delhi,110048,,28.56437049,77.23404017,,0,,,,,,,,,,4,,,,01/23/2025 07:54:00,12-11-24 17:28
306950,E37EF872-E6A8-423F-BF6F-DD36E48CEDA8,"A-359, Varun Marg, Market, near Gol Gumbad","Block A, Defence Colony",,,Delhi,110024,,28.57419048,77.23108626,,0,,,,,,,,,,2,,,,01/23/2025 07:54:00,12-11-24 17:22
306938,B67E1A19-4863-4B9B-A1CF-5B64C05B963F,EESL Charging Station,"NDMC Parking, Outside Devinder Collections","11, Shankar Market, Connaught Place",New Delhi,Delhi,110001,,28.63359506,77.22353557,,0,,,,,,https://e-amrit.niti.gov.in/charging-station-locators,,,,1,,,,12/16/2024 11:23:00,12-11-24 12:06
306937,636EB555-7ADB-413C-9F01-0A9D2B574A81,IOCL Citi Fuels,"Lal Sain Mandir Marg, Block VB, Virender Nagar",Janakpuri,New Delhi,Delhi,110058,,28.62230109,77.09545065,,0,,,,,,https://ev.tatamotors.com/charging-locator.html,,,,1,,,,01/23/2025 07:54:00,12-11-24 11:46
306878,3022E2EF-7E85-46DF-9B6B-EB7886F83D02,Galleria Charging Station,"Front of Nathu's, Galleria Market","Sector 28, DLF Phase IV",Gurugram,Haryana,122022,,28.46770866,77.08175817,,0,,,,,,,,,,2,,,,01/23/2025 07:59:00,12-09-24 11:09
306877,5C6F6DB8-5947-4E8B-856A-24436C8B5A9C,JMD Pacific Square Charging Station,"Ground Level Parking, 95A PartII, Chander Nagar, Sector 15",Chander Nagar,Gurugram,Haryana,122022,,28.46393254,77.04874615,,0,,,,,,,,,,1,,,,01/23/2025 07:59:00,12-09-24 10:59
306876,702D79DB-399C-4A94-94CD-22ED31B4590D,Bikanervala Sec-29 Charging Station,"7, near Bikanervala",Sector 29,Gurugram,Haryana,122001,,28.46882811,77.06388399,,0,,,,,,,,,,2,,,,01/23/2025 07:59:00,12-09-24 10:51
306875,82FE1161-F0D9-41CA-A379-16E7640C006B,Crowne Plaza Gurgaon,Crowne Plaza Gurgaon Site No 2,"Sector 29,Opposite Signature Tower",Gurgaon,Haryana,122007,,28.4679844,77.05976819,,0,,,,,,,,,,1,,,,01/23/2025 07:59:00,12-09-24 10:47
306874,1AE5105A-0451-4638-A1AE-C4C7A040E9F7,Statiq Charging Station,"F3XV+25H, DLF Cyber City","DLF Phase 2, Sector 24",Gurugram,Haryana,122010,,28.49765505,77.09311558,,0,,,,,,,,,,1,,,,01/23/2025 07:59:00,12-09-24 10:44
306873,A33F4838-B531-499C-A55E-B734ED8721C9,Gulf Adiba,"Plot No. 272, Phase II, Udyog Vihar",Sector 20,Gurugram,Haryana,122008,,28.50795489,77.08585157,,0,,,,,,,,,,1,,,,01/23/2025 07:59:00,12-09-24 10:38
306804,0A1A358D-9428-40B9-AA2C-878F96A6C168,JW Marriott - Aerocity,"Asset Area 4 - Hospitality District, Aerocity",,Delhi,Delhi,110037,,28.55314,77.12122003,,0,,,,,,,,,,2,,,,12/16/2024 18:17:00,12-06-24 16:58
306803,0C4085A3-54E3-42DA-B718-1D8B2781D368,Aloft,"5B IGI T3 Road, Aerocity",,Delhi,Delhi,110037,,28.55236761,77.12382001,,0,,,,,,,,,,2,,,,12/16/2024 18:17:00,12-06-24 16:54
306802,B7FEFA55-E54D-4A5C-98CD-C501E66D4A0A,Radisson Blu Plaza Delhi Airport,"NH 8, near Mahipalpur Extension","Block R, Mahipalpur Village",New Delhi,Delhi,110037,,28.5437665,77.11959582,,0,,,,,,,,,,2,,,,12-09-24 16:49,12-06-24 16:47
306801,1E539144-5E93-48C2-ACE3-43C42B9EF6C0,Hauz Khas Metro Station Parking Area,Sri Krishna Chaitanya Mahaprabhu Marg,"lock F, Police Colony, Hauz Khas",Delhi,Delhi,110016,,28.54490649,77.2069168,,0,,,,,,,,,,2,,,,12-09-24 16:44,12-06-24 16:42
306798,71456796-19CD-488A-BF2A-4A6F73E49BDB,Savoy Suites Noida,A-44A,"Near McDonald's, A Block, Sector 16",Noida,Uttar Pradesh,201301,,28.58017235,77.31546217,,0,,,,,,,,,,2,,,,12-09-24 16:34,12-06-24 16:32
306797,7DB94B08-9141-46E5-8621-68CBA042F41C,TERRA CHARGE BSES,"IP EXTENSION, NEAR INDIAN OIL PUMP",,Delhi,Delhi,110092,,28.62519717,77.30549697,,0,,,,,,,,,,1,,,,12-09-24 16:24,12-06-24 16:19
306796,1DF961D7-370F-4D09-89EF-9FAA1D4A557D,Terra Charge,"I.P.Extension, Patparganj",,Delhi,Delhi,110092,,28.62961908,77.31211257,,0,,,,,,,,,,1,,,,12-09-24 16:19,12-06-24 16:14
306793,3B7D5904-7A6A-4432-83E9-2E0D65542B18,Wave One,"L-2A, Pocket G, Sector 18",,Noida,Uttar Pradesh,201301,,28.56977884,77.32328834,,0,,,,,,,,,,5,,,,12-09-24 12:44,12-06-24 12:40
306792,07040BD2-1B2B-4BC6-8E16-08FD2C4C89E4,DLF Mall Of India,"Plot M-03, Sector 18",,Noida,Uttar Pradesh,201301,,28.56720835,77.32153396,,0,,,,,,,,,,2,,,,12-09-24 12:34,12-06-24 12:32
306791,D4B3EB52-F508-49B6-B561-498DA5DCF016,Windsor Grand DC Charger,"Near BMS Office, Plot number 1 C",,Noida,Uttar Pradesh,201313,,28.54219546,77.34071383,,0,,,,,,,,,,2,,,,12-09-24 12:24,12-06-24 12:23
306790,206F23F2-2A39-4295-8B60-0CE30E06D187,Windsor IT Park,"Sector Rd, Sector 125",,Noida,Uttar Pradesh,201313,,28.54471242,77.32719346,,0,,,,,,,,,,3,,,,12-09-24 12:19,12-06-24 12:17
306770,3E178168-76C0-4C0A-96C7-89E0B5FE13DC,Advant IT Park,"Plot no.7, Sector 142",,Noida,Uttar Pradesh,201305,,28.5009107,77.40992469,,0,,,,,,,,,,1,,,,12-08-24 15:29,12-05-24 15:26
306769,C6899FE6-AF82-4C66-9AF9-2D7B75796A75,Omaxe Connaught Place Mall,"Block H, Beta II",,Greater Noida,Uttar Pradesh,201308,,28.48878386,77.51396501,,0,,,,,,,,,,1,Pay by app with pre-pay account balance required,,,12-08-24 15:19,12-05-24 15:18
306768,EC0AE37D-7BDA-44FE-9F51-A228D76AE8D0,Omaxe India Trade Centre,"Block I, Sector Alpha II","Commercial Belt, Greater Noida",Noida,Uttar Pradesh,201308,,28.47809947,77.5214747,,0,,,,,,,,,,1,Pay by app with pre-pay account balance required,,,12-08-24 15:14,12-05-24 15:12
306767,21BBD227-89E8-4A25-BC91-824910D37D2C,Near Snow White,"Block D, Connaught Place",,Delhi,Delhi,110001,,28.63389659,77.22077598,,0,,,,,,,,,,1,,,,12-08-24 15:04,12-05-24 15:02
303772,3559D8F6-5D33-49A4-B2ED-4CD077CA831A,technoPolis,"Sector 5, Salt lake",Kolkata,Kolkata,West Bengal,700091,,22.5796706,88.44328991,,0,,,,,,,,,,1,,,,09-06-24 6:39,09-03-24 6:38
303178,7F183747-9388-49B8-9C54-2D03D442250D,Kartavya Path,Kartavya Path,,,Delhi,110004,,28.61425316,77.2034289,,0,,,,,,,,,,1,,,,08/31/2024 05:59:00,08/18/2024 13:32:00
302744,D468EEF7-9F09-4446-9701-150DB790B5FE,Kot Safil road,Gopi Talav,,Surat,Gujarat,395002,,21.19083337,72.82874435,,0,,,,,,,,,,1,,,,09-02-24 1:54,08/15/2024 11:24:00
301966,3CA2F637-132E-418F-AD96-CDD2FF41728B,Harsha the Fernn,"#35/2A, Sagara Road, opposite Sharavathi Dental College,",,Shivamogga,Karnataka,577202,,13.94855091,75.53166578,,0,98848 66993,,,,,https://reluxelectric.com/,,,,1,,,,07/27/2024 10:39:00,07/27/2024 10:39:00
301965,E1D8458C-B93A-40D0-879C-C51BD22B118C,Shanthigrama Toll plaza,NH-75 (Bengaluru - Mangaluru Hwy),,Shanthigrama,Karnataka,573220,,12.9821235,76.2293388,,0,98848 66993,,,,,https://reluxelectric.com/,,,,1,,,,02/24/2025 10:37:00,07/27/2024 10:10:00
301964,F12A046D-7AFD-4D46-95B1-B4AE673998E4,HPCL Shoolagiri,"NH 44, Shoolagiri,",,Krishnagiri,Tamil Nadu,637115,,12.6667009,78.00280462,,0,98848 66993,,,,,https://reluxelectric.com/,,,,1,,,,07/27/2024 10:03:00,07/27/2024 10:03:00
301963,152E8D20-FA67-48B7-B574-B6D6AEEFF4B1,Quality Inn VIHA,"No:2, New Railway Rd, Gandhi Nagar,",,Kumbakonam,Tamil Nadu,621001,,10.9601063,79.3926127,,0,98848 66993,,,,,https://reluxelectric.com/,,,,1,,,,07/27/2024 09:59:00,07/27/2024 09:59:00
301962,F0B34EDF-D8E6-494E-8923-E64E88DEC696,Marshal E Tech Station,"2/119-5, Mission compound, Kottaram",,Kanyakumari,Tamil Nadu,629703,,8.115411,77.532217,,0,98848 66993,,,,,https://reluxelectric.com/,,,,1,,,,07/27/2024 09:56:00,07/27/2024 09:56:00
301650,86F12B18-B64E-412F-BDAC-75D8FA716E97,Kallukurichi Toll Plaza,"Madur, Kallakurichi, Viluppuram NH-68, Salem","- Ulundurpettai Hwy, Viluppuram,",Viluppuram,Tamil Nadu,606206,,11.73619658,79.00933295,,0,098848 66993,,,,,https://reluxelectric.com/,,,,1,,,,07/26/2024 06:22:00,07/23/2024 11:45:00
301649,9F1B04D3-BDB6-406D-A499-534356C42AD2,Mettupatty Toll Plaza,"M86J+M7G, Salem - Ulundurpettai Hwy","Vellalagundam Pirivu Road, Gudamalai R.F",selam,Tamil Nadu,636456,,11.66173152,78.33119546,,0,098848 66993,,,,,https://reluxelectric.com/,,,,1,,,,07/26/2024 06:22:00,07/23/2024 11:36:00
301648,D6C9043E-B0B1-4331-BE49-A440A19C86A7,NS Charging Station,"SH 210, Sirkali",,sirkali,Tamil Nadu,609111,,11.22135782,79.73769503,,0,098848 66993,,,,,https://reluxelectric.com/,,,,1,,,,07/26/2024 06:22:00,07/23/2024 11:32:00
301647,677518AA-7941-4AE9-85C3-C0E83C7458A1,Prashanth Charging Station,"SH 212, Kadavul Nagar,",,Chidambaram,Tamil Nadu,608001,,11.40802995,79.67390344,,0,098848 66993,,,,,https://reluxelectric.com/,,,,1,,,,07/26/2024 06:22:00,07/23/2024 11:29:00
301646,0943BD92-9497-40AB-B532-EAE6C0661209,Ocean Spray Resort,"No: 7, 8, 9, SH 49, Manjakuppam",,Villupuram,Tamil Nadu,604303,,12.06587465,79.88027083,,0,098848 66993,,,,,https://reluxelectric.com/,,,,1,,,,07/26/2024 06:22:00,07/23/2024 11:25:00
301645,F494BF5A-C931-451C-8B2A-86E5C3FD7D71,VASAN Charging Station,36R mandaiyur pudukotai,,,Tamil Nadu,622515,,10.65218943,78.7421418,,0,098848 66993,,,,,https://reluxelectric.com/,,,,1,,,,07/26/2024 06:22:00,07/23/2024 11:21:00
301644,A39E4FC0-EF5A-4DDB-96D6-67EA8BF5DCC1,Charles Mahal,"19, 4a, Thanjavur Rd, Near Reliance Smart Bazaar, Rail Nagar",Ariyamangalam Area,Tiruchirappalli,Tamil Nadu,620010,,10.80578,78.73219,,0,098848 66993,,,,,https://reluxelectric.com/,,,,1,,,,02/18/2025 09:19:00,07/23/2024 11:11:00
301643,99EC5D59-1940-4E81-B7A5-0EFA6EBBAD94,DYNASTY AK Plaza,"NH 744 (Madurai to Kollam),","No. 53C, AK Plaza, Rajapalayam",Virudhunagar,Tamilnadu,626117,,9.468266612,77.56613528,,0,098848 66993,,,,,https://reluxelectric.com/,,,,1,,,,07/26/2024 06:22:00,07/23/2024 11:08:00
301550,A3003B1B-ADE7-4408-960B-731A9AE7C386,Haribhavanam KMCH,"KMCH, Avinashi Rd, TNHB Colony,","Indira Nagar, Civil Aerodrome Post",Coimbatore,Tamil Nadu,641014,,11.04022108,77.04083279,,0,098848 66993,,,,,https://reluxelectric.com/,,,,2,,,,06-11-25 14:01,07/22/2024 10:16:00
301547,CE3516A3-5E8E-4D57-84B4-98C2BEC47C17,Siva Selvi Charging Station,334/1A Servaikaranpalayam,Govindanoor,Pollachi,Tamil Nadu,642005,,10.72709336,76.92989238,,0,98848 66993,,,,,https://reluxelectric.com/,,,,1,,,,07/26/2024 06:15:00,07/22/2024 07:59:00
301546,FEF70396-D68A-43B9-BF83-F8DEF86051AA,HR Legacy,"Kuppanur - Yercaud Ghat Rd,",,yercaud,Tamil Nadu,636601,,11.77470055,78.22697854,,0,098848 66993,,,,,https://reluxelectric.com/,,,,1,,,,07/26/2024 06:15:00,07/22/2024 07:49:00
301545,92384B08-6C5E-4295-A3EE-E77E4448794A,Dr. MGR University,"Poonamallee High Rd, Vishwas Nagar",,"Maduravoyal, chennai",Tamil Nadu,600095,,13.06959746,80.1779609,,0,098848 66993,,,,,https://reluxelectric.com/,,,,1,,,,10/21/2024 16:56:00,07/22/2024 07:44:00
301544,42A6EA9C-83B6-48D0-A866-8E3EA8B57A8B,Hotel Benzz Park,"4, Thottapalayam Pillayar Koil St",Thottapalayam,Vellore,Tamil Nadu,632004,,12.92909927,79.1336516,,0,098848 66993,,,,,https://reluxelectric.com/,,,,1,,,,07/26/2024 06:15:00,07/22/2024 07:39:00
301543,B8FC60D2-DD5D-4B2C-8643-A39485DDAF3B,Alps Residency - A Bergamont Group of Hotel,"Bangalore Bye Pass Road Near Toll Plaza,",,Krishnagiri,Tamil Nadu,635001,,12.54195,78.20175,,0,098848 66993,,,,,https://reluxelectric.com/,,,,1,,,,04-02-25 15:53,07/22/2024 07:35:00
301542,1E7ED165-736F-41C0-9789-66EFB4B66769,Ero G Electric Charging Station,"NH544, Kovai to Salem Road,","Solipalayam, perundurai",Erode,Tamil Nasdu,638052,,9.357267832,11.30199446,,0,098848 66993,,,,,https://reluxelectric.com/,,,,1,,,,07/26/2024 06:15:00,07/22/2024 07:31:00
301541,5B54FC1F-E6E0-4B92-BD5E-29898C5CCC29,KSN Charging Station,"ECR junction , Devipattnam Road,",,Ramanathapuram,Tamil Nadu,623503,,9.357267832,78.87360869,,0,98848 66993,,,,,https://reluxelectric.com/,,,,1,,,,07/26/2024 06:15:00,07/22/2024 07:27:00
301540,360105C1-2C79-4010-932E-3C390CD33B1D,Hotel VPS Grand - Palani,"23 Ayyampulli Road,","Adivaram Rd, Giri Veethi",Palani,Tamil Nadu,624601,,10.44303096,77.51617095,,0,98848 66993,,,,,https://reluxelectric.com/,,,,1,,,,07/26/2024 06:15:00,07/22/2024 07:23:00
301539,4ADDC84B-9D46-4978-8549-1961EE90AD9B,Hotel Temple City Lake Inn,Trichy - Madurai Highway,,Valaichcherippatti,Tamil Nadu,625104,,9.987081053,78.24154444,,0,98848 66993,,,,,https://reluxelectric.com/,,,,1,,,,07/26/2024 06:15:00,07/22/2024 07:20:00
301398,C1C57F34-E115-4EA9-B4B9-345FD19E1706,Haribhavanam KMCH,"KMCH, Avinashi Rd, TNHB Colony,","Indira Nagar, Civil Aerodrome Post",Coimbatore,Tamil Nadu,641014,,11.04036238,77.04093889,,0,098848 66993,,,,,https://reluxelectric.com/,,,,1,,,,07/26/2024 06:19:00,07/19/2024 10:22:00
301385,3858D7C1-AFE4-41B3-B283-D3E507029136,Dr. MGR University,"Poonamallee High Rd,","Vishwas Nagar, Maduravoyal",chennai,Tamil Nadu,600095,,13.06959746,80.1779609,,0,098848 66993,,,,,https://reluxelectric.com/,,,,1,,,,07/24/2024 08:19:00,07/19/2024 08:10:00
301365,DC09E827-218E-409D-B8F7-75BD18C11201,Ero G Electric Charging Station,"NH544, Kovai to Salem Road,",Solipalayam,perundurai,Tamilnadu,638052,,11.23077077,78.57300877,,0,98848 66993,,,,,https://reluxelectric.com/,,,,1,,,,07/26/2024 06:19:00,07/19/2024 07:45:00
301229,66E7F87A-830C-45DA-A06A-0074055E384E,Sree Annapoorna Restaurant,"Jameen Bus Stop, NH45",,Ambur - Vellore,Tamil Nadu,635812,,12.85301412,78.81703476,,0,,,,,,http://chargezone.co.in,,,,10,,,,01/25/2025 18:15:00,07/17/2024 07:03:00
301228,8C90105E-CEF8-4E7E-AB67-7756D6C8870C,Thoppur Toll Plaza,"NH 44, Palayam,",,Thoppur,Tamil nadu,636708,,12.00702592,78.08084312,,0,,,,,,https://reluxelectric.com/,,,,2,,,,07/26/2024 06:19:00,07/17/2024 06:51:00
301227,63351149-0DAE-4CCD-BF2C-6D9D61977A58,Vaniyambadi Toll Plaza - Relux Charaging station,"NH 48, Vaniyambadi",,Vaniyambadi,Tamil Nadu,635751,,12.64875446,78.58332854,,0,,,,,,https://reluxelectric.com/,,,,1,,,,07/26/2024 06:19:00,07/17/2024 06:43:00
301226,D3D959DF-005F-4A2F-B8EE-9E267ABD4809,Hotel Himalayaa,"Old No: 80, New No: 40,","Sannathi Street, Opp Karur Vysya Bank",Thiruvanamalai,Tamil Nadu,606601,,12.23639376,79.08960088,,0,,,,,,https://reluxelectric.com/,,,,1,,,,07/26/2024 06:19:00,07/17/2024 06:32:00
301155,F001A1ED-058B-4DC5-AE52-0A28F2021029,Hotel Aishwarya Bhavan,"Chennai - Trichy Highway, Tindivanam,",,Tindivanam - Villupuram,Tamil Nadu,604001,,12.24034498,79.66228159,,0,9884866993,,,,,https://reluxelectric.com/,,,,1,,,,07/26/2024 06:19:00,07/16/2024 07:09:00
301154,B6F71B7B-F2AB-4E8E-8470-FA917F75B0A5,MM Legacy,"Jameen Bus Stop, NH45",,Kanchipuram,Tamil nadu,635812,,12.9036054,80.167116,,0,9884866993,,,,,https://reluxelectric.com/,,,,1,,,,07/26/2024 06:19:00,07/16/2024 07:01:00
301153,BBF2EBED-79E0-48B8-801F-321347DC8AAA,EVP Cinemas - Relux Charging Station,NH 48 (Chennai to Bengaluru),"Survey no 167/4A & 3A, Santhosha Nagar",Chembarambakkam,Tamil Nadu,600123,,13.03601745,80.04651678,,0,9884866993,,,,,https://reluxelectric.com/,,,,1,,,,07/26/2024 06:19:00,07/16/2024 06:56:00
300747,83BDF31E-4201-455C-B24C-242FA6899145,Hotel Aaryas Garden - Relux Charging Station,"Chennai - Trichy Hwy,",,Tindivanam,Villupuram,604001,,12.2406595,79.663151,,0,,,,,,https://reluxelectric.com/,,,,1,,,,07-12-24 9:49,07-09-24 9:48
300746,E074FFE6-1E25-4B5D-BC7D-9835A5389956,Hotel Aaryas Garden - Relux Electric,"GST Road,","Thenpakkam,",kandigai,chennai,603201,,12.38530243,79.7960046,,0,,,,,,https://reluxelectric.com/,,,,1,,,,07-12-24 9:49,07-09-24 9:44
300745,FF6BE3EA-1CBD-4126-A5B1-7DF744EDE4D1,Cosmopolitan Club - Relux Electric,"15, Madras Thiruvallur High Rd,",Padi,Chennai,Tamil Nadu,600098,,13.10080944,80.19059824,,0,,,,,,https://reluxelectric.com/,,,,1,,,,07-12-24 9:39,07-09-24 9:34
300744,7392EEC2-35DB-490D-8991-6160A3775915,Saravana Stores - Padi - Relux Electric,"15, Madras Thiruvallur High Rd,","Padi,",Chennai,Tamil Nadu,600098,,13.10080944,80.19059824,,0,,,,,,https://reluxelectric.com/,,,,1,,,,07-12-24 9:34,07-09-24 9:31
298738,F810DC86-0E77-466C-A6C5-D162C95A2C16,Balasaheb Thackeray Flyover,Balasaheb Thackeray Flyover,Zone 3,,Maharashtra,400029,,19.13995082,72.8519736,,0,,,,,,,,,,1,,,,05/20/2024 09:21:00,05/13/2024 02:22:00
297901,8550263E-3046-4BC3-854F-458A685E4919,Hindustan EV Charge,Near Bay Store,,Tiruporur,,603103,,12.79947247,80.22763805,,0,,,,,,,,,,1,,,,05-11-26 5:14,04/26/2024 05:41:00
297821,4A274663-3895-43D9-A6FF-B6D825629801,Joance Regency,Temple Road,Near KSRTC Bus Stand Thodupuzha,Thodupuzha,Kerala,685608,,9.894287703,76.71587116,,0,,,,,,,,,,1,,,,06-11-25 14:01,04/22/2024 12:44:00
297660,F2B71FEB-4F92-4FEB-8865-A578D9305735,"#1043, 11th cross","2nd stage, J p nagar",mysore,mysore,karnataka,570008,,12.33534887,76.62012791,,0,,,,,,,,,,1,,,,04/25/2024 11:18:00,04/18/2024 06:25:00
297630,44CBB76B-B8FA-464F-8811-0BAA4C9D1F24,Ganesh Hotel,"Tirumalakoppa village N h 4 Tadas, cross, Hubli - Dharwad Hwy,",,Tirumalakoppa,Karnataka,581207,,15.16839,75.14055,,0,,,,,,,,,,1,,,,02/17/2025 16:56:00,04/17/2024 17:18:00
297629,7561FF05-F81A-4DDC-8C2D-7BDDAC080C0B,Jio BP Kamadod,"Survey No 86/9 Ranebennur, Nh 4, Near Davangere Truck Stop",,Kamadod,Karnataka,581145,,14.57297,75.69027,,0,,,,,,,,,,1,,,,02/18/2025 09:19:00,04/17/2024 17:14:00
297628,0873B7C0-9310-4AEA-A455-AD9915016754,Zeon 24KW Kyathasandra,"Hotel Sri Nanjudeshwara, 75MM+JC6",Sannappana Palya,Kyathasandra,Karnataka,572104,,10.0811991,77.63011747,,0,,,,,,,,,,1,,,,04/25/2024 11:18:00,04/17/2024 17:10:00
297627,E612E33D-73A6-4547-94D0-0BEADC6380EA,Relux 25KW Chidambaram,"Chidambaram Bypass Bridge, Kannangudi, Chidambaram, Tamil Nadu 608602, India",,Chidambaram,Tamil Nadu,608602,,11.4850375,78.01971132,,0,,,,,,,,,,1,,,,04/25/2024 11:18:00,04/17/2024 17:02:00
297626,50228BB4-2AF3-4CB9-9466-9EBF19346CA7,chargemod 30kw Amoha hotel,23 7th cross Street,Gandhi Nagar,Tiruvannamalai,Tamil Nadu,606601,,11.4850375,78.01971132,,0,,,,,,,,,,1,,,,04/25/2024 11:18:00,04/17/2024 16:59:00
297625,7A8A3554-3844-4B0B-B958-C1C4EC7DB74A,Relux 30KW Hotel Himalaya,"687 D, Polur Rd, Vengikkal, Tiruvannamalai,","Annamalai R.F., Tamil Nadu 606604, India",Annamalai R.F,Tamil Nadu,606604,,12.24691994,78.07576855,,0,,,,,,,,,,1,,,,04/25/2024 11:18:00,04/17/2024 16:56:00
297624,BF1E1460-1F8F-4B07-84C8-6F4561A81215,Statiq 60kW Tirunelveli,"Near Showroom Entrance, 7/147-A1, Tuckammalpuram, Nagercoil Main Road",,Tirunelveli,Tamil Nadu,627007,,8.66847,77.71834,,0,,,,,,,,,,1,,,,03/31/2025 16:20:00,04/17/2024 15:16:00
297622,4FF2EBE1-B0BC-4BE7-B9F1-688D92DB86E2,Regency Tirunelveli By GRT Hotels,"10 A, 1 B, Trivandrum Road",Vannarpettai,Tirunelveli,Tamil Nadu,627003,,8.72921,77.72092,,0,,,,,,,,,,1,,,,04-07-25 13:39,04/17/2024 15:08:00
297621,4C1557DB-D20D-4C04-9CCC-F4CBD123EB3C,Kannada Parisath Road,Kannada Parisath Road,Jayalakshmipuram,Mysuru,Karnataka,570001,,12.33627592,76.6187466,,0,,,,,,,,,,1,,,,04/25/2024 11:18:00,04/17/2024 15:07:00
279447,B44F7FB3-05E7-4878-ABF9-6470B91EC959,Knowledge park,NIET,,Greater Noida,Uttar Pradesh,,,28.4622375,77.49128581,,0,,,,,,,,,,1,,,,10/29/2023 16:59:00,10/26/2023 16:57:00
273116,1BE2ABCF-FC7E-478C-96A1-0A214BFC5192,Urs Kar,"opposite Bhagavati Temple, Kaikeri, Gonikoppa, Karnataka 571213",,Gonikoppa,Karnataka,571213,,12.17768,75.90516,,0,,,,,,https://zeoncharging.com/,,,,1,,,,02/17/2025 16:56:00,07/25/2023 17:12:00
267109,717D7EF9-A103-4B94-91AE-26C6E9ED4F0C,Punkunnam-Guruvayoor Road,Near Nippon Toyota,Punkunnam,Thrissur,Kerala,680002,,10.53765403,76.19714944,,0,,,,,,,,,,3,,,,07-04-23 3:26,06/21/2023 05:31:00
266916,44631668-BBBB-4AF6-B517-34D1372CA5AF,Viyyur KSEB,Opposite Central Jail,Viyyur,Thrissur,Kerala,680010,,10.55934643,76.21735813,,0,,,,,,,,,,1,Variable rate based on time of the day,,,06/13/2025 10:35:00,06/18/2023 17:36:00
266276,91C93036-4CEB-48D5-AA1F-DF98737CC98B,KSEB Charging Station,"2843+3XX, Palarivattom, Kochi, Kerala 682017",,Kochi,Kerala,682017,,10.00539481,76.30472192,,0,,,,,,,,,,2,Variable rate based on time of the day,,,05/19/2026 03:09:00,05/30/2023 20:27:00
259197,949D9D2A-6836-4CC1-90CF-FADDA9ED32C9,GoElectrify-EV Charger,"J & D AUTO, opp. SHREE LAXMI NARAYAN RESIDENCY, nr. Aarohi Club Road, Plots, South Bopal",2FF6+HC,Ahmedabad,Gujarat,380058,,23.0239226,72.4589304,,0,,,,Bopal,,https://goelectrifyindia.com/,,,,1,,,,03/28/2023 20:46:00,03/28/2023 14:43:00
258754,31DC227F-163C-429F-A2DE-B666189D4DDE,ChargePod Charging Station,"5JGH+9H3, Urjanagar 1, Kudasan",,Gandhinagar,Gujarat,382421,,23.175841,72.6267489,,0,,,,Kudasan,,https://necellemobility.in/,,,,1,,,,08-08-24 12:49,03/26/2023 09:55:00
258753,4C6D132D-6F10-4185-AAEE-9CD86473C9C6,Fortum Charge & Drive Charging Station,"701, Sarkhej - Gandhinagar Highway, Makarba",,Ahmedabad,Gujarat,380051,,22.9966818,72.3581511,,0,,,,,,,,,,1,,,,03/26/2023 21:56:00,03/26/2023 08:44:00
258572,F5A72F31-844A-4716-BDE3-122AE6EE1655,Ather Grid Charging Station,"Basement of INOX theatre mall, Sector 21 Rd, Sector 21",6MJ9+G9,Gandhinagar,Gujarat,382021,,23.231491,72.6673639,,0,,,,Sector 21 Rd,,https://atherenergy.com/grid,,,,1,,,,03/23/2023 20:25:00,03/23/2023 15:18:00
258336,5F592455-4F1E-494D-B310-1E473C66F791,Taj Hotel,Nr Taj Lane,Nr SP Ring Road,Ahmedabad,Gujarat,380058,,23.07555435,72.56854042,,0,,,,,,,,,,2,,,,03/21/2023 17:51:00,03/21/2023 17:44:00
258302,D763DBD8-C0F8-43C6-ADCA-103E2E66F0AD,MobiLane Charging Station,"Beside Fire Station, Gujarat International Finance Tec-City",,Gandhinagar,Gujarat,382355,,23.1664285,72.6839839,,0,9773099324,,,,,https://www.evamp.co/,,,,1,,,,03/30/2023 16:39:00,03/21/2023 12:40:00
258294,6BA43394-065F-493C-8F74-D760CB116562,Sargasan Cross Rd,5JH9+9GW,,Gandhinagar,Gujarat,382421,,23.17834276,72.61224559,,0,,,,"Near Dev Parishar, Palm Road",,https://necellemobility.in/,,,,1,Only one fast charger in this area.,,,03/23/2023 23:04:00,03/21/2023 12:11:00
257048,92A2A2C3-42AB-4BA2-8BE2-51D24A7A6F49,Agora Mall Charging Station,"Nr Tapovan Circle, SP Ring Road",,Gandhinagar,Gujarat,382424,,23.06754609,72.66480929,,0,,,,,,https://www.jiobp.com/products-and-services/EV-charging,,,,1,,,,12/16/2024 11:24:00,03/17/2023 05:35:00
257047,1F9E686C-CDBC-464F-AC9B-B726238ECAF6,Capital EV Charging Station (Kalupur),"2JF2+X5J, Kalupur Railway Station Rd, Laxmi Bazar, Kalupur",,Ahmedabad,Gujarat,380002,,23.06764573,72.66492752,,0,,,,Railway Station Parking,,,,,,1,,,,03/26/2023 11:50:00,03/17/2023 05:19:00
238134,55FD9460-1310-41E0-B3B1-A70A3165521E,Technopark EVCS,Nila BuildingTechnopark Main Road,Kazhakkoottam,Thiruvananthapuram,Kerala,695581,,8.559479356,76.87807877,,0,,,,,,,,,,5,,,,06-11-25 14:01,03-02-23 7:29
201254,F691F5FD-2DC5-4CE9-96ED-C4D4EDD71A03,Cinemax,Tycoons Residency,Khadakpada,Kalyan,Maharashtra,421301,,19.24365159,73.13475572,,0,,,,,,,,,,1,,,,08/28/2022 17:09:00,08/25/2022 17:05:00
195401,E70CBBBC-B4B7-47B4-9B43-F8225FE9FE8F,Kalyan Grand Business Hotel,"247 Grand Southern Trunk Rd, Next to Vandalur Zoo, Chennai, Tamil Nadu 600048",,Vandalur,Tamil Nadu,600048,,12.87380016,80.07849378,,0,,,,,,https://zeoncharging.com/,,,,1,,,,08/20/2022 15:02:00,08/20/2022 12:46:00
195400,C34A416C-7125-4720-9FD7-B7C5FCFA4CB3,Muscat bakery & Restaurants,"A16& A17, SIPCOT Industrial Park , Bangalore highway, Near Hyundai Company, Irungattukottai, Tamil Nadu 602105",,Irungattukottai,Tamil Nadu,602105,,13.00801058,79.99673028,,0,,,,,,https://zeoncharging.com/,,,,1,,,,08/20/2022 15:02:00,08/20/2022 12:41:00
195399,1582079A-C93F-46C5-9C81-E3C3E496F052,Holiday Inn Chennai OMR,"110, Rajiv Gandhi Salai, Thiruvanmiyur, Chennai, Tamil Nadu 600096",,Chennai,Tamil Nadu,600096,,12.98007448,80.25315304,,0,,,,,,https://zeoncharging.com/,,,,1,,,,08/20/2022 15:02:00,08/20/2022 12:33:00
195398,CA286A4B-D579-4BC1-9EE4-D87FCFEFB333,Grand Chennai by GRT Hotels,"120, Sir Thyagaraya Rd, Drivers Colony, T. Nagar, Chennai, Tamil Nadu 600017",,Chennai,Tamilnadu,600017,,13.0398837,80.24507602,,0,,,,,,https://zeoncharging.com/,,,,1,,,,08/20/2022 15:03:00,08/20/2022 12:25:00
195397,AE38F3E2-7FDE-4AAD-97BD-09CFAC131381,Spencer plaza,"768, Spencer Plaza, Anna Salai, Chennai, Tamil Nadu 600002",,Chennai,TamilNadu,600002,,13.08644094,80.24611762,,0,,,,,,https://zeoncharging.com,,,,1,,,,08/20/2022 15:05:00,08/20/2022 12:00:00
195339,E014555A-D3D4-4216-8F26-85CC5CD9AFD8,Chandni Chowk,Chandni Chowk,,Delhi,Delhi,110006,,28.65602523,77.2311976,,0,,,,,,,,,,1,,,,08/30/2022 08:26:00,08/16/2022 10:38:00
190068,CD0F2B6E-E15A-4135-ABB2-1C27AE072FE7,Mira Road,"A/1104, unique heights, Poonam Garden, above new india co-op bank, near S K Stone, Mira Bhayender Rd, near S K Stone",,Maharashtra,India,401107,,19.14000605,72.85344383,,0,,,,,,,,,,1,Multiple points,,,06-07-24 9:50,11/18/2021 06:57:00
189046,15924179-D9C3-4DCA-9965-1CAEEC62CB35,Sardar Patel Ring Road,Sardar Patel Ring Road,,Ahmedabad,Gujarat,380001,,23.01811408,72.67117697,,0,,,,,,,,,,1,,,,09-05-21 15:01,09-04-21 7:00
189037,D716EB52-E1DB-4467-BECE-5929D2FC1C6F,Shawadi Road,"Shawadi Road, Narolgam",,Ahmedabad,Gujarat,382405,,22.95898656,72.57343765,,0,,,,,,,,,,1,,,,03/23/2023 23:05:00,09-02-21 11:26
188200,99B67ED1-6FF1-4819-A86C-37EEF214FDCD,Hosa Road,Hosa Road,,Chikkanayakanahalli,Karnataka,560035,,12.91152151,77.67629826,,0,,,,,,,,,,1,,,,07/16/2021 19:32:00,07/14/2021 04:38:00
173082,60F4F182-FDE5-4517-8DD0-3EAC0B8541E0,Tata Fast Charger,Opposite Dell,Inner Ring Road,Bangalore,Karnataka,,,12.95243885,77.63973153,,0,,,,Cafe Coffee Day parking lot,,,,,,2,,,,03-03-21 10:10,03-03-21 6:46
172465,C48AAA50-C8D7-4523-9AF8-F5BCF514823B,Bharay,Shree Nath Stone,,Mukundgarh Mandi,Rajasthan,333705,,27.9383458,75.2314383,,0,,,,,,,,,,1,,,,02-03-21 17:34,02-03-21 11:24
171101,E19C746A-9783-4D46-A380-DD5F8B81B426,Saravana Bhavan,Sankagiri Toll,,Vaigundam,Tamil Nadu,637103,,11.51942244,77.93477089,,0,,,,,,http://www.zeoncharging.com,,,,2,,,,04-02-25 16:49,12/20/2020 13:41:00
170932,B8CCE3C5-0F72-4722-8B69-D90CCA364D6B,IITM Research Park,IITM Research Park,,Chennai City Corporation Limits,Tamil Nadu,600113,,12.9908,80.2424,,0,,,,,,https://reluxelectric.com/,,,,1,,,,07-09-24 12:38,12-12-20 7:01
167208,F513B7CB-D473-49F7-8509-DF0556214F85,Assam Electric Point,Society,,Guwahati,Assam,787059,,26.1619712,91.766784,,0,,,,,,,,,,1,,,,03/26/2023 11:51:00,08/29/2020 14:29:00
149812,5650311F-5A4C-4762-A1E3-AE93D3D95298,Electrify Bihar EV Charging Station,"Shop # 40, K.M. Tank Market, Laheria Sarai",,Darbhanga,Bihar,846004,,26.156965,85.899512,,0,9304993078,,indu9@hotmail.com,,,https://www.electrifyBihar.com,,,,4,"Four 230 V, 10amp  sockets with extension cords provided free for charging . Mennekes and UTL E-Rickshaw Battery Charger NPFC-ERBC 15AMP at site for further user.",,,03/28/2023 19:20:00,03-06-20 4:28
149534,07891543-1600-4BD9-9907-6EB856D37758,Fortum Mahindra,"Chikoti Gardens, Old Patigadda, Chikoti Gardens, Begumpet, Hyderabad, Telangana 500016, India",,Hyderabad,Telangana,500016,,17.44366,78.46395,,0,,,,,,,,,,1,,,,03/26/2023 11:52:00,02/27/2020 16:28:00
149533,7C1F98CC-DAB5-4567-A96D-CA57F68069ED,Amplify Mobility,"8-2, 335/2, Rd Number 5, SBI Executive Enclave, Green Valley, Banjara Hills.",,Hyderabad,Telangana,500034,,17.4249236,78.4219657,,0,,,,,,https://www.chargelist.com/,,,,1,,,,04-04-23 10:44,02/27/2020 16:22:00
149527,5230B236-2980-4C01-86F4-00DE07C58A57,Fortum Mahindra,"Unnamed Road, Maruthi Nagar, Attapur.",,Hyderabad,Telangana,500264,,17.36334,78.4337,,0,,,,,,,,,,1,,,,03/26/2023 11:51:00,02/27/2020 15:28:00
149524,AE03422E-3F70-449D-B083-A3263928AA15,Fortum Mahindra,"Hyder Nagar, RamNaresh Nagar",,Hyderabad,Telangana,500090,,17.50128,78.37811,,0,8977245381,,,,,,,,,4,Ultra Fast 240kW Dispenser Chargers with 4 Commectors,,,06/21/2026 14:34:00,02/27/2020 15:19:00
146678,BCC62201-E5D7-4EEE-85E9-4ACB3E06CA7E,Jawahar Marg,Jawahar Marg,,Indore,Madhya Pradesh,452001,,22.71655434,75.85496373,,0,,,,,,,,,,1,,,,01/13/2020 20:22:00,01/13/2020 17:09:00
129323,B09CC7CA-7001-4AA8-9F98-9849E044D25D,Kailash Bhavan,Kailash Bhavan,Amritapuri,Clappana,Kerala,690525,,9.088188398,76.48588774,,0,,,info.midgardelectric@gmail.com,,,https://www.midgardelectric.com/,,,,3,,,,05-05-23 17:17,07/17/2019 11:08:00
107668,931DF86E-A0D0-4E04-9B98-F21AFC129A5A,AtherGrid Go Native Cafe,Go Native Cafe,Jayanagar,Bangalore,KA,560041,,12.92246364,77.58468834,,0,,,,In front of Go Native Cafe on the road,,,,,,1,,,,08-06-18 21:39,08-06-18 9:52
103746,CACC2501-D4EC-4088-AA35-15056CC6FF9E,BESCOM Head Office,K R Subway,Sampangiram Nagar Ward,Bengaluru,Bangalore Urban,560053,,12.97553141,77.58833646,,0,,,,,,,,,,1,,,,04/14/2020 16:02:00,05-06-18 14:17
103616,D8D99015-2297-428A-BEE6-C07014488DE9,Ather Space,100 Feet Road(S K Karim Khan Road),Hoysala Nagar Ward,Bengaluru,Bangalore Urban,570008,,12.97568929,77.64122981,,0,,,,,,,,,,4,,,,05-11-18 11:03,05-04-18 8:50
103615,D791A671-9135-498A-9F1B-F10B7922D0FC,Ather Grid Point - Herbs and Spices,Whitefield Main Road,Hagadur,Bengaluru,Bangalore Urban,560066,,12.96792465,77.74977623,,0,,,,,,,,,,1,,,,05-11-18 11:04,05-04-18 8:44
103614,107C1D1C-6B12-4942-80DF-06BD678EF9EC,Ather Grid Point - 6000 Miles to Isle of Man,Kasturba Road,Sampangiram Nagar Ward,Bengaluru,Bangalore Urban,560053,,12.9756828,77.5982326,,0,,,,Motorcycle dealership,,,,,,1,,,,08/30/2022 10:54:00,05-04-18 8:42
103613,379A474F-DE3B-4D8A-94C4-9D0280E75368,Ather Grid Point - Sunny Side Bistro,Wheeler Road Extension,Maruthi Seva Nagar,Bengaluru,Bangalore Urban,560084,,13.0018168,77.6235465,,0,,,,,,,,,,1,,,,05-11-18 11:04,05-04-18 8:41
103612,F056EA86-C526-4FB8-8F83-10A8B683B449,Ather Grid Point - Patel's Inn,Thimmiah Gardens Streets,Jayachamarajendra Nagar Ward,Bengaluru,Bangalore Urban,560024,,13.0212463,77.5980284,,0,,,,,,,,,,1,,,,05/17/2018 14:58:00,05-04-18 8:39
103611,1401E7EA-C851-49C3-9C67-5DE6B0295403,Ather Grid Point - Chapter One,New BEL Road,Aramane Nagara Ward,Bengaluru,Bangalore Urban,560094,,13.0323019,77.5697127,,0,,,,,,,,,,1,,,,05-11-18 11:05,05-04-18 8:38
103610,93CC8512-DC60-4A20-86DE-15FC3E3C2E83,Ather Grid Point - Royal Airawat Residency,Bangalore-Mysore Road,Kengeri,Bengaluru,Bangalore Urban,560059,,12.9222872,77.4954903,,0,,,,,,,,,,1,,,,07/26/2024 06:36:00,05-04-18 8:37
103609,F68A3A06-E89E-4510-BFC6-30BE3DE12E7A,Ather Grid Point - Caf Eleven,Outer Ring Road,Chikkalsandra Ward,Bengaluru,Bangalore Urban,560085,,12.92333424,77.55487531,,0,,,,,,,,,,1,,,,05-11-18 11:05,05-04-18 8:35
103607,275EBBCC-F19D-414B-9429-395E9E2DCF36,Ather Grid Point - Fab Cafe,Kenchenahalli Main Road,Rajarajeshwari Nagar,Bengaluru,Bangalore Urban,560098,,12.93394205,77.51745189,,0,,,,,,,,,,1,,,,05-11-18 11:06,05-04-18 8:28
103606,696C6B5F-1CD6-432E-9D73-C6871F3B4907,Ather Grid Point - Moto Store & Cafe,"38/4, Kensington Rd, Sindhi Colony, Pulikeshi Nagar",,Bangalore,KARNATAKA,560042,,12.98755414,77.62087069,,0,,,,,,,,,,1,,,,05-11-18 11:06,05-04-18 8:14
103604,9016926E-46CF-4A41-A6DA-C3D6A936E865,"International Tech Park, Bangalore","Whitefield Road, Pattandur Agrahara, Whitefield",,Bangalore,KARNATAKA,560066,,12.98542094,77.73851288,,0,,,,,,,,,,2,,,,05-11-18 11:06,05-04-18 8:06
103603,307999AF-E2F8-4DD7-9E96-726911C0B3B8,Ather Grid Point - Ascendas Park square mall,"40, ITPL Main Rd, Pattandur Agrahara,",,Bangalore,KARNATAKA,560066,,12.9872191,77.7364744,,0,,,,KARNATAKA,,,,,,2,,,,05-11-18 11:06,05-04-18 8:01
96047,FF7F51F6-272F-4B43-B8BB-4D3B31ACD187,Tellus Power,Gamut De Lousa,Banjara Hills,Hyderabad,Telangana,500034,,17.41336161,78.42659662,,0,,,,,,http://www.telluspower.com,,,,2,Tellus Power AC Dual port charger with J1772 Connector @ 7.KW each port,,,12-08-17 8:52,12-07-17 10:12
92772,4CFA4560-15B8-4F78-929C-B07842D1B2AB,Tata Power Receiving Station,"3, Vikhroli Village Road",Vikhroli,Mumbai,,400077,,19.0957956,72.9260109,,0,,,,,,,,,,3,https://www.tatapower.com/media/PressReleaseDetails.aspx?id=MTM5OQ==,,,09-10-17 11:59,09-10-17 11:59
92771,7FCA96F4-5447-4B13-8465-DE1A79B40B9C,Ola Charging Point,Wardha Road,Dhantoli,Nagpur,Maharashtra,440001,,21.08856786,79.05438959,,0,,,,Fleet charging only,,https://www.olacabs.com/fleet,,,,4,,,,09-10-17 11:46,09-10-17 11:39
