city,vehicle_type,battery_capacity_kwh,battery_health_pct,distance_km,daily_trip_count,charging_frequency_per_week,charging_type,charging_duration_min,charging_station_distance_km,energy_consumed_kwh,electricity_cost_per_kwh,weather_condition,traffic_density,user_income_level,range_km_estimated,range_anxiety_risk,state,year,month
Ahmedabad,3W,7.99,84.04,25.86,2,2,home,293.88,5.07,4.48,8.54,clear,0.237,high,39.4,0,Gujarat,2024,8
Ahmedabad,3W,7.14,80.08,40.09,3,4,home,350.14,0.86,6.58,7.87,humid,0.223,high,42.84,0,Gujarat,2022,8
Ahmedabad,3W,9.08,78.78,9.74,3,4,public_slow,148.04,2.77,1.66,7.84,rainy,0.249,low,49.03,0,Gujarat,2023,8
Ahmedabad,3W,9.07,87.85,45.73,2,5,public_slow,173.32,3.57,7.62,9.15,extreme_heat,0.547,high,46.24,1,Gujarat,2025,11
Ahmedabad,3W,8.61,91.93,18.3,3,3,public_fast,81.47,0.09,3.34,6.47,rainy,0.358,low,46.48,0,Gujarat,2022,2
Ahmedabad,3W,7.16,87.32,32.2,2,2,home,311.39,1.05,4.54,8.58,extreme_heat,0.667,low,36.5,0,Gujarat,2023,6
Ahmedabad,3W,7.35,80.45,26.38,4,2,public_slow,168.15,0.41,4.47,6.89,clear,0.291,low,44.13,0,Gujarat,2024,6
Ahmedabad,3W,9.43,81.64,32.33,4,3,home,258.41,0.37,6.61,7.66,extreme_heat,0.336,high,48.11,0,Gujarat,2026,9
Ahmedabad,3W,7.63,95.89,24.56,2,4,public_slow,177.94,1.43,2.82,5.23,extreme_heat,0.386,high,38.91,0,Gujarat,2022,8
Ahmedabad,3W,6.92,99.35,35.71,2,2,public_slow,145.08,5.04,6.67,6.48,rainy,0.221,middle,37.35,1,Gujarat,2020,2
Ahmedabad,3W,6.88,82.46,1.7,1,3,public_slow,203.76,1.99,0.27,6.4,extreme_heat,0.467,high,35.1,0,Gujarat,2022,10
Ahmedabad,3W,7.41,83.17,6.76,4,4,public_fast,49.66,1.32,1.2,8.45,humid,0.195,middle,44.44,0,Gujarat,2025,9
Ahmedabad,3W,6.15,100.92,14.82,4,2,public_slow,148.75,1.22,2.52,6.24,extreme_heat,0.415,low,31.36,0,Gujarat,2020,7
Ahmedabad,3W,6.61,90.2,13.79,2,4,public_fast,58.64,2.51,2.83,8.73,rainy,0.033,low,35.7,0,Gujarat,2024,8
Ahmedabad,3W,6.53,85.15,30.5,2,2,public_slow,188.09,0.28,7.02,6.98,humid,0.353,middle,39.21,0,Gujarat,2021,8
Ahmedabad,3W,7.37,95.29,16.78,2,1,home,350.23,1.99,2.73,5.68,extreme_heat,0.044,middle,37.58,0,Gujarat,2019,5
Ahmedabad,3W,7.22,93.86,47.47,3,3,public_fast,30.9,0.81,7.87,7.71,humid,0.273,low,43.33,0,Gujarat,2023,11
Ahmedabad,3W,7.65,98.37,19.85,2,1,public_slow,219.73,0.43,2.97,8.86,extreme_heat,0.222,low,39.04,0,Gujarat,2019,2
Ahmedabad,3W,9.22,93.36,13.29,2,1,public_fast,41.57,7.93,1.83,6.4,extreme_heat,0.266,low,47.04,0,Gujarat,2022,3
Ahmedabad,3W,8.44,97.46,32.14,3,5,public_slow,140.26,0.14,4.69,5.38,humid,0.085,middle,50.62,0,Gujarat,2020,5
Ahmedabad,3W,8.69,85.82,12.38,3,3,public_fast,59.11,0.76,2.03,9.34,clear,0.457,low,52.12,0,Gujarat,2023,1
Ahmedabad,3W,9.4,98.21,29.52,2,2,public_slow,110.49,0.36,6.27,6.52,humid,0.496,high,56.37,0,Gujarat,2020,1
Ahmedabad,3W,8.65,85.94,37.86,3,3,public_slow,169.61,1.35,6.93,9.6,rainy,0.186,low,46.73,0,Gujarat,2022,1
Ahmedabad,3W,8.82,79.91,15.41,3,3,public_fast,68.96,6.17,3.02,8.82,clear,0.088,middle,52.9,0.19,Gujarat,2024,5
Ahmedabad,3W,8.8,89.61,20.32,2,3,public_fast,82.73,1.6,3.85,6.6,extreme_heat,0.222,middle,44.87,0.19,Gujarat,2020,3
Ahmedabad,3W,7.29,89.77,34.85,4,2,public_fast,61.2,0.16,8.85,7.12,clear,0.237,middle,43.77,0,Gujarat,2021,4
Ahmedabad,3W,7.34,93.76,29.9,4,2,public_slow,229.7,1.14,4.2,8.96,extreme_heat,0.161,high,44.04,0,Gujarat,2023,12
Ahmedabad,3W,7.58,77.51,36.45,3,3.29,home,301.2,2.6,7.84,6.89,clear,0.205,low,45.47,1,Gujarat,2024,3
Ahmedabad,3W,8.63,82.31,42.27,3,5,home,359.32,2.42,7.12,9.45,rainy,0.251,high,46.59,1,Gujarat,2025,5
Ahmedabad,3W,9.05,92.72,7.35,2,5,public_fast,65.9,0.69,1.43,6.79,extreme_heat,0.538,low,46.18,0,Gujarat,2023,10
Ahmedabad,3W,9.1,76.14,1,1,6,home,216.37,4.05,0.19,9.18,rainy,0.675,middle,49.13,1,Gujarat,2025,4
Ahmedabad,3W,7.28,98.42,67.68,4,2,public_slow,83.46,1.14,4.24,6.46,humid,0.225,middle,43.66,0,Gujarat,2019,8
Ahmedabad,3W,8.75,79.06,41.34,2,5,home,159.45,1.74,5.91,9.3,rainy,0.168,middle,47.26,0.19,Gujarat,2025,7
Ahmedabad,3W,8.49,83.62,9.26,1,6,home,261.56,1.61,1.22,10.59,humid,0.109,low,50.94,0,Gujarat,2026,9
Ahmedabad,3W,7.43,99.81,47.26,2,3,public_fast,49.94,3.2,6.55,6.49,rainy,0.283,high,40.11,1,Gujarat,2022,6
Ahmedabad,3W,7.67,106.71,2.35,3,2,public_fast,44.57,2.27,0.4,7.38,humid,0.059,middle,46.04,0,Gujarat,2021,11
Ahmedabad,3W,6.16,78.68,25.83,3,3,public_fast,0.63,1.95,4.7,9.85,rainy,0.321,middle,33.27,0,Gujarat,2024,5
Ahmedabad,3W,9.54,80.72,26.67,3,5,public_fast,90.33,1.23,4.44,9.22,clear,0.305,low,57.25,0,Gujarat,2024,11
Ahmedabad,3W,9.14,89.55,16.54,2,3,public_slow,159.38,0.69,4.28,7.56,clear,0.148,low,54.83,0,Gujarat,2023,12
Ahmedabad,3W,9.76,80.53,12.46,3,4,home,368.36,0.73,0.86,8.02,extreme_heat,0.231,low,49.79,0,Gujarat,2024,10
Ahmedabad,3W,7.08,96.26,27.84,3,3,public_fast,84.19,2.11,5.79,6.71,clear,0.124,low,42.45,0,Gujarat,2021,2
Ahmedabad,3W,8.27,97.49,21.34,3,1,public_fast,82.66,0.73,3.66,6.51,humid,0.376,low,44.94,0,Gujarat,2019,4
Ahmedabad,3W,7.32,92.81,18.05,3,3,home,306.69,0.31,2.6,5.82,rainy,0.565,low,39.54,0,Gujarat,2022,8
Ahmedabad,3W,7.96,89.28,36.31,2,5,public_fast,60.97,9.65,6.62,6.34,rainy,0.649,high,42.98,1,Gujarat,2023,3
Ahmedabad,3W,9.2,94.48,28.95,3,3,home,236.47,1.08,4.5,5.32,extreme_heat,0.216,high,44.94,0,Gujarat,2022,5
Ahmedabad,3W,7.17,92.38,20.28,4,2,public_slow,208.9,1.32,3.52,6.68,clear,0.574,middle,43,0,Gujarat,2021,8
Ahmedabad,3W,7.99,83.61,4.83,3,4,home,181.3,2.87,0.85,8.08,extreme_heat,0.223,low,41.36,0,Gujarat,2022,9
Ahmedabad,3W,10.12,102.53,33.69,2,1,public_slow,172.81,0.74,6.19,6.14,humid,0.066,low,60.69,0,Gujarat,2020,7
Ahmedabad,3W,9.32,81.54,46.57,3,4,public_fast,66.6,0.15,7.74,9.48,humid,0.247,low,55.9,0,Gujarat,2024,8
Ahmedabad,3W,7.14,93.9,32.76,3,4,public_slow,159.7,1.86,7.47,7.71,humid,0.483,low,42.87,0,Gujarat,2023,7
Ahmedabad,3W,7.09,97.69,30.14,3,3,public_fast,50.32,0.92,6.66,6.8,clear,0.207,low,42.53,0,Gujarat,2019,5
Ahmedabad,3W,8.31,82.99,26.93,2,6,home,333.12,0.75,7.16,7.71,rainy,0.381,middle,44.9,0,Gujarat,2025,2
Ahmedabad,3W,7.33,95.56,6.4,3,3,public_slow,243.13,1.88,1.84,6.37,clear,0.095,low,43.99,0,Gujarat,2020,8
Ahmedabad,3W,6.93,86.77,27.26,2,3,public_slow,205.45,1.75,4.26,7.76,extreme_heat,0.094,low,35.35,0,Gujarat,2022,5
Ahmedabad,3W,8.11,73.12,36.7,4,5,home,239.89,0.4,5.36,9.86,rainy,0.641,low,43.79,1,Gujarat,2026,11
Ahmedabad,3W,9.92,93.35,10.46,1,2,home,485.8,0.74,1.76,5.43,clear,0.28,middle,59.51,0,Gujarat,2021,11
Ahmedabad,3W,7.12,88.64,11.46,3,3.29,home,320.72,0.46,1.92,9.51,extreme_heat,0.497,high,36.32,0,Gujarat,2026,4
Ahmedabad,3W,7.79,82.04,13.42,3,3,home,368.32,2.74,2.4,8.61,humid,0.306,low,46.73,0,Gujarat,2025,1
Ahmedabad,3W,7.15,95.89,12.94,4,4,home,407.82,0.7,2.19,4.48,extreme_heat,0.401,low,36.47,0,Gujarat,2020,9
Ahmedabad,3W,7.54,97.88,43.06,2,4,public_fast,49.09,0.62,7.38,7.82,rainy,0.601,low,40.7,0,Gujarat,2021,12
Ahmedabad,3W,6.3,87.31,33.95,2,1,public_fast,55.44,3.02,7.21,7.51,extreme_heat,0.432,middle,32.14,0.19,Gujarat,2020,8
Ahmedabad,3W,7.29,99.4,7.37,2.51,3,public_slow,209.06,0.5,0.92,7.17,humid,0.442,middle,43.76,0,Gujarat,2021,5
Ahmedabad,3W,10.35,97.28,47.39,3,3,public_fast,49.31,0.27,7.95,7.2,extreme_heat,0.617,low,52.77,0,Gujarat,2021,10
Ahmedabad,3W,7.19,89.61,2.13,3,4,home,291,1.95,0.25,8.06,rainy,0.349,middle,38.84,0,Gujarat,2022,9
Ahmedabad,3W,8.68,91.32,20.34,3,3,home,256.91,3.09,2.83,6.37,rainy,0.053,low,46.87,0.19,Gujarat,2020,8
Ahmedabad,3W,9.52,96.1,2.67,2,1,public_fast,47.39,1.99,0.63,8.64,rainy,0.431,low,51.39,0,Gujarat,2020,3
Ahmedabad,3W,8.2,95.98,27.77,1,3,public_slow,190.32,1.17,3.94,7.73,rainy,0.242,low,44.25,0,Gujarat,2021,11
Ahmedabad,3W,6.55,76.6,57.64,3,3,public_slow,197.44,0.41,10.38,8.25,humid,0.171,middle,39.29,0,Gujarat,2025,2
Ahmedabad,3W,7.34,97.39,25.13,2,3,public_slow,187.46,0.05,5.37,5.66,humid,0.112,high,44.04,0,Gujarat,2019,10
Ahmedabad,3W,7.65,97.13,19.86,1,1,public_slow,260.98,0.54,2.78,3.51,humid,0.497,low,45.93,0,Gujarat,2019,7
Ahmedabad,3W,6.34,93.96,32.53,3,3,public_fast,88.55,4.7,5.31,4.99,humid,0.287,middle,38.03,1,Gujarat,2020,1
Ahmedabad,3W,8.33,98.21,50.5,3,1,home,372.37,0.05,7.03,8.64,humid,0.047,middle,49.99,0,Gujarat,2021,12
Ahmedabad,3W,8.02,84.73,5.42,3,3,public_fast,53.81,0.27,1.05,8.82,clear,0.256,low,48.1,0,Gujarat,2021,2
Ahmedabad,3W,10.2,95.72,25.14,2.51,2,public_fast,76.49,5.75,4.22,9.19,humid,0.418,middle,61.17,0,Gujarat,2021,10
Ahmedabad,3W,9.25,91.15,17.64,1,3,public_slow,242.73,0.98,3.76,6.79,rainy,0.28,low,49.97,0,Gujarat,2021,3
Ahmedabad,3W,8.12,94.85,14.6,2,2,public_fast,65.73,1.89,2.05,6.7,rainy,0.181,low,43.85,0,Gujarat,2021,4
Ahmedabad,3W,10.31,96.41,42.98,3,3,public_fast,54.15,1.99,8.94,7.5,extreme_heat,0.328,low,52.6,1,Gujarat,2020,8
Ahmedabad,3W,8.89,86.33,9.53,3,4,home,238.97,6.69,1.39,8.14,humid,0.145,middle,53.35,0,Gujarat,2025,1
Ahmedabad,3W,7.62,87.98,12.39,2,2,home,188.45,0.84,2.8,8.17,extreme_heat,0.093,high,38.87,0,Gujarat,2021,4
Ahmedabad,3W,7,102.64,14.11,3,2,public_fast,37.31,3.35,2.79,5.28,rainy,0.111,middle,37.82,0,Gujarat,2020,7
Ahmedabad,3W,7.18,73.57,25.82,2,5,public_slow,201.08,0.61,4.5,8.42,humid,0.069,low,43.1,1,Gujarat,2025,11
Ahmedabad,3W,8.42,89.98,4.05,3,5,public_slow,188.93,0.64,0.64,10.12,clear,0.334,high,50.51,0,Gujarat,2024,6
Ahmedabad,3W,9.29,73.6,12.48,4,5,public_fast,55.47,0.61,2.13,7.93,humid,0.053,low,55.72,1,Gujarat,2025,6
Ahmedabad,3W,6.96,87.34,47.15,5,4,home,338.31,1.87,8.22,8.29,clear,0.47,high,41.75,0,Gujarat,2022,5
Ahmedabad,3W,6.92,92.78,41.03,3,1,home,296.55,4.32,5.32,8.54,rainy,0.632,middle,37.37,1,Gujarat,2020,4
Ahmedabad,3W,7.59,92.37,1.77,2,3.29,public_slow,152.04,1.76,0.22,5.57,clear,0.274,middle,45.54,0,Gujarat,2020,11
Ahmedabad,3W,8.47,80.55,50.91,3,4,public_fast,51.2,1,9.98,9.17,extreme_heat,0.358,low,43.22,0,Gujarat,2025,11
Ahmedabad,3W,8.13,90.03,28.15,3,3,public_slow,130.34,1.93,4.28,7.11,clear,0.426,low,48.78,0,Gujarat,2023,7
Ahmedabad,3W,7.16,101.32,25.69,2,1,home,336.44,0.31,5.93,6.09,rainy,0.202,middle,38.68,0,Gujarat,2020,6
Ahmedabad,3W,9.74,98.6,2.38,4,1,home,353.41,0.89,0.4,7.2,rainy,0.074,low,52.61,0,Gujarat,2020,11
Ahmedabad,3W,7.83,103.14,13.37,2,2,public_fast,64.55,3.16,2.54,6.52,rainy,0.323,low,42.3,0,Gujarat,2019,1
Ahmedabad,3W,7.69,84.98,36.66,2,1,public_slow,152.12,0.41,7.11,7.45,clear,0.349,high,46.17,0,Gujarat,2022,6
Ahmedabad,3W,9.44,97.27,6.8,4,1,home,249.08,3.54,1.14,6.09,extreme_heat,0.29,middle,48.15,0,Gujarat,2020,12
Ahmedabad,3W,8.33,97.72,42.26,3,1,home,257.2,2.58,7.33,7.63,rainy,0.513,high,44.98,0,Gujarat,2020,11
Ahmedabad,3W,8.04,96.9,27.01,3,2,public_slow,193.32,1.99,5.41,5.54,humid,0.217,middle,48.25,0,Gujarat,2020,4
Ahmedabad,3W,8.87,87.84,29.36,4,3,public_slow,86.28,0.5,4.37,8.44,humid,0.157,low,53.23,0,Gujarat,2022,7
Ahmedabad,3W,7.7,89.65,23.12,2,4,public_slow,193.73,0.31,3.45,7.71,extreme_heat,0.28,low,39.28,0,Gujarat,2024,9
Ahmedabad,3W,8.2,94.74,49.99,2,3,public_slow,124.16,3.74,7.13,7.75,rainy,0.363,low,44.28,1,Gujarat,2021,9
Ahmedabad,3W,9.63,95.37,29.73,3,4,home,249.52,1.34,4.31,6.77,humid,0.339,low,57.77,0,Gujarat,2022,5
Ahmedabad,3W,8.27,100.09,5.42,3,1,public_fast,47.31,0.43,0.96,6.36,rainy,0.134,high,44.68,0,Gujarat,2019,4
Ahmedabad,3W,8.02,89.9,33.4,2,3,public_slow,198.8,4.46,5.22,7.01,clear,0.28,high,48.1,0,Gujarat,2022,8
Ahmedabad,3W,7.99,103.45,30.08,3,3,public_fast,94.03,2.04,4.73,4.55,clear,0.288,middle,43.09,0,Gujarat,2019,5
Ahmedabad,3W,6.94,76.16,10.69,3,4,public_slow,175.92,0.13,1.85,9.47,humid,0.303,middle,41.63,0,Gujarat,2026,11
Ahmedabad,3W,7.18,98.91,12.52,1,1,public_slow,252.25,0.23,2.2,5.7,extreme_heat,0.218,high,36.62,0,Gujarat,2019,6
Ahmedabad,3W,6.8,102.33,7.88,4,2,public_slow,207.87,0.41,1.16,6.96,clear,0.303,middle,40.81,0,Gujarat,2020,9
Ahmedabad,3W,9.78,82,42.86,2,5,home,427.87,0.33,8.62,10.06,clear,0.219,high,58.68,1,Gujarat,2025,6
Ahmedabad,3W,9.25,83.59,37.25,4,3,public_fast,27.69,0.12,6.82,7.75,rainy,0.403,low,49.97,0,Gujarat,2024,9
Ahmedabad,3W,7.5,91.37,14.12,2,3.29,home,296.75,6.58,2.78,6.8,extreme_heat,0.28,low,38.25,0,Gujarat,2021,4
Ahmedabad,3W,6.3,87.11,1,2,3,home,398.56,1.62,0.2,7.53,clear,0.303,low,37.8,0,Gujarat,2022,7
Ahmedabad,3W,8.71,101.94,6.78,5,2,home,263.45,0.23,0.33,5.04,humid,0.395,middle,52.25,0,Gujarat,2019,1
Ahmedabad,3W,8.88,81.9,11.53,2,4,home,359.65,1.04,2.16,7.72,extreme_heat,0.217,low,45.3,0,Gujarat,2026,1
Ahmedabad,3W,9.32,86.74,24.33,3,4,public_fast,70.44,1.99,3.84,7.88,rainy,0.091,low,50.31,0,Gujarat,2023,9
Ahmedabad,3W,8.55,97.88,54,3,1,public_slow,239.05,2.02,9.07,7.57,clear,0.28,middle,51.27,0,Gujarat,2019,6
Ahmedabad,3W,9.36,88.02,31.34,3,3,public_fast,181.3,0.29,4.93,8.34,humid,0.353,middle,56.17,0,Gujarat,2022,3
Ahmedabad,3W,6.18,96.5,7.04,2,2,public_slow,151.03,2.7,1.78,5.84,humid,0.123,low,37.1,0,Gujarat,2022,8
Ahmedabad,3W,7.52,87.44,25.82,1,2,public_slow,81.89,0.31,10.03,8.23,extreme_heat,0.346,low,38.37,0,Gujarat,2022,6
Ahmedabad,3W,7.5,89.93,24.09,2,4,public_fast,36.61,3.31,5.72,7.39,extreme_heat,0.576,low,38.24,0,Gujarat,2023,2
Ahmedabad,3W,7.1,77.08,19.99,3,4,home,448.73,0.65,2.79,8.54,extreme_heat,0.493,low,36.22,0,Gujarat,2025,9
Ahmedabad,3W,7.47,78.97,1,1,7,public_slow,126.47,2.74,0.19,8.69,extreme_heat,0.114,middle,38.07,0,Gujarat,2026,4
Ahmedabad,3W,7.62,95.02,18.38,2,2,home,319.39,0.77,2.96,7.4,rainy,0.572,low,41.17,0,Gujarat,2020,5
Ahmedabad,3W,6.91,83.77,14.29,3,6,home,299.15,7.16,1.83,8.97,clear,0.572,high,41.44,1,Gujarat,2026,2
Ahmedabad,3W,7.16,100.94,19.46,1,1,home,180.75,3.82,2.99,6.41,rainy,0.066,middle,38.67,0,Gujarat,2019,11
Ahmedabad,3W,6.33,87.26,49.74,3,1,home,412.57,2.84,8.92,5.93,humid,0.079,low,44.94,0.19,Gujarat,2021,8
Ahmedabad,3W,5.75,93.45,39.62,2,1,home,311.38,2.59,5.08,6,clear,0.131,low,34.52,0,Gujarat,2019,2
Ahmedabad,3W,7.4,99.36,25.82,4,1,home,341.12,3.2,4.28,6.3,rainy,0.208,low,39.98,0,Gujarat,2020,6
Ahmedabad,3W,7.75,96.78,13.02,3,3,public_slow,211.22,6.72,4.28,4.52,clear,0.102,low,46.47,0,Gujarat,2019,10
Ahmedabad,3W,8.39,72.97,9.23,2,4,home,62.56,0.06,1.43,8.88,extreme_heat,0.299,middle,42.77,0,Gujarat,2025,7
Ahmedabad,3W,7.53,89.61,22.38,3,3,public_slow,147.26,0.8,4.66,7.28,extreme_heat,0.164,low,38.43,0,Gujarat,2022,7
Ahmedabad,3W,9.31,93.03,35.32,1,1,home,154.45,1.43,6.08,6.97,extreme_heat,0.044,middle,47.46,0,Gujarat,2020,12
Ahmedabad,3W,7.93,81.46,26.81,2,4,public_fast,44.55,0.78,4.98,8.46,rainy,0.277,low,42.8,0,Gujarat,2023,9
Ahmedabad,3W,8.52,84.6,35.2,3,5,public_fast,77.5,0.33,7.07,8.4,humid,0.428,middle,51.1,0,Gujarat,2025,6
Ahmedabad,3W,7.63,78.23,36.51,5,6,public_fast,44,1.68,5.14,10.46,humid,0.28,middle,45.75,1,Gujarat,2025,1
Ahmedabad,3W,7.37,87.26,48.23,1,3,public_fast,75.08,1.74,9.11,7.71,humid,0.364,middle,44.22,0,Gujarat,2024,12
Ahmedabad,3W,6.4,92.7,44.86,4,3,public_fast,99.22,0.24,9.64,8.58,humid,0.387,middle,38.43,0,Gujarat,2023,2
Ahmedabad,3W,6.46,73.54,35.14,3,4,home,298.87,10.48,4.73,9.59,rainy,0.145,low,34.88,1,Gujarat,2026,6
Ahmedabad,3W,6.33,94.01,32.72,2,2,home,292.62,0.2,5.19,7.97,rainy,0.025,middle,34.18,0,Gujarat,2023,11
Ahmedabad,3W,7.3,89.61,13.51,2,2,public_slow,174.35,3.88,2.87,6.73,clear,0.262,middle,43.79,0,Gujarat,2019,3
Ahmedabad,3W,7.74,97.64,13.08,2,2,public_slow,181.99,0.05,2.11,7.34,clear,0.125,middle,46.41,0,Gujarat,2021,9
Ahmedabad,3W,8.6,80.21,23.84,2.51,4,public_slow,116.69,1.75,3.93,8.93,humid,0.155,middle,51.57,0,Gujarat,2024,12
Ahmedabad,3W,7.89,76.17,5.27,3,5,public_slow,224.32,0.48,0.83,8.21,clear,0.544,middle,47.31,0,Gujarat,2026,5
Ahmedabad,3W,8.12,93.92,24.61,4,3,public_slow,186.88,1.6,4.45,8.62,clear,0.029,middle,48.69,0,Gujarat,2023,10
Ahmedabad,3W,9.76,85.44,15.32,1,5,home,381.91,3.58,2.98,8.65,extreme_heat,0.376,low,49.76,1,Gujarat,2024,8
Ahmedabad,3W,6.64,89.2,28.07,3,5,home,223.77,2.75,3.86,10.48,rainy,0.171,low,35.87,1,Gujarat,2025,8
Ahmedabad,3W,8.22,98.07,25.19,3,2,home,260.31,3.68,4.95,7.17,clear,0.648,middle,49.33,0,Gujarat,2021,9
Ahmedabad,3W,7.18,77.84,19.91,3,5,public_fast,85.12,0.39,3.03,9.17,humid,0.209,middle,43.06,0,Gujarat,2025,10
Ahmedabad,3W,9.33,99.13,21.46,4,2,public_fast,76.1,1.99,3.72,7.5,rainy,0.244,high,50.37,0,Gujarat,2020,8
Ahmedabad,3W,7.8,93.54,11.01,3,3,home,362.03,0.22,2.38,7.01,humid,0.227,low,46.79,0,Gujarat,2020,1
Ahmedabad,3W,7.98,95.57,38.87,3,2,public_slow,154.83,1.5,7.22,7.59,extreme_heat,0.097,high,40.69,0,Gujarat,2020,3
Ahmedabad,3W,8.65,88.97,25.82,1,2,public_fast,93.33,1.99,6.66,9.19,humid,0.24,low,51.88,0,Gujarat,2022,10
Ahmedabad,3W,9.24,106.96,1,3,2,home,270.5,3.54,0.15,6.38,clear,0.151,low,55.46,0,Gujarat,2019,12
Ahmedabad,3W,5.44,84.94,15.05,4,5,public_slow,153.57,1.96,3.65,8.82,humid,0.402,middle,32.61,0,Gujarat,2024,8
Ahmedabad,3W,8.05,94.98,1,4,4,home,255.57,1.09,0.17,7.1,rainy,0.494,low,43.49,0,Gujarat,2021,3
Ahmedabad,3W,6.61,89.86,38.79,3,4,home,297.43,3.41,6.33,8.89,clear,0.406,middle,39.64,1,Gujarat,2022,5
Ahmedabad,3W,9.68,93.32,21.11,2,3,public_slow,193.37,5.84,4.41,7.94,clear,0.453,middle,58.05,0,Gujarat,2022,9
Ahmedabad,3W,7.44,104.15,26.08,3,1,public_slow,143.08,1.13,6.12,5.78,extreme_heat,0.328,middle,37.96,0,Gujarat,2019,11
Ahmedabad,3W,8.07,90.53,26.94,2,1,public_slow,217.27,1.22,3.98,5.89,rainy,0.386,low,43.59,0,Gujarat,2019,9
Ahmedabad,3W,9.88,87.09,36.31,2,2,public_slow,197.9,2.63,5.62,6.24,extreme_heat,0.269,high,50.4,0,Gujarat,2019,9
Ahmedabad,3W,7.99,84.45,32.66,3,5,public_slow,220.09,1.2,5.82,8.01,clear,0.089,low,62.42,0,Gujarat,2021,1
Ahmedabad,3W,7.22,84.2,19.13,1,4,public_fast,78.04,2.62,2.66,8.63,rainy,0.162,low,38.98,0,Gujarat,2024,12
Ahmedabad,3W,7.67,85.65,13.34,2.51,4,public_fast,50.95,2.4,2.17,8.77,clear,0.251,low,46.04,0,Gujarat,2025,2
Ahmedabad,3W,8.36,98.91,24.26,2,2,public_fast,57.8,0.3,4.02,7.15,rainy,0.28,low,45.13,0,Gujarat,2022,5
Ahmedabad,3W,8.34,90.93,20.25,3,3,public_slow,137.18,0.92,5.22,5.45,humid,0.61,low,50.06,0,Gujarat,2019,7
Ahmedabad,3W,9.43,85.84,23.23,4,5,home,357.15,0.03,4.38,9.03,extreme_heat,0.347,low,48.07,0,Gujarat,2025,10
Ahmedabad,3W,8.66,80.32,1,2,5,home,240.6,0.16,0.19,10.12,extreme_heat,0.155,middle,44.18,0,Gujarat,2023,9
Ahmedabad,3W,7.6,94.75,17.17,3,4,home,313.17,0.86,2.51,7.93,clear,0.452,middle,45.59,0,Gujarat,2024,11
Ahmedabad,3W,10.26,91.82,2.85,2,1,public_fast,46.21,2.25,0.58,5.22,extreme_heat,0.316,low,52.34,0,Gujarat,2019,5
Ahmedabad,3W,8.84,86.79,1,2,4,home,303.37,0.38,0.19,9.15,rainy,0.58,high,47.72,0,Gujarat,2025,11
Ahmedabad,3W,6.85,87.44,69.56,2.51,3,public_slow,253.62,3.49,11.35,6.17,clear,0.494,low,41.11,1,Gujarat,2021,7
Ahmedabad,3W,8.96,79.27,14.89,4,4,public_fast,73.26,1.18,2.87,8.2,rainy,0.047,low,48.38,0,Gujarat,2025,12
Ahmedabad,3W,8.19,89.8,22.75,4,3.29,home,293.49,3.43,6.31,6.78,clear,0.182,high,49.17,0,Gujarat,2019,5
Ahmedabad,3W,7.61,106.63,1,1,2,public_slow,155.69,2.09,0.17,6.38,humid,0.241,low,45.65,0,Gujarat,2019,4
Ahmedabad,3W,8.27,89.61,24.73,3,4,home,308.03,0.73,3.15,5.37,rainy,0.38,middle,44.67,0,Gujarat,2020,3
Ahmedabad,3W,7.31,80.66,47.19,1,3,home,299.78,3.42,7.79,10.13,rainy,0.151,middle,39.46,1,Gujarat,2024,5
Ahmedabad,3W,8.49,101.09,6.85,4,2,public_slow,163.48,2.35,0.98,8.52,extreme_heat,0.483,low,43.3,0,Gujarat,2021,5
Ahmedabad,3W,7.3,89.65,4.42,3,4,home,283.65,1.21,0.62,9.01,extreme_heat,0.452,low,37.25,0,Gujarat,2023,7
Ahmedabad,3W,7.46,86.49,43.62,2,6,public_slow,199.59,1.49,4.28,7.9,rainy,0.608,low,44.94,1,Gujarat,2024,9
Ahmedabad,3W,7.93,88.51,24.14,1,2,public_slow,181.3,2.06,4.72,9.67,rainy,0.365,middle,42.8,0,Gujarat,2024,11
Ahmedabad,3W,9.22,92.53,1.87,1,6,public_slow,184.46,0.37,0.44,9.54,extreme_heat,0.187,high,47.02,0,Gujarat,2023,7
Ahmedabad,3W,8.07,91.63,14.56,4,4,public_fast,35.7,0.75,2.6,8.91,humid,0.421,middle,48.42,0,Gujarat,2022,8
Ahmedabad,3W,7.57,95.97,23.86,5,1,home,191.69,6.31,2.7,5.21,clear,0.342,low,45.41,0,Gujarat,2019,12
Ahmedabad,3W,8.18,100.23,42.34,1,3,home,279.97,0.03,9.9,6.71,clear,0.027,low,49.1,0,Gujarat,2024,3
Ahmedabad,3W,8.34,94.52,47.87,3,4,home,321.32,1.1,8.03,9.37,extreme_heat,0.28,high,42.52,0,Gujarat,2023,8
Ahmedabad,3W,8.1,86.19,36.3,3,3,home,194.81,3.99,5.12,8.84,clear,0.28,middle,48.62,1,Gujarat,2022,1
Ahmedabad,3W,7.19,101.27,26.76,2,2,public_fast,68.47,1.39,3.4,6.27,clear,0.117,low,43.17,0,Gujarat,2019,8
Ahmedabad,3W,6.74,84.87,25.82,3,4,home,272.25,0.25,3.44,7.49,extreme_heat,0.369,middle,34.36,0,Gujarat,2023,3
Ahmedabad,3W,8.33,89.5,1.2,2.51,2,public_slow,197.8,0.03,0.15,7.44,clear,0.177,high,49.95,0,Gujarat,2023,11
Ahmedabad,3W,9.2,89.55,35.97,1,2,public_slow,201.16,3.88,6.62,7.71,clear,0.138,low,55.2,0,Gujarat,2022,4
Ahmedabad,3W,9.64,107.88,6.4,3,3,home,228.88,1.32,1.31,7.03,humid,0.262,high,57.86,0,Gujarat,2020,4
Ahmedabad,3W,7.8,81.3,5.37,3,5,public_fast,71.24,3.34,0.96,7.71,clear,0.358,middle,46.81,1,Gujarat,2025,4
Ahmedabad,3W,7.99,84.35,44.89,3,7,home,283.66,2.97,7.25,7.86,rainy,0.156,middle,43.17,1,Gujarat,2025,10
Ahmedabad,3W,8.69,76.08,50.58,3,5,public_fast,45.08,0.12,9.96,7.71,extreme_heat,0.37,low,44.33,1,Gujarat,2022,8
Ahmedabad,3W,9.73,81.67,40.24,4,5,public_fast,75.26,2.69,6.48,6.73,humid,0.193,low,58.39,0,Gujarat,2025,9
Ahmedabad,3W,7.05,105.83,27.66,2,1,home,140.76,3.1,5.06,5.57,rainy,0.319,middle,38.05,1,Gujarat,2019,8
Ahmedabad,3W,10.24,79.66,54.04,3,6,public_slow,184.5,0.11,8.57,9.73,rainy,0.414,low,55.32,1,Gujarat,2026,1
Ahmedabad,3W,7.98,90.81,15.34,1,4,public_slow,141.1,1.05,3.3,5.74,extreme_heat,0.169,low,40.72,0,Gujarat,2021,6
Ahmedabad,3W,5.98,107.35,34.33,3,2,home,377.17,2.69,6.06,4.69,humid,0.412,middle,35.86,0,Gujarat,2019,12
Ahmedabad,3W,8.09,99.34,35.73,2,2,home,242.86,2.09,6.43,7.7,extreme_heat,0.193,low,41.24,0,Gujarat,2023,3
Ahmedabad,3W,9.48,93.75,28.64,4,1,public_slow,256.33,7.91,4.28,7.54,extreme_heat,0.031,middle,48.33,0,Gujarat,2022,10
Ahmedabad,3W,8.08,103.82,4.52,3,4,public_slow,187.1,3.4,0.7,7.9,extreme_heat,0.102,low,44.94,0,Gujarat,2022,5
Ahmedabad,3W,8.52,83.72,8.35,2,6,public_slow,244.59,0,1.18,7.71,rainy,0.548,middle,46.02,0,Gujarat,2022,8
Ahmedabad,3W,8.7,74.37,25.82,2,5,public_slow,198.48,0.1,4.28,8.05,humid,0.216,high,52.18,1,Gujarat,2025,6
Ahmedabad,3W,6.24,82.59,62.09,3,5,home,285.66,0.56,4.28,7.32,extreme_heat,0.272,low,31.85,1,Gujarat,2023,11
Ahmedabad,3W,7.23,98.48,13.58,1,3,public_slow,114.22,0.24,1.94,6.81,rainy,0.23,low,39.02,0,Gujarat,2021,7
Ahmedabad,3W,7.99,90.87,41.33,2,4,public_fast,72.78,1.55,6.4,9.49,humid,0.507,low,45.73,0,Gujarat,2024,7
Ahmedabad,3W,5.98,87.63,24.52,3,4,public_fast,29.51,0.19,4.39,7.06,rainy,0.38,middle,32.31,0,Gujarat,2022,2
Ahmedabad,3W,7.87,93.85,25.85,3,3,public_fast,52.85,0.91,4.93,8.63,clear,0.281,middle,47.19,0,Gujarat,2022,12
Ahmedabad,3W,8.68,89.61,35.46,4,4,public_fast,70,2.18,5.34,9.23,clear,0.222,low,52.1,0,Gujarat,2022,6
Ahmedabad,3W,8.09,79.67,25.33,3,5,public_fast,57.11,1.63,5.23,7.71,rainy,0.278,middle,43.71,0,Gujarat,2024,4
Ahmedabad,3W,7.64,79.81,15.45,1,6,home,76.41,3,2.26,8.97,humid,0.265,low,45.84,0,Gujarat,2025,3
Ahmedabad,3W,9.37,86.76,39.14,2,4,public_slow,187.01,0.18,8.11,8.22,extreme_heat,0.271,middle,47.79,0,Gujarat,2025,1
Ahmedabad,3W,7.99,89.96,23.27,3,4,home,377.48,1.99,3.32,9.06,clear,0.447,high,47.92,0,Gujarat,2023,7
Ahmedabad,3W,7.99,88.77,26.55,3,5,public_fast,70.77,0.39,3.8,9.06,rainy,0.724,middle,47.18,0,Gujarat,2024,10
Ahmedabad,3W,6.53,96.73,19.54,3,2,home,434.87,2.45,3.69,8.9,extreme_heat,0.027,high,33.32,0,Gujarat,2021,2
Ahmedabad,3W,9.03,90.1,33.45,3,2,home,229.63,1.91,12.25,8.18,clear,0.363,low,54.2,0,Gujarat,2023,3
Ahmedabad,3W,6.86,93.02,34.5,3,6,public_slow,146.96,0.36,4.88,8.02,rainy,0.446,middle,37.03,1,Gujarat,2023,2
Ahmedabad,3W,5.2,89.2,1,3,4,home,417.15,0.42,0.17,6.57,clear,0.227,low,31.22,0,Gujarat,2022,2
Ahmedabad,3W,7.49,100.43,3.85,1,1,public_fast,55.62,1.57,0.62,6.02,humid,0.131,middle,44.93,0,Gujarat,2019,9
Ahmedabad,3W,7.82,88.3,5.06,1,3,home,350.96,0.61,0.85,6.63,rainy,0.261,high,44.94,0,Gujarat,2022,4
Ahmedabad,3W,8.22,81.24,14.9,4,3,public_slow,73.72,0.14,2.43,8.08,rainy,0.503,middle,44.39,0,Gujarat,2023,11
Ahmedabad,3W,9.16,86.27,60.02,2,3,public_slow,169.05,1.61,11.44,8.56,extreme_heat,0.3,middle,46.71,0.19,Gujarat,2023,3
Ahmedabad,3W,6.78,82.41,35.6,3,4,home,257.13,0.89,5.01,9.87,extreme_heat,0.374,low,34.59,0,Gujarat,2024,12
Ahmedabad,3W,7.2,86.83,44.82,2,4,public_slow,167.13,1.99,8.07,7.61,extreme_heat,0.326,high,36.7,1,Gujarat,2022,9
Ahmedabad,3W,8.26,79.1,18.58,4,2,home,256.47,5.04,3.7,8.59,humid,0.353,middle,49.54,0,Gujarat,2022,3
Ahmedabad,3W,8.36,77.48,50.67,1,5,public_fast,63.1,2.6,7.43,10.2,clear,0.074,middle,50.16,1,Gujarat,2024,7
Ahmedabad,3W,6.93,84.99,16.46,2,3,public_fast,45.19,3.93,2.8,7.71,clear,0.455,middle,41.61,0,Gujarat,2023,12
Ahmedabad,3W,7.43,74.67,5.41,2,6,public_slow,150.92,1.21,0.68,8.79,rainy,0.308,low,40.14,1,Gujarat,2025,6
Ahmedabad,3W,7.33,97.51,7.89,3,4,public_slow,128.44,0.04,1.03,6.44,extreme_heat,0.205,low,37.38,0,Gujarat,2022,11
Ahmedabad,3W,7.13,74.84,14.95,1,7,public_fast,51.21,2.74,3.03,9.16,extreme_heat,0.089,high,36.34,1,Gujarat,2026,3
Ahmedabad,3W,8.01,98.18,40.35,2,2,public_fast,81.58,3.84,6.3,7.26,humid,0.111,middle,48.06,1,Gujarat,2021,5
Ahmedabad,3W,8.11,77.21,32.86,2,4,home,224.08,1.11,4.79,8.22,rainy,0.285,middle,43.77,0,Gujarat,2024,3
Ahmedabad,3W,6.45,97.62,143.21,2,1,public_fast,31.38,0.58,9.06,7.48,clear,0.349,low,38.7,0,Gujarat,2019,11
Ahmedabad,3W,8.07,97.91,32.58,4,2,public_slow,98.18,1.19,5.88,7.71,humid,0.735,low,48.41,0,Gujarat,2022,5
Ahmedabad,3W,7.76,94.24,37.74,2,2,public_fast,84.79,1.36,5.68,4.4,extreme_heat,0.358,low,39.56,0,Gujarat,2019,10
Ahmedabad,3W,7.08,91.83,15.03,2,1,public_slow,118.48,1.03,3,6.96,humid,0.115,low,42.49,0,Gujarat,2021,10
Ahmedabad,3W,6.95,112,53.83,2,3,home,227.03,2.21,9.39,7.75,humid,0.159,middle,41.71,0,Gujarat,2019,9
Ahmedabad,3W,8.07,93.73,44.51,3,4,home,352.45,5.58,5.85,7.93,rainy,0.348,low,44.94,1,Gujarat,2021,10
Ahmedabad,3W,8.91,107.98,3.21,2.51,2,public_slow,163.2,0.34,0.49,6.89,humid,0.022,low,53.44,0,Gujarat,2020,6
Ahmedabad,3W,9.14,86.02,52.87,3,3,public_fast,43.14,1.32,8.91,6.43,extreme_heat,0.412,high,46.62,0,Gujarat,2023,2
Ahmedabad,3W,7.72,89.23,8.02,3,3,public_fast,40.45,5.98,1.42,7.86,rainy,0.305,high,41.67,0,Gujarat,2023,8
Ahmedabad,3W,9.05,80.51,25.56,4,6,public_fast,56.92,1,4.1,11.31,extreme_heat,0.142,low,46.18,0,Gujarat,2026,7
Ahmedabad,3W,8.94,82.61,31.3,2,5,home,181.3,2.73,5.15,8.51,rainy,0.396,high,48.26,0,Gujarat,2025,4
Ahmedabad,3W,7.33,78.75,2.98,3,5,home,267.82,1.91,0.4,11.05,extreme_heat,0.203,middle,37.37,0,Gujarat,2024,4
Ahmedabad,3W,7.66,86.43,46.84,4,2,home,331.79,1.71,8.17,6.89,rainy,0.276,high,41.38,0,Gujarat,2021,6
Ahmedabad,3W,9.65,76.6,22.31,4,5,public_slow,135.5,1.81,6.81,8.65,humid,0.187,low,57.88,0,Gujarat,2023,11
Ahmedabad,3W,9.29,86.59,10.28,2,3.29,home,221.57,0.12,1.62,7.91,clear,0.606,low,55.74,0,Gujarat,2023,10
Ahmedabad,3W,8.42,80.27,16.62,2,5,public_slow,224.98,1.2,3.18,7.4,rainy,0.076,middle,45.49,0,Gujarat,2024,5
Ahmedabad,3W,7.3,93.76,5.7,3,2,public_fast,89.97,0.16,0.92,7.24,humid,0.478,low,43.82,0,Gujarat,2021,11
Ahmedabad,3W,7.7,94.29,9.33,2,3,public_slow,157.07,4.22,1.85,8.36,rainy,0.1,middle,41.59,0,Gujarat,2023,3
Ahmedabad,3W,5.99,73.12,29.17,4,4,public_slow,103.83,0.71,6.08,10.37,humid,0.212,middle,35.91,1,Gujarat,2026,3
Ahmedabad,3W,6.85,89.13,47.23,2,1,public_fast,62.28,0.27,4.28,7.48,extreme_heat,0.424,low,34.92,0,Gujarat,2020,12
Ahmedabad,3W,10.02,94.7,26.5,4,2,home,338.53,1.06,6.22,7.12,rainy,0.541,low,54.13,0,Gujarat,2019,3
Ahmedabad,3W,7.47,85.4,28.45,2,4,public_slow,170.08,4.16,5.2,8.76,rainy,0.168,low,40.33,1,Gujarat,2021,9
Ahmedabad,3W,8.75,89.61,37.48,2,4,public_slow,171.92,2.04,6.43,7.1,extreme_heat,0.14,low,44.63,0,Gujarat,2021,4
Ahmedabad,3W,7.92,85.46,32.12,3,6,public_slow,223.56,0.86,5.24,9.31,rainy,0.478,high,42.79,1,Gujarat,2026,8
Ahmedabad,3W,7.54,94.81,34.05,2.51,2,public_fast,48.9,1.99,7.75,7.04,rainy,0.371,low,40.73,1,Gujarat,2022,6
Ahmedabad,3W,9.43,89.6,13.39,1,2,public_slow,183.77,0.04,2.41,7.46,extreme_heat,0.648,low,48.12,0,Gujarat,2022,12
Ahmedabad,3W,7.73,92.24,35.7,5,2,public_fast,44.56,1.6,6.3,6.41,clear,0.451,high,46.37,0,Gujarat,2021,11
Ahmedabad,3W,7.12,77.09,34.29,1,3,public_slow,173.37,1.32,5.58,7.97,extreme_heat,0.261,high,36.33,0,Gujarat,2026,5
Ahmedabad,3W,8.49,73.12,43.9,3,4,public_fast,84.93,0.52,6.29,9.8,humid,0.477,high,50.96,1,Gujarat,2026,7
Ahmedabad,3W,8.12,92.16,8.27,2,5,home,238.52,4.38,1.63,8.03,humid,0.417,low,48.69,1,Gujarat,2021,4
Ahmedabad,3W,7.74,89.61,48.07,2,2,home,239.14,3.83,7.91,7.24,rainy,0.28,middle,41.81,1,Gujarat,2019,8
Ahmedabad,3W,8.05,79.32,3.21,2,2,public_slow,215.07,1.63,0.63,9.51,humid,0.194,middle,48.3,0,Gujarat,2024,5
Ahmedabad,3W,8.08,82.72,25.82,2,5,home,316.05,0.01,4.21,9.29,humid,0.084,low,48.5,0,Gujarat,2024,9
Ahmedabad,3W,8.19,98.8,11.85,1,3,public_fast,39.81,5.9,1.83,7.71,extreme_heat,0.447,middle,41.75,0,Gujarat,2021,6
Ahmedabad,3W,8.53,96.1,10.63,2,4,home,181.3,2.27,2.04,6.6,humid,0.283,middle,51.19,0,Gujarat,2022,10
Ahmedabad,3W,7.57,92.57,45.11,1,4,home,216.47,1.73,6.34,7.25,extreme_heat,0.304,low,38.61,0,Gujarat,2022,11
Ahmedabad,3W,8.78,76.66,19.47,2,5,public_slow,148.16,1.84,2.89,8.98,humid,0.291,middle,52.69,0,Gujarat,2025,8
Ahmedabad,3W,7.37,84.16,25.26,3,2,public_slow,164.66,1.33,3.45,7.42,rainy,0.263,middle,39.81,0,Gujarat,2025,7
Ahmedabad,3W,8.02,102.66,14.52,3,3,public_slow,157.43,0.34,2.55,5.43,extreme_heat,0.601,high,40.88,0,Gujarat,2021,4
Ahmedabad,3W,7.11,82.17,18.39,3,5,home,287.59,0.73,3.07,8.71,extreme_heat,0.287,low,36.24,0,Gujarat,2026,8
Ahmedabad,3W,7.99,96.87,42.98,3,4,public_slow,116.77,1.83,6.38,7.16,humid,0.215,high,47.93,0,Gujarat,2023,7
Ahmedabad,3W,7.84,80.87,33.41,1,4,public_fast,29.81,2.91,6.37,9.92,humid,0.269,low,47.06,0.19,Gujarat,2024,9
Ahmedabad,3W,8.32,85.25,135.91,2,4,home,357,1.6,8.91,9.55,clear,0.302,middle,49.91,0,Gujarat,2024,11
Ahmedabad,3W,6.77,87.61,5.35,3,3,public_slow,176.63,6.97,0.72,9.56,rainy,0.491,low,36.54,0,Gujarat,2023,6
Ahmedabad,3W,7.67,90.43,42,3,6,public_fast,58.24,5.07,4.28,11.24,clear,0.1,middle,46.01,1,Gujarat,2024,4
Ahmedabad,3W,6.79,100.57,4.05,3,3,home,258.97,0.52,0.69,6.41,humid,0.258,low,40.76,0,Gujarat,2020,4
Ahmedabad,3W,7.8,91.54,45.04,2,2,home,386.75,2.74,7.46,7.5,humid,0.283,low,46.8,0,Gujarat,2021,4
Ahmedabad,3W,8.21,89.47,60.57,2,4,home,286.93,0.43,3.46,8.94,rainy,0.28,middle,44.33,0,Gujarat,2022,1
Ahmedabad,3W,7.21,89.1,34.27,3,5,public_slow,179.1,3.51,7.94,7.85,clear,0.32,middle,43.28,1,Gujarat,2022,12
Ahmedabad,3W,7.94,93.71,46.44,4,2,public_slow,187.66,2.75,6.29,5.72,extreme_heat,0.27,high,40.5,0.19,Gujarat,2021,4
Ahmedabad,3W,6.52,101.98,39.83,3,2,home,302.55,1.31,4.86,5.74,clear,0.195,low,39.1,0,Gujarat,2020,12
Ahmedabad,3W,10.72,70.96,45.39,2,5,public_fast,181.3,2.75,7.24,10.5,humid,0.497,high,44.94,1,Gujarat,2026,6
Ahmedabad,3W,6.49,86.57,12.17,1,5,public_slow,227.38,9.04,1.68,9.2,clear,0.177,low,44.94,1,Gujarat,2025,12
Ahmedabad,3W,7.76,103.43,30.41,2.51,3,home,377.83,1.77,4.28,5.3,extreme_heat,0.52,middle,39.59,0,Gujarat,2019,7
Ahmedabad,3W,6.93,89.08,125.18,5,3,public_slow,198.17,0.69,6.88,8.43,rainy,0.227,middle,37.4,0,Gujarat,2023,1
Ahmedabad,3W,8.64,76.57,4.62,1,7,home,346.82,0.01,0.65,9.59,extreme_heat,0.407,middle,44.05,0,Gujarat,2026,6
Ahmedabad,3W,8.83,82.52,39.07,3,3.29,public_slow,232.46,1.65,6.8,10.76,humid,0.319,low,52.96,0,Gujarat,2026,10
Ahmedabad,3W,10.27,84.88,3.62,1,1,public_slow,122.96,2.46,0.53,8.04,extreme_heat,0.534,high,52.37,0,Gujarat,2022,4
Ahmedabad,3W,8.25,87.96,36.5,4,4,public_slow,182.66,0.9,5.99,8.67,humid,0.329,low,49.52,0,Gujarat,2022,11
Ahmedabad,3W,9.02,86.16,7.12,1,1,public_fast,20.81,0.18,1.01,8.28,humid,0.302,middle,54.09,0,Gujarat,2023,4
Ahmedabad,3W,7.39,96.22,134.16,1,1,home,248.48,3.32,8.89,6.28,extreme_heat,0.482,middle,37.67,1,Gujarat,2019,3
Ahmedabad,3W,8.84,96.13,1,4,3.29,home,250.47,2.77,0.17,6.2,rainy,0.071,middle,47.72,0,Gujarat,2021,7
Ahmedabad,3W,6.54,96.56,1,3,2,public_slow,210.61,1.84,0.14,6.9,humid,0.216,low,39.25,0,Gujarat,2020,4
Ahmedabad,3W,9.51,94.15,28.48,3,2,home,301.74,6.1,5.06,6.29,clear,0.283,middle,57.04,0,Gujarat,2021,3
Ahmedabad,3W,7.02,87.69,21.82,3,4,public_slow,150.22,4.09,3.58,7.22,extreme_heat,0.474,high,35.8,0,Gujarat,2022,4
Ahmedabad,3W,8.98,84.81,16.09,2,3,public_fast,77.03,0.68,2.61,9.31,rainy,0.15,low,48.5,0,Gujarat,2023,2
Ahmedabad,3W,8.88,100.78,8.86,4,3,home,324.78,0.44,1.93,8.33,extreme_heat,0.456,low,45.31,0,Gujarat,2021,11
Ahmedabad,3W,8.75,102.57,25.19,1,2,public_slow,181.3,2.1,3.32,6.3,extreme_heat,0.441,high,44.62,0,Gujarat,2020,6
Ahmedabad,3W,7.79,95.85,23.59,2,2,public_slow,152.4,1.39,3.38,8.08,clear,0.47,low,46.72,0,Gujarat,2021,6
Ahmedabad,3W,9.12,90.12,16.24,4,3,public_fast,56.53,2,1.99,7.42,clear,0.257,middle,54.71,0,Gujarat,2021,9
Ahmedabad,3W,7.9,89.36,24.33,3,5,public_slow,180.33,0.32,3.36,7.53,rainy,0.406,low,42.68,0.19,Gujarat,2024,10
Ahmedabad,3W,7.22,88.36,24.73,1,3,public_slow,138.86,0.18,5.23,9.19,rainy,0.353,high,38.98,0,Gujarat,2026,4
Ahmedabad,3W,7.15,81.46,13.28,1,6,public_slow,184.91,4.28,1.96,9.35,rainy,0.123,middle,38.63,1,Gujarat,2026,5
Ahmedabad,3W,8.42,83.26,13.86,2.51,4,public_slow,113.98,0.36,2.38,8.68,humid,0.308,middle,50.52,0,Gujarat,2025,12
Ahmedabad,3W,7.54,96.13,8.51,1,3,public_slow,146.58,0.51,1.39,7.31,clear,0.081,middle,45.21,0,Gujarat,2021,7
Ahmedabad,3W,8.98,84.49,31.22,2,2,public_slow,176.57,0.15,4.54,7.48,extreme_heat,0.108,low,45.79,0,Gujarat,2023,10
Ahmedabad,3W,7.48,95.73,25.23,3,3,public_slow,237.22,1.51,5.29,5.28,clear,0.43,middle,44.88,0,Gujarat,2019,1
Ahmedabad,3W,7.59,87.87,13.11,4,2,public_slow,117.01,9.55,1.83,5.98,rainy,0.39,low,40.96,0,Gujarat,2020,1
Ahmedabad,3W,9.11,87.83,26.66,3,3,public_fast,46.42,8.59,4.9,7.93,extreme_heat,0.257,middle,46.48,0,Gujarat,2024,5
Ahmedabad,3W,7.36,92.63,35.43,3,4,home,260.79,3,5.81,5.28,extreme_heat,0.066,middle,37.55,0,Gujarat,2023,12
Ahmedabad,3W,8.04,91.82,1.93,4,1,public_fast,44.01,0.45,0.3,4.81,rainy,0.103,middle,43.44,0,Gujarat,2019,2
Ahmedabad,3W,8.2,93.8,1,2,3,public_fast,57.58,4.52,0.2,5.72,rainy,0.162,low,44.28,0,Gujarat,2020,3
Ahmedabad,3W,7.99,83.39,42.71,3,4,public_fast,68.33,3.06,8.34,6.8,rainy,0.398,low,44.53,1,Gujarat,2023,8
Ahmedabad,3W,9.81,97.77,1,5,2,home,328.26,0.96,0.15,6.61,extreme_heat,0.328,low,50.02,0,Gujarat,2022,8
Ahmedabad,3W,7.31,78.27,39.42,3,4,home,309.77,0.61,6.36,9.24,humid,0.653,middle,43.87,0,Gujarat,2025,5
Ahmedabad,3W,7.78,85.52,27,3,4,home,277.8,0.63,4.35,8.35,rainy,0.141,middle,42,0,Gujarat,2025,4
Ahmedabad,3W,9.35,76.51,35.9,2,6,home,185.54,6.65,4.71,9.3,extreme_heat,0.156,middle,47.67,1,Gujarat,2026,7
Ahmedabad,3W,8.14,74.69,33.97,3,5,public_fast,48.1,1.21,7.78,9.18,clear,0.229,high,48.82,1,Gujarat,2024,8
Ahmedabad,3W,8.02,84.61,45.54,2,5,public_fast,56.98,0.53,8.94,9.03,humid,0.392,high,48.13,0.19,Gujarat,2023,12
Ahmedabad,3W,8.35,81.12,5.77,2,5,public_slow,126.37,3.53,0.87,9.37,extreme_heat,0.61,low,44.94,1,Gujarat,2026,8
Ahmedabad,3W,8.7,99.81,28.35,1,2,home,259.74,4.21,6.14,6.61,extreme_heat,0.349,high,44.39,0,Gujarat,2019,11
Ahmedabad,3W,6.94,80.41,25.29,1,3,public_slow,213.32,0.84,3.97,8.51,rainy,0.608,low,37.48,0,Gujarat,2025,6
Ahmedabad,3W,7.92,76.63,24.03,1,5,public_slow,139.78,0.52,3.47,8.58,rainy,0.435,high,42.77,0,Gujarat,2025,4
Ahmedabad,3W,6.73,79.03,24.47,3,4,public_slow,185.47,0.24,3.47,9.32,rainy,0.619,middle,36.35,0,Gujarat,2024,2
Ahmedabad,3W,5.66,85.2,29.53,4,6,public_slow,219.88,5.66,4.4,10.53,clear,0.183,high,33.94,1,Gujarat,2026,7
Ahmedabad,3W,8.8,75.56,3.31,4,6,public_fast,59.69,2.3,0.65,8.88,clear,0.382,low,52.81,0,Gujarat,2026,12
Ahmedabad,3W,8.68,102.5,35.44,2,1,public_fast,80.92,0.2,7.26,6.51,humid,0.28,middle,52.09,0,Gujarat,2019,12
Ahmedabad,3W,7,84.56,14.69,5,4,public_fast,62.75,6.01,2.67,9.34,humid,0.243,middle,42.02,0,Gujarat,2025,9
Ahmedabad,3W,6.53,101.52,43.6,3,2,public_slow,197.43,0.04,6.68,5,rainy,0.296,middle,35.28,0,Gujarat,2019,12
Ahmedabad,3W,7.28,100.16,30.98,2,3,home,330.53,1.84,5.72,6.21,clear,0.283,high,43.68,0,Gujarat,2022,9
Ahmedabad,3W,8.27,89.29,44.52,2,2,home,304.72,0.21,6.77,9.65,extreme_heat,0.332,low,42.18,0,Gujarat,2023,11
Ahmedabad,3W,9.02,89.54,15.75,1,3,public_fast,64.15,2.65,2.36,7.63,extreme_heat,0.34,middle,46.01,0,Gujarat,2022,12
Ahmedabad,3W,7.25,77.56,10.71,3,5,public_slow,119.35,1.36,1.59,9.85,humid,0.212,low,43.49,0,Gujarat,2026,5
Ahmedabad,3W,7.89,72.78,14.85,2,4,home,402.64,0.31,2.53,8.31,rainy,0.296,middle,42.58,0,Gujarat,2025,1
Ahmedabad,3W,8.7,100.29,22.92,2,4,home,277.24,1.52,3.18,7.16,extreme_heat,0.427,middle,47.01,0,Gujarat,2022,8
Ahmedabad,3W,7.95,94.77,27.52,2,1,home,187.08,1.02,4.58,6.91,rainy,0.069,high,42.93,0,Gujarat,2020,1
Ahmedabad,3W,9.06,92.63,14.19,2,5,home,367.57,0.72,2.66,8.88,extreme_heat,0.211,middle,46.22,0,Gujarat,2023,2
Ahmedabad,3W,9.25,86.45,46.12,3,2,public_slow,160.53,1.61,7.01,7.93,extreme_heat,0.377,low,47.18,0,Gujarat,2023,11
Ahmedabad,3W,7.81,81.58,35.37,2,2,public_slow,145.33,0.42,6.05,6.6,clear,0.411,middle,46.88,0,Gujarat,2024,10
Ahmedabad,3W,7.37,91.66,45.32,3,1,public_slow,239.02,0.41,8.27,7.55,humid,0.47,low,44.21,0,Gujarat,2021,1
Ahmedabad,3W,6.12,80.53,22.75,1,7,public_slow,130.45,1.98,3.93,9.16,rainy,0.324,middle,33.02,0,Gujarat,2026,10
Ahmedabad,3W,8.87,95.37,1,3,1,public_slow,194.05,1.84,0.14,6.17,extreme_heat,0.269,low,45.24,0,Gujarat,2020,10
Ahmedabad,3W,9.09,75.47,19.66,3,4,home,361.83,0.3,4.15,9.54,humid,0.049,high,54.54,0,Gujarat,2026,7
Ahmedabad,3W,8.1,100.29,45.5,4,2,public_fast,72.09,0.12,9.82,5.72,clear,0.406,high,48.59,0,Gujarat,2021,10
Ahmedabad,3W,7.92,90.97,11.1,4,4,public_slow,214.78,1.27,4.28,8.81,clear,0.653,middle,47.53,0,Gujarat,2023,6
Ahmedabad,3W,8.41,85.06,39.46,3,4,home,367.36,0.74,6.36,9.1,rainy,0.523,high,45.41,0,Gujarat,2023,12
Ahmedabad,3W,9.46,80.13,49.82,3,4,public_fast,76.46,2.15,7.21,8.86,clear,0.391,high,56.74,0,Gujarat,2023,10
Ahmedabad,3W,8.18,97.22,26.28,2,3,public_slow,176.01,3.6,4.15,6.51,clear,0.155,middle,44.94,0,Gujarat,2021,6
Ahmedabad,3W,8.43,99.21,31.79,4,3,public_fast,181.3,0.68,4.55,6.81,humid,0.117,low,50.55,0,Gujarat,2021,9
Ahmedabad,3W,7.12,103.78,11.24,3,2,home,280.15,0.27,2.59,9.01,clear,0.313,high,42.75,0,Gujarat,2020,9
Ahmedabad,3W,5.9,95.92,36.62,3,2,public_slow,137.75,0.17,6.56,4.7,clear,0.625,low,35.4,0,Gujarat,2021,1
Ahmedabad,3W,6.97,94.68,15.34,2,1,public_fast,77.59,2.03,2.67,6.41,clear,0.409,high,41.81,0,Gujarat,2020,2
Ahmedabad,3W,7.66,80,25.82,1,6,home,287.16,1.05,1.57,10.92,rainy,0.396,low,41.36,0,Gujarat,2026,3
Ahmedabad,3W,8.23,94.42,18.84,1,2,public_slow,193.34,0.01,3.55,5.94,clear,0.218,middle,49.35,0,Gujarat,2020,8
Ahmedabad,3W,8.66,98.34,50.09,2,1,home,308.47,2.01,7.28,4.84,extreme_heat,0.154,middle,44.15,0,Gujarat,2019,8
Ahmedabad,3W,7.91,86.02,28.16,2,4,public_fast,30.88,3.02,4.26,8.37,humid,0.207,middle,47.46,0,Gujarat,2024,5
Ahmedabad,3W,7.3,82.6,14.69,3,6,public_slow,150.96,2.24,1.94,10.69,extreme_heat,0.122,high,37.21,0,Gujarat,2026,1
Ahmedabad,3W,8.03,92.82,46.63,1,2,home,181.3,0.8,6.18,5.66,clear,0.34,middle,48.15,0,Gujarat,2020,5
Ahmedabad,3W,8,101.12,11.93,2.51,3,public_slow,214.7,2.17,2.24,7.33,humid,0.32,high,47.98,0,Gujarat,2020,5
Ahmedabad,3W,7.74,91.9,24.64,3,4,public_slow,124.41,2.81,3.7,7.49,humid,0.185,low,46.42,0,Gujarat,2022,10
Ahmedabad,3W,6.88,81.26,40.94,4,5,public_slow,166.47,1.99,5.59,12.08,extreme_heat,0.103,low,35.1,1,Gujarat,2026,1
Ahmedabad,3W,9.11,88.64,4.1,3,2,home,336.77,0.94,0.71,5.21,humid,0.145,low,54.68,0,Gujarat,2021,6
Ahmedabad,3W,7.46,88.84,13.3,2,3,public_slow,175.85,3.21,2.05,7.19,extreme_heat,0.225,low,38.05,0,Gujarat,2021,12
Ahmedabad,3W,8.03,91.64,49.47,2,4,public_fast,43.67,0.05,4.28,7.14,rainy,0.138,middle,43.36,0,Gujarat,2023,3
Ahmedabad,3W,8.19,76.86,61.36,4,4,public_slow,96.97,5.39,7.99,9.08,clear,0.23,middle,49.14,1,Gujarat,2024,3
Ahmedabad,3W,8.49,101.45,16.44,2,3,home,380.79,0.38,2.55,7.54,extreme_heat,0.287,middle,43.29,0,Gujarat,2021,4
Ahmedabad,3W,7.31,94.43,13.69,4,2,public_slow,134.97,0.13,2.4,5.84,humid,0.22,low,43.87,0,Gujarat,2022,10
Ahmedabad,3W,6.13,99.61,26.79,3,2,public_fast,70.3,0.46,4.32,5.69,humid,0.234,low,36.8,0,Gujarat,2020,3
Ahmedabad,3W,8.65,86.71,19.98,2,6,home,181.3,2.68,3.12,7.45,extreme_heat,0.097,low,44.13,0,Gujarat,2023,10
Ahmedabad,3W,8.79,94.48,12.12,4,4,home,181.3,2.68,2.23,7.21,humid,0.664,middle,52.73,0,Gujarat,2021,6
Ahmedabad,3W,8.72,89.25,42.35,1,3,public_slow,181.3,0.77,7.46,6.89,clear,0.172,middle,52.34,0,Gujarat,2021,8
Ahmedabad,3W,8.73,72.59,64.42,4,5,home,281.82,0.96,14.06,9.29,clear,0.686,low,52.38,1,Gujarat,2025,4
Ahmedabad,3W,6.92,76.87,37.83,2,6,public_slow,169.08,0.19,4.61,7.71,humid,0.331,middle,41.5,1,Gujarat,2026,11
Ahmedabad,3W,6.11,103.26,23.42,2,1,home,226.36,6.4,3.49,5.08,extreme_heat,0.28,low,31.14,1,Gujarat,2019,11
Ahmedabad,3W,8.95,95.86,16.67,1,5,home,286.93,0.61,3.03,8.14,extreme_heat,0.207,low,45.64,0,Gujarat,2022,1
Ahmedabad,3W,9.53,88.13,44.73,3,3,public_slow,142.56,6.86,8.92,8.97,clear,0.473,middle,57.19,1,Gujarat,2024,11
Ahmedabad,3W,7.29,97.34,35.98,3,1,public_fast,56.74,1.99,5.68,4.89,humid,0.334,high,43.74,0,Gujarat,2019,1
Ahmedabad,3W,7.02,75.98,18.62,2,4,home,329.19,0.38,2.63,8.6,extreme_heat,0.16,middle,35.82,0,Gujarat,2025,10
Ahmedabad,3W,8.57,84.63,20.6,3,4,home,330.32,4.49,2.59,6.64,humid,0.553,high,51.45,0,Gujarat,2022,8
Ahmedabad,3W,9.41,89.63,48.97,4,3,home,349.65,7.41,7.2,6.07,rainy,0.256,low,50.79,1,Gujarat,2022,4
Ahmedabad,3W,8.81,89.61,17.19,2,2,public_slow,143.1,0.17,3.73,7.77,extreme_heat,0.12,low,44.92,0,Gujarat,2021,12
Ahmedabad,3W,9.67,94.34,24.03,3,1,home,359.85,0.7,4.26,8.56,rainy,0.35,low,52.24,0,Gujarat,2021,11
Ahmedabad,3W,7.2,87.34,34.22,3,5,public_fast,19.58,2.47,6.02,7.68,extreme_heat,0.013,middle,36.72,1,Gujarat,2021,3
Ahmedabad,3W,8.18,89.61,32.76,1,5,public_fast,33.88,2.26,4.28,9.58,clear,0.276,middle,49.11,0,Gujarat,2025,5
Ahmedabad,3W,6.98,92.88,17.11,4,4,public_slow,170.97,1.98,3.25,7.32,extreme_heat,0.152,middle,35.62,0,Gujarat,2022,10
Ahmedabad,3W,8.87,85.21,32.04,2,5,home,272.23,2.91,5.28,8.16,rainy,0.139,high,47.9,0,Gujarat,2023,10
Ahmedabad,3W,8.23,83.6,14.67,2,4,public_slow,147.56,0.98,2.43,7.1,humid,0.078,low,49.36,0,Gujarat,2022,2
Ahmedabad,3W,8.24,89.61,15.85,3,1,home,377.17,0.92,2.45,5.28,rainy,0.233,high,44.49,0,Gujarat,2022,7
Ahmedabad,3W,7.19,102.07,73.81,3,1,public_fast,77.27,2.97,3.59,6.65,extreme_heat,0.274,middle,36.69,0,Gujarat,2020,8
Ahmedabad,3W,7.18,91.23,27.6,2.51,2,public_slow,193.86,0.86,5.15,8.58,extreme_heat,0.226,high,36.62,0,Gujarat,2024,3
Ahmedabad,3W,7.41,100.39,13.14,3,2,public_fast,54.71,0.07,3.38,8.83,humid,0.372,high,44.46,0,Gujarat,2024,1
Ahmedabad,3W,7.66,101.92,41.4,3,2,home,288.55,4.33,6.7,7.29,clear,0.343,middle,45.96,1,Gujarat,2022,8
Ahmedabad,3W,8.76,99.07,25.73,2,2,public_slow,125.88,0.82,5.03,6.29,clear,0.34,low,52.58,0,Gujarat,2020,6
Ahmedabad,3W,7.41,89.67,29.11,2,4,public_slow,167.35,3.4,3.72,8.61,clear,0.493,low,44.44,0,Gujarat,2021,5
Ahmedabad,3W,7.39,95.49,30.17,3,3,public_slow,177.29,2.19,4.64,4.89,rainy,0.235,middle,39.92,0,Gujarat,2021,2
Ahmedabad,3W,7.55,96.2,7.79,3,2,public_slow,170.89,10.93,1.43,6.11,rainy,0.218,middle,40.77,0,Gujarat,2020,6
Ahmedabad,3W,9.12,84.93,15.81,3,4,public_slow,168.07,0.43,3.94,8.96,rainy,0.062,low,49.26,0,Gujarat,2026,2
Ahmedabad,3W,6.16,88.74,1,3,4,home,299.82,0.92,0.13,8.2,clear,0.373,middle,36.97,0,Gujarat,2022,2
Ahmedabad,3W,5.55,82.73,15.16,4,4,public_slow,190.47,2.09,2.66,10.19,rainy,0.227,middle,29.96,0,Gujarat,2026,8
Ahmedabad,3W,11.13,89.61,12.28,1,4,home,335.16,1.46,2.33,7.58,extreme_heat,0.431,middle,56.76,0,Gujarat,2022,10
Ahmedabad,3W,8.75,74.17,12.08,2,4,home,308.34,0.29,2.07,8.33,rainy,0.224,middle,47.22,0,Gujarat,2024,6
Ahmedabad,3W,7.88,96.88,49.42,2,1,public_slow,133.86,1.47,7.7,4.63,extreme_heat,0.65,middle,40.2,0,Gujarat,2019,7
Ahmedabad,3W,9.66,75.8,20.75,1,3.29,public_fast,44.2,0.64,3.85,9.2,rainy,0.22,middle,52.17,0,Gujarat,2026,12
Ahmedabad,3W,7.12,76.63,23.8,3,6,public_slow,215.05,4.7,3.29,10.14,clear,0.29,middle,42.72,1,Gujarat,2025,12
Ahmedabad,3W,7.12,91.16,37.98,1,1,public_fast,45.81,4.29,6.42,6.25,extreme_heat,0.233,middle,38.45,1,Gujarat,2022,6
Ahmedabad,3W,8.15,78.28,29.03,2,6,public_fast,64.89,5.13,5.7,9.64,extreme_heat,0.28,low,41.57,1,Gujarat,2022,8
Ahmedabad,3W,7.7,97.88,17.97,3,2,home,326.53,3.25,3.03,7.87,extreme_heat,0.452,middle,39.26,0,Gujarat,2020,11
Ahmedabad,3W,8.35,97.82,26.2,2,2,public_slow,174.65,3.36,4.78,7.57,clear,0.412,low,50.13,0,Gujarat,2021,4
Ahmedabad,3W,6.1,97.03,7.88,4,1,home,198.62,3.7,1.27,4.58,extreme_heat,0.086,low,31.11,0,Gujarat,2022,8
Ahmedabad,3W,8.04,100.86,14.46,2,3.29,public_slow,228.56,5.73,2.62,7.96,rainy,0.575,high,43.4,0,Gujarat,2019,5
Ahmedabad,3W,8.34,95.45,3.04,1,3,home,459.44,0.43,0.6,7.95,clear,0.173,middle,50.03,0,Gujarat,2021,9
Ahmedabad,3W,7.3,82.51,9.96,3,5,public_slow,132.58,0.51,2.11,8.16,clear,0.12,middle,43.82,0,Gujarat,2023,8
Ahmedabad,3W,9.92,82.59,55.46,3,5,home,237.59,0.28,7.64,7.79,extreme_heat,0.28,low,59.5,1,Gujarat,2025,7
Bangalore,3W,6.66,106.43,27.76,1,2,public_fast,58.2,0.82,6.39,7.28,rainy,0.562,high,35.96,0,Karnataka,2020,2
Bangalore,3W,9.34,74.58,33.61,2,3,public_slow,263.25,0.61,5.49,9.2,clear,0.261,middle,56.05,0,Karnataka,2026,6
Bangalore,3W,7.43,87.88,57.13,3,5,public_fast,68.73,0.6,8.06,8.04,humid,0.333,high,44.94,1,Karnataka,2023,4
Bangalore,3W,8.12,89.12,25.82,2,3,public_fast,55.58,1.34,4.28,6.16,extreme_heat,0.078,high,41.42,0.19,Karnataka,2021,4
Bangalore,3W,8.2,101.81,45.53,2,3,public_slow,201.47,0.76,8.04,6.77,extreme_heat,0.198,high,41.82,0,Karnataka,2019,1
Bangalore,3W,7.35,78.11,1,3,5,home,289.11,0.12,0.13,9.27,clear,0.55,middle,44.08,0,Karnataka,2024,3
Bangalore,3W,8.9,80.66,11.63,2,2,public_fast,45.62,2.27,1.62,8.79,humid,0.105,middle,53.38,0,Karnataka,2025,8
Bangalore,3W,6.82,98.86,28.76,2,3,home,373.66,6.79,7.15,6.44,rainy,0.152,low,36.83,1,Karnataka,2022,4
Bangalore,3W,8.94,77.87,36.34,4,5,public_slow,259.27,2.86,5.97,11.07,humid,0.063,low,53.67,0,Karnataka,2026,9
Bangalore,3W,7.13,84.57,22.73,2,3,public_slow,217.28,2.05,3.19,9.81,clear,0.18,low,42.79,0,Karnataka,2023,2
Bangalore,3W,7.17,108.75,43.67,1,1,home,220.65,5.66,6.18,7.48,clear,0.488,middle,43.05,1,Karnataka,2021,6
Bangalore,3W,5.86,84,25.21,1,3,public_slow,213.88,2.24,3.85,7.67,rainy,0.28,low,31.64,0,Karnataka,2022,12
Bangalore,3W,7.5,106.07,16.04,4,1,public_slow,205.62,0.08,2.51,4.8,humid,0.308,high,44.98,0,Karnataka,2019,12
Bangalore,3W,7.98,81.36,20.62,3,4,public_slow,219.61,2.89,3.99,7.91,humid,0.161,middle,47.86,0,Karnataka,2022,8
Bangalore,3W,8.15,95.82,25.11,2,1,home,309.63,0.3,3.96,9.21,humid,0.276,middle,48.9,0,Karnataka,2021,10
Bangalore,3W,8.48,91.4,27.24,2,3,home,292.8,1.94,4.3,8.74,rainy,0.383,low,45.79,0,Karnataka,2023,8
Bangalore,3W,8.15,81.79,26,3,2,public_slow,190.25,1.29,4.4,9.48,humid,0.424,low,48.92,0,Karnataka,2025,6
Bangalore,3W,8.32,102.39,1,2.51,3,public_fast,60.35,5.26,0.15,6.16,extreme_heat,0.158,middle,42.45,0.19,Karnataka,2022,10
Bangalore,3W,9.27,95.44,7.64,2,1,home,206.91,0.46,1.35,7.66,clear,0.273,low,55.61,0,Karnataka,2021,7
Bangalore,3W,6.57,101.39,20.43,3,3.29,public_slow,131.33,0.62,4.28,7.63,extreme_heat,0.086,high,33.53,0,Karnataka,2019,11
Bangalore,3W,8.01,83.29,19.08,1,5,public_fast,49.87,0.19,2.44,8.65,extreme_heat,0.265,low,40.83,0,Karnataka,2026,2
Bangalore,3W,7.69,93.73,1,2,3,home,293.65,0.47,0.15,7.55,rainy,0.445,low,44.94,0,Karnataka,2023,12
Bangalore,3W,9.25,100.95,39.54,2,2,public_fast,32.21,6.06,5.81,6.3,humid,0.568,middle,55.52,1,Karnataka,2020,4
Bangalore,3W,8.67,83.31,27.07,3,5,home,325.57,0.34,5.1,8.54,humid,0.426,high,52,0,Karnataka,2024,12
Bangalore,3W,7.2,101.49,5.88,1,2,public_slow,261.45,0.04,0.82,5.16,clear,0.526,middle,43.18,0,Karnataka,2019,9
Bangalore,3W,8.77,97.17,25.82,3,2,home,64.91,3.32,4.74,7.2,clear,0.367,low,52.63,0,Karnataka,2020,6
Bangalore,3W,7.77,84.26,39.82,1,4,public_fast,41.88,0.22,5.72,8.28,rainy,0.23,low,44.94,0,Karnataka,2025,1
Bangalore,3W,10.45,94.92,25.18,1,4,public_slow,234.37,3.75,3.66,8.35,extreme_heat,0.144,low,53.31,0,Karnataka,2024,5
Bangalore,3W,8.66,90.3,16.67,1,5,public_slow,210.57,0.74,2.09,10.23,extreme_heat,0.159,middle,44.18,0,Karnataka,2024,2
Bangalore,3W,8.01,75.16,26.51,2,3,public_slow,188.75,3.61,4.09,10.8,rainy,0.065,middle,43.27,0,Karnataka,2022,8
Bangalore,3W,9.61,101.51,8.03,2,3,public_slow,220.57,2.93,1.57,7.15,humid,0.193,middle,44.94,0,Karnataka,2020,9
Bangalore,3W,7.56,89.61,21.88,2,4,public_fast,84.7,1.22,4.5,7.98,rainy,0.798,middle,40.82,0,Karnataka,2024,1
Bangalore,3W,8.31,96.74,30.13,3,2,public_slow,79.17,1.08,5.21,7.65,humid,0.33,middle,49.83,0,Karnataka,2022,7
Bangalore,3W,7.87,89.66,18.36,2,3,public_fast,64.59,4.98,4.33,6.51,rainy,0.067,low,42.5,0,Karnataka,2022,11
Bangalore,3W,9.23,93.22,8.65,2,4,public_slow,193.48,0.85,1.32,11.28,clear,0.201,high,55.4,0,Karnataka,2025,12
Bangalore,3W,6.58,95.71,27.97,1,2,public_fast,62.97,1.39,5.3,5.7,rainy,0.399,low,35.54,0,Karnataka,2019,8
Bangalore,3W,7.54,86.23,57.48,1,5,home,220.99,0.48,11.01,9.17,clear,0.215,low,45.27,1,Karnataka,2023,10
Bangalore,3W,7.33,104.19,49.63,2,3,public_fast,46.08,0.22,8.12,7.99,humid,0.47,low,44,0,Karnataka,2019,3
Bangalore,3W,7.73,87.46,12.71,2,4,public_slow,228.95,6.38,2.05,7.71,rainy,0.334,middle,41.75,0.19,Karnataka,2022,1
Bangalore,3W,6.42,80.75,1,2,4,home,372.69,0.11,0.16,7.99,extreme_heat,0.138,high,38.54,0,Karnataka,2024,11
Bangalore,3W,9.42,87.25,35.01,1,3,public_slow,126.45,2.71,5.12,5.61,rainy,0.195,middle,50.86,0,Karnataka,2020,11
Bangalore,3W,8.71,90.22,32.22,2.51,2,home,350.25,0.63,5.73,6.67,humid,0.493,middle,52.24,0,Karnataka,2020,3
Bangalore,3W,7.81,89.86,46.67,3,3,public_fast,67.74,5.77,8.24,9.5,extreme_heat,0.479,middle,39.85,1,Karnataka,2026,1
Bangalore,3W,9.42,102.1,16.13,3,4,home,181.3,0.03,2.38,6.7,extreme_heat,0.275,low,48.02,0,Karnataka,2020,12
Bangalore,3W,6.69,78.96,20.32,3,6,public_fast,64.56,4.36,3.45,10.85,extreme_heat,0.189,middle,34.12,1,Karnataka,2026,9
Bangalore,3W,6.41,88.52,16.99,2,3,public_slow,181.3,0.15,2.18,7.31,extreme_heat,0.543,high,32.68,0,Karnataka,2023,12
Bangalore,3W,7.73,88.3,28.51,4,4,home,183.62,0.81,4.51,7.38,clear,0.494,high,46.41,0,Karnataka,2024,7
Bangalore,3W,9.59,79.92,25.82,2,4,home,242.38,2.67,2.8,6.74,extreme_heat,0.26,middle,48.93,0,Karnataka,2024,4
Bangalore,3W,8.94,77.35,20.2,2,3,public_slow,65.62,1.21,3.76,7.27,humid,0.23,middle,53.62,0,Karnataka,2024,8
Bangalore,3W,9.28,100.28,31.53,3,1,public_fast,44.9,0.14,4.8,6.49,rainy,0.543,middle,50.11,0,Karnataka,2019,4
Bangalore,3W,6.49,88.91,1,2,2,home,338.52,0.5,0.22,8.01,rainy,0.256,low,35.07,0,Karnataka,2022,6
Bangalore,3W,8.03,86.26,34.08,3,3,home,212.03,6.97,5.06,8.89,clear,0.631,middle,44.94,1,Karnataka,2021,3
Bangalore,3W,7.13,70.04,30.2,1,4,public_slow,157.33,0.37,4.99,9.76,extreme_heat,0.28,high,36.39,1,Karnataka,2025,12
Bangalore,3W,8.13,93.51,23.78,3,2,public_fast,78.16,4.4,5.72,6.83,humid,0.27,middle,48.75,0,Karnataka,2020,10
Bangalore,3W,8.44,86.2,23.18,3,3,home,286.51,1.2,4.35,9.16,rainy,0.266,middle,45.56,0,Karnataka,2023,8
Bangalore,3W,7.67,80.19,29.34,3,5,home,283.63,1.14,4.28,7.66,clear,0.48,low,46,0,Karnataka,2024,11
Bangalore,3W,6.76,76.04,48.9,2,4,home,345.91,0.29,10.43,9.12,clear,0.158,low,40.59,0,Karnataka,2022,8
Bangalore,3W,7.06,95.62,16.5,4,5,public_slow,256.19,0.16,3.3,6.99,humid,0.396,low,42.34,0,Karnataka,2021,10
Bangalore,3W,9.27,83.07,41.78,2,6,public_slow,182.65,4.89,11.68,9.28,humid,0.177,low,55.6,1,Karnataka,2024,2
Bangalore,3W,7.19,91.1,2.02,4,3,home,315.17,2.47,0.34,9.28,extreme_heat,0.421,middle,44.94,0,Karnataka,2022,2
Bangalore,3W,8.46,92.04,52.42,1,4,public_slow,162.69,1.99,10.11,7.11,rainy,0.356,low,45.67,1,Karnataka,2022,5
Bangalore,3W,8.74,75.76,13.04,3,5,home,387.53,2.07,1.49,7.71,rainy,0.342,low,47.17,0,Karnataka,2025,3
Bangalore,3W,5.38,82.35,28.02,2,5,public_fast,59.27,0.24,5.99,8.23,humid,0.218,low,32.28,1,Karnataka,2025,2
Bangalore,3W,7.66,86.77,27.84,1,4,public_fast,62.78,4.71,3.45,8.92,humid,0.358,low,45.94,0,Karnataka,2024,9
Bangalore,3W,7.52,86.84,21.81,2,3.29,home,358.39,2.7,3.6,5.99,extreme_heat,0.118,low,38.36,0,Karnataka,2023,4
Bangalore,3W,9,90.87,18.71,2,4,home,319.19,4.58,2.53,8.82,rainy,0.191,middle,48.58,0,Karnataka,2022,8
Bangalore,3W,8.26,84.96,21.5,3,3,home,274.09,0.28,3.26,6.14,extreme_heat,0.459,middle,42.15,0,Karnataka,2021,12
Bangalore,3W,6.97,89.06,13.42,2,2,public_fast,76.4,0.57,2.23,5.38,extreme_heat,0.663,middle,35.52,0,Karnataka,2020,3
Bangalore,3W,8.53,99.62,19.53,1,1,public_slow,185.49,5.73,3.56,8.01,clear,0.212,high,51.2,0,Karnataka,2020,9
Bangalore,3W,6.48,87.12,23.93,3,5,public_fast,83.45,1.93,3.87,9.07,extreme_heat,0.262,middle,33.03,1,Karnataka,2024,7
Bangalore,3W,6.65,84.48,26.76,4,3,public_fast,27.24,0.54,4.25,8.28,clear,0.337,low,39.93,0,Karnataka,2025,7
Bangalore,3W,7.41,94.16,23.52,1,2,public_slow,169.82,1,4.08,6.03,clear,0.27,low,44.47,0,Karnataka,2021,12
Bangalore,3W,6.53,85.01,38.7,2,6,public_slow,158.91,0.13,6.83,9.71,clear,0.474,low,39.18,1,Karnataka,2026,5
Bangalore,3W,8.54,76.8,54.76,3,3.29,public_fast,47.49,1.24,7.84,9.51,extreme_heat,0.299,low,43.55,0,Karnataka,2025,8
Bangalore,3W,6.6,73.35,7.38,3,4,public_slow,146.11,2.62,1.28,7.71,rainy,0.189,middle,35.65,0,Karnataka,2026,9
Bangalore,3W,5.34,73.62,29.88,1,3,public_fast,61.08,0.67,4.98,7.01,extreme_heat,0.418,middle,27.24,1,Karnataka,2024,3
Bangalore,3W,6.59,96.89,43.07,2,3,home,252.77,7.37,6.85,8.2,clear,0.052,low,39.52,1,Karnataka,2023,8
Bangalore,3W,8.15,86.52,13.89,1,4,public_slow,175.1,2.37,2.68,8,humid,0.396,middle,48.89,0,Karnataka,2023,11
Bangalore,3W,7.3,98.73,22.3,3,3,home,304.55,2.22,3.45,6.9,humid,0.084,low,43.78,0,Karnataka,2021,7
Bangalore,3W,9.58,96.3,5.49,1,3,home,396.85,1.21,0.95,7.49,extreme_heat,0.165,low,48.84,0.19,Karnataka,2020,12
Bangalore,3W,8.17,102.05,49.49,3,1,public_slow,148.64,1.12,3.22,6.89,humid,0.36,high,49,0,Karnataka,2019,5
Bangalore,3W,7.17,91.28,6.55,4,5,home,358.46,0.55,1.34,7.73,extreme_heat,0.633,middle,36.55,0,Karnataka,2023,10
Bangalore,3W,8.88,94.02,34.97,2,4,home,441.66,0.75,5.24,7.52,humid,0.102,middle,53.28,0,Karnataka,2023,11
Bangalore,3W,9.84,104.95,42.84,2,1,home,312.02,4.44,6.54,4.96,extreme_heat,0.522,middle,50.16,1,Karnataka,2019,4
Bangalore,3W,7.24,96.29,18.37,4,3,public_fast,56.72,5.15,3.07,7.88,extreme_heat,0.201,middle,36.93,0,Karnataka,2022,11
Bangalore,3W,8.55,84.9,1.18,3,4,public_fast,56.06,1.7,0.19,7.47,rainy,0.289,middle,46.18,0,Karnataka,2025,4
Bangalore,3W,7.83,85.38,33.5,3,5,home,231.24,1.47,5.31,7.49,rainy,0.362,middle,42.27,1,Karnataka,2023,4
Bangalore,3W,7.71,90.01,35.89,1,3,public_slow,102.76,6.92,5.98,7.99,humid,0.175,low,46.26,1,Karnataka,2022,10
Bangalore,3W,9.17,95.49,90.91,3,2,home,305.81,1.18,4.09,6.63,extreme_heat,0.581,middle,46.75,0,Karnataka,2023,8
Bangalore,3W,8.42,98.53,25.82,2,2,public_fast,72.54,1.59,2.48,8.04,humid,0.53,low,50.51,0,Karnataka,2022,11
Bangalore,3W,8.29,95.95,26.96,3,5,public_slow,179.31,1.35,5.35,9.36,clear,0.194,middle,49.76,0,Karnataka,2022,8
Bangalore,3W,8.91,90.69,33.56,3,4,public_slow,169.02,0.29,5.5,7.01,clear,0.415,middle,53.44,0,Karnataka,2023,9
Bangalore,3W,6.87,76.82,52.09,1,5,home,271.7,1.99,8.96,8.89,humid,0.326,middle,41.2,1,Karnataka,2025,12
Bangalore,3W,8.3,87.45,22.15,1,3,public_slow,85.54,0.06,3.83,5.89,extreme_heat,0.378,high,42.31,0,Karnataka,2021,9
Bangalore,3W,7.69,94.81,23.23,2,1,public_fast,69.91,2.4,3.47,5.11,extreme_heat,0.363,middle,39.22,0,Karnataka,2019,6
Bangalore,3W,7.1,102.04,32.47,3,4,home,311.6,0.47,5.32,6.39,extreme_heat,0.373,high,36.2,0,Karnataka,2020,8
Bangalore,3W,6.99,94.64,30.46,3,3,home,244.8,0.79,5.47,7.71,extreme_heat,0.175,low,35.63,0,Karnataka,2023,7
Bangalore,3W,7.11,103.87,52.19,3,3,public_fast,99.69,5.46,14.92,5.38,clear,0.501,middle,42.64,1,Karnataka,2019,12
Bangalore,3W,8.4,97.69,34.8,2,2,public_slow,161.16,5.84,6.89,7.71,extreme_heat,0.275,middle,42.83,1,Karnataka,2020,10
Bangalore,3W,8.69,92.89,29.95,4,3,public_slow,128.37,1.99,5.05,5.97,rainy,0.552,middle,46.94,0,Karnataka,2020,5
Bangalore,3W,7.3,75.78,10.23,4,4,home,247,2.68,2.61,10.35,extreme_heat,0.123,low,37.23,0,Karnataka,2025,7
Bangalore,3W,8.26,96.67,42.92,4,3,public_fast,181.3,1.26,6.08,5.97,rainy,0.372,low,44.63,0,Karnataka,2020,11
Bangalore,3W,7.48,79.14,37.01,2,5,home,299.62,1.11,6.17,10.53,extreme_heat,0.237,middle,38.13,1,Karnataka,2026,10
Bangalore,3W,7.18,80.47,2.19,3,5,public_slow,224.52,0.86,0.34,10.62,clear,0.109,low,43.09,0,Karnataka,2024,6
Bangalore,3W,8.5,89.47,10.03,3,3,public_fast,63.16,1.05,1.55,7.23,rainy,0.198,low,45.93,0,Karnataka,2020,12
Bangalore,3W,7.64,98.4,1.79,2,1,home,346.4,2.87,0.33,5.12,rainy,0.329,middle,41.23,0,Karnataka,2019,6
Bangalore,3W,8.81,80.86,55.49,2.51,5,public_fast,51.31,1.99,10.42,9.51,clear,0.481,low,52.88,1,Karnataka,2025,11
Bangalore,3W,8.66,98.55,26.39,1,2,home,181.3,2.42,4.05,6.66,humid,0.327,high,51.96,0,Karnataka,2019,8
Bangalore,3W,6.22,83.55,22.21,3,4,public_slow,151.24,0.13,3.26,7.83,rainy,0.28,middle,33.61,0,Karnataka,2024,11
Bangalore,3W,7.27,85.8,27.86,1,1,public_fast,62.33,0.64,4.13,6.38,rainy,0.336,low,39.26,0,Karnataka,2020,5
Bangalore,3W,8.09,100.28,14.76,3,1,public_fast,40.21,1.27,3.57,6.37,rainy,0.351,middle,43.66,0,Karnataka,2019,1
Bangalore,3W,6.29,94.13,31.67,2,1,home,208.85,0.97,4.28,5.93,clear,0.538,low,37.75,0,Karnataka,2021,12
Bangalore,3W,9.14,77.69,25.82,2,6,home,266.78,1.4,4.85,9.09,clear,0.121,low,54.81,0,Karnataka,2026,3
Bangalore,3W,6.64,94.72,18.23,3,6,home,240.32,1.99,3.07,6.79,extreme_heat,0.447,middle,33.87,0,Karnataka,2024,1
Bangalore,3W,9.01,94.14,31.62,2,2,public_fast,77.71,1.89,5.04,6.19,clear,0.141,middle,54.04,0,Karnataka,2020,8
Bangalore,3W,8.26,88.74,29.37,2,3,public_fast,45.64,3.18,7.77,8.2,extreme_heat,0.292,middle,42.11,0,Karnataka,2021,7
Bangalore,3W,7.12,89.61,27.04,3,2,public_fast,35.1,2.94,3.75,6.6,rainy,0.075,low,38.45,0,Karnataka,2019,3
Bangalore,3W,8.32,74.96,15.91,2,3,public_fast,98.76,7.54,3,10.44,rainy,0.212,low,44.92,1,Karnataka,2026,10
Bangalore,3W,9.19,71.38,6.79,2,4,public_fast,67.28,1.97,1.17,9.04,rainy,0.17,low,49.61,0,Karnataka,2026,11
Bangalore,3W,7.3,89.2,48.01,1,3,home,256.86,0.91,8.02,8.14,extreme_heat,0.476,low,44.94,0,Karnataka,2023,6
Bangalore,3W,8.56,92.2,14.12,3,3.29,public_slow,107.92,0.16,4.28,8.29,rainy,0.039,high,46.23,0,Karnataka,2021,10
Bangalore,3W,7.09,91.73,6.18,1,3,home,345.56,3.99,0.79,8.42,clear,0.248,low,42.53,0,Karnataka,2023,9
Bangalore,3W,6.65,92.67,17.42,2,3,public_slow,181.3,0.87,4.17,7.94,clear,0.484,low,39.93,0,Karnataka,2024,4
Bangalore,3W,7.38,96.09,26.15,2.51,2,home,299.88,2.58,4.28,4.87,humid,0.148,high,44.27,0,Karnataka,2020,8
Bangalore,3W,7.71,86.06,38.7,1,4,home,219.37,4.67,6.14,7.71,extreme_heat,0.653,low,39.3,1,Karnataka,2024,5
Bangalore,3W,7.65,101.15,24.12,3,2,home,112.44,0.11,3.57,4.75,extreme_heat,0.32,low,39.03,0,Karnataka,2020,9
Bangalore,3W,8.95,90.25,27.02,3,4,home,50.34,2.64,4.18,7.24,rainy,0.152,low,48.32,0,Karnataka,2021,2
Bangalore,3W,8.4,79.99,14.57,3,3.29,public_slow,179.18,5.47,1.73,8.62,rainy,0.105,low,45.37,1,Karnataka,2026,6
Bangalore,3W,8.97,96.86,15.43,2,2,public_fast,37.23,1.71,1.95,5.77,humid,0.223,low,53.83,0,Karnataka,2021,2
Bangalore,3W,9.36,78.8,29.72,3,5,home,322.74,0.1,10.54,8.09,humid,0.242,low,56.18,0,Karnataka,2026,4
Bangalore,3W,6.09,96.34,33.34,4,1,home,274.05,2.87,5.16,5.83,rainy,0.048,low,32.88,0,Karnataka,2020,8
Bangalore,3W,11.29,77.77,3.25,4,5,home,342.7,1.76,0.47,8.87,humid,0.206,low,67.75,0,Karnataka,2026,6
Bangalore,3W,7.51,89.99,13.3,4,4,public_slow,263.87,0.55,2.17,9.11,humid,0.248,low,45.09,0,Karnataka,2023,5
Bangalore,3W,7.41,80.44,2.67,2,3,public_fast,43.03,0.57,0.42,7.24,clear,0.061,low,44.43,0,Karnataka,2024,6
Bangalore,3W,10.33,94.47,21.43,2,3,home,56.34,0.32,3.7,6.42,clear,0.397,low,61.99,0,Karnataka,2021,5
Bangalore,3W,8.1,80.91,1,3,6,public_slow,294.08,1.99,0.26,10.85,extreme_heat,0.306,middle,41.31,0,Karnataka,2026,9
Bangalore,3W,6.55,97.39,5.57,3,2,home,244.77,1.66,1.34,10.6,clear,0.229,low,39.32,0,Karnataka,2023,1
Bangalore,3W,9.2,103.8,35.33,1,2,public_fast,101.72,0.83,5.68,6.43,extreme_heat,0.058,high,46.94,0,Karnataka,2022,8
Bangalore,3W,7.66,80.18,42.01,1,4,home,233.47,1.99,5.99,9.21,rainy,0.431,low,41.37,1,Karnataka,2024,1
Bangalore,3W,8.53,93.93,10.99,3,3.29,public_fast,72.65,1.26,1.45,8.3,rainy,0.125,high,46.08,0,Karnataka,2024,10
Bangalore,3W,9.66,83,15.91,3,4,public_slow,188.39,8.1,2.46,9.2,clear,0.205,low,57.95,0,Karnataka,2025,1
Bangalore,3W,7.27,77.24,20.53,3,3,public_slow,229.71,0.41,3.88,6.17,humid,0.293,middle,43.65,0,Karnataka,2025,6
Bangalore,3W,8.31,103.02,12.04,2,1,public_fast,55.77,6.94,1.52,6.1,clear,0.33,low,49.89,0,Karnataka,2019,8
Bangalore,3W,7.39,98.85,51.9,3,1,public_slow,228.61,3.41,7.46,6.39,extreme_heat,0.121,low,37.71,1,Karnataka,2019,11
Bangalore,3W,9.85,86.86,49.88,1,5,public_fast,55.42,6.33,8.3,7.71,extreme_heat,0.428,low,53.19,1,Karnataka,2024,1
Bangalore,3W,8.72,97.75,19.2,3,1,public_slow,212.27,2.15,3.17,5.27,clear,0.237,middle,52.35,0,Karnataka,2020,7
Bangalore,3W,10.08,91.6,43.47,2,1,public_fast,58.71,4.65,6.98,5.38,extreme_heat,0.409,middle,51.4,1,Karnataka,2019,9
Bangalore,3W,7.54,79.34,12.63,3,3,public_slow,136.89,4.39,2.27,7.65,extreme_heat,0.159,low,38.47,0,Karnataka,2022,5
Bangalore,3W,7.96,96.6,12.81,3,1,public_fast,87.71,0.31,2.51,7.49,clear,0.28,middle,47.74,0,Karnataka,2020,4
Bangalore,3W,7.99,104.81,26.38,1,2,public_slow,239.91,1.14,4.3,6.12,humid,0.201,middle,47.96,0,Karnataka,2019,12
Bangalore,3W,9.18,99.14,22.82,2,2,home,246.95,0.74,3.31,5.54,rainy,0.295,high,49.57,0,Karnataka,2020,1
Bangalore,3W,7.55,107.96,3.98,3,2,home,54.5,0.49,0.56,6.3,rainy,0.569,low,40.75,0,Karnataka,2019,12
Bangalore,3W,8.65,90.36,30.87,1,4,home,242.36,7.24,5.47,6.79,rainy,0.15,middle,46.74,0,Karnataka,2021,4
Bangalore,3W,8.13,89.93,23.89,1,2,public_slow,187.82,3.26,4.15,6.9,humid,0.159,low,48.78,0,Karnataka,2021,9
Bangalore,3W,7.99,88.18,25.05,1,3,public_slow,190.29,3.12,3.55,8.62,clear,0.185,high,48.9,0,Karnataka,2025,6
Bangalore,3W,9.25,96.7,36.18,2,1,public_slow,155.23,0.39,5.59,6.07,clear,0.241,low,55.47,0,Karnataka,2022,8
Bangalore,3W,6.24,90.76,18.87,2,4,home,300.14,1.18,4.72,8.27,clear,0.232,low,37.41,0,Karnataka,2022,9
Bangalore,3W,7.25,80.22,40.71,3,4,public_fast,66.03,0.39,5.66,8.96,extreme_heat,0.293,low,36.97,0,Karnataka,2025,11
Bangalore,3W,8.81,86.17,12.6,1,5,public_slow,96.07,1.05,1.46,8.67,rainy,0.176,middle,47.55,0,Karnataka,2024,2
Bangalore,3W,8.4,89.46,23.27,1,5,home,320.87,1.59,3.39,8.93,clear,0.254,low,50.38,0,Karnataka,2025,6
Bangalore,3W,8.44,93.87,28.61,3,2,home,328.47,1.99,8.42,7.01,extreme_heat,0.293,low,43.02,0,Karnataka,2020,2
Bangalore,3W,7.42,72,16.1,2.51,6,public_fast,77.31,1.55,2.86,8.73,extreme_heat,0.388,middle,37.83,1,Karnataka,2026,8
Bangalore,3W,7.99,89.2,43.61,3,2,public_fast,76.17,2.55,7.96,6.1,extreme_heat,0.56,high,52.54,0,Karnataka,2019,8
Bangalore,3W,6.53,88.92,45.59,3,1,public_fast,56.12,0.58,7.63,6.92,clear,0.478,low,39.21,0,Karnataka,2019,12
Bangalore,3W,7.08,97.89,25.23,2,3,public_fast,94.59,2.51,5,5.55,clear,0.215,low,42.46,0,Karnataka,2021,8
Bangalore,3W,9.42,73.49,49.55,4,6,public_slow,161.26,0.44,9.03,9.29,humid,0.222,middle,56.5,1,Karnataka,2025,6
Bangalore,3W,7.77,89.61,41.42,2,6,home,346.75,3.04,5.97,9.71,rainy,0.236,low,41.98,1,Karnataka,2026,4
Bangalore,3W,9.59,81.88,32.62,3,2,public_fast,95.45,3.48,4.7,7.23,clear,0.262,middle,57.55,0,Karnataka,2022,6
Bangalore,3W,7.5,99.03,31.87,2,1,public_fast,80.21,2.34,4.95,6.48,clear,0.126,middle,44.94,0,Karnataka,2019,11
Bangalore,3W,6.99,88.79,15.96,1,4,public_slow,135.66,1.29,2.07,8.07,humid,0.368,high,41.96,0,Karnataka,2024,5
Bangalore,3W,7.94,92.13,32.92,2,2,home,362.38,1.82,6.33,6.56,extreme_heat,0.156,middle,40.47,0,Karnataka,2021,2
Bangalore,3W,7.99,86.25,35.9,1,3,home,338.76,1.17,6.31,5.63,humid,0.459,middle,44.94,0,Karnataka,2022,2
Bangalore,3W,9.03,104.1,45.54,2,2,home,309.34,1.64,6.84,5.3,rainy,0.485,low,44.94,0,Karnataka,2019,11
Bangalore,3W,8.84,93.84,2.24,2,4,home,259.85,0.97,0.37,5.52,clear,0.228,high,53.02,0,Karnataka,2021,4
Bangalore,3W,7.34,90.55,14.02,3,3,public_slow,91.87,3.91,4.28,8.42,rainy,0.395,middle,39.62,0,Karnataka,2022,8
Bangalore,3W,7.17,97.08,8.98,3,1,home,272.47,1.41,1.24,5.61,humid,0.264,high,42.99,0,Karnataka,2021,3
Bangalore,3W,9.39,96.76,14.48,2,1,public_slow,87.32,0.31,2.35,8.03,extreme_heat,0.336,middle,47.88,0,Karnataka,2021,9
Bangalore,3W,7.16,88.8,10.26,1,5,public_slow,166.26,2.08,1.62,8.36,rainy,0.018,middle,38.66,0,Karnataka,2023,1
Bangalore,3W,7.75,97.1,19.47,4,1,home,353.79,3.55,3.15,6.9,extreme_heat,0.296,middle,39.52,0,Karnataka,2021,12
Bangalore,3W,7.99,82.73,45.13,2,5,public_slow,176.03,1.49,7.42,9.32,rainy,0.125,middle,44.2,1,Karnataka,2025,11
Bangalore,3W,6.62,79.86,22.31,3,4,public_fast,85.71,2.71,4.62,9.65,rainy,0.34,low,35.76,0,Karnataka,2026,5
Bangalore,3W,8.16,96.07,20.8,3,3,public_fast,70.33,0.47,2.99,7.26,clear,0.257,low,48.95,0,Karnataka,2022,3
Bangalore,3W,8.66,80.52,3.3,2,5,home,290.78,1.65,0.47,8.91,rainy,0.172,high,46.75,0,Karnataka,2025,8
Bangalore,3W,8.23,86.56,11.4,2,5,home,355.11,0.53,1.74,8.53,humid,0.417,low,49.38,0,Karnataka,2023,5
Bangalore,3W,7.21,92.75,23.2,3,4,public_slow,197.19,1.74,3.89,7.99,humid,0.121,low,43.27,0,Karnataka,2021,12
Bangalore,3W,8.17,85.61,27.39,2,3,home,269.65,0,3.52,6.23,rainy,0.282,low,44.13,0,Karnataka,2022,10
Bangalore,3W,7.9,110.49,14.73,2,2,public_slow,192.1,0.2,2.67,5.59,rainy,0.51,middle,42.64,0,Karnataka,2020,6
Bangalore,3W,7.12,94.62,38.22,4,3,public_fast,72.84,1.01,6.68,6.6,clear,0.177,middle,42.72,0,Karnataka,2020,9
Bangalore,3W,7.51,89.61,32.13,2,3,public_fast,72.56,1.81,4.04,9.4,extreme_heat,0.195,middle,38.31,0,Karnataka,2024,5
Bangalore,3W,8.25,89.61,26.82,3,1,public_slow,227.76,2.01,4.06,7.83,rainy,0.486,low,44.56,0,Karnataka,2019,8
Bangalore,3W,8.33,95.59,6.76,5,3,home,496.19,2.44,1.14,7.71,extreme_heat,0.326,high,42.48,0,Karnataka,2021,9
Bangalore,3W,8.53,83.8,23.55,2,5,public_slow,153.19,2.03,3.92,7.89,extreme_heat,0.264,middle,43.49,0,Karnataka,2023,8
Bangalore,3W,9.34,104.89,15.5,2,1,public_fast,61.36,1.52,2.49,7.61,humid,0.196,middle,56.05,0,Karnataka,2020,4
Bangalore,3W,6.57,82.24,13.85,3,2,home,96.25,0.1,2.38,8.76,rainy,0.127,low,35.46,0,Karnataka,2023,12
Bangalore,3W,6.24,84.77,42.14,3,2,public_fast,58.64,5.32,5.9,8.23,extreme_heat,0.334,high,31.83,1,Karnataka,2022,11
Bangalore,3W,6.98,92.57,39.68,3,2,public_slow,156.48,0,6.8,7.38,humid,0.038,high,41.85,0,Karnataka,2021,9
Bangalore,3W,7.3,95.13,5.07,1,4,public_fast,20.05,0.97,1.11,6.19,extreme_heat,0.171,middle,37.25,0,Karnataka,2021,11
Bangalore,3W,8.59,87.16,15.45,2,5,home,234.91,0.35,3.17,8.55,humid,0.066,middle,51.54,0,Karnataka,2024,2
Bangalore,3W,8.09,89.51,2.63,4,3,public_slow,251.28,1.67,0.41,7.67,humid,0.178,middle,48.56,0,Karnataka,2022,5
Bangalore,3W,7.87,87.73,35.78,5,3,home,34.16,3.28,6.47,8.04,rainy,0.335,low,42.5,1,Karnataka,2024,12
Bangalore,3W,7.69,110.97,12.41,2,3,public_fast,79.7,2.38,2.17,6.87,humid,0.297,low,46.16,0,Karnataka,2019,10
Bangalore,3W,7.45,87.01,24.96,3,5,public_fast,27.22,0.45,3.74,11.68,rainy,0.377,low,40.25,0,Karnataka,2024,7
Bangalore,3W,8.41,95.02,40.06,3,1,public_slow,184.38,1.46,4.95,7.18,extreme_heat,0.5,low,42.9,0,Karnataka,2020,9
Bangalore,3W,7.87,97.4,32.41,3,1,public_slow,134.69,2.25,4.92,5.51,extreme_heat,0.198,high,40.16,0,Karnataka,2019,8
Bangalore,3W,8.08,81.48,52.3,1,7,home,289.42,0.77,4.28,8.72,clear,0.123,middle,48.51,1,Karnataka,2026,8
Bangalore,3W,6.46,103.38,29.28,3,1,public_slow,149.67,0.09,3.73,6.17,extreme_heat,0.267,low,32.94,0,Karnataka,2019,9
Bangalore,3W,8.01,106.08,21.47,3,1,public_fast,62.93,1.99,5.41,7.71,humid,0.495,middle,48.09,0,Karnataka,2019,5
Bangalore,3W,8.34,95.65,12.37,3,3,home,269.58,4.45,1.88,6.18,clear,0.077,low,50.04,0,Karnataka,2021,12
Bangalore,3W,8.62,90.71,68.51,2,5,home,349.4,4.74,3.38,7.89,clear,0.495,low,51.69,1,Karnataka,2023,9
Bangalore,3W,6.63,106.91,1,1,1,public_fast,53.68,0.28,0.14,5.45,extreme_heat,0.432,low,33.82,0,Karnataka,2019,2
Bangalore,3W,6.56,88.54,62.86,1,4,public_fast,74.85,0.16,10.56,9.96,clear,0.466,middle,39.35,0,Karnataka,2025,11
Bangalore,3W,7.5,91.39,4.31,2,3,home,312.6,4.71,0.72,5.53,rainy,0.226,low,40.48,0,Karnataka,2021,3
Bangalore,3W,7.99,92.04,79.39,2,4,public_fast,67.68,0.51,4.73,6.87,clear,0.128,high,43.81,0,Karnataka,2021,12
Bangalore,3W,7.01,76.01,1,4,3,home,286.94,0.6,0.14,10.18,extreme_heat,0.343,low,35.76,0,Karnataka,2025,12
Bangalore,3W,7.18,93.93,29.24,3,2,home,296.45,1.47,6.91,8.33,humid,0.463,high,43.08,0,Karnataka,2019,8
Bangalore,3W,7.99,100.28,2.22,3,1,public_slow,138.54,0.1,0.39,5.91,rainy,0.565,low,49.02,0,Karnataka,2020,2
Bangalore,3W,5.89,91.82,10.81,1,3,public_fast,56.69,3.72,2.15,7.79,humid,0.209,middle,35.37,0,Karnataka,2022,4
Bangalore,3W,7.14,88.5,60.92,5,4,public_fast,54.73,2.22,9.53,7.47,clear,0.056,low,42.87,0,Karnataka,2022,8
Bangalore,3W,7.04,98.36,33.23,4,3,public_slow,162.31,3.49,5.22,8.3,rainy,0.085,middle,38.04,1,Karnataka,2020,4
Bangalore,3W,8.48,93.68,7.23,2.51,1,public_fast,63.28,1.54,1.33,4.19,extreme_heat,0.364,middle,43.26,0,Karnataka,2019,2
Bangalore,3W,8.41,82.93,27.72,3,4,public_fast,78.51,0.37,4.33,9.04,rainy,0.096,high,45.41,0,Karnataka,2024,11
Bangalore,3W,8.28,94.15,26.94,3,3,public_slow,168.51,1.83,3.45,5.04,humid,0.214,high,49.68,0,Karnataka,2021,11
Bangalore,3W,6.14,87.56,37.26,3,5,home,350.03,1.53,7.26,10.65,humid,0.28,high,36.82,1,Karnataka,2026,5
Bangalore,3W,7.9,106.59,41.3,2,1,home,259.01,1.66,7.25,4.89,clear,0.607,middle,47.38,0,Karnataka,2019,8
Bangalore,3W,7.91,81.63,11.9,3,4,public_fast,73.66,0.3,1.6,7.8,extreme_heat,0.417,middle,40.33,0,Karnataka,2025,9
Bangalore,3W,7.58,82.58,26.7,1,5,public_fast,63.82,0.2,4.8,6.81,humid,0.56,high,45.47,0,Karnataka,2022,12
Bangalore,3W,5.56,91.51,29.6,3,3,public_fast,34.79,0.13,5.39,7.71,clear,0.323,low,33.34,0,Karnataka,2025,11
Bangalore,3W,6.4,92.18,12.08,2,5,home,161.53,5.51,2.11,8,extreme_heat,0.222,low,32.65,1,Karnataka,2023,3
Bangalore,3W,7.35,85.28,22.6,1,2,home,181.3,4.08,3.6,8.92,humid,0.622,middle,44.1,0,Karnataka,2023,3
Bangalore,3W,9.25,94.17,22.93,2,4,home,373.16,0.07,3.03,7.19,humid,0.221,low,55.51,0,Karnataka,2021,5
Bangalore,3W,8.3,80.89,35.02,1,5,public_slow,182.28,2.35,5.59,8.92,clear,0.168,high,49.81,1,Karnataka,2025,2
Bangalore,3W,8.55,88.54,49.28,3,4,public_slow,140.11,1.6,9.83,7.73,clear,0.126,middle,51.33,0,Karnataka,2024,9
Bangalore,3W,8.59,96.03,37.04,2,2,public_fast,35.75,0.3,9.53,7.16,humid,0.223,middle,51.55,0,Karnataka,2022,11
Bangalore,3W,8.39,80,17.12,4,6,public_fast,57.87,1.63,3.3,10.66,extreme_heat,0.338,low,42.76,0,Karnataka,2026,10
Bangalore,3W,7.62,103.26,37.12,3,3,home,229.58,1.02,5.21,5.18,clear,0.17,high,45.74,0,Karnataka,2019,8
Bangalore,3W,7.84,93.06,24.38,2,2,public_fast,89.58,1.99,5.38,5.77,clear,0.158,middle,47.05,0,Karnataka,2021,12
Bangalore,3W,7.16,87.6,43.38,3,4,public_fast,61.39,0.48,7.26,8.6,clear,0.169,low,42.96,0,Karnataka,2024,3
Bangalore,3W,7.86,77.43,22.87,3,5,public_fast,74.3,13.3,4.08,9.1,rainy,0.519,middle,42.43,1,Karnataka,2025,3
Bangalore,3W,7.86,96.76,29.48,2,4,public_slow,195.8,2.82,7.77,7.71,humid,0.141,low,47.16,0,Karnataka,2023,12
Bangalore,3W,6.69,94.18,25.01,3,3,public_slow,146.49,0.98,3.62,7.56,extreme_heat,0.238,high,34.12,0,Karnataka,2023,3
Bangalore,3W,9.75,91.67,3.19,3,3,home,308.4,3.97,0.63,8.01,humid,0.389,high,58.52,0,Karnataka,2021,3
Bangalore,3W,7.58,97.16,37.61,5,3,public_fast,64.28,6.15,5.04,7.45,rainy,0.549,middle,44.94,0.19,Karnataka,2021,1
Bangalore,3W,9.25,85.8,16.6,3,3,home,422.52,2.56,2.45,8.41,humid,0.265,middle,55.47,0,Karnataka,2024,1
Bangalore,3W,7.25,91.72,18.41,2,6,home,66.38,2.2,3.18,8.7,humid,0.431,low,43.52,0,Karnataka,2024,12
Bangalore,3W,4.47,95.12,5.54,2,3,home,336.72,3.58,0.98,8.24,clear,0.268,low,26.8,0,Karnataka,2024,4
Bangalore,3W,7.52,89.61,1,2,3,home,352.01,2.99,0.18,9.2,rainy,0.688,low,40.6,0,Karnataka,2022,5
Bangalore,3W,9.77,92.96,29.22,1,3,home,405.42,0.88,4.61,6.26,extreme_heat,0.308,low,49.82,0,Karnataka,2022,7
Bangalore,3W,8.18,103.77,16.07,1,1,home,333.68,0.48,2.81,4.72,humid,0.367,low,49.07,0,Karnataka,2020,3
Bangalore,3W,7.04,87.27,34.64,4,5,public_slow,189.58,0.06,6.65,7.08,clear,0.147,middle,42.22,0.19,Karnataka,2025,12
Bangalore,3W,8.79,102.18,10.25,4,1,public_fast,39.88,1.89,1.97,6.24,rainy,0.249,low,47.45,0,Karnataka,2020,11
Bangalore,3W,8.59,94.92,13.62,2,4,public_fast,53.93,0.28,1.82,7.87,clear,0.264,low,51.57,0,Karnataka,2024,6
Bangalore,3W,8.98,86.44,46.83,2,4,public_fast,71.62,2.13,10.01,5.48,rainy,0.371,low,48.51,0,Karnataka,2021,9
Bangalore,3W,7.47,104.96,27.75,2,2,public_slow,143.33,1.07,4.82,5.4,clear,0.325,low,44.83,0,Karnataka,2020,7
Bangalore,3W,6.94,102.04,1,2,2,public_slow,148.74,3.63,0.16,3.91,extreme_heat,0.157,high,35.39,0,Karnataka,2019,12
Bangalore,3W,9.37,86.06,17.48,2,3,home,227.1,0.97,3.28,7.85,extreme_heat,0.064,high,47.8,0,Karnataka,2022,9
Bangalore,3W,8.5,93.37,17.42,4,2,home,285.62,1.64,2.76,7.3,clear,0.478,low,50.99,0,Karnataka,2020,1
Bangalore,3W,9.27,71.83,40.7,1,5,public_fast,49.26,0.93,6.73,9.61,rainy,0.191,middle,50.06,1,Karnataka,2026,6
Bangalore,3W,8.34,101.78,5.09,3,1,public_slow,158.8,0.13,0.93,6.19,clear,0.175,middle,50.03,0,Karnataka,2020,8
Bangalore,3W,8.53,94.45,7.74,2,3,public_fast,72.99,0.06,2.04,7.87,rainy,0.41,middle,46.04,0,Karnataka,2022,8
Bangalore,3W,8.19,103.55,31.47,1,2,home,252.98,0.75,4.01,6.98,clear,0.394,low,49.14,0,Karnataka,2019,3
Bangalore,3W,9.12,79.06,6.89,2,4,public_slow,133.68,2.82,1.33,8.4,clear,0.11,low,54.71,0,Karnataka,2026,3
Bangalore,3W,7.2,89.61,30.05,4,5,public_fast,83.01,8.37,6.39,8.98,extreme_heat,0.043,high,36.71,1,Karnataka,2026,12
Bangalore,3W,8.32,91.29,34.24,1,4,public_fast,76.96,0.38,4.38,7.26,rainy,0.108,low,44.95,0,Karnataka,2022,3
Bangalore,3W,9.23,106.73,26,3,1,public_slow,143.42,1.99,4.93,7.27,clear,0.06,middle,55.36,0,Karnataka,2019,3
Bangalore,3W,7.46,89.46,20.72,2,4,home,235.6,0.96,3.64,8.6,extreme_heat,0.244,middle,38.04,0,Karnataka,2024,12
Bangalore,3W,7.95,79.63,15.89,1,2,home,322.63,2.09,2.77,9.29,humid,0.065,middle,47.68,0,Karnataka,2024,6
Bangalore,3W,7.72,84.2,44.07,3,5,public_fast,46.57,1.44,6.77,9.93,humid,0.442,low,46.3,1,Karnataka,2026,1
Bangalore,3W,8.15,78.64,1,1,3,home,347.17,1.11,0.18,8.08,extreme_heat,0.104,low,44,0,Karnataka,2023,7
Bangalore,3W,8.29,80.53,19.96,1,3,home,336.41,6.34,3.24,7.81,extreme_heat,0.416,low,42.28,0,Karnataka,2022,3
Bangalore,3W,7.26,75.59,9.39,3,4,public_slow,218.44,0.15,1.57,8.26,extreme_heat,0.291,low,37.02,0,Karnataka,2025,6
Bangalore,3W,6.87,104.2,1,3,3.29,home,246.39,0.38,0.12,6.54,extreme_heat,0.349,low,35.03,0,Karnataka,2020,4
Bangalore,3W,5.76,86.38,9.83,1,1,home,258.93,0.02,1.41,6.32,humid,0.152,low,34.55,0,Karnataka,2021,8
Bangalore,3W,7.03,89.61,3.06,3,3.29,home,353.65,2.02,0.8,5.48,clear,0.422,middle,42.16,0,Karnataka,2020,11
Bangalore,3W,7.3,86.85,25.82,2,4,public_fast,45.17,3.22,6.68,7.35,humid,0.136,middle,43.82,1,Karnataka,2023,10
Bangalore,3W,7.37,93.16,10.4,2,1,public_fast,23.91,2.15,2.12,5.92,extreme_heat,0.271,middle,37.58,0,Karnataka,2021,12
Bangalore,3W,7.77,98.13,38.24,2,3,home,337.36,0.13,4.89,7.34,clear,0.468,low,46.6,0,Karnataka,2020,9
Bangalore,3W,9.3,83.19,27.81,2,5,public_fast,54.18,0.3,5.97,9.43,extreme_heat,0.336,middle,47.41,0,Karnataka,2026,2
Bangalore,3W,6.68,90.22,43.99,3,2,public_slow,146.79,1.16,7.88,7.54,clear,0.191,middle,40.07,0,Karnataka,2021,7
Bangalore,3W,7.99,87.17,1,2,3,home,335.53,2.38,0.18,7.69,extreme_heat,0.28,low,45.63,0,Karnataka,2024,7
Bangalore,3W,8.19,86.84,21.08,2,4,home,365.36,0.52,3.83,7.71,clear,0.37,low,49.16,0,Karnataka,2026,9
Bangalore,3W,6.62,87.84,14.22,1,3,public_fast,35.62,0.12,2.53,5.78,clear,0.264,middle,39.7,0,Karnataka,2022,2
Bangalore,3W,6.1,72.52,12.17,4,6,public_slow,178.14,1.7,3.6,10.19,extreme_heat,0.647,middle,31.11,1,Karnataka,2026,1
Bangalore,3W,6.65,105.74,56.11,3,2,public_fast,30.06,3.07,8.53,6.46,humid,0.487,low,39.89,1,Karnataka,2021,7
Bangalore,3W,7.82,95.71,32.25,2,2,home,418.84,0.27,4.71,6.96,rainy,0.053,middle,42.23,0,Karnataka,2021,12
Bangalore,3W,9.14,105,1,2,1,public_slow,183.54,8.78,0.14,4.39,rainy,0.32,middle,44.94,0,Karnataka,2019,3
Bangalore,3W,7.99,77.38,23.99,2,6,public_fast,59.37,8.07,4.28,8.99,extreme_heat,0.256,low,35.21,1,Karnataka,2026,7
Bangalore,3W,7.97,83.93,22.66,1,3,public_fast,99.1,0.61,5.37,9.63,humid,0.141,low,47.8,0,Karnataka,2024,12
Bangalore,3W,7.65,86.45,14.75,1,3,public_slow,192.81,1.99,2.4,7.54,clear,0.039,middle,45.88,0,Karnataka,2023,12
Bangalore,3W,7.58,90.01,37.19,3,3,home,422.82,1.86,6,7.79,rainy,0.561,middle,40.94,0,Karnataka,2022,8
Bangalore,3W,9.58,96.6,47.83,2,2,public_fast,74.46,0.36,7.24,8.31,extreme_heat,0.041,low,48.84,0,Karnataka,2022,2
Bangalore,3W,8.09,82.96,21.22,4,1,home,369.84,1.12,3.77,8.64,extreme_heat,0.589,middle,41.28,0,Karnataka,2022,8
Bangalore,3W,10.28,94.21,45.94,2,2,public_fast,30.91,0.34,6.02,6.97,humid,0.597,middle,61.71,0,Karnataka,2020,9
Bangalore,3W,7.15,110.48,20.72,2,2,public_slow,198.84,8.66,3.62,5.77,extreme_heat,0.807,high,36.46,0,Karnataka,2019,3
Bangalore,3W,8.19,103.22,22.17,1,3,home,286.81,3.97,4.12,6.97,rainy,0.313,low,44.23,0,Karnataka,2021,12
Bangalore,3W,10.08,98.98,37.18,1,2,public_slow,181.3,0.14,5.93,6.08,rainy,0.142,high,54.42,0,Karnataka,2019,12
Bangalore,3W,6.75,89.86,25.61,3,2,public_slow,130.71,1.77,4.49,6.74,clear,0.686,middle,40.48,0,Karnataka,2023,5
Bangalore,3W,6.77,100.63,25.08,4,5,public_fast,56.71,0.67,3.28,8.07,extreme_heat,0.585,middle,34.51,1,Karnataka,2023,7
Bangalore,3W,9.52,92.8,10.06,3,3,public_fast,67.6,0.41,1.75,6.25,extreme_heat,0.155,low,48.54,0,Karnataka,2020,5
Bangalore,3W,7.66,103.49,10.92,3,4,home,316.36,1.24,1.71,7.21,rainy,0.183,middle,41.36,0,Karnataka,2021,2
Bangalore,3W,8.45,86.11,27.67,2,2,home,242.4,6.64,4.46,8.57,clear,0.225,low,50.72,0,Karnataka,2023,11
Bangalore,3W,8.27,67.22,17.77,2,5,public_fast,52.66,1.9,2.75,9.01,clear,0.522,middle,49.61,1,Karnataka,2025,1
Bangalore,3W,7.08,94.68,31.54,3,2,home,205,2.99,4.6,9,humid,0.336,middle,42.46,0,Karnataka,2022,9
Bangalore,3W,7.9,101.36,35.59,3,2,public_fast,55.47,0.47,4.71,6.26,clear,0.558,low,47.38,0,Karnataka,2021,10
Bangalore,3W,5.99,94.71,31.52,3,1,public_slow,199.39,1.44,6.04,6.25,extreme_heat,0.278,middle,30.57,0,Karnataka,2019,1
Bangalore,3W,8.09,96.41,29.8,1,4,home,281.35,1.92,5.46,4.77,clear,0.326,high,48.56,0.19,Karnataka,2019,6
Bangalore,3W,8.4,92.6,44.09,2,3,public_slow,155.96,2.16,8.02,8.07,rainy,0.406,middle,45.38,0,Karnataka,2022,11
Bangalore,3W,7.92,79.83,25.82,2,4,home,282.51,0.91,4.17,7.76,rainy,0.28,middle,42.78,0,Karnataka,2023,1
Bangalore,3W,7.69,82.76,1,3,4,home,210.56,1.2,0.19,10.33,extreme_heat,0.262,low,46.16,0,Karnataka,2025,3
Bangalore,3W,8.89,97.51,39.03,2,3,public_slow,125.41,0.96,5.34,6.71,humid,0.016,middle,53.35,0,Karnataka,2022,5
Bangalore,3W,8.15,91.23,51.73,2,3,public_fast,34.31,0.31,7.6,7.46,extreme_heat,0.261,low,41.55,0,Karnataka,2022,3
Bangalore,3W,8.27,86.62,22.37,3,4,public_fast,181.3,2.5,4,8.57,rainy,0.219,middle,44.66,0,Karnataka,2022,4
Bangalore,3W,7.67,89.54,19.32,3,3,public_slow,146.01,0.69,4.36,6.2,extreme_heat,0.528,middle,39.14,0,Karnataka,2022,12
Bangalore,3W,8.64,86.85,42.58,2,2,public_slow,152.31,1.82,6.77,7.32,humid,0.28,low,44.94,0,Karnataka,2020,4
Bangalore,3W,8.04,77.41,39.33,2,5,public_slow,219.91,1.99,7.44,9.3,rainy,0.233,middle,43.44,1,Karnataka,2025,11
Bangalore,3W,10.08,90.69,16.88,2,2,public_slow,167.79,2.91,2.51,7.13,rainy,0.109,middle,54.42,0,Karnataka,2020,7
Bangalore,3W,8.24,75.94,36.91,2,3,public_fast,59.98,3.99,7.35,8.02,extreme_heat,0.592,low,49.45,1,Karnataka,2024,3
Bangalore,3W,9.03,87.34,30.28,1,2,public_slow,180.25,0.76,5.53,6.78,humid,0.157,middle,54.16,0,Karnataka,2021,7
Bangalore,3W,7.64,89.05,22.91,2,5,public_fast,14.41,0.21,3.77,5.49,rainy,0.695,low,41.27,0,Karnataka,2022,4
Bangalore,3W,8.07,100.94,35.36,2,3.29,public_slow,112.73,0.88,5.53,6.38,clear,0.257,middle,48.41,0,Karnataka,2020,11
Bangalore,3W,7.04,75.95,25.82,3,5,home,274.82,1.83,3.36,8.43,extreme_heat,0.381,low,35.91,1,Karnataka,2026,2
Bangalore,3W,7.41,79.67,8.99,1,5,public_fast,69.13,5.25,1.22,8.59,rainy,0.28,low,39.99,1,Karnataka,2025,7
Bangalore,3W,8.88,96.91,47.05,3,4,public_fast,36.21,0,5.19,6.36,clear,0.082,middle,53.28,0,Karnataka,2021,2
Bangalore,3W,8.4,86,5.75,2,3,public_fast,40.2,0.08,1.09,8.85,rainy,0.125,high,45.38,0,Karnataka,2022,2
Bangalore,3W,8.81,83.38,33.85,2,2,public_slow,179.45,3.89,7.06,9.33,clear,0.365,low,52.88,0,Karnataka,2023,2
Bangalore,3W,8.5,99.82,78.43,3,2,public_slow,90.34,1.7,12.26,5.42,extreme_heat,0.315,high,43.37,0,Karnataka,2020,3
Bangalore,3W,8.31,89.46,16.7,4,4,public_fast,70.73,0.37,3.21,7.79,clear,0.177,middle,49.84,0,Karnataka,2025,8
Bangalore,3W,7.42,92.17,16.59,2,5,public_slow,169.77,8.02,3.81,7.71,humid,0.211,low,44.49,1,Karnataka,2023,8
Bangalore,3W,7.25,89.22,45.99,3,3.29,home,239.99,2.4,6.97,7.65,humid,0.221,low,43.5,0,Karnataka,2022,10
Bangalore,3W,8.42,94.59,18.24,2,1,public_slow,203.59,0.59,3.09,7.77,extreme_heat,0.28,low,42.94,0,Karnataka,2020,4
Bangalore,3W,9.83,81.83,16.44,2,4,home,383.02,0.85,3.07,8.04,extreme_heat,0.28,middle,50.13,0,Karnataka,2025,4
Bangalore,3W,8.23,93.61,52.44,1,1,public_fast,53.85,0.5,9.85,6.32,rainy,0.284,middle,44.42,0,Karnataka,2020,9
Bangalore,3W,8.23,101.83,14.52,3,1,public_slow,160.74,2.1,2.39,5.28,humid,0.165,low,49.38,0,Karnataka,2020,1
Bangalore,3W,8.56,86.15,14.24,3,5,public_slow,175.98,2.11,2.14,9.95,extreme_heat,0.242,low,43.64,0,Karnataka,2025,2
Bangalore,3W,7.8,79.05,1,3,6,public_fast,65.77,3.27,0.19,9.37,humid,0.089,middle,46.78,1,Karnataka,2026,3
Bangalore,3W,7.75,82.57,4.96,2,6,public_slow,215.08,0.98,0.87,11.5,humid,0.327,middle,46.52,0,Karnataka,2025,2
Bangalore,3W,6.63,89.98,1,1,2,public_slow,144.09,0.83,0.17,6.7,humid,0.528,low,39.8,0,Karnataka,2020,2
Bangalore,3W,8.01,99.7,25.49,3,2,public_fast,41.93,1.99,4.17,6.97,extreme_heat,0.068,low,40.84,0,Karnataka,2019,7
Bangalore,3W,6.57,95.78,16.02,3,4,public_slow,162.37,1.75,2.68,7.67,rainy,0.2,middle,35.46,0,Karnataka,2023,9
Bangalore,3W,8.89,86.68,29.57,3,2,public_fast,61.45,3.74,6.95,6.82,extreme_heat,0.159,low,45.35,0,Karnataka,2022,10
Bangalore,3W,10.31,80.65,9.83,2.51,4,public_fast,58.36,1.1,1.98,8.79,rainy,0.309,low,55.65,0,Karnataka,2024,2
Bangalore,3W,8.97,74.97,20.43,2,4,home,203.36,1.6,3.74,7.42,rainy,0.123,low,48.44,0,Karnataka,2026,4
Bangalore,3W,7.85,78.08,13.74,3,6,public_fast,81.84,0.6,1.94,7,humid,0.337,middle,47.12,0,Karnataka,2026,9
Bangalore,3W,7.88,82.8,6.07,3,4,home,258.71,2.13,1.15,10.87,extreme_heat,0.212,low,40.17,0,Karnataka,2026,4
Bangalore,3W,7.05,86.14,21.48,2,5,home,281.11,1.28,4.1,8.7,clear,0.392,low,42.33,0,Karnataka,2025,3
Bangalore,3W,8.22,89.61,36.77,3,1,public_slow,186.52,4.56,7.2,8.34,rainy,0.106,middle,44.39,1,Karnataka,2023,8
Bangalore,3W,7.71,91.33,23.25,2,6,public_slow,200.38,0.61,3.59,9.19,extreme_heat,0.067,high,39.31,0,Karnataka,2025,9
Bangalore,3W,6.58,77.83,23.52,4,5,public_fast,62.27,2.39,4.73,10.5,rainy,0.28,low,35.53,0,Karnataka,2026,8
Bangalore,3W,8.5,88.43,38.15,2,3.29,home,386.48,1.42,5.86,8.13,rainy,0.275,low,45.9,1,Karnataka,2023,4
Bangalore,3W,7.84,86.49,13.83,1,4,home,327.45,0.86,1.83,8.85,clear,0.205,middle,47.03,0,Karnataka,2024,8
Bangalore,3W,8.48,88.08,24.08,2,4,public_slow,198.81,1.67,4.93,6.97,extreme_heat,0.351,low,43.26,0,Karnataka,2022,6
Bangalore,3W,8.77,93.19,15.68,1,4,public_fast,59.86,3.5,2.94,8.34,humid,0.238,middle,52.61,0,Karnataka,2022,10
Bangalore,3W,8.57,76.1,7.84,2,4,public_slow,192.51,0.79,1.3,7.4,clear,0.207,middle,51.43,0,Karnataka,2024,10
Bangalore,3W,8.51,77.03,61.07,2,6,home,368.97,0.32,10.04,10.65,rainy,0.424,low,45.96,1,Karnataka,2026,11
Bangalore,3W,7.62,81.96,30.39,2,5,public_slow,233.98,0.04,4.8,10.36,extreme_heat,0.657,high,38.88,1,Karnataka,2026,3
Bangalore,3W,6.79,95.56,43.86,2,2,public_slow,172.1,0.57,7.13,5.26,clear,0.363,middle,40.71,0,Karnataka,2019,1
Bangalore,3W,9.48,84.23,28.25,2,4,home,256.26,6.06,7.58,6.25,clear,0.459,high,56.91,0,Karnataka,2023,7
Bangalore,3W,7.12,91.07,40.32,3,3,home,340.07,2.2,8.38,7.93,rainy,0.076,low,38.44,0,Karnataka,2024,9
Bangalore,3W,7.16,97.14,32.56,4,5,public_fast,43.72,0.09,5.36,6.13,humid,0.333,low,42.94,1,Karnataka,2022,6
Bangalore,3W,8.78,83.34,20.22,2,4,public_slow,241.18,0.9,3.36,8.04,clear,0.154,high,52.7,0,Karnataka,2024,2
Bangalore,3W,7.71,90.68,11.34,3,4,public_fast,42.65,1.42,1.9,8.45,clear,0.329,middle,46.28,0,Karnataka,2024,9
Bangalore,3W,8.84,77.11,30.77,5,4,public_slow,189.22,6.09,5.1,6.49,rainy,0.166,high,47.76,0,Karnataka,2021,12
Bangalore,3W,6.18,91.79,1,3,5,home,347.13,5.43,0.17,9.58,clear,0.102,high,37.11,1,Karnataka,2024,7
Bangalore,3W,6.44,83.55,34.07,1,3,public_fast,73.95,11.6,4.23,9.02,extreme_heat,0.631,high,32.85,1,Karnataka,2024,9
Bangalore,3W,7.55,90.16,13.63,4,1,public_slow,172.26,3.37,2.27,8.48,humid,0.123,low,45.28,0,Karnataka,2020,9
Bangalore,3W,7.91,77.82,42.55,3,5,public_slow,170.9,0.47,8.11,10.82,extreme_heat,0.179,low,40.32,1,Karnataka,2026,11
Bangalore,3W,7.08,79.38,3.09,2.51,4,public_fast,58.98,1.1,0.52,7.71,humid,0.265,high,42.5,0,Karnataka,2026,10
Bangalore,3W,9.09,86.95,33.03,4,2,home,397.96,1.26,6.12,7.71,extreme_heat,0.104,low,46.34,0,Karnataka,2024,6
Bangalore,3W,7.99,106.07,50.6,4,2,public_slow,148.83,0.81,6.95,6.81,humid,0.263,high,50.07,0,Karnataka,2019,8
Bangalore,3W,9.03,83.76,4.92,1,4,home,294.71,4.03,0.82,7.71,humid,0.114,middle,54.17,0,Karnataka,2025,10
Bangalore,3W,7.99,86.38,43.4,2,2,public_fast,62.13,9.48,9.52,7.87,humid,0.685,high,49.48,1,Karnataka,2022,10
Bangalore,3W,7.07,105.08,30.93,3,1,public_fast,58.04,1.89,4.75,9.06,clear,0.147,middle,42.43,0,Karnataka,2020,2
Bangalore,3W,7.41,85.65,23.66,2,4,home,223.43,0.57,3.79,9.2,rainy,0.488,middle,40.02,0,Karnataka,2024,7
Bangalore,3W,7.99,86.98,8.31,3,4,public_fast,57.69,0.49,1.45,9.21,clear,0.24,middle,61.36,0,Karnataka,2023,8
Bangalore,3W,6.17,74.61,13.96,2,7,public_fast,105.9,0.33,2.93,8.8,rainy,0.146,high,33.34,1,Karnataka,2022,8
Bangalore,3W,7.68,74.03,30.82,3,4,home,395.62,0.09,4.94,10.22,clear,0.039,high,46.11,0,Karnataka,2026,8
Bangalore,3W,8.8,101.21,74.28,5,2,home,312.47,0.92,4.28,6.52,humid,0.413,high,52.82,0,Karnataka,2021,5
Bangalore,3W,6.72,82.82,38.61,2,4,public_slow,101.06,0.49,5.08,7.71,humid,0.28,middle,40.31,0,Karnataka,2025,9
Bangalore,3W,5.89,82.51,13.56,2,4,public_fast,86.91,0.05,2.2,9.91,humid,0.28,middle,35.35,0,Karnataka,2025,3
Bangalore,3W,7.52,84.17,37.4,3,5,public_slow,193.17,0.67,7.09,9.85,clear,0.407,high,45.13,1,Karnataka,2026,4
Bangalore,3W,8.16,105.84,32.01,2,4,public_fast,181.3,0.83,4.89,7.22,rainy,0.399,high,44.04,0,Karnataka,2020,8
Bangalore,3W,7.74,85.59,20.17,4,3,home,258.52,6.9,3.43,7.78,extreme_heat,0.388,middle,41.82,0,Karnataka,2024,1
Bangalore,3W,6.75,95.2,15.36,4,3.29,public_fast,63.94,0.53,2.11,8.01,clear,0.376,low,40.52,0,Karnataka,2022,8
Bangalore,3W,7.76,89.61,30,2,4,public_fast,50.81,5.22,5.22,7.19,humid,0.122,low,44.94,0,Karnataka,2022,8
Bangalore,3W,7.36,95.82,22.35,4,2,home,250.63,0.27,3.3,3.24,clear,0.28,high,44.15,0,Karnataka,2019,2
Bangalore,3W,8.77,100.22,42.8,3,2,home,309.77,0.67,4.28,7.02,humid,0.28,middle,52.6,0,Karnataka,2019,2
Bangalore,3W,7.7,84.37,39.28,3,4,home,233.77,1.74,5.33,7.79,extreme_heat,0.389,low,39.26,0,Karnataka,2026,10
Bangalore,3W,9.97,87.63,4.51,3,4,public_slow,194.63,2.01,0.65,7.35,rainy,0.06,low,53.82,0,Karnataka,2021,2
Bangalore,3W,6.8,91.59,19.7,4,3,public_slow,117.02,4.99,3.69,8.62,humid,0.343,high,40.8,0,Karnataka,2021,5
Bangalore,3W,7.45,80.17,12.09,1,3,public_fast,64.64,2.28,1.94,8.58,clear,0.203,middle,44.67,0,Karnataka,2024,9
Bangalore,3W,8.22,95.2,34.61,3,3,home,354.34,0.57,5.14,7.7,clear,0.372,middle,49.31,0,Karnataka,2021,2
Bangalore,3W,9.34,92.56,23.17,1,4,public_fast,181.3,0.49,4.18,7.49,humid,0.3,high,56.07,0,Karnataka,2021,4
Bangalore,3W,8.47,101.74,29.31,2,5,public_fast,57.95,0.17,4.59,7.79,clear,0.197,middle,50.84,0,Karnataka,2022,6
Bangalore,3W,8.27,84.18,21.48,2,6,home,287.91,1.69,3.31,8.38,humid,0.333,middle,49.61,0,Karnataka,2025,7
Bangalore,3W,9.23,94.48,20.71,2,2,home,289.53,2.34,3.96,6.98,extreme_heat,0.162,low,47.07,0,Karnataka,2022,12
Bangalore,3W,7.84,94.16,25.82,3,3,home,295.86,0.02,5.4,8.08,humid,0.075,low,47.07,0,Karnataka,2021,3
Bangalore,3W,7.95,91.36,25.82,3,2,public_fast,74.85,0.71,5.36,9.66,humid,0.188,low,47.73,0,Karnataka,2024,2
Bangalore,3W,7.71,81.89,7.86,2,5,public_fast,84.7,2.33,1.5,8.58,clear,0.347,middle,46.26,0,Karnataka,2025,7
Bangalore,3W,7.42,90.76,6.75,1,4,home,174.21,0.61,0.99,5.7,clear,0.282,low,44.53,0,Karnataka,2021,3
Bangalore,3W,8.08,95.15,23.99,3,2,public_slow,162.91,2.33,4.16,4.3,humid,0.25,middle,48.49,0,Karnataka,2019,2
Bangalore,3W,7.99,87.92,65.29,3,5,public_fast,64.08,1.62,4.11,7.79,clear,0.342,low,63.47,1,Karnataka,2026,8
Bangalore,3W,7.38,93.41,20.87,4,1,home,364.23,1.49,3.24,4.76,extreme_heat,0.75,low,37.64,0,Karnataka,2019,8
Bangalore,3W,8.65,104.33,19.91,3,2,home,296.48,2.27,3.41,5.64,clear,0.401,low,51.91,0,Karnataka,2022,8
Bangalore,3W,9.76,82.17,17.27,2,5,home,285.5,3.66,2.41,7.73,extreme_heat,0.322,middle,49.78,1,Karnataka,2025,10
Bangalore,3W,8.73,96.16,40.45,3,3,public_fast,57.32,0.12,7.77,8,clear,0.28,high,52.4,0,Karnataka,2023,3
Bangalore,3W,8.46,90.21,30.72,3,4,home,263.17,2.83,5.89,6.95,rainy,0.105,middle,45.69,0,Karnataka,2023,12
Bangalore,3W,6.93,84.04,25.57,2,5,public_slow,177.06,0.45,4.43,5.96,clear,0.278,middle,41.6,0,Karnataka,2025,3
Bangalore,3W,8.02,94,8.07,3,2,home,284.4,1.28,1.37,7.3,clear,0.39,low,44.94,0,Karnataka,2021,12
Bangalore,3W,9.68,102.02,21.84,1,3,public_slow,183.82,3.51,3.33,6.89,extreme_heat,0.567,middle,49.35,0,Karnataka,2020,1
Bangalore,3W,8.7,104.62,32.17,2.51,3,public_fast,23.59,1.94,4.51,5.78,extreme_heat,0.32,low,44.36,0,Karnataka,2019,8
Bangalore,3W,9.15,94.9,10.07,5,2,home,331.8,3.58,1.55,6.19,clear,0.428,low,54.9,0,Karnataka,2019,2
Bangalore,3W,8.31,95.12,28.69,3,4,public_fast,55.03,1.53,5.24,7.52,extreme_heat,0.061,low,42.39,0,Karnataka,2022,4
Bangalore,3W,7.99,84.83,5.93,3,5,home,51.71,1.69,1.21,9.44,clear,0.394,low,54.33,0,Karnataka,2026,7
Bangalore,3W,7.15,87.73,36.29,2,3,home,181.3,0.93,5.23,9.68,rainy,0.269,low,38.62,0,Karnataka,2025,7
Bangalore,3W,8.12,81.89,33.77,2,5,public_slow,172.17,1.25,4.82,8.12,clear,0.278,middle,48.73,0,Karnataka,2023,8
Bangalore,3W,6.94,97.66,45.58,3,2,home,267.6,3.55,8.77,4.78,rainy,0.078,middle,37.49,1,Karnataka,2020,5
Bangalore,3W,7.16,87.87,14.43,4,5,public_fast,27.94,1.45,3.89,8.7,rainy,0.159,middle,38.67,0,Karnataka,2023,12
Bangalore,3W,7.99,82.28,48.07,2,4,home,343.92,0.9,9.34,9.29,humid,0.288,middle,51.75,0,Karnataka,2026,11
Bangalore,3W,7.6,98.13,48.66,3,3,home,375.26,4.2,7.49,5.52,extreme_heat,0.273,high,38.75,1,Karnataka,2022,3
Bangalore,3W,7.05,98.52,12.28,3,2,home,292.71,0.6,1.76,4.92,rainy,0.303,high,38.05,0,Karnataka,2020,5
Bangalore,3W,8.05,86.05,17.1,3,4,public_fast,34.24,0.67,3.98,7.96,rainy,0.417,middle,43.48,0,Karnataka,2023,4
Bangalore,3W,8.44,95.85,42.37,4,3,public_slow,157.15,1.99,7.27,4.73,rainy,0.224,high,45.57,0,Karnataka,2021,11
Bangalore,3W,7.8,104.72,25.09,2.51,2,home,227.32,0.67,3.35,6.54,extreme_heat,0.406,low,39.8,0.19,Karnataka,2020,1
Bangalore,3W,7.45,97.72,19.51,3,3,public_fast,42.56,1.28,4.86,6.2,extreme_heat,0.693,low,38.01,0,Karnataka,2021,8
Bangalore,3W,9.04,92.23,13.31,3,3,home,229.97,2.99,2.53,6.81,extreme_heat,0.28,high,46.08,0,Karnataka,2021,4
Bangalore,3W,8.66,103.38,16.69,3,2,public_slow,207.64,0.65,2.61,5.35,humid,0.132,middle,51.94,0,Karnataka,2019,11
Bangalore,3W,7.12,96.1,26.91,4,2,home,256.82,2.62,3.72,9.03,rainy,0.296,low,38.43,0,Karnataka,2023,9
Bangalore,3W,7.26,82.18,12.75,3,4,public_slow,192.92,0.24,2.01,9.13,humid,0.213,high,43.56,0,Karnataka,2026,2
Bangalore,3W,8.9,89.92,19.26,1,5,public_fast,83.64,0.05,3.17,7.87,rainy,0.11,low,48.06,0,Karnataka,2023,1
Bangalore,3W,5.73,100.69,12.86,2,2,public_fast,85.01,1.99,1.7,5.95,clear,0.393,low,34.35,0,Karnataka,2020,6
Bangalore,3W,8.31,93.8,9.12,2,4,public_fast,82.06,3.6,1.38,6.41,clear,0.104,low,49.87,0,Karnataka,2019,5
Bangalore,3W,6.96,80.62,21.55,2,4,public_fast,75.99,1.29,3.94,9.35,clear,0.243,low,41.79,0,Karnataka,2025,10
Bangalore,3W,8.21,80.51,107.76,3,5,home,447.11,0.93,5.21,10.91,humid,0.067,low,49.25,1,Karnataka,2026,4
Bangalore,3W,8.99,87.19,44.44,3,4,public_fast,99.56,1.99,6.58,9.64,extreme_heat,0.073,middle,45.87,0,Karnataka,2024,9
Chennai,3W,7.48,86.05,59.48,1,5,home,273.27,0.88,12.02,10.95,rainy,0.562,middle,44.94,1,Tamil Nadu,2026,6
Chennai,3W,8.88,89.61,62.34,3,2,home,330.96,1.25,3.42,4.44,rainy,0.288,low,47.97,0,Tamil Nadu,2019,4
Chennai,3W,7.61,84.62,39.21,2,4,public_slow,196.28,0.02,7.18,8.53,extreme_heat,0.13,high,38.82,0,Tamil Nadu,2026,7
Chennai,3W,8.18,76.27,20.93,4,7,public_slow,233.62,0.75,3.14,8.2,humid,0.278,low,49.06,0,Tamil Nadu,2026,8
Chennai,3W,5.01,93.07,1,3,4,home,346.64,0.01,0.15,7.47,humid,0.429,low,30.05,0,Tamil Nadu,2021,9
Chennai,3W,7.99,81.53,31.29,2,4,home,376.77,9.28,5.15,10.04,rainy,0.236,low,47.3,0,Tamil Nadu,2025,10
Chennai,3W,6.99,98.19,31.25,5,1,public_fast,40.35,2.03,3.92,7.12,rainy,0.469,middle,37.72,0,Tamil Nadu,2019,7
Chennai,3W,7.61,83.47,34.5,2,3,public_fast,93.57,1.55,5.1,6.59,extreme_heat,0.488,high,38.82,0,Tamil Nadu,2024,3
Chennai,3W,9.15,89.61,10.73,2,1,public_slow,164.28,0.81,1.65,5.78,extreme_heat,0.145,low,46.65,0,Tamil Nadu,2020,12
Chennai,3W,9,98.45,30.49,2,3,public_fast,42.02,0.18,6.47,7.87,clear,0.341,middle,54.01,0,Tamil Nadu,2021,2
Chennai,3W,8.44,76.91,14.72,4,6,public_fast,72.28,0.43,2.45,7.25,extreme_heat,0.229,middle,44.94,0.19,Tamil Nadu,2026,4
Chennai,3W,7.99,97.12,22.04,1,3,public_slow,113.15,5.4,2.96,9.54,rainy,0.204,low,52.22,0,Tamil Nadu,2022,6
Chennai,3W,7.67,90.1,15.73,4,4,home,181.3,0.26,2.23,9.08,clear,0.066,low,46.05,0,Tamil Nadu,2025,6
Chennai,3W,8.67,82.36,51.56,1,3,home,227.83,1.18,7.67,10.16,humid,0.1,low,52,0,Tamil Nadu,2026,11
Chennai,3W,9.55,74.91,58.06,1,5,home,358.54,0.52,7.85,9.9,clear,0.387,low,57.27,1,Tamil Nadu,2026,6
Chennai,3W,8.18,74.64,16.18,2,6,public_fast,78.72,1.1,2.81,8.38,extreme_heat,0.321,high,41.71,1,Tamil Nadu,2026,12
Chennai,3W,7.44,80.44,19.93,3,4,public_fast,84.58,0.21,5.35,9.46,extreme_heat,0.233,high,37.95,0,Tamil Nadu,2025,10
Chennai,3W,9.47,93.85,63.98,3,1,public_slow,207.75,0.25,12.57,7.71,rainy,0.423,high,51.13,0,Tamil Nadu,2021,9
Chennai,3W,7.32,82.6,1,4,3,public_fast,20.38,1.05,0.15,8.46,extreme_heat,0.441,low,37.34,0,Tamil Nadu,2022,8
Chennai,3W,6.16,96.08,26.96,2,1,public_fast,40.71,1.05,4.9,5.95,clear,0.407,low,36.96,0.19,Tamil Nadu,2019,3
Chennai,3W,9.52,88.9,4.97,2,2,public_slow,157.49,1.2,0.65,9.1,extreme_heat,0.451,high,48.56,0,Tamil Nadu,2022,8
Chennai,3W,8.47,82.88,44.4,2,4,public_fast,76.71,1.21,6.36,7.22,clear,0.072,low,50.84,0,Tamil Nadu,2023,9
Chennai,3W,7.94,79.24,28.63,3,4,public_fast,54.68,1.99,4.37,9.41,clear,0.28,low,47.65,0,Tamil Nadu,2026,10
Chennai,3W,7.08,82.5,19.97,2,4,home,181.3,0.98,3.05,8.59,clear,0.466,low,42.47,0,Tamil Nadu,2025,12
Chennai,3W,9,98.38,1,2,2,public_slow,185.91,0.26,0.19,6.04,clear,0.129,high,54,0,Tamil Nadu,2021,3
Chennai,3W,7.37,73.35,28.67,4,5,public_fast,73.7,0.17,3.93,10.38,rainy,0.186,low,39.82,1,Tamil Nadu,2026,3
Chennai,3W,9.04,97.16,6.36,3,1,public_fast,40.46,1.25,0.9,6.76,rainy,0.432,middle,48.8,0,Tamil Nadu,2021,3
Chennai,3W,9.16,89.83,32.37,3,3,home,446.92,0,7.37,7.1,extreme_heat,0.581,middle,46.7,0,Tamil Nadu,2024,4
Chennai,3W,6.8,91.48,33.01,2,3,public_fast,50.99,1.13,4.38,5.2,extreme_heat,0.031,low,34.67,0,Tamil Nadu,2019,11
Chennai,3W,9.89,89.28,42.28,3,2,public_fast,52.67,0.71,5.78,6.69,extreme_heat,0.398,middle,50.42,0,Tamil Nadu,2022,8
Chennai,3W,7.88,79.68,25.82,3,1,home,368.8,2.45,1.63,7.71,extreme_heat,0.362,low,40.21,0,Tamil Nadu,2019,3
Chennai,3W,9.07,89.61,1,3,5,public_slow,181.3,9.37,0.15,8.12,extreme_heat,0.172,low,46.28,1,Tamil Nadu,2025,8
Chennai,3W,7.72,74.28,17.42,4,5,public_slow,196.09,0.46,2.25,10.45,humid,0.141,low,46.31,1,Tamil Nadu,2026,1
Chennai,3W,8.58,92.69,43.31,3,3,public_slow,203.84,0.12,8.54,7.53,extreme_heat,0.138,high,43.74,0,Tamil Nadu,2023,2
Chennai,3W,6.47,82.84,19.96,3,6,public_fast,84.99,1.7,2.81,10.77,rainy,0.075,high,34.94,0,Tamil Nadu,2026,1
Chennai,3W,9.39,89.43,34.53,5,5,home,329.39,3.53,5.83,8.16,extreme_heat,0.315,low,56.36,1,Tamil Nadu,2024,7
Chennai,3W,6.88,74.29,24.88,3,5,public_slow,176.06,3.93,4.02,9.44,rainy,0.148,low,37.13,1,Tamil Nadu,2025,5
Chennai,3W,8.95,90.61,25.82,3,2,home,302.39,1.68,4.69,6.76,humid,0.135,high,53.72,0,Tamil Nadu,2022,8
Chennai,3W,9.33,99.71,46.53,2,4,public_fast,62.87,0.89,4.28,5.84,clear,0.307,low,56,0,Tamil Nadu,2022,8
Chennai,3W,7.96,95.94,20.29,2,2,public_slow,172.09,1.86,4.15,7.25,clear,0.312,middle,47.74,0,Tamil Nadu,2022,1
Chennai,3W,7.83,62.06,28.74,2,6,home,246.54,0.99,4.63,11.06,extreme_heat,0.348,middle,39.94,1,Tamil Nadu,2026,3
Chennai,3W,7.99,94.85,11.49,4,2,home,270.81,0.64,1.24,6.9,clear,0.312,middle,46.97,0,Tamil Nadu,2021,2
Chennai,3W,8.97,95.54,35.66,1,3,public_slow,203.88,4.77,6.28,8.39,extreme_heat,0.469,low,48.42,1,Tamil Nadu,2022,8
Chennai,3W,9.33,83.3,37.4,2,3,public_fast,31.13,0.83,5.64,8.02,extreme_heat,0.472,high,47.59,0,Tamil Nadu,2024,8
Chennai,3W,8.25,101.08,26.75,1,2,home,283.26,0.45,3.17,7.18,clear,0.135,low,49.52,0,Tamil Nadu,2019,1
Chennai,3W,7.17,92.41,33.49,3,3,public_slow,138.31,0.44,5.57,6.68,extreme_heat,0.522,high,36.55,0,Tamil Nadu,2023,4
Chennai,3W,7.2,102.27,21.21,2,1,home,372.6,1.09,3.44,6.69,extreme_heat,0.056,middle,36.7,0,Tamil Nadu,2021,7
Chennai,3W,7.13,85.6,6.2,2,3,home,196.91,4.79,0.98,6.03,humid,0.189,middle,42.8,0,Tamil Nadu,2020,3
Chennai,3W,8.26,104.75,2.57,2,1,home,326.06,2.77,0.59,6.26,rainy,0.21,low,44.6,0,Tamil Nadu,2019,2
Chennai,3W,9.9,97.71,32.33,1,4,public_slow,186.25,7.76,4.28,8.83,extreme_heat,0.595,high,50.47,0,Tamil Nadu,2024,12
Chennai,3W,9.97,87.66,44.83,3,4,home,277.7,0.55,9.24,9.47,rainy,0.542,low,53.86,0,Tamil Nadu,2024,4
Chennai,3W,9.01,89.15,20.86,2,4,public_fast,70.17,1.92,2.76,9.16,rainy,0.564,low,48.65,0,Tamil Nadu,2022,7
Chennai,3W,7.96,106.02,18.15,2,1,home,181.3,2.3,2.96,4.16,clear,0.176,middle,47.76,0,Tamil Nadu,2019,2
Chennai,3W,9.85,88.3,16.41,3,1,public_slow,157.2,3.16,2.62,4.39,clear,0.326,middle,59.1,0,Tamil Nadu,2020,5
Chennai,3W,7.2,78.17,24.05,2,4,public_slow,253.62,0.3,2.9,8.58,humid,0.28,high,43.17,0,Tamil Nadu,2024,10
Chennai,3W,8.54,89.03,14.11,4,1,public_fast,43.56,1.18,2.02,6.11,rainy,0.462,high,46.11,0,Tamil Nadu,2020,2
Chennai,3W,7.64,77.43,28.79,2,4,public_slow,142.66,0.14,5.34,10.07,extreme_heat,0.28,low,38.95,0,Tamil Nadu,2024,8
Chennai,3W,7.05,87.6,8.09,1,2,home,237.58,1.88,1.21,7.82,rainy,0.352,middle,38.07,0,Tamil Nadu,2022,9
Chennai,3W,10.45,82.55,57,4,3,public_slow,221.02,0.16,8.44,9,clear,0.397,middle,62.71,0,Tamil Nadu,2024,6
Chennai,3W,9.22,90.98,30.96,2,3,home,374.44,2.04,7.55,4.98,clear,0.285,low,55.31,0,Tamil Nadu,2021,3
Chennai,3W,7.99,98.95,35.08,2,1,public_slow,201.15,4.84,5.71,5.87,extreme_heat,0.246,middle,42.79,1,Tamil Nadu,2019,4
Chennai,3W,6.88,97.93,5.9,1,3,home,361.72,0.19,1.02,6.68,rainy,0.139,high,37.16,0,Tamil Nadu,2021,9
Chennai,3W,6.65,86.01,31.78,2,4,public_slow,173.51,0.4,7.88,7.71,humid,0.219,middle,39.91,0,Tamil Nadu,2024,6
Chennai,3W,7.75,82.71,21.25,3,3,public_fast,63.41,0.25,3.2,8.84,extreme_heat,0.03,middle,39.54,0,Tamil Nadu,2025,11
Chennai,3W,6.52,89.96,1,2,1,public_slow,132.77,1.27,0.22,7.89,rainy,0.291,high,35.2,0,Tamil Nadu,2020,11
Chennai,3W,6.26,89.61,61.07,3,3,public_fast,79.03,0.22,11.19,6.42,humid,0.613,low,37.55,0,Tamil Nadu,2020,11
Chennai,3W,8.15,90.93,8.73,2,2,public_fast,64.81,0.23,1.42,6.55,rainy,0.312,middle,43.99,0,Tamil Nadu,2022,3
Chennai,3W,7.23,84.88,37.54,2,3,home,309.42,1.77,5.8,6.69,clear,0.132,middle,43.37,0,Tamil Nadu,2024,12
Chennai,3W,8.04,90.91,12.97,2,2,public_fast,53.11,0.9,1.97,6.71,rainy,0.697,middle,43.43,0,Tamil Nadu,2022,8
Chennai,3W,8.98,94.52,42.16,1,5,public_slow,176.37,8.48,7.22,8.18,extreme_heat,0.201,middle,53.85,1,Tamil Nadu,2023,1
Chennai,3W,7.69,83.82,7.48,3,5,public_fast,70.39,1.99,1.09,7.71,humid,0.306,middle,46.16,0,Tamil Nadu,2026,1
Chennai,3W,8.59,87.31,23.89,3,4,home,284.34,1.74,4.52,7.71,rainy,0.125,middle,46.41,0,Tamil Nadu,2023,7
Chennai,3W,7.92,91.47,28.32,4,1,public_slow,213.48,1.4,5.48,6.65,clear,0.194,low,47.53,0,Tamil Nadu,2022,1
Chennai,3W,9.38,92.78,17.88,2,3,home,407.77,3.82,4.28,5.24,extreme_heat,0.106,low,56.26,0,Tamil Nadu,2020,6
Chennai,3W,7.99,84.6,17.66,3,5,public_slow,194.14,3.5,2.81,6.77,extreme_heat,0.589,high,32.85,1,Tamil Nadu,2024,6
Chennai,3W,8.03,83.64,35.77,2,4,public_slow,144.43,0.35,5.34,9.22,clear,0.526,high,48.17,0,Tamil Nadu,2025,2
Chennai,3W,8.85,102.65,11.11,2,1,public_slow,155.9,4.24,2.12,6.82,humid,0.458,high,53.08,0,Tamil Nadu,2020,9
Chennai,3W,6.79,84.64,35.53,3,4,home,258.75,0.66,6.05,8.35,rainy,0.472,high,36.68,0,Tamil Nadu,2022,8
Chennai,3W,7.67,93.19,24.95,4,2,public_fast,71.25,7.22,2.9,8.69,rainy,0.213,low,41.4,0,Tamil Nadu,2022,4
Chennai,3W,7.68,78.94,12.79,1,5,public_fast,24.9,0.96,2.6,7.71,clear,0.306,middle,46.05,0,Tamil Nadu,2024,11
Chennai,3W,8.47,89.61,23.9,2,5,public_slow,138.67,3.17,5.63,10.43,extreme_heat,0.213,low,43.2,1,Tamil Nadu,2025,3
Chennai,3W,7.46,86.98,12.28,1,4,public_slow,58.83,0.88,1.91,8.09,humid,0.244,low,44.74,0,Tamil Nadu,2022,4
Chennai,3W,8.11,81.65,25.11,3,7,public_fast,60.8,1.1,3.53,8.17,clear,0.254,middle,48.68,0,Tamil Nadu,2025,2
Chennai,3W,7.05,99.06,31.06,4,2,public_slow,181.3,1.91,4.79,7.39,humid,0.391,middle,42.32,0,Tamil Nadu,2020,6
Chennai,3W,8.3,98,23.88,2,2,public_fast,36.18,1.99,3.73,4.88,rainy,0.239,middle,44.81,0.19,Tamil Nadu,2019,11
Chennai,3W,7.94,91.53,36.37,2.51,3,public_fast,61.19,3.6,6.93,5.45,clear,0.126,middle,47.61,1,Tamil Nadu,2021,4
Chennai,3W,7.19,96.51,25.1,4,1,home,254.79,0.28,4.55,5.93,extreme_heat,0.095,high,38.85,0,Tamil Nadu,2019,11
Chennai,3W,8.2,84.77,18.68,2,3.29,public_slow,175.87,1.7,3.52,8.52,humid,0.112,high,49.2,0,Tamil Nadu,2025,4
Chennai,3W,6.58,78.67,30.92,4,3,home,291.88,2.68,4.59,9.87,clear,0.335,middle,39.5,0,Tamil Nadu,2024,1
Chennai,3W,8.73,95.05,27.36,1,3.29,home,318.44,5.22,4.95,6.13,clear,0.567,high,52.36,0,Tamil Nadu,2019,4
Chennai,3W,8.45,85.59,5.73,1,3,public_fast,90.49,0.19,0.9,6.03,rainy,0.291,low,45.63,0,Tamil Nadu,2021,12
Chennai,3W,7.87,85.03,14.97,2,3,public_slow,79.03,0.1,2.21,10.33,extreme_heat,0.355,low,40.14,0,Tamil Nadu,2025,8
Chennai,3W,8.32,94.04,30.87,2,1,public_slow,181.3,0.65,5.2,6.84,humid,0.135,high,49.94,0,Tamil Nadu,2022,1
Chennai,3W,7.99,86.08,24.84,3,4,home,232.35,1.51,5.23,7.36,humid,0.038,low,54.45,0,Tamil Nadu,2024,4
Chennai,3W,8.9,95.24,1,1,3,public_slow,186.69,0.86,0.16,8.48,extreme_heat,0.176,high,45.39,0,Tamil Nadu,2024,7
Chennai,3W,6.87,91.47,38.51,1,1,public_fast,64.85,1.99,7.02,6.98,extreme_heat,0.192,low,35.06,0,Tamil Nadu,2021,8
Chennai,3W,7.92,101.48,41.93,2,1,public_fast,58.29,6.21,7.15,6.21,clear,0.198,high,47.5,1,Tamil Nadu,2020,10
Chennai,3W,8.13,84.34,37.54,2,5,public_fast,82.66,1.55,4.28,9.83,humid,0.433,high,48.75,1,Tamil Nadu,2024,5
Chennai,3W,8.19,81.84,27.91,1,1,public_slow,194.32,1.99,5.82,6.2,extreme_heat,0.32,low,44.21,0,Tamil Nadu,2021,3
Chennai,3W,7.08,87.23,18.48,1,3,home,261.01,5.19,3.33,5.38,clear,0.364,middle,42.47,0,Tamil Nadu,2022,4
Chennai,3W,9.26,70.76,11.84,4,5,public_fast,49.38,1,1.81,10.03,clear,0.579,low,55.56,1,Tamil Nadu,2026,2
Chennai,3W,6.84,80.94,27.8,3,6,home,294.61,1.75,6.15,8.53,extreme_heat,0.104,low,34.9,1,Tamil Nadu,2026,10
Chennai,3W,7.25,88.88,25.82,2,4,public_slow,129.63,0.2,7.05,7.9,rainy,0.267,high,39.13,0,Tamil Nadu,2023,9
Chennai,3W,6.83,89.61,2.01,3,1,home,352.48,0.8,4.28,4.54,humid,0.28,high,40.99,0,Tamil Nadu,2019,7
Chennai,3W,7.15,80.49,33.78,3,7,public_fast,42.3,3.49,6.51,9.12,humid,0.579,middle,42.91,1,Tamil Nadu,2026,7
Chennai,3W,8.61,96.19,46.58,2,3,home,302.2,1.51,7.19,8.54,rainy,0.29,middle,46.48,0,Tamil Nadu,2021,5
Chennai,3W,7.07,101.2,22.86,5,2,public_slow,128.29,0.67,3.85,6.11,rainy,0.108,middle,38.2,0,Tamil Nadu,2019,4
Chennai,3W,7.6,75.76,30.27,2,5,public_slow,219.78,6.68,5.03,7.63,humid,0.134,low,45.61,1,Tamil Nadu,2025,11
Chennai,3W,8.32,91.93,20.24,2,4,public_slow,229.24,2.09,2.9,7.07,extreme_heat,0.295,low,42.41,0,Tamil Nadu,2022,12
Chennai,3W,9.24,103.52,42.69,2,2,home,381.32,3.55,7.23,6.24,extreme_heat,0.139,high,47.1,1,Tamil Nadu,2020,3
Chennai,3W,7.31,99.75,32.94,1,3,public_slow,177.1,1.8,5.39,8.5,extreme_heat,0.318,high,37.26,0,Tamil Nadu,2020,11
Chennai,3W,9.07,89.61,31.5,2,3,home,387.82,1.76,4.49,7.1,rainy,0.489,middle,48.98,0,Tamil Nadu,2022,2
Chennai,3W,7.68,94.69,37.91,3,4,home,168.21,2.53,7.64,7.51,clear,0.261,low,46.09,0,Tamil Nadu,2022,11
Chennai,3W,7.99,89.12,11.07,2,4,public_slow,182.99,3.57,2.08,9.16,clear,0.313,low,57.78,0,Tamil Nadu,2025,7
Chennai,3W,7.64,89.61,7.68,3,2,public_fast,50.95,0.28,1.24,6.8,clear,0.445,low,45.84,0,Tamil Nadu,2020,4
Chennai,3W,7.99,99.71,25.61,5,2,public_slow,177.69,4.46,3.03,5.32,rainy,0.071,low,45.32,0,Tamil Nadu,2022,8
Chennai,3W,8.32,79.37,18.35,1,3,home,331.33,0.58,2.76,9.98,rainy,0.226,high,44.91,0,Tamil Nadu,2024,5
Chennai,3W,6.99,106.15,5.37,3,2,home,317.61,1.16,0.84,7.43,clear,0.182,middle,41.92,0,Tamil Nadu,2021,12
Chennai,3W,7.98,79.33,24.96,3,5,public_fast,62.55,1.94,3.75,10.76,rainy,0.018,middle,43.07,0,Tamil Nadu,2026,9
Chennai,3W,7.92,84.78,17.74,2,2,public_slow,179.41,1.01,2.72,8.51,humid,0.539,middle,47.55,0,Tamil Nadu,2021,3
Chennai,3W,8.08,96.6,21.23,2,2,home,251.29,1.75,4.28,6.15,extreme_heat,0.038,low,41.23,0,Tamil Nadu,2021,2
Chennai,3W,7.42,104.69,41.86,1,1,public_slow,180.71,3.35,8.66,5.43,rainy,0.066,middle,40.06,1,Tamil Nadu,2019,8
Chennai,3W,7.65,97.68,1,1,5,home,301.95,0.91,0.15,5.28,humid,0.175,middle,45.87,0,Tamil Nadu,2020,7
Chennai,3W,8.35,86.46,42.83,3,4,public_fast,70.72,7.37,9.69,7.3,extreme_heat,0.224,middle,42.58,1,Tamil Nadu,2021,12
Chennai,3W,7.55,102.49,21.95,2,2,public_slow,218.65,5.49,3.72,5.73,rainy,0.406,low,40.77,0,Tamil Nadu,2020,8
Chennai,3W,8.39,82.93,41.84,3,5,public_fast,41.59,4.29,5.43,8.29,extreme_heat,0.433,low,42.77,1,Tamil Nadu,2026,1
Chennai,3W,7.72,95.61,16.02,3,3,public_fast,57.91,6.32,2.45,8.66,extreme_heat,0.606,low,46.3,0,Tamil Nadu,2023,9
Chennai,3W,7.96,93.69,21.63,3,4,public_fast,54.82,0.36,3.46,7.35,rainy,0.161,high,43,0,Tamil Nadu,2022,10
Chennai,3W,9.14,94.7,43.09,1,3.29,home,240.24,0.08,8.17,7.83,extreme_heat,0.33,low,46.61,0,Tamil Nadu,2022,8
Chennai,3W,7.63,98.85,56.46,4,2,home,376.21,1.11,8.16,7.69,rainy,0.213,middle,41.2,0,Tamil Nadu,2020,1
Chennai,3W,7.57,85.5,20.8,2,4,home,325.84,4.07,4.47,9.77,humid,0.429,low,45.43,0,Tamil Nadu,2024,7
Chennai,3W,10.61,95.79,1.92,2,2,public_fast,93.46,2.92,0.4,7.56,extreme_heat,0.11,middle,54.13,0,Tamil Nadu,2020,11
Chennai,3W,7.28,80.84,2.06,2,4,public_slow,207.95,4.23,0.33,7.28,clear,0.354,middle,43.67,0,Tamil Nadu,2024,12
Chennai,3W,6.89,76.4,25.82,2,3.29,public_slow,144.25,2.1,4.14,6.82,clear,0.01,low,41.36,0,Tamil Nadu,2024,11
Chennai,3W,8.42,85.49,18.85,3,5,public_fast,61.62,1.79,2.21,8.57,rainy,0.244,low,45.47,0,Tamil Nadu,2024,5
Chennai,3W,8.76,76.07,4.08,2,4,home,350.49,0.61,0.64,9.19,clear,0.343,middle,52.56,0,Tamil Nadu,2026,9
Chennai,3W,7.99,89.61,14.28,4,1,home,337.29,2.05,2.85,7.69,clear,0.398,high,52.39,0,Tamil Nadu,2021,5
Chennai,3W,8.39,97.2,21.08,3,3.29,home,352,0.1,3.67,5.68,extreme_heat,0.05,high,42.8,0,Tamil Nadu,2020,5
Chennai,3W,6.75,80.58,1,3,5,home,382.41,2.01,0.17,9.86,clear,0.36,middle,40.52,0,Tamil Nadu,2024,11
Chennai,3W,7.82,90.72,25.82,3,4,public_slow,209.7,2.29,3.27,7.95,clear,0.28,low,46.93,0,Tamil Nadu,2022,11
Chennai,3W,7.99,93.06,53.63,4,3,home,300.05,0.1,10.37,6.04,humid,0.176,high,51.75,0,Tamil Nadu,2020,6
Chennai,3W,8.92,102.9,17.09,1,1,home,186.8,2.69,2.56,5.15,rainy,0.142,low,48.18,0,Tamil Nadu,2019,8
Chennai,3W,9.34,81.76,1,4,7,public_fast,73.57,1.88,0.14,8.43,extreme_heat,0.387,high,47.61,0,Tamil Nadu,2026,5
Chennai,3W,6.92,95.39,31.2,3,4,public_fast,38.95,0.05,5.83,5.5,rainy,0.082,low,37.37,0,Tamil Nadu,2020,12
Chennai,3W,9.54,95.52,29.97,1,3,public_slow,126.46,6.05,6.79,7.71,clear,0.07,low,57.23,0,Tamil Nadu,2021,8
Chennai,3W,8.41,96.63,36.11,3,2,public_fast,35.86,2.99,6.58,5.24,extreme_heat,0.076,high,42.87,0,Tamil Nadu,2019,10
Chennai,3W,7.66,83.37,22.79,3,3,public_slow,204.2,4.29,4.23,11.33,rainy,0.291,low,41.35,0,Tamil Nadu,2026,9
Chennai,3W,7.77,79.36,42.96,4,2,public_slow,140.1,0.77,7.84,5.57,rainy,0.324,high,41.97,0,Tamil Nadu,2022,5
Chennai,3W,8.79,81.01,13.68,2,6,home,351.06,2.59,2.28,8.85,humid,0.064,middle,52.77,0,Tamil Nadu,2026,8
Chennai,3W,9.21,72.31,1,3,5,home,288.25,1.99,0.18,9.76,rainy,0.085,high,49.73,1,Tamil Nadu,2026,12
Chennai,3W,10.05,73.29,36.42,3,6,home,283.42,6.98,8.18,9.12,rainy,0.28,middle,54.28,1,Tamil Nadu,2026,11
Chennai,3W,8.99,90.77,2.6,2.51,3.29,public_fast,74.92,3.71,0.62,9.97,extreme_heat,0.54,high,45.83,0,Tamil Nadu,2024,8
Chennai,3W,7.98,88.67,21.49,5,3,public_fast,60.72,0.69,3.82,8.64,rainy,0.662,low,43.11,0,Tamil Nadu,2023,7
Chennai,3W,7.49,81.25,4.66,2,4,public_slow,185.72,2.1,0.68,7.31,rainy,0.466,high,40.44,0,Tamil Nadu,2024,7
Chennai,3W,9.01,82.08,10.75,3,6,public_slow,190.42,0.88,1.75,8.49,rainy,0.242,middle,48.63,0,Tamil Nadu,2026,4
Chennai,3W,9.16,84.75,17.11,3,6,public_fast,84.76,1.64,2.26,8.6,clear,0.238,high,54.97,0,Tamil Nadu,2024,10
Chennai,3W,7.7,93.26,5.56,3,3,home,237.8,0.51,0.83,7.5,rainy,0.105,low,41.57,0,Tamil Nadu,2021,7
Chennai,3W,7.11,77.49,22.58,2,5,home,196.9,1.99,3.56,9.73,rainy,0.112,low,38.41,1,Tamil Nadu,2025,3
Chennai,3W,7.43,87.64,14.73,3,3,public_fast,85.92,0.02,2.33,8.2,rainy,0.371,high,40.12,0,Tamil Nadu,2023,11
Chennai,3W,8.34,98.51,31.13,3,5,public_slow,217.55,0.03,5,7.9,clear,0.279,low,50.07,0,Tamil Nadu,2021,8
Chennai,3W,9.04,89.61,26.76,3,5,public_fast,60.32,5.77,5.97,9.53,extreme_heat,0.513,low,46.1,1,Tamil Nadu,2024,10
Chennai,3W,7.8,87.53,23.86,3,1,public_fast,105.67,2.06,3.67,6.1,extreme_heat,0.253,low,39.78,0,Tamil Nadu,2020,4
Chennai,3W,7.35,102.15,7.08,3,1,home,344.45,5.23,1.96,6.05,rainy,0.375,low,39.71,0.19,Tamil Nadu,2019,7
Chennai,3W,9.38,71.13,1,2,3,public_fast,81.62,0.2,0.24,10.46,extreme_heat,0.197,low,47.86,0,Tamil Nadu,2026,6
Chennai,3W,6.94,91.7,5.81,3,2,public_fast,55.02,4.25,1.15,5.39,extreme_heat,0.262,high,35.4,0,Tamil Nadu,2020,2
Chennai,3W,9.51,99.77,28.73,2,4,home,172.32,1.99,8.13,8.7,clear,0.31,high,57.05,0,Tamil Nadu,2020,3
Chennai,3W,6.43,82.05,66.45,1,2,home,226.35,0.22,4.33,6.44,clear,0.279,high,38.57,0,Tamil Nadu,2025,12
Chennai,3W,7.49,103.37,14.3,2,3,public_fast,52.77,2.79,3.88,4.79,extreme_heat,0.2,low,38.18,0,Tamil Nadu,2019,3
Chennai,3W,7.12,78.19,44.86,3,7,public_fast,53.36,1.99,7.37,11,humid,0.305,low,42.7,1,Tamil Nadu,2026,9
Chennai,3W,8.85,98.31,1,1,2,public_slow,246.49,1.99,0.14,6.78,clear,0.525,high,53.12,0,Tamil Nadu,2020,10
Chennai,3W,8.3,78.77,12.64,4,5,public_fast,53.34,1.84,2.16,9.33,humid,0.033,middle,49.81,0,Tamil Nadu,2022,8
Chennai,3W,6.98,75.65,25.82,3,4,public_slow,141.93,0.79,4.36,7.72,extreme_heat,0.097,low,35.61,0,Tamil Nadu,2023,7
Chennai,3W,8.31,88.96,1,1,2,home,210.61,4.98,0.16,7.81,extreme_heat,0.226,middle,42.4,0,Tamil Nadu,2023,3
Chennai,3W,8.29,88.67,35.73,2,3,public_slow,213.6,0.03,4.63,7.87,extreme_heat,0.393,low,42.28,0,Tamil Nadu,2023,6
Chennai,3W,8.3,78.48,30.79,3,3,home,352.84,1.99,4.76,7.68,clear,0.241,low,49.81,0,Tamil Nadu,2023,12
Chennai,3W,9.36,97,24.52,1,3,home,152.97,0.92,3.17,5.5,humid,0.446,middle,56.14,0.19,Tamil Nadu,2020,2
Chennai,3W,8.73,89,5.15,4,5,public_fast,39.84,4.01,1.04,8.1,humid,0.314,low,52.37,1,Tamil Nadu,2025,10
Chennai,3W,7.95,104.5,6.63,4,2,public_fast,86.86,2.77,1.39,6.1,rainy,0.604,low,42.91,0,Tamil Nadu,2019,4
Chennai,3W,8.2,75.95,35.65,1,6,home,260.96,6,4.65,10.34,clear,0.424,middle,49.21,1,Tamil Nadu,2024,7
Chennai,3W,8.68,88.78,43.7,1,3,public_slow,189.2,1.11,6.94,6.79,rainy,0.15,low,46.89,0,Tamil Nadu,2022,3
Chennai,3W,7.17,85.92,11.21,3,4,public_fast,57.45,3.17,3,10.62,extreme_heat,0.204,middle,36.56,0,Tamil Nadu,2024,7
Chennai,3W,6.72,94.77,28.72,3,1,public_fast,31.27,4.75,4.93,7.42,extreme_heat,0.28,low,34.29,1,Tamil Nadu,2020,9
Chennai,3W,8.64,89.35,40.09,4,6,home,225.06,3.86,5.6,10.21,clear,0.306,middle,51.86,1,Tamil Nadu,2026,12
Chennai,3W,7.66,81.59,24.09,2,3,public_slow,264.1,2.38,3.01,6.95,clear,0.149,low,45.95,0,Tamil Nadu,2023,1
Chennai,3W,7.77,73.1,26.53,4,5,public_slow,269.55,2.25,3.87,8.05,extreme_heat,0.125,low,39.64,0.19,Tamil Nadu,2025,5
Chennai,3W,7,94.41,6.64,1,2,home,290.22,0.91,1.12,7,humid,0.032,high,41.99,0,Tamil Nadu,2022,2
Chennai,3W,8.16,76.87,8.86,1,6,public_slow,241.49,0.05,1.53,7.63,extreme_heat,0.141,middle,48.94,0,Tamil Nadu,2026,8
Chennai,3W,8.56,94.9,26.43,3,3,public_slow,133.08,0.83,3.88,5.58,humid,0.064,high,51.39,0,Tamil Nadu,2022,5
Chennai,3W,7.49,91.95,1,2.51,2,home,378.66,1.51,0.15,7.48,rainy,0.266,high,40.44,0,Tamil Nadu,2021,2
Chennai,3W,8.33,89.61,5.45,3,2,public_slow,176.58,1.67,0.84,8.15,extreme_heat,0.269,low,42.48,0,Tamil Nadu,2022,8
Chennai,3W,8.96,85.13,29.03,2,3,home,395.25,4.07,6.27,7.24,clear,0.485,middle,53.74,0,Tamil Nadu,2021,8
Chennai,3W,7.98,89.2,12.38,3,2,public_slow,204.51,1.5,2.43,8.61,humid,0.28,high,47.86,0,Tamil Nadu,2022,8
Chennai,3W,7.01,69.35,3.9,2,5,public_fast,45.66,0.41,0.72,9.13,rainy,0.384,low,37.83,0.19,Tamil Nadu,2025,5
Chennai,3W,8.72,78.44,35.48,3,5,home,301.78,0.33,1.68,9.34,rainy,0.27,middle,47.09,1,Tamil Nadu,2025,12
Chennai,3W,8.83,89.61,30.25,3,1,public_fast,181.3,4.52,6,5.94,rainy,0.04,high,47.68,0.19,Tamil Nadu,2019,10
Chennai,3W,8.05,86.42,24.92,3,2,public_slow,176.66,0.23,4.87,6.83,humid,0.147,middle,48.31,0,Tamil Nadu,2023,11
Chennai,3W,8.62,95.11,39.59,3,1,public_fast,56.72,0.77,9.46,4.23,rainy,0.362,low,46.54,0,Tamil Nadu,2019,12
Chennai,3W,7.4,82.63,23.14,3,3.29,public_slow,245.58,0.19,5,8.83,rainy,0.236,low,44.94,0,Tamil Nadu,2025,9
Chennai,3W,7.39,86.94,16.04,3,3,home,276.39,1.5,2.75,6.48,clear,0.181,low,44.34,0,Tamil Nadu,2020,1
Chennai,3W,7.39,92.24,2.3,2,4,public_slow,154.38,0.71,0.36,5.14,humid,0.552,middle,44.34,0,Tamil Nadu,2020,10
Chennai,3W,7.46,88.71,47.01,1,6,public_slow,176.02,0.63,7.55,9,humid,0.184,middle,44.94,1,Tamil Nadu,2024,2
Chennai,3W,8.75,88.17,16.37,1,2,home,298.09,0.26,2.12,7.1,rainy,0.61,low,47.24,0,Tamil Nadu,2021,11
Chennai,3W,9.04,87.82,26.45,5,1,home,401.11,1.35,3.91,6.55,humid,0.282,high,54.23,0,Tamil Nadu,2022,12
Chennai,3W,8.4,92.8,40.6,3,3,public_slow,107.8,0.07,6.47,8.57,rainy,0.394,high,45.34,0,Tamil Nadu,2021,6
Chennai,3W,7.79,93.78,19.82,2,2,public_slow,165.48,3.32,3.84,6.01,clear,0.442,middle,46.72,0,Tamil Nadu,2020,10
Chennai,3W,7.56,79.79,25.82,3,4,home,181.3,3.08,1.77,9.58,clear,0.104,high,45.37,0,Tamil Nadu,2025,9
Chennai,3W,6.86,75.53,39.58,3,5,home,331.26,2.19,5.9,7.89,clear,0.208,middle,41.18,1,Tamil Nadu,2025,6
Chennai,3W,7.73,100.27,3.74,3,1,public_fast,34.89,1.99,4.28,6.1,clear,0.476,low,46.39,0,Tamil Nadu,2019,8
Chennai,3W,7.83,96.54,42.26,3,4,public_slow,185.91,2.21,6.25,7.83,rainy,0.191,middle,42.27,0,Tamil Nadu,2022,12
Chennai,3W,9.34,89.59,22.17,2,5,home,366.35,0.73,3.16,7.93,humid,0.361,low,44.94,0,Tamil Nadu,2024,4
Chennai,3W,7.7,82.45,2.37,2,3.29,public_slow,142.9,1.07,0.47,6.93,extreme_heat,0.523,middle,46.23,0,Tamil Nadu,2022,8
Chennai,3W,9.79,106.19,19.5,3,3,home,357.3,0.32,3.57,7.65,humid,0.28,low,58.75,0,Tamil Nadu,2022,1
Chennai,3W,8.31,80.51,2.3,2,4,public_fast,53.56,0.42,0.42,9.44,extreme_heat,0.054,low,42.4,0,Tamil Nadu,2025,11
Chennai,3W,6.79,98.97,30.07,3,3,public_slow,181.3,4.31,5.45,6.73,rainy,0.403,high,36.65,1,Tamil Nadu,2021,1
Chennai,3W,8.03,71.98,15.49,3,4,home,270.89,1.97,2.74,9.93,extreme_heat,0.747,low,40.94,0,Tamil Nadu,2025,7
Chennai,3W,7.37,88.24,8.72,2,6,public_fast,54.66,5.04,1.28,10.48,extreme_heat,0.349,high,37.57,1,Tamil Nadu,2026,7
Chennai,3W,5.33,77.46,16.29,4,2,public_slow,247.36,0.86,2.4,10.33,rainy,0.246,middle,28.78,0,Tamil Nadu,2025,3
Chennai,3W,8.36,89.61,20.2,2,3,public_slow,110.19,2.53,4.28,8.51,extreme_heat,0.329,low,42.64,0,Tamil Nadu,2022,8
Chennai,3W,8.12,98.84,39.63,3,1,public_slow,235.3,0.5,3.92,7.31,humid,0.105,high,48.7,0,Tamil Nadu,2020,2
Chennai,3W,8.5,76.74,59.7,2,3,home,249.84,2.71,9.57,5.95,humid,0.235,low,51.03,0,Tamil Nadu,2025,5
Chennai,3W,8.19,89.61,25.82,4,1,public_fast,70.83,0.6,3.49,4.73,rainy,0.477,low,44.21,0,Tamil Nadu,2019,5
Chennai,3W,8.51,92.46,50.56,3,6,public_fast,46.09,3.43,10.42,9.43,humid,0.279,middle,51.07,1,Tamil Nadu,2025,10
Chennai,3W,9.35,106.02,42.14,2,4,public_slow,179.04,2.44,6.97,9.56,humid,0.454,low,56.08,0,Tamil Nadu,2021,9
Chennai,3W,7.54,80.12,18.34,2,5,public_fast,49.79,7.34,2.73,9.9,humid,0.394,middle,45.25,1,Tamil Nadu,2026,12
Chennai,3W,6.21,81.04,3.88,4,5,home,286.29,4.13,0.82,7.18,clear,0.399,low,37.26,0.19,Tamil Nadu,2025,3
Chennai,3W,8.96,104.85,155.07,2,4,public_slow,220.73,0.49,7.69,6.43,clear,0.39,middle,53.75,0,Tamil Nadu,2022,8
Chennai,3W,6.76,89.61,4.88,1,3,public_fast,76.43,1.66,0.8,7.25,clear,0.651,low,40.56,0,Tamil Nadu,2022,5
Chennai,3W,9.14,90.01,37.5,5,3,public_fast,41.19,0.26,5.62,7.8,extreme_heat,0.25,low,46.61,0,Tamil Nadu,2023,12
Chennai,3W,7.27,86.85,12.35,3,6,home,401.64,5.54,2.14,7.7,rainy,0.475,middle,39.27,1,Tamil Nadu,2023,8
Chennai,3W,7.44,78.72,35.65,3,6,public_slow,162.03,0.86,6.39,7.71,rainy,0.326,middle,40.19,1,Tamil Nadu,2025,11
Chennai,3W,8.73,89.18,25.82,3,4,public_slow,197.85,3.61,0.14,9.69,extreme_heat,0.407,middle,44.51,0,Tamil Nadu,2024,8
Chennai,3W,7.17,81.79,37.9,5,4,home,317.78,1.66,5.5,8.25,clear,0.28,low,43.03,0,Tamil Nadu,2023,12
Chennai,3W,9.42,79.44,125.72,3,6,home,317.28,17.79,8.7,8.8,extreme_heat,0.639,middle,48.06,1,Tamil Nadu,2026,12
Chennai,3W,8.13,81.11,11.34,1,5,home,181.3,0.82,2.09,9.01,humid,0.271,low,48.76,0,Tamil Nadu,2025,5
Chennai,3W,8.19,91.46,34.31,4,4,public_slow,194.3,2.68,6,5.89,humid,0.273,middle,49.12,0,Tamil Nadu,2020,10
Chennai,3W,7.78,86.83,16.84,1,4,public_fast,71.94,0.39,2.98,11.34,extreme_heat,0.552,high,39.7,0,Tamil Nadu,2026,6
Chennai,3W,7.74,87.23,21.95,2.51,2,home,331.38,0.39,3.67,10.3,humid,0.067,middle,46.45,0,Tamil Nadu,2024,3
Chennai,3W,7.39,95.1,1,2,1,home,47.76,4.4,0.27,7.23,rainy,0.353,high,39.92,0,Tamil Nadu,2020,7
Chennai,3W,10.01,91.25,24.07,2,1,public_slow,178.43,1.44,4.4,6.16,humid,0.716,high,60.03,0,Tamil Nadu,2021,9
Chennai,3W,7.99,96.26,37.42,2,2,public_slow,155.15,2.37,5.99,8.47,extreme_heat,0.259,middle,42.12,0,Tamil Nadu,2021,12
Chennai,3W,5.72,97.17,33.86,2,2,public_slow,188.09,5.77,6.15,4.36,extreme_heat,0.113,high,29.19,1,Tamil Nadu,2019,1
Chennai,3W,9.7,84.12,1,2,3,public_fast,94.6,3.47,0.26,8.01,humid,0.283,middle,58.19,0,Tamil Nadu,2023,7
Chennai,3W,7.88,85.38,16.09,2,5,public_slow,154.36,0.84,2.23,9.54,rainy,0.316,middle,42.57,0,Tamil Nadu,2024,8
Chennai,3W,7,95.47,4.89,2,2,home,314.61,0.96,0.72,6.43,extreme_heat,0.288,middle,35.72,0,Tamil Nadu,2021,10
Chennai,3W,8.08,84.76,34.62,2,2,public_slow,171.37,1.15,5.79,6.92,humid,0.214,middle,48.47,0,Tamil Nadu,2024,6
Chennai,3W,7.08,73.41,45.5,5,5,public_fast,58.38,0.32,8.46,9.02,humid,0.447,low,42.51,1,Tamil Nadu,2025,4
Chennai,3W,7.78,83.18,25.82,2,5,public_fast,92.03,0.04,4.36,10.47,extreme_heat,0.535,high,39.69,1,Tamil Nadu,2026,7
Chennai,3W,7.8,89.82,39.63,1,3,public_fast,93.74,2.43,7.03,7.36,extreme_heat,0.333,low,39.79,0,Tamil Nadu,2023,10
Chennai,3W,8.27,95.4,58.6,3,2,public_fast,73.02,5.78,8.98,6.07,clear,0.007,high,49.64,1,Tamil Nadu,2019,12
Chennai,3W,7.23,99.6,23.24,2,4,public_fast,39.62,3.12,4.82,4.89,rainy,0.562,low,39.05,0,Tamil Nadu,2021,4
Chennai,3W,7.57,99.9,9.23,3,2,public_slow,181.3,0.81,1.73,6.64,rainy,0.136,high,40.88,0,Tamil Nadu,2020,10
Chennai,3W,8.41,84.26,20.12,2,5,public_fast,49.53,0.02,4.2,7.71,clear,0.22,middle,50.44,0,Tamil Nadu,2022,5
Chennai,3W,6.78,101.18,47.45,5,1,home,57.43,0.28,8.28,5.19,clear,0.28,middle,40.67,0,Tamil Nadu,2022,8
Chennai,3W,7.73,86.75,22.6,2,3,public_slow,191.3,5.64,3.67,8.39,clear,0.123,low,46.4,0,Tamil Nadu,2022,9
Chennai,3W,8.51,97.81,22.57,3,2,public_fast,81.54,1.99,3.21,6.41,extreme_heat,0.281,low,43.4,0,Tamil Nadu,2019,8
Chennai,3W,8.95,100.94,25.58,3,3,public_fast,83.39,0.4,5.27,8.11,extreme_heat,0.502,low,45.63,0,Tamil Nadu,2020,3
Chennai,3W,7.16,89.01,16.59,2,2,public_slow,140.75,2.84,2.22,8.19,extreme_heat,0.28,high,36.51,0,Tamil Nadu,2023,5
Chennai,3W,9.12,77.72,13.56,3,4,public_fast,62.18,2.12,1.95,8.41,humid,0.494,low,54.73,0,Tamil Nadu,2024,10
Chennai,3W,9.07,101.97,8.57,3,3,public_slow,112.22,0.09,1.41,6.97,humid,0.094,low,54.44,0,Tamil Nadu,2021,12
Chennai,3W,9.06,93.48,36.22,3,2,public_fast,67.93,0.23,5.9,6.02,clear,0.466,middle,54.38,0,Tamil Nadu,2019,9
Chennai,3W,7.8,93.97,26.54,2,2,public_fast,45.91,0.45,4.11,5.44,rainy,0.668,middle,42.1,0,Tamil Nadu,2020,11
Chennai,3W,7.82,94.22,42.76,4,1,public_slow,120.98,1.12,6.29,7.34,humid,0.331,low,46.94,0,Tamil Nadu,2020,6
Chennai,3W,7.56,90.23,16.76,2,2,public_fast,53.4,4.6,3.73,5.83,humid,0.148,low,45.35,0,Tamil Nadu,2020,3
Chennai,3W,7.99,88.36,7.83,4,3.29,public_fast,77.1,0.02,1.18,8.26,humid,0.056,low,50.14,0,Tamil Nadu,2023,12
Chennai,3W,8.19,100.8,21.03,2,2,public_slow,145.87,1.99,4.54,6.11,extreme_heat,0.115,low,41.78,0,Tamil Nadu,2019,4
Chennai,3W,8.68,88.68,32.62,2,2,public_slow,72.9,0.29,7.99,8.64,humid,0.198,low,52.06,0,Tamil Nadu,2021,5
Chennai,3W,9.3,93.79,19.12,3,3,public_fast,60.19,3.44,3.57,5.98,clear,0.362,low,55.83,0,Tamil Nadu,2022,9
Chennai,3W,8.01,108.56,25.82,3,3,public_slow,136.53,0.32,3.8,7.88,clear,0.216,high,48.09,0,Tamil Nadu,2019,4
Chennai,3W,6.43,84.66,35.58,1,4,public_slow,129.35,2.86,5.83,7.71,clear,0.462,high,38.58,0,Tamil Nadu,2023,8
Chennai,3W,8.56,87.78,3,4,4,home,71.75,3.57,0.17,6.93,rainy,0.061,low,46.24,0,Tamil Nadu,2022,6
Chennai,3W,7.23,89.39,16.32,3,1,public_slow,136.49,1.38,3.4,6.91,rainy,0.383,low,39.07,0,Tamil Nadu,2023,6
Chennai,3W,8.81,86.87,41.4,1,3,home,267.25,3.05,7.03,6.06,extreme_heat,0.212,middle,44.95,1,Tamil Nadu,2022,8
Chennai,3W,7.17,93.31,38.79,2,4,public_fast,104.29,3.04,5.36,6.63,clear,0.069,middle,43,1,Tamil Nadu,2020,4
Chennai,3W,8.19,89.61,5.75,3,3,home,359.13,1.06,1.1,7.69,humid,0.205,high,49.15,0,Tamil Nadu,2023,2
Chennai,3W,6.81,80.62,22.9,3,5,home,405.08,1.99,3.75,8.74,extreme_heat,0.254,middle,34.73,0,Tamil Nadu,2025,10
Chennai,3W,8.06,92.45,3.43,2,5,home,223.57,0.39,0.63,6.86,rainy,0.144,high,43.55,0.19,Tamil Nadu,2024,4
Chennai,3W,7.63,84.79,12.72,2,3,home,313.57,1.99,2.49,10.08,clear,0.332,middle,45.78,0,Tamil Nadu,2024,4
Chennai,3W,8.13,101.25,11.61,1,1,public_slow,193.54,1.74,1.8,6.28,extreme_heat,0.067,middle,41.47,0,Tamil Nadu,2019,1
Chennai,3W,9.27,91.37,10.38,2,2,public_fast,181.3,1.75,1.78,4.82,humid,0.49,middle,55.62,0,Tamil Nadu,2020,1
Chennai,3W,7.97,76.28,26.33,3,3,home,417.22,2.01,5.08,8.29,extreme_heat,0.676,middle,44.94,0.19,Tamil Nadu,2024,7
Chennai,3W,7.55,106.3,22.74,2,2,public_slow,217.13,2.16,5.2,6.88,humid,0.25,low,45.3,0,Tamil Nadu,2020,9
Chennai,3W,7.54,82.9,41.65,1,4,home,315.59,2.49,6.75,4.43,extreme_heat,0.455,high,38.47,0,Tamil Nadu,2022,1
Chennai,3W,8.65,83.23,7.29,2,1,public_fast,39.54,3.43,1.11,6.45,extreme_heat,0.205,high,44.12,0,Tamil Nadu,2021,12
Chennai,3W,8.54,104.67,22.68,3,1,public_slow,141.35,1.09,3.58,6.31,humid,0.203,high,51.26,0,Tamil Nadu,2020,7
Chennai,3W,6.33,105.39,1,3,1,home,249.32,1.14,0.16,7.2,extreme_heat,0.087,low,32.29,0,Tamil Nadu,2019,1
Chennai,3W,7.16,90.34,21.4,1,2,public_fast,48.46,0.43,3.49,6.9,rainy,0.253,middle,38.65,0,Tamil Nadu,2019,2
Chennai,3W,8.26,81.25,38.3,2,5,public_fast,76.6,1.71,6.57,7.06,clear,0.624,middle,49.56,1,Tamil Nadu,2025,7
Chennai,3W,6.84,88.34,25.07,3,3,home,320.69,0.66,9.77,8.19,extreme_heat,0.223,low,34.88,0,Tamil Nadu,2023,10
Chennai,3W,8.35,80.69,28.85,1,5,public_slow,177.13,6.65,4.74,9.62,extreme_heat,0.016,low,42.58,1,Tamil Nadu,2026,2
Chennai,3W,6.86,94.6,33.35,2,3,home,231.83,2.07,5.92,8.23,clear,0.175,middle,41.17,0,Tamil Nadu,2021,8
Chennai,3W,8.85,79.46,45.12,2,6,home,323.69,0.66,7.8,8.64,humid,0.089,middle,53.12,1,Tamil Nadu,2025,3
Chennai,3W,7.99,74.85,34.05,3,5,public_fast,181.3,1.19,5.91,8.76,clear,0.266,middle,50.41,1,Tamil Nadu,2025,9
Chennai,3W,7.27,84.12,36.38,3,5,public_slow,185.23,1.41,6.91,9.1,extreme_heat,0.265,low,37.06,1,Tamil Nadu,2026,2
Chennai,3W,5.91,74.25,16.38,2,4,home,321.12,5.63,2.67,10.12,rainy,0.159,low,31.94,1,Tamil Nadu,2025,9
Chennai,3W,7.33,103.04,38.86,4,2,public_slow,183.08,0.3,5.67,7.28,clear,0.365,low,44.94,0,Tamil Nadu,2019,7
Chennai,3W,7.36,96.05,41.54,2,1,home,359.17,1.43,5.17,5.69,humid,0.228,low,44.19,0,Tamil Nadu,2021,6
Chennai,3W,7.86,85.81,51.76,3,5,public_slow,147.14,3.81,8.35,8.56,extreme_heat,0.289,middle,40.1,1,Tamil Nadu,2025,5
Chennai,3W,8.22,100.26,34.16,1,5,public_slow,154.25,0.06,6.53,7.71,extreme_heat,0.104,middle,44.94,1,Tamil Nadu,2021,9
Chennai,3W,7.56,86.47,28.46,4,5,home,299.78,1.53,4.28,7.4,extreme_heat,0.078,low,38.55,1,Tamil Nadu,2024,7
Chennai,3W,8.44,91.4,37.9,3,2,home,225.32,2.21,6.18,6.81,rainy,0.376,low,45.6,0,Tamil Nadu,2020,5
Chennai,3W,8.85,101.82,31.31,2,2,home,268.2,0.86,5.17,6.8,rainy,0.182,low,47.76,0,Tamil Nadu,2019,12
Chennai,3W,7.42,83.44,12.72,4,3,home,307.06,1.1,2.23,8.74,humid,0.561,low,44.5,0,Tamil Nadu,2024,8
Chennai,3W,9.03,92.88,19.98,2,2,home,209.32,0.57,2.56,8.59,rainy,0.244,high,48.78,0,Tamil Nadu,2023,6
Chennai,3W,8.76,97.55,35.62,4,3,home,307.74,1.25,7.08,6.43,humid,0.092,low,52.53,0,Tamil Nadu,2021,1
Chennai,3W,9.91,74.81,15.75,3,4,home,204.92,0.64,2.32,8.84,rainy,0.149,low,53.49,0,Tamil Nadu,2026,3
Chennai,3W,7.87,83.19,32.79,2,2,public_fast,181.3,0.86,5.84,8.46,clear,0.363,middle,47.25,0,Tamil Nadu,2023,4
Chennai,3W,8.29,74.69,16,1,5,public_fast,103.58,1.81,3,8.72,extreme_heat,0.569,middle,42.28,1,Tamil Nadu,2026,2
Chennai,3W,8.96,107.17,17.52,1,2,home,181.3,0.17,3.14,4.86,rainy,0.291,low,48.38,0,Tamil Nadu,2020,11
Chennai,3W,7.29,78.05,44.72,3,5,home,307.25,3.85,7.43,9.1,clear,0.45,high,43.76,1,Tamil Nadu,2025,8
Chennai,3W,8.46,86.88,33.15,2,5,public_fast,37.27,10.08,5.42,9.25,humid,0.181,low,50.74,1,Tamil Nadu,2026,6
Chennai,3W,7.77,78.01,25.62,2,5,public_slow,144.55,1.94,3.8,9.24,clear,0.115,low,46.63,0,Tamil Nadu,2026,10
Chennai,3W,8.38,89.61,31.1,2,3,home,263.22,0.47,5.42,8.23,extreme_heat,0.004,high,50.26,0,Tamil Nadu,2023,12
Chennai,3W,7.99,93.74,10.68,1,2,public_fast,47.52,5.04,1.84,6.28,extreme_heat,0.59,middle,47.83,0,Tamil Nadu,2019,1
Chennai,3W,8.55,89.39,18.1,2,3,home,219.78,4.06,2.36,7.88,rainy,0.172,middle,46.18,0,Tamil Nadu,2024,6
Chennai,3W,9.17,90.38,19.66,3,3,home,424.03,0.98,3.54,9.79,rainy,0.047,low,49.52,0,Tamil Nadu,2024,4
Chennai,3W,5.97,77.36,35.29,5,4,public_fast,80.34,1.19,5.22,10.24,humid,0.282,high,35.85,0,Tamil Nadu,2025,5
Chennai,3W,7.76,74.43,19.55,3,4,public_slow,182.82,2.9,3.18,7.81,extreme_heat,0.28,middle,39.57,0,Tamil Nadu,2026,1
Chennai,3W,8.86,80.5,14.59,5,3,public_fast,104.53,1.61,2.89,11.82,rainy,0.28,low,47.87,0,Tamil Nadu,2026,1
Chennai,3W,8.49,92.85,40.86,2,3,public_slow,128.02,5.94,8.31,5.98,humid,0.167,high,50.94,1,Tamil Nadu,2021,2
Chennai,3W,6.82,82.72,22.1,2,6,public_slow,151.92,3.24,4,10.3,clear,0.155,middle,40.91,1,Tamil Nadu,2025,11
Chennai,3W,8.53,92.88,32.98,2,3,public_slow,69.77,1.9,5.17,7.5,humid,0.259,middle,51.18,0,Tamil Nadu,2021,5
Chennai,3W,8.36,81.37,1.44,3,4,public_fast,66.53,7.01,0.31,9.64,clear,0.451,low,50.17,0,Tamil Nadu,2025,5
Chennai,3W,11.52,78.8,23.59,2,6,public_fast,62.14,0.14,4.03,7.73,humid,0.252,middle,69.14,0,Tamil Nadu,2024,10
Chennai,3W,7.44,101.61,16.87,3,2,public_slow,218.34,2.37,3.95,7.51,clear,0.35,middle,44.64,0,Tamil Nadu,2021,12
Chennai,3W,6.86,93.67,34.37,2,4,public_slow,213.73,0.99,5.1,7.51,extreme_heat,0.058,high,35,0,Tamil Nadu,2023,4
Chennai,3W,7,69.74,28.76,2,6,home,383.91,0.76,4.45,10.01,extreme_heat,0.265,low,35.72,1,Tamil Nadu,2026,8
Chennai,3W,7.41,97.32,19.23,1,3,public_fast,67.57,1.32,3.41,9.2,humid,0.155,middle,44.44,0,Tamil Nadu,2022,8
Chennai,3W,7.34,90.17,21.17,3,4,home,228.56,0.92,3.09,7.98,humid,0.301,low,44.02,0,Tamil Nadu,2022,8
Chennai,3W,8.21,89.45,31.77,3,5,home,262.05,1.99,6.11,9.91,extreme_heat,0.019,high,41.85,1,Tamil Nadu,2026,1
Chennai,3W,6.42,78.16,38.35,4,3,home,170.73,0.9,10.22,6.69,clear,0.149,low,38.54,0,Tamil Nadu,2022,12
Chennai,3W,8.65,96.42,32.91,2,4,public_fast,85.64,5.74,5.28,7.29,humid,0.128,middle,51.87,0,Tamil Nadu,2022,4
Chennai,3W,8.47,89.61,28.92,4,2,public_slow,188.58,3.49,4.34,7.44,humid,0.26,middle,50.84,0,Tamil Nadu,2022,1
Chennai,3W,9.08,68.62,21.9,1,5,public_slow,172.52,0.34,5.11,9.44,extreme_heat,0.318,middle,46.3,1,Tamil Nadu,2025,9
Chennai,3W,7.06,95.57,2.95,3,2,home,257.56,0.07,0.37,10.05,rainy,0.023,middle,38.12,0,Tamil Nadu,2023,6
Chennai,3W,8.98,83.55,32.92,1,4,public_slow,222.93,2.87,5.22,9.78,extreme_heat,0.11,low,53.88,0.19,Tamil Nadu,2026,8
Chennai,3W,8.65,89.48,36.51,2,2,home,386.01,1.44,5.92,9.82,rainy,0.185,middle,46.69,0,Tamil Nadu,2022,7
Chennai,3W,7.99,84.92,41.86,3,5,public_fast,32.23,0.23,6.96,8.16,humid,0.42,middle,53.05,1,Tamil Nadu,2022,2
Chennai,3W,7.25,91.05,8.43,3,2,home,332.93,2.86,1.23,7.72,rainy,0.266,high,39.15,0,Tamil Nadu,2022,10
Chennai,3W,8.93,89.53,29.63,3,4,home,275.79,0.75,4.61,7.76,rainy,0.472,low,48.25,0,Tamil Nadu,2023,1
Chennai,3W,7.99,84.55,37.55,2,3,public_slow,160.87,0.17,6.32,8.11,extreme_heat,0.6,high,39.25,0,Tamil Nadu,2025,6
Chennai,3W,9.72,79.86,5.76,4,4,public_slow,194.74,0.25,0.79,8.54,rainy,0.839,middle,52.49,0,Tamil Nadu,2024,1
Chennai,3W,7.23,93.79,20.93,5,5,home,290.06,13.81,3.59,7.62,rainy,0.227,high,39.04,1,Tamil Nadu,2021,3
Chennai,3W,9.36,86.74,22.58,1,4,home,246.02,2.11,4.38,8.35,clear,0.482,middle,56.14,0,Tamil Nadu,2024,9
Chennai,3W,7.19,89.61,15.11,2,1,home,311.17,0.41,2.87,6.31,humid,0.151,low,43.14,0,Tamil Nadu,2019,4
Chennai,3W,8.17,93.07,54.25,4,5,public_slow,164.75,2.46,8.87,8.04,rainy,0.31,middle,44.12,1,Tamil Nadu,2023,10
Chennai,3W,7.61,86.32,7.18,2,4,public_slow,174.73,1.11,1.04,9.91,rainy,0.084,middle,41.1,0,Tamil Nadu,2024,6
Chennai,3W,8.5,104.21,34.09,1,3,home,267.13,1.75,5.92,7.85,clear,0.299,middle,51.03,0,Tamil Nadu,2021,8
Chennai,3W,8.01,87.85,11.05,2,3,public_slow,241.76,3.56,1.56,7.68,extreme_heat,0.038,middle,40.85,0,Tamil Nadu,2023,12
Chennai,3W,7.84,92.29,41.48,2,3,public_fast,38.38,1.4,15.01,7.81,rainy,0.372,middle,42.35,0,Tamil Nadu,2021,4
Chennai,3W,9.38,92.23,14.35,1,2,public_slow,201.12,0.85,2.35,5.47,clear,0.357,middle,56.25,0,Tamil Nadu,2020,9
Chennai,3W,8.89,87.85,11.93,2,6,public_fast,20.09,5.55,1.89,9.11,rainy,0.357,low,48.03,1,Tamil Nadu,2024,3
Chennai,3W,9.45,102,40.95,3,1,home,355.21,1.95,5.64,7.71,humid,0.423,high,56.71,0,Tamil Nadu,2019,12
Chennai,3W,7.23,95.7,2.7,2,2,public_fast,60.08,1.15,0.37,7.88,rainy,0.308,low,39.02,0,Tamil Nadu,2022,6
Chennai,3W,7.53,76.15,5.79,2,7,public_slow,172.11,1.27,1.05,7.82,extreme_heat,0.511,low,40.68,0,Tamil Nadu,2025,8
Chennai,3W,6.58,87.96,25.24,3,4,public_fast,64.71,1.29,6.03,8.46,clear,0.103,high,39.47,0,Tamil Nadu,2023,1
Chennai,3W,6.06,84.44,41.66,2,2,home,240.18,2.14,6.21,8.36,clear,0.123,middle,36.36,0,Tamil Nadu,2022,3
Chennai,3W,9.04,90.56,25.72,4,4,public_slow,181.3,2.87,3.53,7.9,humid,0.213,middle,54.27,0,Tamil Nadu,2023,6
Chennai,3W,6.36,84.21,4.09,3,5,public_fast,75.49,1.87,0.78,7.81,humid,0.432,middle,38.13,0,Tamil Nadu,2024,4
Chennai,3W,8.71,93.55,26.04,2,4,public_fast,58.85,3.36,4.32,6.06,extreme_heat,0.232,low,44.41,0,Tamil Nadu,2022,11
Chennai,3W,8.54,87.64,23.09,3,5,home,321.49,1.94,3.53,8.45,rainy,0.281,low,46.13,0,Tamil Nadu,2025,10
Chennai,3W,7.25,96.35,33.62,3,1,home,345.89,0.74,9.27,6.92,extreme_heat,0.217,high,36.98,0,Tamil Nadu,2019,4
Chennai,3W,8.97,88.89,17.87,3,3,public_fast,72.85,0.97,3.98,8.39,extreme_heat,0.229,low,45.75,0.19,Tamil Nadu,2023,3
Chennai,3W,9.3,96.81,32.93,1,1,home,388.74,4.03,5.92,5.53,humid,0.138,middle,55.82,0,Tamil Nadu,2019,6
Chennai,3W,7.97,99.1,33.86,1,1,home,190.47,3.4,4.87,7.83,extreme_heat,0.371,high,40.65,1,Tamil Nadu,2021,8
Chennai,3W,8.43,104.62,29.64,1,1,public_fast,80.37,1.99,3.61,6.61,rainy,0.501,low,45.54,0,Tamil Nadu,2019,2
Chennai,3W,9.5,81.31,24.49,4,4,public_fast,101.38,2.57,3.82,9.38,extreme_heat,0.313,low,48.44,0,Tamil Nadu,2026,2
Chennai,3W,9.57,95.17,29.32,3,4,home,239.74,0.05,6.32,8.64,rainy,0.099,high,51.7,0,Tamil Nadu,2022,5
Chennai,3W,7.57,86.95,33.74,3,3,public_fast,56.57,5.49,5.07,7.05,extreme_heat,0.293,high,44.94,1,Tamil Nadu,2021,10
Chennai,3W,8.33,91.95,21.75,2,3,home,181.3,0.2,4.56,7.71,rainy,0.177,middle,44.96,0,Tamil Nadu,2021,1
Chennai,3W,7.97,98.42,9.38,2,3,public_fast,39.75,2.15,1.58,6.81,clear,0.454,middle,47.81,0,Tamil Nadu,2019,12
Chennai,3W,7,90.99,27.18,4,4,home,326.73,3.09,4.28,8.23,extreme_heat,0.35,low,35.68,1,Tamil Nadu,2023,4
Chennai,3W,7.98,85.61,52.3,4,6,home,376.5,0.29,9.77,9.73,rainy,0.15,middle,43.09,1,Tamil Nadu,2025,2
Chennai,3W,7.99,83.92,16.04,4,5,public_fast,72.93,0.06,2.6,10.29,extreme_heat,0.521,low,40.73,0,Tamil Nadu,2025,1
Chennai,3W,6.97,83.91,34.15,4,5,home,272.23,0.47,6.02,9.84,humid,0.147,low,44.94,0.19,Tamil Nadu,2026,2
Chennai,3W,9.28,89.61,20.79,3,5,public_fast,56.86,1.22,4.6,10.05,humid,0.081,high,55.67,0,Tamil Nadu,2026,5
Chennai,3W,9.16,106.45,10.79,3,3.29,public_fast,90.42,1.52,2.23,5.18,rainy,0.44,middle,49.46,0,Tamil Nadu,2019,9
Chennai,3W,8.22,94.39,1.83,2,3,public_slow,204.73,0.56,0.33,7.79,rainy,0.435,low,44.39,0,Tamil Nadu,2021,10
Chennai,3W,8.02,103.24,18.33,3,1,public_slow,273.87,2.52,4.19,5.36,extreme_heat,0.222,high,40.92,0,Tamil Nadu,2019,10
Chennai,3W,7.69,98.98,3.94,2,4,home,335.83,1.23,0.71,7.19,rainy,0.342,high,41.53,0,Tamil Nadu,2021,3
Chennai,3W,8.58,83.31,1,3,5,public_fast,82.59,0.45,0.18,9.39,clear,0.73,middle,51.51,0,Tamil Nadu,2026,12
Chennai,3W,7.41,93.46,31.09,3,1,public_slow,180.98,3.32,6.74,5.22,clear,0.215,middle,44.47,0,Tamil Nadu,2020,8
Chennai,3W,7.7,97.25,18.02,2,2,public_fast,90.43,0.45,2.62,7.31,extreme_heat,0.213,high,39.29,0,Tamil Nadu,2021,10
Chennai,3W,6.9,85.92,37.93,4,4,home,286.38,0.47,5.97,9.43,extreme_heat,0.353,middle,35.18,0,Tamil Nadu,2026,3
Chennai,3W,7.99,97.42,23.27,3,5,public_fast,57.9,3.64,3.78,8.2,humid,0.501,low,43.69,1,Tamil Nadu,2022,10
Chennai,3W,8.17,93.37,17.16,1,1,public_slow,187.67,0.95,2.64,7.71,extreme_heat,0.211,high,41.66,0,Tamil Nadu,2020,8
Chennai,3W,9.11,89.61,42.93,2,4,home,286.52,0.06,6.23,8.66,extreme_heat,0.488,low,46.47,0,Tamil Nadu,2023,6
Chennai,3W,7.37,77.5,34.58,1,2,public_fast,27.65,1.25,6.98,6.88,humid,0.553,low,44.23,0,Tamil Nadu,2023,2
Chennai,3W,7.03,79.74,23.58,2,5,public_fast,47.74,1.98,4.59,7.91,extreme_heat,0.215,middle,35.88,0,Tamil Nadu,2026,11
Chennai,3W,9.29,83.86,28.89,3,4,public_fast,81.09,2.68,5.37,8.01,rainy,0.198,middle,50.14,0,Tamil Nadu,2024,11
Chennai,3W,8.11,79.37,8.56,2,5,public_fast,69.98,4.29,1.38,7.71,rainy,0.26,low,43.78,1,Tamil Nadu,2025,1
Chennai,3W,10.06,90.02,33.64,2,3,home,326.84,0.53,3.85,6.68,extreme_heat,0.093,low,51.3,0,Tamil Nadu,2022,2
Chennai,3W,8.04,91.84,25.52,3,1,home,290.85,0.06,3.9,8.12,rainy,0.239,low,43.41,0,Tamil Nadu,2019,9
Chennai,3W,7.82,79.18,54.95,2,3,home,293.29,1.81,7.52,7.41,rainy,0.29,low,42.25,0.19,Tamil Nadu,2023,7
Chennai,3W,8.64,89.5,44.6,3,2,public_fast,11.54,2.48,6.06,6.08,extreme_heat,0.597,low,44.09,0,Tamil Nadu,2021,10
Chennai,3W,7.4,90.84,17.62,3,2,public_slow,173.26,1.18,3.31,7.28,clear,0.076,low,44.41,0,Tamil Nadu,2020,10
Chennai,3W,8.64,74.64,1,2.51,5,public_slow,187.72,7.89,0.22,8.45,rainy,0.569,middle,46.67,1,Tamil Nadu,2025,7
Chennai,3W,7.76,85.55,10.33,3,5,home,342.73,0.64,1.92,7.11,rainy,0.157,low,41.93,0,Tamil Nadu,2023,3
Chennai,3W,7.28,101.95,1,3,3.29,public_slow,186.93,0.72,0.19,6.64,rainy,0.181,low,39.34,0,Tamil Nadu,2019,12
Chennai,3W,10.42,92.44,26.64,3,4,public_slow,152.66,0.73,4.47,7.08,extreme_heat,0.337,low,53.15,0,Tamil Nadu,2024,4
Chennai,3W,7.93,94.73,31.55,2,3,public_fast,84.45,3.86,5.56,7.59,extreme_heat,0.079,middle,40.42,1,Tamil Nadu,2020,3
Chennai,3W,8.41,90.12,25.84,1,3,home,236.35,3.35,3.67,7.47,extreme_heat,0.372,middle,42.89,0,Tamil Nadu,2023,5
Chennai,3W,6.91,90.15,10.19,1,3,public_slow,174.12,1.72,1.75,6.12,extreme_heat,0.535,low,35.25,0,Tamil Nadu,2023,7
Chennai,3W,7.67,90.35,39.16,3,4,public_slow,209.11,3.15,5.96,5.6,extreme_heat,0.362,low,39.13,1,Tamil Nadu,2022,8
Chennai,3W,6.39,86.7,7.27,3,3.29,public_fast,68.06,3.54,0.96,7.51,extreme_heat,0.093,middle,32.6,0,Tamil Nadu,2023,9
Chennai,3W,7.5,96.27,32.25,3,1,public_fast,80.42,0.58,4.15,7.53,humid,0.058,low,45.02,0,Tamil Nadu,2020,6
Chennai,3W,7.88,89.61,33.26,4,3,public_slow,186.92,0.02,4.83,6.83,clear,0.119,high,47.26,0,Tamil Nadu,2021,1
Chennai,3W,7.71,96.09,25.86,1,3,public_slow,177.26,2.25,4.54,6.14,extreme_heat,0.351,high,39.32,0,Tamil Nadu,2021,3
Chennai,3W,6.09,88.13,4.86,5,4,public_slow,254.04,0.33,0.66,9,rainy,0.314,low,32.89,0,Tamil Nadu,2024,11
Chennai,3W,8.48,87.26,34.02,3,3,public_slow,220.04,0.52,6.67,6.22,extreme_heat,0.244,low,43.25,0,Tamil Nadu,2019,6
Chennai,3W,10.13,80.31,27.17,2,4,home,380.8,2.66,7.27,7.56,extreme_heat,0.276,middle,51.66,0,Tamil Nadu,2025,2
Chennai,3W,9.59,93.6,8.44,4,2,home,244.16,1.8,1.2,7.33,humid,0.506,low,57.57,0,Tamil Nadu,2020,6
Chennai,3W,8.32,84.26,47.3,2,5,home,249.25,4.81,6.19,9.16,humid,0.404,low,49.93,1,Tamil Nadu,2024,8
Chennai,3W,9.3,96.09,23.49,1,2,public_fast,79.63,0.47,4.28,8.01,clear,0.331,low,55.8,0,Tamil Nadu,2021,4
Delhi,3W,6.59,96.83,10.55,2,3,public_slow,181.68,3.83,2.35,6.36,extreme_heat,0.19,middle,33.63,0,Delhi,2022,8
Delhi,3W,7.79,76.53,16.16,3,6,public_fast,67.14,0.66,3.05,8.81,humid,0.368,middle,46.75,0,Delhi,2026,9
Delhi,3W,9.2,89.61,1,3,2,public_fast,22.58,0.97,0.16,7.15,extreme_heat,0.154,low,46.93,0,Delhi,2022,11
Delhi,3W,7.57,76.24,39.46,1,6,public_fast,87.72,4.78,5.26,10.51,rainy,0.057,middle,40.89,1,Delhi,2026,10
Delhi,3W,6.72,83.36,34.75,3,5,home,410.8,0.06,7.32,8.43,extreme_heat,0.181,middle,34.27,1,Delhi,2026,10
Delhi,3W,8.48,88.38,5.76,3,4,public_slow,160.25,0.07,0.84,6.44,clear,0.276,middle,50.86,0,Delhi,2023,2
Delhi,3W,7.83,91.35,42.43,5,2,public_fast,64.77,1.99,5.68,8.48,clear,0.278,middle,46.99,0,Delhi,2022,3
Delhi,3W,7.1,89.61,41.88,1,3,home,398.56,0.24,9.84,8.1,humid,0.466,middle,42.59,0,Delhi,2025,3
Delhi,3W,7.91,86.84,44.36,2,6,public_slow,141.07,0.57,7.48,9.86,humid,0.442,low,47.48,1,Delhi,2026,11
Delhi,3W,7.08,91.91,20.57,2.51,3,public_slow,216.74,0.22,3.37,5.75,clear,0.299,low,42.49,0,Delhi,2021,3
Delhi,3W,8.47,84.62,44.96,1,5,home,329.99,5.08,5.8,8.02,rainy,0.648,low,45.76,1,Delhi,2025,12
Delhi,3W,9.33,91.02,38.41,4,3,home,409.78,0.8,5.38,6.09,extreme_heat,0.539,low,47.59,0,Delhi,2020,5
Delhi,3W,7.79,75.86,20.68,1,6,public_slow,80.49,2.29,3.97,10.78,rainy,0.408,low,42.06,0,Delhi,2026,3
Delhi,3W,8.3,88.58,18.35,4,4,public_slow,168.88,2.38,3.31,6.66,extreme_heat,0.233,high,42.32,0,Delhi,2021,3
Delhi,3W,8.33,79.85,1,3,5,public_fast,52.66,0.96,0.16,8.8,clear,0.482,low,50,0,Delhi,2026,8
Delhi,3W,7.26,82.91,31.9,3,5,public_fast,39.61,2.09,4.69,9.21,clear,0.433,low,43.57,1,Delhi,2025,1
Delhi,3W,7.6,81.16,36.46,2,5,home,245.14,0.08,9.13,7.92,clear,0.138,middle,45.62,1,Delhi,2024,12
Delhi,3W,8.96,89.04,29.62,2,2,home,247.15,2.35,4.86,9.8,rainy,0.088,middle,48.37,0,Delhi,2023,12
Delhi,3W,7.93,89.82,56.4,2,2,public_fast,83.19,1.81,8.44,8.97,extreme_heat,0.142,middle,40.45,0,Delhi,2023,6
Delhi,3W,7.41,80.09,37.25,3,2,home,273.83,1.29,5.65,7.74,rainy,0.317,high,40.02,0.19,Delhi,2023,10
Delhi,3W,7.45,101.87,113.32,3,3,public_slow,169.43,3.35,5.86,4.2,clear,0.231,high,44.69,1,Delhi,2019,4
Delhi,3W,7.89,109.49,21.13,1,3,public_slow,154.03,1.31,3.6,7.3,clear,0.12,low,47.36,0,Delhi,2021,4
Delhi,3W,5.79,94.95,4.82,2,2,public_slow,166.75,4.48,0.6,9.42,clear,0.365,low,34.77,0,Delhi,2023,3
Delhi,3W,6.3,92.57,42.26,2.51,2,public_fast,53.64,0.88,10.15,8.11,humid,0.138,low,37.82,0,Delhi,2021,10
Delhi,3W,7.77,98.96,12.47,2,1,public_slow,120.51,2.34,1.8,6.91,rainy,0.088,low,41.93,0,Delhi,2020,6
Delhi,3W,8.67,71.07,41.47,3,4,public_fast,54.84,1.82,7.39,9.48,rainy,0.605,low,46.84,1,Delhi,2024,7
Delhi,3W,6.39,95.97,41.09,3,2,public_fast,79.31,1.02,6.73,7.7,rainy,0.585,high,34.53,0,Delhi,2021,10
Delhi,3W,7.02,98.15,4.81,4,2,public_slow,120.72,2.37,0.74,6.45,rainy,0.053,middle,37.91,0,Delhi,2020,10
Delhi,3W,8.34,100.53,20.24,2,4,home,350.82,0.49,3.86,7.43,clear,0.659,high,50.05,0,Delhi,2023,1
Delhi,3W,8.77,92.67,32.05,1,3.29,home,252.46,0.47,5.4,7.66,clear,0.164,middle,52.63,0,Delhi,2022,12
Delhi,3W,8.46,81.3,28.85,4,4,public_slow,206.68,2.78,4.46,7.45,rainy,0.189,high,45.69,0,Delhi,2025,10
Delhi,3W,7.97,101.98,25.5,2,3,home,210.96,0.51,8.02,5.99,humid,0.269,high,47.82,0.19,Delhi,2019,4
Delhi,3W,6.9,88.76,18.91,2,3,home,203.12,1.15,2.88,6.05,clear,0.272,low,41.41,0,Delhi,2022,8
Delhi,3W,8.12,74.15,28.92,4,5,public_fast,83.04,0.2,4.66,9.52,extreme_heat,0.108,middle,41.42,1,Delhi,2025,3
Delhi,3W,7.85,102,40.82,3,2,public_slow,276.74,1.19,7.36,8.48,extreme_heat,0.08,middle,44.94,0,Delhi,2020,3
Delhi,3W,5.93,77.98,16.55,3,4,public_fast,67.7,1.42,2.94,10.62,rainy,0.226,middle,32.01,0,Delhi,2026,10
Delhi,3W,6.82,81.53,24.42,1,3,home,265.15,1.79,3.79,7.14,clear,0.242,low,40.91,0,Delhi,2021,8
Delhi,3W,9.52,92.46,25.15,5,1,public_fast,53.78,1.16,3.97,6.4,clear,0.378,middle,57.1,0,Delhi,2019,6
Delhi,3W,8.04,86.48,27.8,2,2,public_fast,67.65,1.44,6.75,8.61,extreme_heat,0.195,middle,40.99,0,Delhi,2022,8
Delhi,3W,8.49,76.34,10.57,4,5,home,294.29,1.69,1.98,7.59,clear,0.211,low,50.95,0,Delhi,2025,11
Delhi,3W,7.07,85.33,2.28,4,4,public_slow,176.7,7.28,0.52,6.29,rainy,0.129,high,38.2,0,Delhi,2023,8
Delhi,3W,6.6,102.25,24.58,2,3,public_fast,52.94,4.25,3.99,7.21,extreme_heat,0.222,high,33.64,1,Delhi,2019,3
Delhi,3W,7.55,93.62,25.82,2,3,public_fast,43.76,1.18,9.38,8.21,rainy,0.328,low,40.75,0,Delhi,2022,12
Delhi,3W,9.01,85.47,14.97,1,3,home,297.6,1.25,2.42,10.03,clear,0.165,middle,54.05,0,Delhi,2024,7
Delhi,3W,5.92,101.39,14.03,2,1,home,301.38,1.46,1.92,4.89,clear,0.277,low,35.52,0,Delhi,2019,7
Delhi,3W,8.18,105.66,1,2.51,2,home,266.2,4.5,0.16,6.91,extreme_heat,0.25,high,41.71,0,Delhi,2020,2
Delhi,3W,7.55,86.12,26.91,4,2,home,259.78,2.16,4.76,6.6,extreme_heat,0.154,low,38.5,0,Delhi,2022,6
Delhi,3W,6.37,82.15,24.04,1,2,public_fast,72.97,4.13,3.29,7.54,clear,0.364,low,38.23,0,Delhi,2022,10
Delhi,3W,6.55,89.61,3.6,2,3,public_slow,94.85,1.99,0.63,5.15,clear,0.427,high,39.27,0,Delhi,2021,10
Delhi,3W,10.27,100.11,23.92,4,4,public_fast,46.27,0.17,3.83,8.01,extreme_heat,0.194,low,52.39,0,Delhi,2022,10
Delhi,3W,7.69,79.55,49.53,2,4,public_fast,64.06,2.07,6.7,9.94,rainy,0.291,low,41.51,0,Delhi,2026,4
Delhi,3W,7.38,92.15,21.54,4,3,home,291.09,2.32,3.6,7.82,extreme_heat,0.561,high,37.63,0,Delhi,2021,3
Delhi,3W,8.18,93.8,51.9,2,1,home,211.43,0.74,10.25,4.7,humid,0.247,high,49.07,0,Delhi,2021,8
Delhi,3W,9.43,101.8,32.44,3,2,home,317.08,1.78,6.3,8.24,humid,0.314,low,56.58,0,Delhi,2020,3
Delhi,3W,9.65,99.63,45.4,5,3,public_fast,59.77,6.42,8.31,5.22,extreme_heat,0.269,low,49.22,1,Delhi,2020,10
Delhi,3W,8.21,89.61,20.44,4,1,public_slow,229.49,4.57,3.36,7.81,rainy,0.15,low,44.35,0,Delhi,2020,2
Delhi,3W,7.83,78.42,33.06,3,3,public_fast,75.52,0.41,4.28,9.59,humid,0.594,middle,47.01,0,Delhi,2025,6
Delhi,3W,7.27,93.94,13.45,2.51,3,public_slow,207.27,2.34,1.94,9.38,humid,0.28,low,43.6,0,Delhi,2021,2
Delhi,3W,8.93,79.36,1,4,5,public_slow,207.92,1.99,0.17,6.75,extreme_heat,0.345,high,45.56,1,Delhi,2026,1
Delhi,3W,7.8,89.77,22.63,3,3,home,233.64,2.23,4.36,9.32,extreme_heat,0.389,middle,39.79,0,Delhi,2023,3
Delhi,3W,9.41,96.2,69.65,2.51,2,home,258.62,1.53,3.74,7.63,rainy,0.422,high,50.81,0,Delhi,2022,9
Delhi,3W,9.05,96.72,42.44,3,1,home,342.43,2.77,7.82,5.78,humid,0.137,middle,54.28,0.19,Delhi,2020,1
Delhi,3W,6.88,87.35,6.91,3,4,public_fast,43.11,1.89,1.99,8.05,clear,0.257,high,41.27,0,Delhi,2023,10
Delhi,3W,7.06,97.71,43.2,3,2,public_slow,99.28,2.33,7.68,3.98,clear,0.407,low,42.36,0,Delhi,2020,3
Delhi,3W,7.99,86.19,35.86,2,4,home,354.63,1.99,4.28,7.84,extreme_heat,0.228,middle,45.37,0,Delhi,2025,5
Delhi,3W,7.97,90.58,6.95,4,3,public_fast,63.23,0.69,1.48,6.96,rainy,0.217,middle,43.02,0,Delhi,2022,1
Delhi,3W,8.81,90.12,39.16,2,3,public_fast,38.25,0.54,5.35,7.43,rainy,0.629,middle,47.6,0,Delhi,2023,9
Delhi,3W,8.18,84.53,2.44,2,3,public_slow,220.24,0.85,0.47,8.42,clear,0.28,low,49.07,0,Delhi,2022,6
Delhi,3W,7.91,103.13,37.38,3,2,home,379.02,1.19,6.11,5.28,extreme_heat,0.252,middle,40.33,0,Delhi,2019,5
Delhi,3W,9,89.48,21.8,4,4,home,323.55,1.34,3.69,8.24,extreme_heat,0.591,low,45.91,0,Delhi,2023,3
Delhi,3W,7.75,88,1,2,3,public_slow,189.73,1,0.17,7.9,extreme_heat,0.199,low,39.54,0,Delhi,2021,5
Delhi,3W,7.24,79.38,25.82,2,4,public_fast,75.39,1.92,9.01,8.25,rainy,0.203,low,39.11,0,Delhi,2023,10
Delhi,3W,6.24,91.26,8.58,2,2,public_fast,41.17,1.42,1.42,7.03,humid,0.127,middle,37.44,0,Delhi,2019,11
Delhi,3W,8.5,93.13,10.09,2,2,public_slow,181.77,7.96,1.64,7.33,clear,0.381,middle,51,0,Delhi,2020,5
Delhi,3W,7.45,97.36,90.96,2,4,home,309.76,6.42,4.59,8.27,clear,0.297,low,44.73,1,Delhi,2023,3
Delhi,3W,7.26,77.62,38.78,3,3,home,328.67,6.16,5.91,9.8,humid,0.413,middle,43.57,1,Delhi,2025,9
Delhi,3W,6.51,82,9.61,2,5,home,328.74,0.21,1.83,7.83,humid,0.506,low,39.07,0,Delhi,2025,6
Delhi,3W,8.25,74.31,1,1,6,public_slow,216.34,3.94,0.2,9.96,humid,0.372,low,49.5,1,Delhi,2026,5
Delhi,3W,8.21,104.81,8.98,2,3,public_slow,222.76,4.66,1.37,6.29,extreme_heat,0.121,middle,41.88,0,Delhi,2019,11
Delhi,3W,5.9,74.69,26.29,1,3.29,public_slow,219.86,0.03,4.4,7.39,clear,0.296,high,35.39,1,Delhi,2025,6
Delhi,3W,7.53,92.68,6.19,3,5,home,237.96,3.51,1.07,7.54,clear,0.336,high,45.16,1,Delhi,2022,9
Delhi,3W,7.95,89.47,20.56,2,5,home,277.61,2.02,3.12,6.29,extreme_heat,0.504,low,40.55,0,Delhi,2023,10
Delhi,3W,7.99,73.08,30.56,4,4,home,196.93,0.9,5.79,8.93,extreme_heat,0.154,low,50.57,0,Delhi,2026,12
Delhi,3W,8.97,85.71,36.37,1,4,home,382.44,0.31,7.37,7.49,rainy,0.346,middle,48.42,0,Delhi,2024,8
Delhi,3W,8.69,96.18,64.92,2,3,home,190.75,1.76,11.63,8.56,extreme_heat,0.415,low,44.32,0,Delhi,2023,4
Delhi,3W,7.99,95.94,18.16,4,3,home,58.16,0.24,0.88,7.25,clear,0.331,middle,47.91,0,Delhi,2023,6
Delhi,3W,7.94,100.4,25.26,2.51,2,home,403.53,0.22,4.39,6.48,rainy,0.158,middle,42.86,0,Delhi,2020,10
Delhi,3W,7.3,87.63,9.5,3,4,public_slow,176.07,1.65,1.48,9.62,humid,0.108,low,43.77,0,Delhi,2022,9
Delhi,3W,6.5,79.52,36.54,3,3,home,324.84,3.61,5.8,5.2,clear,0.28,middle,39.02,1,Delhi,2020,9
Delhi,3W,7.45,77.21,26.29,1,3,public_slow,120.44,1.05,5.1,8.48,rainy,0.137,low,40.24,0,Delhi,2024,10
Delhi,3W,8.77,84.21,10.94,2,4,home,183.72,0.18,1.48,7.94,extreme_heat,0.545,middle,44.74,0,Delhi,2024,6
Delhi,3W,7.69,102.81,28.33,4,1,public_slow,109.05,4.96,4.55,7.65,humid,0.073,middle,46.12,0,Delhi,2020,4
Delhi,3W,8.43,83.89,19.39,5,6,public_slow,243.55,0.91,3.54,11.67,rainy,0.119,middle,45.55,0,Delhi,2025,10
Delhi,3W,7.91,86.77,13.47,4,3,public_slow,115.54,1.98,2.32,6.51,extreme_heat,0.192,low,40.35,0,Delhi,2022,9
Delhi,3W,7.99,76.02,41.05,2,6,home,253.14,2.39,6.89,9.51,clear,0.104,middle,45.67,1,Delhi,2026,8
Delhi,3W,8.5,83.96,2.9,5,2,home,347.34,2.1,0.49,7.71,humid,0.248,low,51.02,0,Delhi,2024,7
Delhi,3W,7.58,95.61,26.58,5,2,public_slow,134.86,1.78,5.16,7.1,humid,0.242,high,45.48,0,Delhi,2020,9
Delhi,3W,7.41,82.74,19.77,2,5,public_slow,196.93,4.22,3.86,9.33,extreme_heat,0.272,low,37.78,1,Delhi,2025,3
Delhi,3W,8.09,89.61,32.74,2,4,public_slow,97.34,4.12,5.71,8.95,rainy,0.332,high,43.69,1,Delhi,2025,6
Delhi,3W,6.71,73.77,5.06,1,6,public_fast,46.19,4.2,0.8,6.06,extreme_heat,0.177,high,34.23,1,Delhi,2025,4
Delhi,3W,5.97,97,29.69,3,2,public_slow,179.36,0.59,5.48,7.81,humid,0.03,high,35.82,0,Delhi,2021,4
Delhi,3W,8.2,97.63,17.6,2,3,public_fast,86.07,0.88,2.64,6.64,clear,0.352,low,49.22,0,Delhi,2021,10
Delhi,3W,8.37,94.61,47.82,2,3,public_slow,224.38,0.26,5.86,6.5,clear,0.229,middle,50.21,0,Delhi,2019,12
Delhi,3W,8.99,92.55,30.49,2.51,6,home,271.37,0.36,4.75,7.6,clear,0.21,middle,53.97,0,Delhi,2024,1
Delhi,3W,8.52,84.03,42.17,2,4,public_fast,104.41,1.11,6.24,9.27,humid,0.269,middle,51.13,0,Delhi,2025,5
Delhi,3W,8.17,80.99,38.95,3,6,home,247.5,2.54,5.01,9.52,clear,0.28,low,49.02,1,Delhi,2026,5
Delhi,3W,7.77,91.47,19.82,3,1,public_fast,43.29,2.33,3.12,4.81,extreme_heat,0.359,middle,39.6,0,Delhi,2020,10
Delhi,3W,5.98,98.07,25.18,4,2,home,267.94,2.62,3.57,7,extreme_heat,0.395,middle,30.48,0.19,Delhi,2022,1
Delhi,3W,6.72,93.22,31.11,2,3,public_fast,95.14,0.25,6.72,6.55,rainy,0.14,middle,36.29,0,Delhi,2021,2
Delhi,3W,7.92,86.08,25.82,1,4,public_fast,71.69,1.99,1.16,6.67,rainy,0.475,high,42.77,0,Delhi,2023,7
Delhi,3W,7.87,97.77,3.34,4,3,public_slow,213.11,0.74,0.73,7.31,clear,0.656,middle,47.23,0,Delhi,2021,11
Delhi,3W,7.99,88.46,1,2,4,home,381.72,2.76,0.17,5.84,clear,0.534,low,47.91,0,Delhi,2022,9
Delhi,3W,9.13,93.46,8.14,3,3,public_slow,176.78,4.64,1.25,6.98,humid,0.591,middle,54.78,0,Delhi,2021,11
Delhi,3W,10.26,88.62,36.04,1,2,public_fast,52.42,1.76,4.46,7.73,rainy,0.149,high,55.38,0,Delhi,2023,10
Delhi,3W,8.52,80.05,40.22,2.51,3,public_slow,197.09,0.22,5.72,8.96,rainy,0.105,middle,45.99,0,Delhi,2025,8
Delhi,3W,8.72,81.97,40.39,2,5,public_slow,173.51,2.25,6.74,7.47,humid,0.38,low,52.3,1,Delhi,2025,7
Delhi,3W,9.72,85.99,33.18,3,4,public_slow,98.96,0.02,6.13,8.19,clear,0.175,high,58.35,0,Delhi,2025,1
Delhi,3W,7.78,91.36,48.7,3,3,public_slow,210.36,1.82,5.94,7.91,rainy,0.562,high,42,0,Delhi,2023,2
Delhi,3W,7.8,88.84,35.29,1,2,public_fast,60.26,6.67,4.06,7.29,clear,0.378,high,46.78,1,Delhi,2022,4
Delhi,3W,6.43,94.66,24.31,5,3,public_fast,78.02,0.95,4.62,7.13,rainy,0.339,low,34.71,0,Delhi,2021,1
Delhi,3W,7.62,87.27,33.53,4,5,home,340.27,3.62,7.18,8.34,extreme_heat,0.432,high,45.71,1,Delhi,2023,8
Delhi,3W,7.92,98.27,21.75,3,3,public_slow,223.71,3.35,3.14,8.49,extreme_heat,0.407,middle,40.37,0,Delhi,2022,9
Delhi,3W,6.42,83.91,33.14,2,2,public_slow,240.83,0.49,6.37,9.88,humid,0.193,middle,38.53,0,Delhi,2025,6
Delhi,3W,6.52,91.55,13.66,3,1,public_slow,176.76,0.67,1.92,8.02,rainy,0.541,middle,35.2,0,Delhi,2022,10
Delhi,3W,7.51,92.16,22.46,2,1,home,214.69,2.15,3.95,6.62,extreme_heat,0.435,middle,38.29,0,Delhi,2019,9
Delhi,3W,7.99,90.99,12.89,3,6,public_fast,73.08,6.38,2.45,7.73,rainy,0.555,high,34.43,1,Delhi,2024,8
Delhi,3W,8.73,96.31,1,1,1,public_slow,179.12,0.52,0.19,6.18,clear,0.446,middle,52.37,0,Delhi,2020,10
Delhi,3W,8.09,89.72,21.56,2,4,public_slow,189.88,1.75,4.28,6.6,extreme_heat,0.138,low,48.56,0,Delhi,2019,2
Delhi,3W,7.2,89.61,1,3,4,home,268.16,1.74,0.2,9.08,extreme_heat,0.221,middle,36.71,0,Delhi,2024,4
Delhi,3W,8.79,95.81,3,3,1,home,230.38,0.97,0.16,7.06,clear,0.529,middle,52.74,0,Delhi,2020,10
Delhi,3W,8.28,92.09,29.59,2,3,home,329.64,0.02,5,7.35,extreme_heat,0.072,low,44.73,0,Delhi,2023,12
Delhi,3W,8.1,96.03,25.7,2,6,public_slow,218.61,1.72,4.7,6.24,extreme_heat,0.073,middle,41.31,0,Delhi,2022,5
Delhi,3W,8.72,80.16,30.4,4,4,public_fast,61.49,1.24,4.34,8.94,rainy,0.591,middle,47.08,0,Delhi,2025,1
Delhi,3W,8.39,95.45,30.72,3,3,home,349.53,0.32,6.15,6.67,clear,0.282,low,50.36,0,Delhi,2020,3
Delhi,3W,9.22,92.34,17.8,3,2,public_slow,122.56,1.99,2.91,8.06,rainy,0.304,middle,49.76,0,Delhi,2022,3
Delhi,3W,8.3,76.37,187.55,2,5,home,274.4,1.73,11.67,10.62,clear,0.158,middle,49.8,1,Delhi,2026,4
Delhi,3W,6.54,86.69,25.76,2.51,3,public_slow,232.56,1.59,5.17,9.27,humid,0.201,low,39.24,0,Delhi,2022,11
Delhi,3W,9.54,91.19,11.7,2,3,home,210.3,5.91,2.01,9.42,humid,0.157,middle,57.26,0,Delhi,2024,12
Delhi,3W,9.05,81.49,50.44,3,3,home,332.17,0.62,8.12,7.56,clear,0.28,low,54.28,0,Delhi,2023,3
Delhi,3W,8.56,92.66,48.68,2,3,home,305.07,5.59,7.17,8.23,clear,0.238,low,51.36,1,Delhi,2021,3
Delhi,3W,8.86,94.5,51.8,3,2,public_fast,33.66,2.24,8.27,7.81,humid,0.296,low,53.13,0,Delhi,2022,6
Delhi,3W,8.39,101.6,33.57,2,1,public_slow,254.53,1.21,4.85,5.82,clear,0.27,low,50.34,0,Delhi,2019,6
Delhi,3W,8.23,83.43,41.74,4,6,public_slow,217.04,0.78,8.15,9.16,rainy,0.262,low,44.46,1,Delhi,2026,6
Delhi,3W,7.4,105.29,30.79,2,3,public_fast,63.19,4.87,5.17,6.38,rainy,0.455,low,39.97,1,Delhi,2020,4
Delhi,3W,6.51,90.84,11.11,3,5,public_fast,43.45,3.17,2.2,7.71,clear,0.242,low,39.04,1,Delhi,2024,4
Delhi,3W,8.85,91.17,4.22,3,3,public_slow,213.66,0.3,0.72,7.16,humid,0.284,middle,53.12,0,Delhi,2022,7
Delhi,3W,8.01,96.26,38.67,2,2,public_slow,143.33,0.15,6.29,6.2,humid,0.204,low,48.09,0.19,Delhi,2022,4
Delhi,3W,8.74,95.85,46.34,2,2,home,360.07,5.29,12.35,6.67,humid,0.641,middle,52.42,1,Delhi,2021,2
Delhi,3W,9.42,95.36,22.27,2,2,public_fast,93.23,4.25,3.22,7.21,rainy,0.182,low,50.87,0,Delhi,2021,11
Delhi,3W,7.99,109.18,59.85,2,3,public_slow,208.17,1.99,9.63,6.53,extreme_heat,0.212,middle,42.69,0,Delhi,2019,6
Delhi,3W,8.83,105.79,29.57,2,1,public_fast,81.18,3.99,4.46,4.96,humid,0.173,low,53,0,Delhi,2022,8
Delhi,3W,8.25,93.79,17.38,2,4,home,274.38,1.79,4.28,8.57,extreme_heat,0.282,low,42.07,0,Delhi,2021,9
Delhi,3W,9.23,91.91,25.24,2,2,public_fast,73.53,1.92,7.84,5.83,rainy,0.283,high,49.86,0,Delhi,2020,9
Delhi,3W,7.55,102.77,25.82,3,1,home,300.28,7.58,8.25,5.23,rainy,0.228,low,40.75,1,Delhi,2019,1
Delhi,3W,7.19,105.57,44.24,4,3,public_fast,67.03,1,7.21,7.87,rainy,0.152,low,38.83,0,Delhi,2019,10
Delhi,3W,9.11,103.57,19.37,1,4,public_slow,181.37,1.72,3.12,5,extreme_heat,0.071,low,46.46,0,Delhi,2021,4
Delhi,3W,7.95,104.83,25.82,2,1,public_fast,32.05,0.2,4.46,5.25,humid,0.272,low,47.73,0,Delhi,2019,1
Delhi,3W,8.15,106,31.81,1,2,home,235.21,2.89,5.21,5.48,extreme_heat,0.359,middle,41.57,0,Delhi,2019,7
Delhi,3W,8.44,92.87,19.11,2,2,home,295.2,2.77,2.74,6.74,clear,0.58,high,50.65,0,Delhi,2023,3
Delhi,3W,7.89,107.34,14.4,3,2,public_slow,149.13,5.06,2.23,6.09,extreme_heat,0.209,high,40.22,0,Delhi,2019,12
Delhi,3W,6.78,90.78,4.27,2,3,home,253.75,0.15,0.74,9.12,extreme_heat,0.28,middle,34.59,0,Delhi,2023,10
Delhi,3W,6.93,90.98,14.53,4,5,home,397.89,4.35,2.53,9.06,clear,0.28,low,41.58,1,Delhi,2026,10
Delhi,3W,8.63,100.12,35.46,2,3,public_slow,203.24,1.99,5.57,9.21,clear,0.17,high,51.8,0,Delhi,2022,2
Delhi,3W,9.58,84.92,27.4,2,2,home,276.7,0.9,4.28,6.52,clear,0.337,low,57.51,0,Delhi,2022,4
Delhi,3W,8.31,96.74,30.67,3,3,home,289.92,1.9,5.7,5.54,extreme_heat,0.364,middle,42.38,0,Delhi,2021,6
Delhi,3W,8.39,102.45,27.29,2,3,public_slow,124.1,2.52,3.99,8.62,rainy,0.231,low,45.28,0,Delhi,2021,9
Delhi,3W,8.23,82.07,36.8,2,5,public_slow,171.6,1.99,6.04,10.35,rainy,0.382,high,44.45,1,Delhi,2026,4
Delhi,3W,7.35,99.12,29.63,1,2,public_fast,31.64,1.13,4.63,6.36,clear,0.177,low,44.11,0,Delhi,2020,7
Delhi,3W,7.52,81.52,19.77,2,6,home,31.94,1.19,2.94,8.11,extreme_heat,0.072,low,38.35,0,Delhi,2026,2
Delhi,3W,8.96,96.18,33.96,1,1,home,348.22,0.63,6.91,6.7,humid,0.685,middle,44.94,0,Delhi,2020,2
Delhi,3W,7.65,83.44,6.4,1,6,home,278.05,5.63,0.97,8.21,extreme_heat,0.265,high,38.99,1,Delhi,2026,12
Delhi,3W,7.81,86.15,30.88,4,2,public_slow,262.25,0.18,4.33,9.82,clear,0.449,high,44.94,0,Delhi,2022,8
Delhi,3W,7.31,94.43,30.33,3,1,public_fast,32.35,0.63,3.91,6.95,humid,0.719,middle,43.83,0,Delhi,2020,1
Delhi,3W,7.37,91.51,29.47,2,3,home,271.53,1.24,5.14,5.96,humid,0.239,low,44.22,0,Delhi,2021,8
Delhi,3W,9.08,91.23,11.53,4,6,home,291.8,1.99,2.71,8.79,humid,0.398,middle,54.47,1,Delhi,2026,7
Delhi,3W,7.76,92.79,26.72,3,3,public_fast,48.91,1.21,5.51,7.33,extreme_heat,0.259,middle,39.57,0,Delhi,2020,7
Delhi,3W,6.84,89.79,6.76,2.51,4,public_slow,191.69,0.78,4.28,7.53,humid,0.561,high,41.04,0,Delhi,2023,12
Delhi,3W,7.7,88.94,33.89,3,1,public_slow,193.72,2.59,6.48,5.68,humid,0.464,low,46.17,0,Delhi,2019,10
Delhi,3W,7.71,78.32,15.19,1,4,public_slow,182.58,6.16,2.36,10.33,rainy,0.458,middle,41.63,0,Delhi,2025,1
Delhi,3W,6.59,90.83,20.82,2,3,public_slow,186.16,0.95,3.48,3.92,humid,0.207,middle,39.54,0,Delhi,2021,9
Delhi,3W,8.55,102.39,31.39,2,1,home,311.14,1.99,6.93,5.77,clear,0.173,low,51.32,0,Delhi,2020,6
Delhi,3W,8.12,80.22,19.32,4,4,home,317.55,2.26,2.79,6.74,humid,0.311,low,48.71,0,Delhi,2024,1
Delhi,3W,8.34,88.29,47.26,5,4,public_fast,19.5,3.48,8.17,8.62,rainy,0.613,middle,45.06,1,Delhi,2025,2
Delhi,3W,8.2,90.52,21.65,3,4,home,240.99,1.37,3.73,7.99,humid,0.288,low,49.18,0.19,Delhi,2022,6
Delhi,3W,5.9,82.87,40.23,2,6,home,359.25,0.14,6.18,8.64,humid,0.28,middle,35.38,1,Delhi,2024,9
Delhi,3W,9.29,78.54,30.89,2,6,public_slow,210,3.53,5.06,8.23,clear,0.262,middle,55.75,1,Delhi,2025,9
Delhi,3W,7.97,81.47,20.69,2,5,home,348.71,0.24,3.72,8.75,clear,0.255,middle,47.84,0,Delhi,2022,8
Delhi,3W,7.34,89.98,13.27,3,3,home,149.66,0.47,2.69,6.6,clear,0.05,low,44.04,0,Delhi,2022,3
Delhi,3W,8.46,74.91,25.02,3,4,public_slow,189.14,0.1,4.63,9.56,clear,0.347,low,50.78,0,Delhi,2026,1
Delhi,3W,8.52,82.17,42.4,3,3,home,277.2,1.78,8.15,8.22,extreme_heat,0.455,low,43.44,0,Delhi,2023,5
Delhi,3W,8.11,79.76,32.48,4,3,home,181.3,1.94,7.14,8.35,rainy,0.466,high,43.79,0,Delhi,2025,11
Delhi,3W,8.32,87.81,39.32,2,2,public_slow,284.1,0.36,8.87,6.86,clear,0.548,high,49.91,0,Delhi,2022,11
Delhi,3W,7.88,100.26,21.02,2,2,public_slow,170.9,2.23,3.03,6.48,humid,0.414,high,47.26,0,Delhi,2020,9
Delhi,3W,7.8,72.87,38.7,2,5,public_slow,121.29,0.94,5.68,8.46,extreme_heat,0.575,high,39.79,1,Delhi,2026,11
Delhi,3W,5.46,73.14,35.8,3,5,home,308.1,5.32,7.93,10.61,humid,0.166,high,32.78,1,Delhi,2026,11
Delhi,3W,8.52,99.81,44.46,1,1,public_slow,173.71,3.84,10.04,6.74,rainy,0.22,low,46,1,Delhi,2019,10
Delhi,3W,5.61,98.4,1,2.51,2,public_fast,63.52,1.99,0.13,6.04,rainy,0.018,middle,30.28,0,Delhi,2020,5
Delhi,3W,8.08,96.59,25.15,3,1,home,287.21,0.3,3.86,5.24,clear,0.319,middle,48.45,0,Delhi,2020,3
Delhi,3W,8.3,104,40.24,3,3,home,324.46,3.69,7.33,6.18,rainy,0.528,high,44.82,1,Delhi,2020,11
Delhi,3W,9.86,89.44,18.09,2,5,public_slow,184.4,3.97,3.22,9.18,rainy,0.224,low,53.23,1,Delhi,2024,3
Delhi,3W,7.87,74.7,57.47,4,3,public_fast,13.58,0.56,8.85,8.94,rainy,0.315,middle,42.51,1,Delhi,2026,4
Delhi,3W,8.06,94.09,27.5,2,3,home,378.38,6.07,4.19,7.16,rainy,0.479,middle,43.5,0,Delhi,2021,9
Delhi,3W,8.3,92.7,23.99,3,3,public_slow,206.32,0.19,4.28,7.78,rainy,0.28,low,44.82,0,Delhi,2020,4
Delhi,3W,9.09,81.73,34.95,3,6,home,181.3,2.9,7.61,9.43,clear,0.084,low,54.56,0,Delhi,2026,12
Delhi,3W,7.36,74.06,29.58,1,4,home,375.18,4.55,6.75,9.75,clear,0.389,middle,44.14,1,Delhi,2022,8
Delhi,3W,8.58,85.18,31.74,4,5,home,385.11,1.87,5.19,8.98,clear,0.139,middle,51.49,0,Delhi,2022,11
Delhi,3W,9.58,83.5,26.89,2,2,public_slow,207.86,0.59,3.76,7.71,rainy,0.214,low,51.72,0,Delhi,2022,3
Delhi,3W,8.9,101.77,54.67,3,2,home,325.51,0.35,7.61,5.56,humid,0.302,low,53.38,0,Delhi,2019,5
Delhi,3W,7.25,90.59,43.78,3,4,public_fast,66.23,0.92,7.28,6.62,humid,0.427,high,43.52,0,Delhi,2023,8
Delhi,3W,7.81,87.49,41.65,4,5,home,292.77,1.17,6.44,7.59,rainy,0.01,low,42.17,1,Delhi,2023,6
Delhi,3W,7.06,105.42,25.82,3,1,public_fast,96.02,0.98,8.7,5.74,rainy,0.243,middle,38.11,0,Delhi,2019,4
Delhi,3W,8.23,98.35,28.2,2,2,home,280.37,4.18,6.03,6.68,clear,0.291,middle,49.4,0,Delhi,2022,9
Delhi,3W,7.37,97.17,17.7,1,2,public_slow,170.69,2.65,2.6,5.4,clear,0.18,low,44.21,0,Delhi,2020,9
Delhi,3W,7.21,77.19,3.3,4,5,public_fast,70.28,3.68,0.6,10.15,clear,0.026,low,43.26,1,Delhi,2025,12
Delhi,3W,7.99,87.89,24.99,2,5,public_slow,221.45,2.8,4.47,6.71,clear,0.434,low,49.68,0,Delhi,2024,5
Delhi,3W,7.62,98.79,25.64,3,2,home,141.18,1.76,4.96,6.91,rainy,0.017,low,41.17,0,Delhi,2020,8
Delhi,3W,7.7,94.08,19.23,3,4,home,206.28,1.99,2.87,7.82,humid,0.609,middle,46.21,0,Delhi,2023,9
Delhi,3W,8.18,95.92,43.62,2,3,home,298.39,4.66,8.76,7.61,extreme_heat,0.496,middle,41.69,1,Delhi,2019,6
Delhi,3W,7.38,87.95,20.48,3,5,home,240.29,2.85,4.02,8.22,rainy,0.122,low,39.88,0,Delhi,2024,1
Delhi,3W,8.19,97.61,30.39,2,3,public_slow,191.81,4.82,3.87,6.45,humid,0.195,low,49.15,0,Delhi,2022,1
Delhi,3W,9.53,93.76,19.29,3,3,public_slow,208.01,0.82,3.52,7.46,clear,0.258,low,57.19,0,Delhi,2022,8
Delhi,3W,8.91,88.52,48.2,2,3,public_slow,167.41,1.11,7.71,7.26,humid,0.272,low,53.44,0,Delhi,2025,2
Delhi,3W,8.33,85.46,20.07,3,4,public_slow,147.34,0.05,3.36,8.28,humid,0.056,middle,49.97,0,Delhi,2022,3
Delhi,3W,9.02,89.61,25.82,2,2,home,366.51,0.33,6.13,6.96,rainy,0.198,middle,48.71,0,Delhi,2021,1
Delhi,3W,7.32,89.24,28.89,3,3,public_fast,29.37,4.64,4.36,7.58,extreme_heat,0.28,middle,37.34,1,Delhi,2023,6
Delhi,3W,7.45,99.96,34.21,2,3,home,254.88,0.35,5.63,8.27,clear,0.315,high,44.71,0,Delhi,2023,8
Delhi,3W,6.7,91.28,19.66,2.51,4,public_fast,42.6,0.16,4.28,8.58,clear,0.227,high,40.23,0,Delhi,2023,8
Delhi,3W,8.07,89.61,47.21,5,2,public_slow,196.69,0.93,10.18,7,clear,0.095,low,48.45,0,Delhi,2020,12
Delhi,3W,9.49,103.86,38.83,1,3,public_fast,58.6,0.59,9.26,5.13,clear,0.047,middle,56.96,0,Delhi,2019,7
Delhi,3W,8.15,90.7,14.83,3,3,public_slow,165.45,6.06,3.05,11.22,extreme_heat,0.478,low,41.58,0,Delhi,2022,2
Delhi,3W,9.54,100.81,38.87,2,1,home,300.79,1.99,5.91,5.22,humid,0.17,high,57.22,0,Delhi,2019,6
Delhi,3W,8.83,89.71,42.05,4,2,public_slow,228,3.7,7.34,7.44,rainy,0.216,low,47.67,1,Delhi,2022,8
Delhi,3W,7.38,95.3,33.66,2,4,home,332.91,2.51,6.82,6.93,humid,0.355,low,44.28,0,Delhi,2021,8
Delhi,3W,8.17,76.44,29.33,3,6,public_fast,50.01,0.37,4.37,9.11,humid,0.336,low,49.03,0,Delhi,2026,8
Delhi,3W,7.86,96.24,51.68,2,4,home,269.29,1.74,7.79,7.43,humid,0.118,low,47.14,0,Delhi,2022,12
Delhi,3W,6.85,87.51,18.55,2,3,home,299.78,0.35,3.63,8.97,humid,0.392,middle,41.08,0,Delhi,2023,11
Delhi,3W,8.72,90.36,13.27,2,4,public_slow,82.7,0.08,2.39,9.43,extreme_heat,0.315,middle,44.94,0,Delhi,2023,6
Delhi,3W,9.21,84.66,36.14,3,7,public_fast,75.49,1.53,7.5,7.71,clear,0.388,middle,55.28,0,Delhi,2026,9
Delhi,3W,7.58,83.63,55.29,3,3,home,354.76,2.42,2.78,7.14,humid,0.34,high,45.51,0,Delhi,2022,10
Delhi,3W,7.23,84.34,12.04,4,4,home,390.63,1.28,1.79,8.69,rainy,0.207,low,39.06,0,Delhi,2022,8
Delhi,3W,7.98,85.98,15.35,3,5,public_slow,257.41,2.33,2.4,8.95,extreme_heat,0.083,middle,40.72,0,Delhi,2026,12
Delhi,3W,6.91,89.62,26.73,1,3,public_slow,94.36,1.9,5.14,9.72,extreme_heat,0.127,low,35.24,0,Delhi,2022,3
Delhi,3W,7.98,87.52,20.66,2,3,public_fast,73.51,1.57,5.67,9.78,clear,0.509,high,47.88,0,Delhi,2023,8
Delhi,3W,8.51,89,18,2,4,public_fast,115.28,3.57,2.63,7.83,extreme_heat,0.125,middle,43.4,0,Delhi,2024,4
Delhi,3W,6.12,87.56,92.24,4,1,public_slow,192.78,0.03,5.02,6.31,humid,0.467,high,36.7,0,Delhi,2022,3
Delhi,3W,8.06,95.83,1,4,4,home,174.33,3.09,0.17,8.56,humid,0.312,low,48.39,0,Delhi,2021,4
Delhi,3W,8.12,107.5,27.81,1,2,public_fast,91.27,1.53,4.8,5.91,humid,0.217,low,48.7,0,Delhi,2019,10
Delhi,3W,9.72,89.97,14.29,3,3,public_slow,191.34,1.67,2.52,8.36,humid,0.174,middle,58.3,0,Delhi,2022,4
Delhi,3W,8.73,84.99,36.61,2.51,3,home,310.96,1.92,4.71,8.22,extreme_heat,0.155,low,44.53,0,Delhi,2023,4
Delhi,3W,8.1,93.3,45.34,2,3,home,362.1,2.38,7.09,6.45,rainy,0.362,middle,43.75,0,Delhi,2021,1
Delhi,3W,7.5,77.81,19.6,2,3,public_slow,152.43,1.72,2.97,10.91,rainy,0.878,low,40.5,0,Delhi,2024,6
Delhi,3W,8.56,91.21,25.82,1,2,public_slow,154.68,1.2,3.79,7.98,extreme_heat,0.28,high,43.66,0,Delhi,2022,10
Delhi,3W,8.3,97.66,12.13,3,3,public_fast,36.37,1.45,1.99,5.95,extreme_heat,0.086,middle,42.32,0.19,Delhi,2020,1
Delhi,3W,8.74,87.28,14.36,2,2,home,344.48,1.49,2.45,4.92,humid,0.078,middle,52.45,0,Delhi,2022,8
Delhi,3W,8.27,85.23,12.92,3,3,public_fast,72.07,2.2,2.87,8.31,clear,0.498,low,49.63,0,Delhi,2023,9
Delhi,3W,8.59,77.85,11.77,2,6,public_fast,62.76,1.65,1.96,9.05,extreme_heat,0.135,high,43.79,0,Delhi,2026,9
Delhi,3W,8.36,82.48,35.45,4,3.29,public_fast,72.39,0.12,6.51,9.85,rainy,0.181,middle,45.16,1,Delhi,2026,1
Delhi,3W,6.56,92.22,23.76,2,3,public_slow,144,0.12,4.44,7.85,rainy,0.306,high,35.42,0,Delhi,2024,2
Delhi,3W,6.4,82.89,18.09,5,3,home,256.62,0.41,3.02,7.32,humid,0.359,high,38.37,0,Delhi,2022,8
Delhi,3W,8.83,85.42,29.57,2,5,public_slow,184.74,0.68,5.1,10.14,clear,0.337,low,52.98,0,Delhi,2026,6
Delhi,3W,11.46,96.06,49.41,1,1,public_slow,212.75,0.12,7.97,7.01,extreme_heat,0.354,middle,58.43,0,Delhi,2019,4
Delhi,3W,6.21,96.6,34.09,2,1,public_fast,72.95,2.57,5.42,6.99,extreme_heat,0.614,middle,31.67,0,Delhi,2020,3
Delhi,3W,8.23,90.01,32.84,1,3,public_slow,207.82,5.93,4.71,9.79,humid,0.214,middle,49.4,0,Delhi,2025,5
Delhi,3W,8.23,98.96,44.78,4,3,home,278.08,1.42,5.87,6.16,rainy,0.089,low,44.46,0,Delhi,2019,10
Delhi,3W,8.2,93.41,52.09,2,3,public_fast,32.19,0.85,8.87,6.92,clear,0.123,low,49.2,0,Delhi,2021,8
Delhi,3W,6.38,84.57,37.78,2,5,public_slow,92.59,0.63,5.14,7.95,extreme_heat,0.007,low,32.53,1,Delhi,2022,10
Delhi,3W,8.85,89.61,25.82,3,4,public_slow,231.37,1.36,0.19,8.95,rainy,0.28,middle,47.77,0,Delhi,2024,4
Delhi,3W,9.55,103.76,26.09,3,3,home,243.58,2.05,4.45,7.33,extreme_heat,0.314,low,48.69,0,Delhi,2022,2
Delhi,3W,6.78,104.05,19.86,2,3,home,-3.19,2.34,3.77,7.71,humid,0.358,high,40.67,0,Delhi,2019,11
Delhi,3W,7.56,93.44,9.81,4,4,public_fast,181.3,1.99,1.62,9.29,extreme_heat,0.435,low,45.33,0,Delhi,2025,1
Delhi,3W,7.23,82.33,24.32,2.51,4,public_slow,211.41,2.51,3.18,7.02,humid,0.095,middle,43.37,0,Delhi,2023,4
Delhi,3W,7.83,76.15,21.42,1,6,public_fast,34.85,3.53,3.53,7.72,extreme_heat,0.093,middle,39.96,1,Delhi,2026,1
Delhi,3W,8.22,84.33,36.11,2,3,public_slow,122.4,0.21,4.36,8.27,rainy,0.211,middle,44.37,0,Delhi,2024,5
Delhi,3W,7.09,94.75,28,1,4,home,181.3,1.13,4.87,7.71,extreme_heat,0.186,middle,36.18,0,Delhi,2022,4
Delhi,3W,8.09,91.71,31.22,1,3,home,281.35,1.22,8.22,7.91,extreme_heat,0.478,low,41.28,0.19,Delhi,2023,9
Delhi,3W,7.23,96.73,38.52,3,2,home,306.29,0.03,6.84,5.92,clear,0.175,low,43.4,0,Delhi,2020,1
Delhi,3W,8.1,103.46,20.64,1,1,public_fast,56.47,0.73,3.73,3.68,humid,0.261,high,48.59,0,Delhi,2020,2
Delhi,3W,9.31,84.68,33.5,3,5,public_fast,56.46,0.36,5.77,7.02,clear,0.108,middle,55.87,0,Delhi,2024,10
Delhi,3W,7.42,86.41,1,2,4,public_fast,25.45,1.31,0.16,11.06,extreme_heat,0.312,middle,37.85,0,Delhi,2026,4
Delhi,3W,8.88,89.81,41.43,2,3,public_fast,28.69,12.09,4.28,8.43,rainy,0.168,low,44.94,0.19,Delhi,2022,5
Delhi,3W,8.38,98.01,27.58,2,1,home,124.8,1.73,4.44,6.49,humid,0.316,high,50.27,0,Delhi,2019,3
Delhi,3W,8.41,89.93,59.2,2,3,home,371.7,0.05,10.41,7.31,rainy,0.25,low,45.39,0,Delhi,2022,8
Delhi,3W,8.61,86.91,2.83,2,4,home,247.66,0.76,0.55,9.44,extreme_heat,0.158,middle,43.89,0,Delhi,2023,12
Delhi,3W,8.81,93.81,25.97,2,3,public_slow,170.25,0.47,4.58,7.36,rainy,0.272,low,47.55,0,Delhi,2022,6
Delhi,3W,8.57,101.35,34.09,1,1,public_slow,147.73,1.45,6.89,4.96,clear,0.476,middle,51.42,0,Delhi,2019,6
Delhi,3W,7.1,92.21,10.7,2,2,public_fast,91.74,2.28,1.71,7.77,clear,0.284,low,42.61,0,Delhi,2020,11
Delhi,3W,7.57,90.89,44.35,3,4,public_slow,159.03,2.83,6.9,9.89,humid,0.044,low,45.44,0,Delhi,2023,8
Delhi,3W,8.56,104.83,53.29,4,1,public_fast,109.83,0.51,12.56,7.76,humid,0.584,low,51.38,0,Delhi,2019,5
Delhi,3W,8.06,97.02,10.97,2,2,public_slow,105.66,0.58,1.9,5.4,clear,0.359,high,48.36,0,Delhi,2023,3
Delhi,3W,8.9,85,4.93,3,1,home,286.77,5.19,0.9,7.31,humid,0.253,low,53.37,0,Delhi,2023,10
Delhi,3W,7.93,85.56,41.43,2,4,public_fast,35.55,2.06,7.9,9.64,rainy,0.255,low,42.84,0,Delhi,2025,8
Delhi,3W,10.26,91.04,2.73,2,3,public_slow,210.47,1.73,0.39,7.39,clear,0.193,middle,61.55,0,Delhi,2022,8
Delhi,3W,6.12,84.52,37.24,3,3,public_slow,244.75,0.43,5.65,6.7,rainy,0.618,middle,33.06,0,Delhi,2024,5
Delhi,3W,7.01,97.45,35.58,2,4,public_slow,144.09,0.82,6.11,7.25,rainy,0.397,middle,37.87,0,Delhi,2019,5
Delhi,3W,7.41,77.85,11.43,3,6,public_fast,54.3,1,2.38,10.68,clear,0.197,middle,44.46,0,Delhi,2026,2
Delhi,3W,8.51,74.29,14.85,2,5,home,215.6,0.54,2.77,7.64,humid,0.224,low,51.03,1,Delhi,2025,1
Delhi,3W,8.43,98.92,15.49,1,3,home,181.3,0.17,4.28,4.01,extreme_heat,0.102,middle,42.99,0,Delhi,2019,5
Delhi,3W,8.86,77.4,22.38,3,5,public_slow,108.74,5.17,3.62,7.61,rainy,0.331,low,47.86,1,Delhi,2026,1
Delhi,3W,7.36,84.68,66.44,3,4,public_slow,144.14,2.54,9.82,7.05,extreme_heat,0.208,middle,37.54,0,Delhi,2023,5
Delhi,3W,6.95,89.9,30.94,3,1,public_fast,25.69,0.22,5,7.85,humid,0.697,middle,41.71,0,Delhi,2021,12
Delhi,3W,9.31,78.86,32.26,3,5,public_slow,202.44,0.85,5.22,7.54,rainy,0.317,low,50.3,0,Delhi,2025,10
Delhi,3W,8.86,89.47,17.79,2,2,public_slow,114.79,1.58,3.18,7.8,humid,0.206,middle,53.13,0,Delhi,2023,8
Delhi,3W,6.3,102.29,30.22,1,2,public_fast,63.91,3.96,4.68,4.96,rainy,0.149,middle,34.04,1,Delhi,2019,12
Delhi,3W,8.01,85.24,36.72,3,5,home,181.3,0.38,6.01,8.98,rainy,0.169,low,43.26,1,Delhi,2023,2
Delhi,3W,9.15,80.09,13.88,2,5,public_fast,76.83,1.99,2.78,10.38,humid,0.255,middle,54.89,0,Delhi,2026,3
Delhi,3W,7.07,88.63,28.25,1,1,home,290.82,1.92,4.91,6.73,extreme_heat,0.115,high,36.06,0,Delhi,2021,11
Delhi,3W,7.49,85.44,9.28,2,4,public_slow,166.25,0.17,1.43,10.47,humid,0.441,low,44.91,0,Delhi,2025,8
Delhi,3W,9.15,89.76,23.05,3,3,public_fast,61.65,5.12,3.31,6.65,rainy,0.085,low,49.43,0,Delhi,2022,8
Delhi,3W,7.25,81.24,36.24,3,4,home,292.56,0.33,5.6,8.11,clear,0.46,low,43.47,0,Delhi,2023,4
Delhi,3W,7.12,82.9,42.69,2,2,public_fast,17.61,2.77,10.7,7.21,clear,0.4,low,42.74,0,Delhi,2022,4
Delhi,3W,9.25,81.88,45.26,2,4,public_slow,169.01,2.37,6.83,8.35,clear,0.214,middle,55.51,0,Delhi,2024,2
Delhi,3W,8.42,73.04,1,2,5,public_slow,188.11,0.46,0.17,9.13,rainy,0.28,middle,45.48,1,Delhi,2022,8
Delhi,3W,8.51,82.51,14.4,4,4,public_slow,193.57,0.31,2.16,8.06,extreme_heat,0.186,low,43.42,0,Delhi,2024,6
Delhi,3W,8.61,97.77,39.88,2,1,public_slow,177.68,2.41,6.59,4.79,humid,0.037,low,51.68,0,Delhi,2019,8
Delhi,3W,8.23,83.92,28.9,1,5,home,324.37,1.46,5.11,9.37,clear,0.28,high,49.39,0,Delhi,2024,6
Delhi,3W,8.38,92.58,1,2,4,public_slow,185.77,1.47,0.19,8.39,humid,0.107,high,50.26,0,Delhi,2024,4
Delhi,3W,7.55,87.51,3.58,4,4,public_fast,80.39,2.07,0.61,5.03,humid,0.168,middle,45.28,0,Delhi,2022,6
Delhi,3W,6.94,91.48,21.78,3,3,public_slow,195.78,0.96,4.28,5.94,clear,0.376,low,41.64,0,Delhi,2022,4
Delhi,3W,8.06,86.35,1,3,3,public_slow,129.55,3.75,0.14,7.11,humid,0.187,low,48.39,0,Delhi,2022,8
Delhi,3W,6.24,87.92,1.93,4,4,home,181.3,2.02,0.36,7.89,rainy,0.091,high,33.71,0,Delhi,2023,11
Delhi,3W,5.65,90.35,14.71,2,3.29,home,212.23,1.77,2.93,7.34,humid,0.085,middle,33.88,0,Delhi,2022,1
Delhi,3W,7.69,80.01,36.4,3,5,public_slow,218.03,2.2,7.09,9.51,rainy,0.574,low,41.52,1,Delhi,2026,1
Delhi,3W,7.76,90.76,27.22,1,4,public_slow,173.95,0.64,4.7,8.72,extreme_heat,0.211,low,39.6,0,Delhi,2022,6
Delhi,3W,7.56,85.52,23.93,2,4,home,379.56,2.92,3.82,7.71,clear,0.242,middle,45.36,0,Delhi,2022,2
Delhi,3W,5.47,79.97,24.94,1,4,public_slow,154.23,2.39,4.51,7.26,rainy,0.181,low,29.54,0,Delhi,2024,6
Delhi,3W,8.27,101.37,21.69,3,1,public_fast,96.23,0.57,3.55,7.51,clear,0.273,middle,49.63,0,Delhi,2019,2
Delhi,3W,6.66,82.48,39.34,3,5,public_fast,63.91,0.73,7.7,9.56,humid,0.686,low,44.94,1,Delhi,2026,1
Delhi,3W,8.04,78.04,19.81,3,5,public_fast,74.32,0.11,3.11,8.59,extreme_heat,0.115,low,41.01,0,Delhi,2025,5
Delhi,3W,6.58,86.9,14.34,4,2,public_slow,149.5,2.14,2.17,7.04,rainy,0.041,middle,35.54,0,Delhi,2021,4
Delhi,3W,7.92,100.27,3,3,1,home,341.62,1.36,0.16,8.15,extreme_heat,0.176,low,40.42,0,Delhi,2019,10
Delhi,3W,7.47,95.27,120.02,1,2,home,245.05,4.6,4.69,5.31,clear,0.084,middle,44.81,1,Delhi,2020,11
Delhi,3W,8.26,89.61,25.82,5,3,public_fast,74.43,3.25,4.66,7.92,extreme_heat,0.162,low,42.1,0.19,Delhi,2024,6
Delhi,3W,7.99,94.08,19.9,3,4,public_fast,51.67,1.58,3.36,8.89,humid,0.105,middle,47.96,0,Delhi,2024,3
Delhi,3W,9.67,95.28,25.51,4,2,public_slow,112.22,3.58,4.79,6.39,humid,0.179,low,58,0,Delhi,2021,6
Delhi,3W,8.77,85.91,1,1,3,home,287.16,10.63,0.19,8.49,extreme_heat,0.167,low,44.74,0.19,Delhi,2024,12
Delhi,3W,8.76,92.14,24.66,2.51,2,public_fast,-7.95,1.41,3.93,6.62,rainy,0.13,low,47.31,0,Delhi,2020,6
Delhi,3W,6.65,97.06,4.34,2,4,public_fast,181.3,2.4,0.66,6.55,clear,0.091,low,39.9,0,Delhi,2021,1
Delhi,3W,8.82,104.68,9.52,2,2,home,223.69,0.6,1.33,6.79,rainy,0.167,middle,47.61,0,Delhi,2021,8
Delhi,3W,6.98,99.96,62.39,4,3,home,415.82,1.74,9.87,7.83,humid,0.423,low,41.86,0,Delhi,2021,3
Delhi,3W,7.49,83.59,23.56,3,6,public_slow,134.74,0.63,4.74,10.06,clear,0.199,high,44.97,0,Delhi,2025,10
Delhi,3W,10.38,74.22,1,3,5,home,43.5,2.65,0.16,10.64,humid,0.231,middle,62.26,1,Delhi,2026,8
Delhi,3W,8.34,94.1,22.31,3,4,public_slow,165.35,6.67,4.28,6.46,extreme_heat,0.303,high,42.53,0,Delhi,2023,9
Delhi,3W,9.15,99.54,9.47,2.51,1,public_slow,111.2,0.49,1.37,7.21,rainy,0.156,low,49.4,0,Delhi,2020,3
Delhi,3W,6.79,82.11,49.35,1,5,public_fast,56.68,0.26,8.67,8.35,humid,0.446,middle,40.75,1,Delhi,2025,12
Delhi,3W,8.1,90.66,1,2,4,home,435.79,4.13,0.16,6.53,humid,0.103,low,48.6,0,Delhi,2023,10
Delhi,3W,8.88,98.84,2.08,1,3,public_fast,61.33,1.82,0.34,5.95,humid,0.219,low,53.28,0,Delhi,2021,5
Delhi,3W,8.64,101.94,25.02,3,2,home,310.85,0.24,3.06,6.48,clear,0.009,high,51.85,0,Delhi,2020,1
Delhi,3W,7.99,77.59,25.75,1,5,public_fast,76.58,1.38,4.05,6.99,extreme_heat,0.356,middle,45.25,0,Delhi,2025,2
Delhi,3W,7.64,70.39,10.92,4,5,home,201.44,0.97,1.82,8.52,rainy,0.426,middle,41.25,1,Delhi,2026,11
Delhi,3W,8.44,96.58,13.14,3,1,home,248.88,2.03,1.9,4.15,extreme_heat,0.431,middle,43.06,0,Delhi,2020,5
Delhi,3W,9.73,80.91,26.65,2,5,public_slow,166.11,3.31,7.08,7.08,humid,0.369,low,58.38,1,Delhi,2023,9
Delhi,3W,7.95,104.42,28.62,1,2,public_slow,205.01,6.98,4.44,5.08,clear,0.592,middle,47.69,0,Delhi,2020,7
Delhi,3W,8,86.82,17.92,3,3,home,293.68,1.46,4.28,8.44,extreme_heat,0.03,middle,40.8,0,Delhi,2024,4
Delhi,3W,9.18,89.08,29.09,3,3,home,163.59,3.18,4.75,6.31,clear,0.211,middle,55.1,0,Delhi,2021,2
Delhi,3W,8.13,75.3,17.72,2,5,home,349.24,1.1,2.85,12.22,extreme_heat,0.204,middle,41.46,0,Delhi,2026,10
Delhi,3W,6.62,89.48,43.37,1,4,home,361.54,3.81,7.31,7.99,clear,0.269,middle,39.69,1,Delhi,2023,6
Delhi,3W,8.17,91.32,25.82,1,3,public_slow,214.71,0.15,7.75,7.05,extreme_heat,0.158,middle,41.66,0,Delhi,2021,2
Delhi,3W,7.09,90.52,26.13,3,4,public_slow,183.13,0.14,3.38,7.25,extreme_heat,0.338,low,36.14,0,Delhi,2022,8
Delhi,3W,8.64,95.23,17.28,3,3,home,318.65,0.02,3.02,8.95,clear,0.052,low,51.83,0,Delhi,2022,5
Delhi,3W,7.33,88.62,51.6,3,5,public_slow,164.31,0.96,8.02,8.97,rainy,0.178,middle,39.56,1,Delhi,2024,4
Delhi,3W,6.65,79.36,30.77,2,5,public_slow,190.91,0.61,4.99,9.04,rainy,0.218,middle,35.91,1,Delhi,2025,9
Delhi,3W,7.6,86.65,20.82,1,5,home,203.69,2.6,2.9,9.67,clear,0.426,low,45.57,0,Delhi,2025,7
Delhi,3W,6.91,100.71,40.8,2,3,home,171.48,0.84,8.84,7.81,extreme_heat,0.064,low,35.25,0,Delhi,2021,7
Delhi,3W,7.53,87.98,1,4,3.29,public_fast,36.27,2.53,0.32,8.54,clear,0.666,middle,45.2,0,Delhi,2023,10
Delhi,3W,6.43,98.96,8.26,3,2,home,275.63,4.8,1.35,6.3,clear,0.006,low,38.58,0,Delhi,2019,2
Delhi,3W,7.83,87.93,44.47,3,3,public_fast,75.67,1.23,7.29,8.79,clear,0.109,middle,46.96,0,Delhi,2023,1
Delhi,3W,8.54,85.13,23.01,3,4,public_slow,128.99,4.46,4.48,8.09,clear,0.294,low,44.94,0,Delhi,2024,9
Delhi,3W,6.97,98.68,33.27,1,1,public_fast,53.07,2.84,7.48,7.49,extreme_heat,0.504,middle,35.53,0,Delhi,2019,12
Delhi,3W,8.16,94.82,39.13,3,2,home,158.77,3.49,6.29,5.78,clear,0.28,low,48.98,1,Delhi,2022,11
Delhi,3W,9.33,87.75,18.47,2,3,home,249.15,0.17,2.37,9.29,clear,0.229,low,55.99,0,Delhi,2022,1
Delhi,3W,8.72,88.03,4.99,1,3,home,257.63,2.05,0.74,8.13,clear,0.365,high,52.35,0,Delhi,2022,1
Delhi,3W,6.69,98.36,8.67,3,1,public_fast,88.32,1.95,1.58,5.32,clear,0.353,middle,40.12,0,Delhi,2020,3
Delhi,3W,6.88,81.15,10.24,3,4,public_slow,178.12,0.19,2.06,9.93,rainy,0.343,low,37.15,0,Delhi,2025,3
Delhi,3W,8.37,82.21,6.17,1,5,public_slow,123.93,4.01,1.29,10.33,clear,0.295,middle,50.23,1,Delhi,2026,6
Delhi,3W,8.54,95.38,18.81,4,1,public_fast,45.18,1.5,2.96,6.02,extreme_heat,0.398,low,43.55,0,Delhi,2019,6
Delhi,3W,7.74,88.9,8.96,4,2,home,211.27,4.89,1.34,7.69,humid,0.296,low,44.94,0,Delhi,2022,3
Delhi,3W,7.89,90.18,32.81,4,3,home,325.1,0.06,5.37,6.34,extreme_heat,0.345,low,40.26,0,Delhi,2022,2
Delhi,3W,8.27,79.89,25.82,3,5,home,197.77,0.3,0.28,8.55,humid,0.095,middle,49.62,0,Delhi,2024,10
Delhi,3W,7.99,82.85,36.9,1,4,public_fast,72.43,0.73,4.76,5.91,rainy,0.174,high,38.49,0,Delhi,2024,7
Delhi,3W,6.5,107.53,42.45,2,1,home,269.53,1.19,4.99,5.49,humid,0.689,low,38.98,0,Delhi,2019,8
Delhi,3W,5.52,97.48,5.18,2,2,public_slow,124.88,0.46,1.08,5.44,humid,0.211,middle,33.14,0,Delhi,2021,12
Delhi,3W,8.81,87.72,18.77,3,3.29,home,299.59,4.53,5.04,7.18,clear,0.243,high,52.88,0,Delhi,2023,6
Delhi,3W,5.49,88.64,4.4,3,3.29,public_slow,238.61,1.79,0.75,6.69,humid,0.385,middle,32.96,0.19,Delhi,2022,12
Delhi,3W,7.58,89.61,33.57,2.51,4,home,355.6,1.99,5.62,9.96,clear,0.35,middle,45.46,1,Delhi,2025,1
Delhi,3W,8.62,94.58,38.58,2,3,public_slow,249.28,8.75,11.52,6.71,clear,0.127,low,51.75,1,Delhi,2020,2
Delhi,3W,9.11,79.35,35.24,1,5,home,462.67,1.55,6.41,8.6,extreme_heat,0.428,low,46.46,1,Delhi,2025,8
Delhi,3W,7.31,90.47,21.21,2,4,home,369.82,0.91,3.78,8.78,rainy,0.121,middle,39.45,0,Delhi,2023,9
Delhi,3W,6.27,77.15,23.27,3,5,public_fast,17.12,3.44,3.64,9.23,humid,0.6,low,37.6,1,Delhi,2026,1
Delhi,3W,8.97,80.76,22.07,3,3,public_slow,219.43,3.66,3.11,8.35,extreme_heat,0.288,middle,45.74,0,Delhi,2024,4
Delhi,3W,7.88,81.23,17.26,4,5,public_fast,67.89,4.59,2.68,10.11,humid,0.291,high,47.29,1,Delhi,2026,2
Delhi,3W,7.99,77.73,19.21,2,5,home,236.9,2.37,2.77,8.62,clear,0.283,high,38.33,0,Delhi,2026,7
Delhi,3W,8.41,89.61,28.29,2,1,home,267.18,0.93,4.51,7.4,clear,0.205,low,50.48,0,Delhi,2023,11
Delhi,3W,7.53,102.92,34.82,2,3,public_fast,79.11,0.88,4.89,6.24,rainy,0.28,high,40.67,0,Delhi,2019,2
Delhi,3W,8.57,89.61,26.91,3,2,public_fast,58.03,5.75,4.03,6.39,extreme_heat,0.032,low,43.69,0,Delhi,2020,6
Delhi,3W,8.14,103.13,1.35,3,1,public_fast,58.38,0.34,0.19,7.53,rainy,0.133,middle,43.97,0,Delhi,2020,5
Delhi,3W,8.04,89.61,7.43,1,3,public_fast,58.68,0.98,1.32,6.78,clear,0.419,middle,48.25,0,Delhi,2024,9
Delhi,3W,7.84,95.37,29.26,3,3,public_slow,225.73,1.2,4.55,4.94,extreme_heat,0.165,low,39.96,0,Delhi,2020,10
Delhi,3W,10.55,94.23,23.14,2,4,home,64.75,1.21,4.74,8.25,clear,0.265,low,63.29,0,Delhi,2022,10
Delhi,3W,8.11,88.14,11.4,2,2,public_slow,150.98,7.33,1.57,7.35,rainy,0.376,high,43.8,0,Delhi,2020,5
Delhi,3W,8.45,78.66,30.73,2,2,home,257.21,2.67,6.74,8.93,humid,0.412,high,50.69,0,Delhi,2025,4
Delhi,3W,9.19,96.59,25.77,2,1,public_fast,16.64,0.11,3.67,7.54,clear,0.763,low,55.11,0,Delhi,2021,6
Delhi,3W,8.59,78.66,40.22,2,6,public_fast,71.74,1.65,8.37,9.58,extreme_heat,0.22,middle,44.94,1,Delhi,2026,2
Delhi,3W,10.03,93.39,17.89,3,2,public_fast,87.61,8.12,2.65,8.08,clear,0.162,low,60.2,0,Delhi,2022,12
Delhi,3W,7.49,83.49,30.92,3,4,public_fast,16.95,1.52,4.92,8.51,extreme_heat,0.173,low,44.95,0,Delhi,2024,10
Delhi,3W,7.83,92.04,32.78,3,4,public_fast,54.08,2.49,6.27,7.16,extreme_heat,0.236,high,39.92,0,Delhi,2023,7
Delhi,3W,7.85,96.52,25.82,5,3,public_slow,181.16,1.1,6.84,6.86,extreme_heat,0.276,low,40.04,0,Delhi,2022,7
Delhi,3W,9.49,95.29,1,3,2,public_slow,140.62,0.01,0.2,8.73,rainy,0.105,middle,51.23,0,Delhi,2022,10
Delhi,3W,7.61,81.51,29.35,3,6,public_fast,69.33,2.52,4.37,9.02,extreme_heat,0.018,middle,38.83,1,Delhi,2026,9
Delhi,3W,8.06,103.25,13.51,1,2,public_slow,171.42,1.94,2.45,6.26,rainy,0.215,middle,43.51,0,Delhi,2019,7
Delhi,3W,7.37,102.44,9.78,2,5,public_fast,88.31,1.52,1.2,7.5,clear,0.279,middle,44.23,0,Delhi,2020,12
Delhi,3W,7.35,83.34,45.7,2,3,home,322.79,1,6.55,8.25,rainy,0.597,low,39.68,0,Delhi,2025,4
Delhi,3W,8.68,81.92,28.08,2,4,public_fast,48.1,4.52,6.28,9.71,extreme_heat,0.4,middle,44.94,0,Delhi,2025,10
Delhi,3W,9,84.06,28.96,2,3,public_fast,72.78,1.99,4.19,6.39,humid,0.346,high,54,0,Delhi,2021,2
Delhi,3W,8.06,101.35,13.29,3,1,home,296.41,1.05,2.24,6.34,extreme_heat,0.272,low,41.09,0,Delhi,2020,8
Delhi,3W,8.31,116.04,25.82,2,2,home,263.93,1.3,3.06,5.46,extreme_heat,0.28,high,42.4,0,Delhi,2019,6
Delhi,3W,8.26,94.18,39.83,2,4,home,324.51,0.57,8.82,7.61,humid,0.407,low,49.56,0,Delhi,2022,6
Delhi,3W,10.07,93.08,15.46,4,4,public_fast,61.95,6.89,3.09,8.72,humid,0.197,low,60.4,0,Delhi,2023,3
Delhi,3W,8.3,75.12,12.34,2.51,6,public_slow,164.74,0.4,2.26,9.72,clear,0.401,low,49.79,0,Delhi,2026,6
Delhi,3W,9,85.59,24.01,2,2,public_fast,76.29,1.04,2.99,7.22,extreme_heat,0.237,low,45.88,0,Delhi,2023,5
Delhi,3W,7.99,80.7,24.24,4,6,public_fast,47.45,0.9,4.01,7.58,clear,0.26,low,47.95,0,Delhi,2026,1
Delhi,3W,8.33,74.93,37.21,2,7,public_slow,176.75,0.03,7.84,10.28,rainy,0.113,low,45,1,Delhi,2026,9
Delhi,3W,8.03,89.57,4.11,1,3,home,411.39,2.59,0.58,8.27,humid,0.132,low,48.15,0,Delhi,2022,4
Delhi,3W,8.46,95.02,18.87,3,2,home,308.6,1.08,4.01,7.39,clear,0.16,middle,50.74,0,Delhi,2022,10
Delhi,3W,8.69,97.99,9.2,5,2,public_slow,177.7,0.36,1.37,6.42,rainy,0.223,low,46.9,0,Delhi,2020,8
Delhi,3W,9.77,97.8,53.56,2,2,public_fast,49.03,0.83,7.22,7,rainy,0.632,middle,52.75,0,Delhi,2022,2
Delhi,3W,7.99,98.09,10.48,3,1,public_slow,139.45,1.83,2.33,6.25,clear,0.221,low,42.7,0,Delhi,2020,6
Delhi,3W,8.11,81.52,34.17,5,5,home,183.47,3.38,5.48,8.06,extreme_heat,0.038,middle,41.35,1,Delhi,2024,7
Hyderabad,3W,7.46,94.55,7.74,2,3,public_slow,155.97,0.07,1.21,6.71,rainy,0.092,middle,40.26,0,Telangana,2021,8
Hyderabad,3W,8.37,95.3,17.29,2,1,home,296.24,0.37,3.18,6.96,humid,0.106,low,44.94,0,Telangana,2019,8
Hyderabad,3W,8.57,104,38.87,4,2,public_fast,181.3,0.17,6.36,7.2,clear,0.28,low,51.44,0,Telangana,2020,6
Hyderabad,3W,7.92,100.39,1,3,2,public_slow,193.86,2.44,0.2,7,rainy,0.122,low,42.76,0,Telangana,2019,11
Hyderabad,3W,7.75,86.96,22.17,3,5,public_fast,59.33,1.55,5,7.55,humid,0.214,low,46.48,0,Telangana,2024,3
Hyderabad,3W,8.75,82.64,28.59,3,6,public_fast,41.61,1.94,5.15,5.47,rainy,0.199,low,47.24,0,Telangana,2023,2
Hyderabad,3W,7.81,85.6,5.6,2,4,public_fast,69.45,2.01,1.06,10.48,humid,0.261,middle,46.85,0,Telangana,2025,7
Hyderabad,3W,8.71,88.33,19.47,3,4,public_slow,218.31,0.08,3.07,10.04,clear,0.612,middle,52.26,0,Telangana,2025,7
Hyderabad,3W,8.92,79.89,25.82,3,4,public_slow,201.6,1.65,5.86,7.7,clear,0.086,middle,53.54,0,Telangana,2025,12
Hyderabad,3W,7.3,95.62,39.11,2,3.29,public_fast,60.89,11.74,4.28,6.69,extreme_heat,0.118,middle,37.24,1,Telangana,2020,1
Hyderabad,3W,7.24,86.09,16.3,2,5,home,231.69,1.66,2.89,7.62,rainy,0.317,high,39.09,0,Telangana,2023,4
Hyderabad,3W,7.58,82.15,29.94,2,2,public_slow,210.02,2.96,4.43,8.08,rainy,0.065,middle,40.91,0,Telangana,2024,8
Hyderabad,3W,6.21,90.79,44.3,2,4,home,259.24,4.23,9.88,8.12,extreme_heat,0.219,low,31.69,1,Telangana,2024,1
Hyderabad,3W,7.9,90.08,30.73,2,3,public_fast,70.62,2.07,4.54,9.62,clear,0.439,middle,44.94,0,Telangana,2023,8
Hyderabad,3W,8.52,89.83,57.76,3,3,home,265.16,2.2,9.76,6.39,humid,0.271,high,51.09,0,Telangana,2021,4
Hyderabad,3W,7.38,101.69,34.38,2.51,2,public_slow,124.11,2.58,1.62,7.22,extreme_heat,0.329,middle,37.62,0,Telangana,2019,9
Hyderabad,3W,7.81,84.49,20.59,4,5,home,255.43,0.72,3.54,8.95,humid,0.484,low,46.88,0,Telangana,2025,2
Hyderabad,3W,6.68,80.46,43.01,1,5,home,276.29,10.87,4.28,8.4,clear,0.49,low,40.1,1,Telangana,2025,3
Hyderabad,3W,5.17,86.07,26.93,1,4,public_fast,87.78,4.93,4.23,9.64,clear,0.523,low,31.01,1,Telangana,2025,9
Hyderabad,3W,8.24,89.76,98.71,3,4,public_fast,56.04,2.94,5.87,7.71,clear,0.648,low,49.46,0.19,Telangana,2024,7
Hyderabad,3W,7.24,100.75,15.19,4,2,public_slow,183.03,0.23,2.41,7.69,rainy,0.256,middle,39.1,0,Telangana,2021,6
Hyderabad,3W,8.39,89.61,5.82,3,7,home,285.84,3.62,1.05,9.61,humid,0.276,high,50.36,1,Telangana,2026,8
Hyderabad,3W,6.63,97.89,26.74,3,3,public_slow,91.18,2.09,4.39,6.3,rainy,0.383,low,35.78,0,Telangana,2022,5
Hyderabad,3W,7.61,78.65,18.42,3,2,public_slow,130,0.61,3.82,8.64,clear,0.3,low,45.66,0,Telangana,2024,7
Hyderabad,3W,9.85,90.23,25.29,3,3,home,332.33,0.34,3.44,8.66,clear,0.086,high,59.12,0,Telangana,2023,8
Hyderabad,3W,6.49,90.35,1,1,1,public_fast,63.23,4.81,0.19,6.6,extreme_heat,0.2,low,33.09,0,Telangana,2020,5
Hyderabad,3W,6.59,78.32,15.61,3,3.29,home,372.48,0.08,3.38,7.25,humid,0.548,low,39.53,0,Telangana,2026,3
Hyderabad,3W,8.02,64.84,42.39,2,3,home,291.24,0,8.11,10.83,rainy,0.391,low,43.32,1,Telangana,2026,10
Hyderabad,3W,5.97,77.57,20.01,2.51,5,home,449.91,2.43,3.06,8.77,extreme_heat,0.123,middle,35.83,0,Telangana,2025,5
Hyderabad,3W,8.25,98.65,1.85,1,3,home,306.21,1.74,0.38,7.43,humid,0.473,middle,49.47,0,Telangana,2019,8
Hyderabad,3W,6.87,96.79,2.88,2,3,public_fast,61.1,0.59,0.45,6.92,clear,0.216,low,41.25,0,Telangana,2020,11
Hyderabad,3W,7.99,88.85,27.32,3,4,public_fast,48.13,1.99,4.6,8.07,rainy,0.333,low,40.01,0,Telangana,2024,11
Hyderabad,3W,9.38,90.95,23.86,4,2,home,171.08,1.17,4.4,8.69,clear,0.347,middle,56.27,0,Telangana,2022,10
Hyderabad,3W,7.93,87.37,35.56,3,4,public_fast,45.12,1.41,5.06,5.85,rainy,0.186,low,42.85,0,Telangana,2021,7
Hyderabad,3W,6.51,86.75,43.91,2,3,public_slow,183.52,0.81,8.01,6.06,humid,0.284,middle,39.09,0,Telangana,2020,12
Hyderabad,3W,8.49,89.75,29.58,2,2,public_slow,144.09,0.78,5.86,6.36,humid,0.212,middle,50.91,0,Telangana,2021,8
Hyderabad,3W,9.76,100.12,17.84,1,3,public_fast,74.47,1.61,2.82,6.74,rainy,0.14,middle,52.71,0,Telangana,2021,1
Hyderabad,3W,7.62,86.58,33.76,1,5,home,209.57,1.99,5.74,7.94,extreme_heat,0.259,low,38.88,1,Telangana,2024,2
Hyderabad,3W,6.86,97.66,6.57,2,1,public_slow,250.79,0.68,1.22,7.25,clear,0.507,low,41.13,0,Telangana,2019,1
Hyderabad,3W,7.58,75.17,25.82,2,3,public_fast,71.3,4.24,8.89,10.18,extreme_heat,0.198,low,38.64,1,Telangana,2026,1
Hyderabad,3W,9.22,88.72,52.96,1,3.29,home,329.33,1.01,4.28,6.37,extreme_heat,0.096,low,44.94,0,Telangana,2020,1
Hyderabad,3W,8.19,100.23,22.45,4,1,public_fast,39.96,3.88,5,7.12,rainy,0.363,low,44.2,0,Telangana,2019,6
Hyderabad,3W,7.43,98.55,18.67,1,2,public_slow,80.57,3.01,3.6,5.96,rainy,0.182,low,40.11,0,Telangana,2021,3
Hyderabad,3W,9.06,89.07,28.28,3,5,public_slow,181.3,2.58,5.29,9.8,extreme_heat,0.333,middle,46.22,0,Telangana,2025,2
Hyderabad,3W,8.48,89.8,27.1,2,2,home,353.13,0.19,4.14,8.28,extreme_heat,0.09,low,45.78,0,Telangana,2020,7
Hyderabad,3W,7.95,83.02,24.77,2,4,public_slow,238.19,6.86,3.44,10.88,clear,0.289,middle,47.68,0,Telangana,2025,5
Hyderabad,3W,8.22,85.55,21.85,4,5,home,325.6,1.24,4.6,9.87,extreme_heat,0.238,middle,41.91,0,Telangana,2025,9
Hyderabad,3W,7.03,94.44,48.52,1,3,public_slow,196.74,0.13,7.34,4.56,clear,0.087,middle,42.19,0,Telangana,2020,3
Hyderabad,3W,8.33,87.5,1,3,3,home,265.16,2.17,0.15,9,humid,0.252,middle,49.95,0,Telangana,2025,12
Hyderabad,3W,7.23,88.49,9.31,2,3,home,275.58,8.4,1.7,9.35,clear,0.104,middle,43.37,0,Telangana,2022,11
Hyderabad,3W,8.79,89.58,7.33,2,3,public_slow,224.43,0.2,1.39,8.26,humid,0.453,high,52.75,0,Telangana,2022,5
Hyderabad,3W,8.55,89.61,1,1,4,public_fast,54.4,1.23,0.21,7.71,humid,0.131,high,51.29,0,Telangana,2024,4
Hyderabad,3W,8.4,101.24,25.52,2,1,home,297.93,5.44,4.08,5.49,clear,0.162,middle,50.41,0,Telangana,2019,8
Hyderabad,3W,6.51,97,25.51,2,1,public_slow,162.26,0.6,3.48,6.57,rainy,0.143,middle,35.15,0,Telangana,2020,12
Hyderabad,3W,7.99,75.81,19.17,3,6,home,362.26,0.45,3.38,8.42,clear,0.221,middle,47.93,0,Telangana,2025,11
Hyderabad,3W,6.89,101.84,49.04,1,1,home,342.06,1.99,9.89,7.07,rainy,0.438,high,37.21,0,Telangana,2019,10
Hyderabad,3W,8.17,84.2,7.17,5,4,public_slow,181.3,3.17,1.53,8.28,extreme_heat,0.442,middle,41.67,0,Telangana,2024,6
Hyderabad,3W,6.57,102.26,28.45,2,1,public_slow,262.1,0.97,5.95,6.62,rainy,0.321,middle,35.49,0,Telangana,2019,8
Hyderabad,3W,7.52,94.4,8.06,4,2,home,300.35,0.83,1.04,8.4,humid,0.068,middle,45.14,0,Telangana,2022,3
Hyderabad,3W,7.22,89.61,7.47,3,2,public_slow,181.3,0.56,1.2,8.72,extreme_heat,0.428,low,36.81,0,Telangana,2024,2
Hyderabad,3W,9.06,101.03,24.45,4,1,public_fast,66.64,1.16,4.61,7.01,rainy,0.086,middle,48.93,0,Telangana,2020,12
Hyderabad,3W,8.83,92.64,25.34,3,4,public_fast,77.88,8.01,3.78,6.96,humid,0.094,low,44.94,0,Telangana,2023,3
Hyderabad,3W,5.53,93.27,17.58,2,2,public_fast,78.82,0.06,2.96,7.98,humid,0.565,low,33.18,0,Telangana,2023,9
Hyderabad,3W,6.95,83.29,24.04,2,5,public_slow,198.03,2.68,3.63,8.08,clear,0.3,low,41.68,0,Telangana,2024,7
Hyderabad,3W,9.71,87.81,22.7,3,5,public_fast,52.14,2.36,3.5,9.03,clear,0.131,middle,58.26,0,Telangana,2025,6
Hyderabad,3W,8.7,87.17,2.38,3,6,public_slow,193.6,3.42,0.4,9.27,clear,0.409,high,52.18,1,Telangana,2024,10
Hyderabad,3W,6.49,92.23,11.23,4,2,home,224.17,3.68,2.52,7.83,extreme_heat,0.168,middle,33.11,0,Telangana,2022,2
Hyderabad,3W,7.99,81.94,33.49,1,4,public_slow,147.28,1.83,7.35,9.14,extreme_heat,0.416,middle,43.45,0,Telangana,2025,2
Hyderabad,3W,7.91,83.16,22.1,3,5,public_slow,183.4,0.8,2.82,7.62,rainy,0.21,low,42.69,0,Telangana,2025,7
Hyderabad,3W,8.27,81.3,21.78,4,3,public_fast,74.86,2.66,3.38,7.07,clear,0.517,middle,49.63,0,Telangana,2023,10
Hyderabad,3W,7.9,99.41,26.08,1,2,public_fast,49.01,2.49,4.01,4.78,extreme_heat,0.16,middle,40.29,0,Telangana,2020,3
Hyderabad,3W,7.99,91.6,9.84,2,3,public_slow,151.46,0.68,1.79,9.16,humid,0.176,middle,51.71,0,Telangana,2022,11
Hyderabad,3W,7.66,90.28,16.66,4,3,public_fast,46.47,1.99,2.63,5.92,extreme_heat,0.473,middle,39.06,0,Telangana,2023,3
Hyderabad,3W,8.48,89.61,18.18,4,1,public_slow,206.33,4.43,3.06,6.64,clear,0.021,middle,50.89,0,Telangana,2021,7
Hyderabad,3W,8.52,99.92,29.23,2,2,public_fast,69.56,0.69,4.13,4,extreme_heat,0.221,low,43.45,0,Telangana,2019,9
Hyderabad,3W,8.44,94.77,30.64,4,2,public_slow,217.96,0.06,4.43,7.2,humid,0.375,low,50.62,0,Telangana,2020,7
Hyderabad,3W,9.16,78.27,23.76,2.51,6,public_fast,37.48,3.36,2.97,11.11,clear,0.321,middle,54.97,1,Telangana,2026,8
Hyderabad,3W,8.68,104.95,38.55,1,3,home,175.04,4.88,7.44,4.83,extreme_heat,0.171,low,44.27,1,Telangana,2019,12
Hyderabad,3W,7.36,81.87,22.21,1,3,public_slow,143.65,0.35,3.26,10.1,extreme_heat,0.192,low,37.52,0,Telangana,2023,6
Hyderabad,3W,7.39,86.77,43.83,3,3.29,home,246.6,0.19,6.59,8.72,humid,0.086,low,44.94,0,Telangana,2025,8
Hyderabad,3W,9.19,77.43,63.6,3,5,public_fast,47.66,1.97,4.04,8.91,humid,0.289,low,55.12,1,Telangana,2023,4
Hyderabad,3W,7.75,91.49,27.16,1,2,public_slow,203.68,1.44,6.27,6.48,humid,0.239,middle,46.53,0,Telangana,2020,10
Hyderabad,3W,9.19,82.01,12.57,2,4,home,305.03,1.03,1.99,9.44,humid,0.426,high,55.15,0,Telangana,2025,4
Hyderabad,3W,8.1,91.28,44.36,1,3,public_fast,42.42,1.73,10.09,7.92,clear,0.133,middle,48.63,0,Telangana,2021,3
Hyderabad,3W,6.94,84.74,40.92,1,4,public_slow,156.32,4.68,6.02,4.83,rainy,0.403,low,37.46,1,Telangana,2022,12
Hyderabad,3W,6.37,88.3,21.09,2,4,home,291.4,1.52,3.24,6.81,humid,0.465,middle,44.94,0,Telangana,2023,3
Hyderabad,3W,8.15,93.58,19.15,3,3,public_fast,76.52,4.13,4.37,7.24,extreme_heat,0.642,high,41.55,0,Telangana,2023,10
Hyderabad,3W,7.01,88.56,6.95,4,4,home,175.05,1.09,1.3,9.73,clear,0.253,low,44.94,0,Telangana,2025,11
Hyderabad,3W,9.99,87.56,1,3,2,home,241.94,0.97,0.17,6.73,rainy,0.435,low,53.95,0,Telangana,2022,2
Hyderabad,3W,7.95,93.14,24.16,3,4,home,383.61,5.92,4.11,7.64,clear,0.252,high,47.68,0,Telangana,2022,12
Hyderabad,3W,8.47,90.53,57.94,5,3,home,290.16,0.12,10,6.76,clear,0.224,low,50.79,0,Telangana,2023,6
Hyderabad,3W,8.21,91.78,35.85,2,3,public_slow,181.3,0.36,8.96,7.4,rainy,0.53,low,44.32,0,Telangana,2021,10
Hyderabad,3W,6.11,102.73,15.64,1,1,home,359.84,3.67,2.54,4.45,extreme_heat,0.234,high,31.14,0,Telangana,2019,5
Hyderabad,3W,6.63,102.85,32.33,3,1,public_fast,80.63,3.56,7.81,6.55,clear,0.344,middle,39.78,1,Telangana,2022,8
Hyderabad,3W,7.68,86.4,23.52,2,3,public_fast,42.97,3.27,3.11,8.99,extreme_heat,0.193,middle,39.14,0,Telangana,2023,5
Hyderabad,3W,8.07,89.61,6.81,3,5,home,62.65,3.62,0.92,7.9,clear,0.096,middle,48.45,1,Telangana,2023,10
Hyderabad,3W,8.72,100.3,11.77,3,4,public_slow,159.79,5.3,2.26,5.59,clear,0.287,low,52.34,0,Telangana,2020,4
Hyderabad,3W,6.37,72.92,70.1,3,5,public_slow,252.01,1.57,11.56,9.27,rainy,0.429,middle,34.42,1,Telangana,2026,9
Hyderabad,3W,6.21,108.24,16.62,2,2,home,313.19,0.03,2.03,6.61,clear,0.008,high,37.27,0,Telangana,2020,3
Hyderabad,3W,7.58,94.77,9.97,3,1,home,278.49,0.41,1.84,6.6,clear,0.129,middle,45.48,0,Telangana,2021,4
Hyderabad,3W,7.5,98.06,20.74,1,3,home,346.23,0.31,2.85,6.53,extreme_heat,0.428,low,38.25,0,Telangana,2019,3
Hyderabad,3W,8.41,83.92,14.06,4,5,public_fast,65.82,0.79,3.25,9.94,rainy,0.507,middle,45.44,0,Telangana,2024,3
Hyderabad,3W,7.53,98.94,22.24,1,2,public_slow,192.12,2.78,3.09,7.7,extreme_heat,0.175,middle,38.4,0,Telangana,2020,5
Hyderabad,3W,6.03,80.08,3.53,3,5,public_fast,36.93,1.48,0.65,10.49,clear,0.471,middle,36.2,0,Telangana,2025,3
Hyderabad,3W,8.51,96.45,5.67,2,2,home,236.06,11.07,0.81,7.9,humid,0.263,low,51.05,0,Telangana,2020,7
Hyderabad,3W,8.43,80.16,28.92,3,6,home,323.61,1.99,4.61,9.21,clear,0.144,low,50.57,0,Telangana,2025,3
Hyderabad,3W,7.14,81.83,20.5,3,4,home,233.01,0.05,3.29,7.86,extreme_heat,0.237,middle,36.4,0,Telangana,2025,8
Hyderabad,3W,8.96,90.66,32.9,4,3,public_fast,96.35,2.3,4.74,8.72,humid,0.28,low,53.77,0,Telangana,2022,8
Hyderabad,3W,6.18,95.93,7.91,2,1,public_slow,163.9,0.58,1.22,5.38,extreme_heat,0.057,low,31.5,0,Telangana,2020,8
Hyderabad,3W,8.87,90.69,25.65,2,1,public_slow,228.41,0.1,3.39,7.17,clear,0.246,middle,53.2,0,Telangana,2022,4
Hyderabad,3W,8.3,97.19,13.49,2.51,1,home,265.72,3.03,2.52,7.27,rainy,0.394,middle,44.84,0.19,Telangana,2019,7
Hyderabad,3W,7.42,88.11,27.68,3,6,public_slow,189.66,4.56,4.41,9.05,rainy,0.337,middle,40.06,1,Telangana,2026,6
Hyderabad,3W,7.92,97.03,20.06,1,1,public_slow,166.72,0.26,3,8.11,extreme_heat,0.293,middle,40.4,0,Telangana,2020,8
Hyderabad,3W,8.83,82.51,4.56,3,3,home,354.51,0.91,0.65,8.47,rainy,0.28,high,47.69,0,Telangana,2025,5
Hyderabad,3W,7.69,101.24,44.05,2,3,public_slow,211.64,2.22,6.77,4.73,clear,0.543,middle,46.13,0.19,Telangana,2020,10
Hyderabad,3W,7.41,86.26,28.01,2,5,public_fast,45.75,7.17,4.83,7.92,clear,0.093,high,44.48,1,Telangana,2023,6
Hyderabad,3W,7.99,64.39,12.71,4,5,home,152.79,3.84,4.28,8.58,clear,0.28,low,44.89,1,Telangana,2025,11
Hyderabad,3W,8.39,91.86,41.1,2,4,home,423.77,1.52,6.59,8.17,extreme_heat,0.249,low,42.81,0,Telangana,2023,4
Hyderabad,3W,7.63,101.27,5.27,4,3,public_slow,97.46,1.79,0.99,7.83,extreme_heat,0.102,high,38.93,0,Telangana,2022,2
Hyderabad,3W,6.91,89.61,21.76,4,3,public_fast,93.06,0.93,3.56,8.52,extreme_heat,0.294,low,35.26,0,Telangana,2024,10
Hyderabad,3W,8.67,84.78,40.81,1,3,public_slow,148.28,0.56,9.82,7.24,extreme_heat,0.28,low,44.22,0,Telangana,2023,7
Hyderabad,3W,8.74,98.99,19.4,2,3,home,362.54,2.12,2.31,7.79,clear,0.127,low,52.45,0,Telangana,2021,6
Hyderabad,3W,9.56,70.71,38.62,3,5,home,289.16,1.04,7.07,10.01,extreme_heat,0.159,high,48.75,1,Telangana,2026,6
Hyderabad,3W,7.81,92.37,28.18,3,4,home,285.86,3.06,5.48,7.2,extreme_heat,0.273,low,46.84,0,Telangana,2022,2
Hyderabad,3W,7.76,89.79,27.82,2,4,public_slow,120.74,0.12,5.46,9.11,clear,0.203,high,46.54,0,Telangana,2021,8
Hyderabad,3W,6.69,105.9,1,3,2,public_slow,213.19,1.3,0.18,7.97,rainy,0.368,middle,36.1,0,Telangana,2020,11
Hyderabad,3W,7.96,78.95,35.17,4,5,home,319.04,1.72,7.09,8.99,extreme_heat,0.076,low,40.58,1,Telangana,2024,7
Hyderabad,3W,8.44,75.47,27.11,3,7,public_fast,77.56,1.76,4.57,8.85,extreme_heat,0.162,low,43.05,0,Telangana,2026,10
Hyderabad,3W,8.19,92.62,5.55,1,5,public_slow,154.9,1.48,1.08,7.66,extreme_heat,0.528,low,41.79,0,Telangana,2024,2
Hyderabad,3W,10.42,88.78,12.75,4,3,home,183.4,0.35,1.82,6.36,extreme_heat,0.137,low,53.15,0,Telangana,2022,12
Hyderabad,3W,7,77.63,47.78,3,5,public_fast,91.32,0.45,8.23,9.93,extreme_heat,0.386,middle,35.69,1,Telangana,2026,10
Hyderabad,3W,8.93,71.76,38.9,2,3,public_slow,163.48,1.21,6.43,10.22,extreme_heat,0.256,high,45.55,1,Telangana,2024,8
Hyderabad,3W,8.27,91.26,35.12,3,4,home,329.53,0.96,4.36,9.53,clear,0.329,low,49.61,0.19,Telangana,2023,10
Hyderabad,3W,7.68,76.96,25.03,1,3,public_fast,113.54,2.37,4.08,9.13,clear,0.306,low,44.94,0,Telangana,2024,5
Hyderabad,3W,9.21,94.09,29.48,2,4,public_slow,181.3,0.07,4.77,6.29,humid,0.349,low,55.29,0,Telangana,2022,7
Hyderabad,3W,7.47,79.49,19.45,2,5,public_slow,215.26,1.51,2.74,8.17,extreme_heat,0.28,low,38.1,0,Telangana,2025,4
Hyderabad,3W,8.5,77.86,21.45,2,3,public_fast,87.62,0.65,3.77,8.09,extreme_heat,0.398,low,43.36,0,Telangana,2022,3
Hyderabad,3W,8.24,102.64,15.11,3,3,home,190.07,0.93,3.4,8.26,rainy,0.28,low,44.48,0,Telangana,2020,9
Hyderabad,3W,7.28,75.78,9.59,4,4,public_fast,35.37,1.82,1.49,7.9,rainy,0.185,high,39.3,0,Telangana,2024,5
Hyderabad,3W,8.17,97.57,30.88,2,2,home,263.44,0.92,4.28,6.09,rainy,0.01,middle,44.09,0,Telangana,2021,11
Hyderabad,3W,7.83,88.19,13.78,1,2,home,143.73,2.26,2.52,8.1,rainy,0.375,low,42.3,0,Telangana,2024,1
Hyderabad,3W,7.49,85.63,21.81,2.51,5,public_fast,41.74,0.76,3.83,7.73,clear,0.279,low,44.95,0,Telangana,2024,9
Hyderabad,3W,7.34,94.2,1,2.51,1,public_fast,51.64,0.09,0.17,7.09,rainy,0.29,middle,39.65,0,Telangana,2019,10
Hyderabad,3W,7.67,86.11,15.43,1,2,home,181.3,0.75,2.31,7.42,extreme_heat,0.067,middle,39.09,0,Telangana,2021,11
Hyderabad,3W,7.46,99.43,11.21,2,1,public_fast,40.95,1.26,1.78,4.93,rainy,0.254,low,40.27,0,Telangana,2020,10
Hyderabad,3W,6.79,70.79,49.67,1,5,home,267.88,0.37,8.44,11.08,rainy,0.351,middle,36.68,1,Telangana,2026,6
Hyderabad,3W,7.39,77.9,38.35,2,1,home,274.21,0.18,7,7.67,humid,0.079,low,44.34,0,Telangana,2025,12
Hyderabad,3W,8.7,76.18,14.38,4,6,public_slow,82.95,0.07,1.98,8.69,humid,0.343,middle,52.19,0,Telangana,2026,3
Hyderabad,3W,6.41,92.21,16.72,1,4,home,377.43,1.31,3.07,7.88,clear,0.245,low,38.47,0,Telangana,2024,4
Hyderabad,3W,8.21,83.13,53.89,4,4,public_fast,67.49,0.01,10.28,9.78,extreme_heat,0.41,low,41.88,0,Telangana,2025,8
Hyderabad,3W,8.59,99.98,15.14,1,3.29,public_slow,137.88,2.13,2.78,6.53,clear,0.375,middle,51.53,0,Telangana,2019,8
Hyderabad,3W,7.71,86.56,24.04,3,3,public_fast,48.22,1.7,4.28,7.71,rainy,0.091,middle,41.65,0,Telangana,2024,12
Hyderabad,3W,7.46,89.61,11.53,2.51,5,public_slow,124.35,1.99,2.14,10.95,humid,0.617,middle,44.76,0,Telangana,2026,7
Hyderabad,3W,6.95,91.25,27.42,3,4,home,302.05,5.25,4.12,7.99,humid,0.397,middle,41.7,0,Telangana,2022,8
Hyderabad,3W,7.63,108.91,25.39,2,1,public_fast,41.29,0.52,3.82,6.52,extreme_heat,0.206,low,38.89,0,Telangana,2019,2
Hyderabad,3W,7.71,85.84,9.15,2,3,public_slow,151.08,1.54,1.61,7.27,extreme_heat,0.082,low,44.94,0,Telangana,2022,6
Hyderabad,3W,8.51,89.61,29.19,2,3,home,261.59,1.66,4.31,8.06,clear,0.283,low,51.04,0,Telangana,2025,8
Hyderabad,3W,6.7,83.81,56.03,4,5,public_fast,35.69,0.4,7.45,7.87,clear,0.288,middle,40.19,1,Telangana,2025,4
Hyderabad,3W,8.53,94.21,7.91,2,3,public_fast,70.11,1.58,1.46,9.61,humid,0.437,low,51.18,0,Telangana,2023,4
Hyderabad,3W,8.24,83.2,8.05,4,6,public_fast,75.68,0.03,1.28,8.78,extreme_heat,0.147,middle,42.03,0,Telangana,2024,4
Hyderabad,3W,5.86,81.79,43.85,2.51,4,home,294.52,1.22,8.83,8.16,clear,0.076,high,35.13,0,Telangana,2023,8
Hyderabad,3W,6.65,98.39,38.57,2,3,public_slow,176.77,2.15,5.77,9.11,extreme_heat,0.37,low,33.91,0,Telangana,2020,11
Hyderabad,3W,8.59,94.31,16.55,2,4,public_slow,178.48,0.17,2.44,6.76,clear,0.107,middle,51.53,0,Telangana,2022,3
Hyderabad,3W,8.13,84.63,42.31,2,5,home,439.24,2.35,11.56,7.41,clear,0.421,middle,48.79,1,Telangana,2024,5
Hyderabad,3W,7.4,98.91,9.89,4,3,home,185.22,0.55,1.73,6.42,humid,0.295,high,44.39,0,Telangana,2022,8
Hyderabad,3W,8.8,94.74,62.71,1,1,home,347.04,1.77,11.38,7.99,clear,0.371,high,52.81,0,Telangana,2019,2
Hyderabad,3W,8.5,95.84,26.43,2,2,public_fast,83.94,1.99,5.75,7.21,rainy,0.479,low,45.9,0,Telangana,2020,11
Hyderabad,3W,7.99,87.15,21.64,3,4,public_fast,45.67,2.63,3.35,7.45,extreme_heat,0.092,low,45.24,0.19,Telangana,2025,8
Hyderabad,3W,7.61,91.88,32.45,3,4,public_slow,213.68,2.91,7.5,8.99,extreme_heat,0.38,low,38.8,0,Telangana,2024,1
Hyderabad,3W,8.46,74,43.27,3,5,public_fast,71.42,1.49,8.95,11.65,extreme_heat,0.322,low,44.94,1,Telangana,2025,6
Hyderabad,3W,7.27,88.6,23.66,3,4,home,240.91,1.36,7.09,6.56,rainy,0.147,low,39.28,0,Telangana,2021,5
Hyderabad,3W,8.54,101.57,32.46,2,1,public_slow,191.71,3.3,7.11,5.46,rainy,0.462,low,46.12,1,Telangana,2019,7
Hyderabad,3W,7.02,83.57,23.22,4,5,home,343.72,4.15,5,8.68,extreme_heat,0.367,middle,35.8,1,Telangana,2025,2
Hyderabad,3W,9.11,79.84,33.53,2,3,public_slow,267.66,0.38,5.48,8.26,clear,0.232,middle,54.66,0,Telangana,2025,1
Hyderabad,3W,7.5,91.21,33.45,3,3,public_fast,29.12,5.79,6.26,6.38,rainy,0.641,low,40.52,1,Telangana,2020,8
Hyderabad,3W,7.45,96.78,37.7,1,3,public_slow,160.82,0.85,5.55,6.77,clear,0.09,middle,44.73,0,Telangana,2021,10
Hyderabad,3W,8.46,94.15,41.32,2,4,public_fast,48.22,0.05,6.69,7.31,rainy,0.18,low,45.67,0,Telangana,2023,3
Hyderabad,3W,9.22,101.07,24.81,2,2,public_slow,206.53,1.31,3.83,8.13,rainy,0.381,low,49.78,0,Telangana,2019,6
Hyderabad,3W,7.19,76.34,9.97,2,3.29,public_slow,200.88,1.99,1.68,8.55,rainy,0.425,low,38.85,0,Telangana,2026,3
Hyderabad,3W,6.77,82.41,20.69,1,5,public_slow,143.31,4.87,4.7,9.73,rainy,0.35,low,36.57,1,Telangana,2025,4
Hyderabad,3W,9.72,81.21,19.84,1,2,public_fast,75.84,0.68,2.89,6.7,humid,0.476,middle,58.33,0,Telangana,2023,7
Hyderabad,3W,7.84,81.12,22.84,2,5,public_slow,228.56,0.69,3.31,7.17,humid,0.292,low,47.03,0,Telangana,2023,10
Hyderabad,3W,8.64,86.76,25.82,2,4,home,139.82,1.26,1.04,9.04,rainy,0.28,middle,46.64,0,Telangana,2022,12
Hyderabad,3W,8.01,81.28,14.87,3,5,public_slow,178.82,5.92,3.73,9.46,clear,0.208,middle,48.08,0.19,Telangana,2026,3
Hyderabad,3W,8.68,85.52,23.47,3,3,public_slow,123.95,0.85,4.66,8.12,clear,0.465,low,52.1,0,Telangana,2023,10
Hyderabad,3W,9.06,100.7,34.23,2,1,home,219.44,0.76,5.95,4.86,rainy,0.435,low,48.92,0,Telangana,2019,10
Hyderabad,3W,9.08,87.31,25.82,3,4,public_slow,181.3,1.09,6.94,5.78,clear,0.105,middle,54.45,0,Telangana,2021,8
Hyderabad,3W,7.76,102.47,22.74,1,2,public_slow,180.87,1.92,3.46,7.57,clear,0.292,low,46.57,0,Telangana,2022,3
Hyderabad,3W,7.53,100.39,25.82,4,2,home,288.56,2.67,5.06,8.1,humid,0.269,middle,45.16,0,Telangana,2021,6
Hyderabad,3W,7.99,89.82,19.79,2,2,public_slow,202.44,3.72,3.39,6.05,clear,0.108,high,49.76,0,Telangana,2021,2
Hyderabad,3W,7.12,79.14,39.89,2.51,5,home,274.44,0.4,8.4,10.57,extreme_heat,0.298,low,36.32,1,Telangana,2026,12
Hyderabad,3W,8.7,89.4,15.74,3,3,public_fast,66.55,2.97,2.38,9.46,humid,0.197,high,52.21,0,Telangana,2024,8
Hyderabad,3W,8.03,88.76,34.86,2,2,public_slow,181.55,3.32,5.97,5.85,extreme_heat,0.253,low,40.96,1,Telangana,2020,1
Hyderabad,3W,7.5,98.46,1,3,2,home,370.1,0.18,0.18,6.8,extreme_heat,0.082,high,38.25,0,Telangana,2021,1
Hyderabad,3W,8.22,77.83,42.31,1,6,home,196.29,0.49,6.9,9.57,clear,0.354,middle,49.34,1,Telangana,2025,12
Hyderabad,3W,9.29,94.94,31.42,3,1,public_fast,77.85,3.8,5.56,5.98,extreme_heat,0.331,middle,47.38,0,Telangana,2019,7
Hyderabad,3W,8.7,83.78,34.01,2,4,public_fast,55.74,2.3,5.21,10.05,clear,0.244,middle,52.18,0,Telangana,2024,2
Hyderabad,3W,8.31,77.62,18.41,3,5,home,127.06,1.74,3.57,9.06,humid,0.139,high,49.84,0,Telangana,2026,3
Hyderabad,3W,7.99,97.81,22.52,4,2,public_fast,181.3,0.54,3.68,6.08,humid,0.203,middle,38.46,0,Telangana,2019,4
Hyderabad,3W,8.31,89.61,40.6,4,3.29,public_slow,218.58,1.14,7.27,7.52,extreme_heat,0.508,low,42.37,0,Telangana,2021,12
Hyderabad,3W,7.34,91.72,32.3,2,3,public_fast,76.58,0.96,5.26,7.62,extreme_heat,0.313,low,37.42,0,Telangana,2023,10
Hyderabad,3W,7.64,89.33,10.53,2,4,public_slow,110.53,6.02,1.9,6.28,rainy,0.283,middle,41.24,0,Telangana,2021,5
Hyderabad,3W,9.06,90.09,25.41,2.51,2,public_slow,190.1,0.88,4.71,7.73,extreme_heat,0.203,low,46.21,0,Telangana,2022,11
Hyderabad,3W,7.69,96.05,29.25,1,1,home,341.28,2.79,6.04,6.57,humid,0.231,middle,46.13,0,Telangana,2020,10
Hyderabad,3W,7.02,90.37,23.96,3,2,public_fast,61.54,4.34,3.24,5.38,humid,0.214,middle,42.12,0,Telangana,2022,7
Hyderabad,3W,10.03,75.81,41.02,3,4,public_fast,80.83,2.44,6.58,7.96,extreme_heat,0.361,low,51.15,0,Telangana,2025,3
Hyderabad,3W,7.63,81.87,28.81,1,6,public_slow,165.25,2.23,5.15,7.67,humid,0.39,low,45.79,0,Telangana,2023,12
Hyderabad,3W,7.69,85.39,22.59,2,3.29,public_fast,83.62,1.2,5.95,7.71,extreme_heat,0.032,high,39.2,0,Telangana,2022,3
Hyderabad,3W,8.64,89.68,24.8,3,3,home,282.61,1.14,4.55,9.34,humid,0.28,low,51.81,0,Telangana,2023,2
Hyderabad,3W,8.12,82.92,21.22,2.51,5,home,364.17,2.5,5.38,6.29,extreme_heat,0.064,low,48.73,0,Telangana,2023,8
Hyderabad,3W,7.23,81.41,36.2,1,5,public_slow,181.6,0.52,5.18,8.48,rainy,0.343,high,39.02,1,Telangana,2026,12
Hyderabad,3W,5.49,89.61,15.02,1,2,home,357.59,5.49,3.06,5.04,humid,0.151,low,32.92,0,Telangana,2019,10
Hyderabad,3W,8.66,93.13,13.54,3,3,home,296.71,0.06,2.23,7.03,clear,0.217,high,51.97,0,Telangana,2022,12
Hyderabad,3W,7.21,80.28,27.09,1,5,public_fast,65.66,2.14,3.62,9.2,rainy,0.312,middle,38.93,0,Telangana,2025,6
Hyderabad,3W,6.68,79.73,6.57,3,3,home,305.92,1.13,0.99,8.94,humid,0.332,middle,40.09,0,Telangana,2025,1
Hyderabad,3W,7.77,87.88,1,1,3,public_slow,162.93,0.84,0.19,7.76,extreme_heat,0.377,low,39.63,0,Telangana,2024,1
Hyderabad,3W,6.1,100.47,31.23,1,4,home,291,1.36,4.46,7.71,clear,0.248,high,36.61,0,Telangana,2023,9
Hyderabad,3W,7.69,99.84,19.12,2,1,home,186.25,3.88,2.76,5.76,humid,0.28,middle,46.16,0.19,Telangana,2021,2
Hyderabad,3W,8.83,97.77,14.12,4,2,home,287.08,0.76,2.05,6.91,rainy,0.156,middle,47.7,0,Telangana,2021,8
Hyderabad,3W,7.18,81.51,12.72,2,2,public_fast,53.4,2.06,2.31,8.96,humid,0.16,middle,43.05,0,Telangana,2023,2
Hyderabad,3W,8.74,89.68,10.62,3,3,public_fast,40.51,0.65,2.98,7.99,humid,0.553,middle,52.45,0,Telangana,2023,5
Hyderabad,3W,9.07,91.61,39.25,3,5,public_fast,37.52,0.2,6.84,9.13,extreme_heat,0.193,middle,46.24,1,Telangana,2022,8
Hyderabad,3W,7.85,91.39,9.35,2,3,public_fast,70.92,2,1.57,7.46,clear,0.087,low,47.08,0,Telangana,2023,10
Hyderabad,3W,7.28,100.32,16.39,2.51,1,home,309.21,3.23,2.7,4.46,clear,0.021,low,43.67,0,Telangana,2019,10
Hyderabad,3W,7.78,98.03,28.51,2,2,public_slow,233.73,0.19,5.1,4.92,extreme_heat,0.496,high,44.94,0,Telangana,2019,9
Hyderabad,3W,8.71,81.7,1,3,4,public_fast,32.38,1.2,0.23,10.43,rainy,0.41,middle,47.04,0,Telangana,2026,10
Hyderabad,3W,6.7,105.92,33.63,2,4,public_fast,79.26,1.99,5.07,7.76,humid,0.069,middle,40.21,0.19,Telangana,2021,4
Hyderabad,3W,6.76,88.4,1,2,2,public_fast,17.22,3.57,0.17,9.84,humid,0.332,low,40.58,0,Telangana,2022,11
Hyderabad,3W,7.5,95.47,50.6,2,6,public_slow,239.59,0.43,8.49,9.46,extreme_heat,0.091,middle,38.26,1,Telangana,2023,6
Hyderabad,3W,7.67,83.86,23.57,3,4,public_fast,69.38,0.18,3.47,8.8,rainy,0.052,middle,41.44,0,Telangana,2024,3
Hyderabad,3W,8.86,93.91,48.09,2,4,public_slow,159.63,0.01,8.12,7.92,rainy,0.205,low,47.82,0,Telangana,2022,5
Hyderabad,3W,7.42,73.26,2.47,3,5,public_slow,151.83,0.43,0.34,8.91,clear,0.242,low,44.5,1,Telangana,2026,8
Hyderabad,3W,7.39,79.65,1,2,3,home,291.65,1.11,0.22,9.5,rainy,0.276,middle,39.92,0,Telangana,2024,8
Hyderabad,3W,8.58,91.25,12.27,3,2,home,343.89,3.12,1.72,8.08,extreme_heat,0.274,middle,43.74,0,Telangana,2021,7
Hyderabad,3W,7.99,75.23,42.02,2,4,home,327.82,0.6,9.31,9.73,rainy,0.198,middle,43.17,0,Telangana,2026,11
Hyderabad,3W,6.66,87.01,21.48,1,3,public_slow,118.1,0.58,3.65,9.54,clear,0.299,high,39.95,0,Telangana,2024,10
Hyderabad,3W,9.14,92.69,25.67,2,4,public_slow,149.47,3.49,4.54,4.52,extreme_heat,0.585,low,46.63,0,Telangana,2021,9
Hyderabad,3W,7.99,107.7,42.16,3,1,public_slow,191.88,1.3,4.28,5.22,extreme_heat,0.201,middle,40.77,0,Telangana,2019,10
Hyderabad,3W,7.42,80.4,41.22,3,3,home,309.54,0.44,5.76,9.21,rainy,0.336,middle,40.07,0,Telangana,2025,5
Hyderabad,3W,9.26,84.05,1,2,4,public_fast,49.43,3.16,4.28,8.9,extreme_heat,0.588,middle,47.25,0,Telangana,2026,12
Hyderabad,3W,7.86,92.48,20.89,4,3,public_fast,48.1,4.39,3.16,9.69,clear,0.199,high,47.17,0,Telangana,2024,7
Hyderabad,3W,9.17,81.64,25.82,2,4,home,248.55,0.75,4.06,8.4,rainy,0.564,middle,49.5,0,Telangana,2024,2
Hyderabad,3W,9.22,95.53,29.71,3,4,public_fast,63.41,1.01,6.19,7.58,humid,0.061,high,55.31,0,Telangana,2022,6
Hyderabad,3W,8.21,99.93,28.36,1,1,home,333.39,1.53,5.99,6.3,clear,0.606,middle,49.27,0,Telangana,2020,6
Hyderabad,3W,6.7,84.68,18.05,2,4,public_fast,48.77,0.77,3.53,10.52,humid,0.237,low,40.22,0,Telangana,2023,4
Hyderabad,3W,8.58,100.57,40.68,3,3,public_fast,71.4,2.56,7.07,6.99,humid,0.228,low,51.5,0,Telangana,2020,5
Hyderabad,3W,7.91,81.48,3.1,3,4,public_fast,35.95,0.09,0.52,8.94,clear,0.587,high,47.47,0,Telangana,2025,3
Hyderabad,3W,6.66,85.96,33.02,4,3,public_fast,70.61,2.78,6.87,6.66,humid,0.189,low,39.95,0,Telangana,2022,10
Hyderabad,3W,7.3,81.34,27.97,1,3,home,378.78,0.54,4.02,8.58,humid,0.08,high,43.78,0,Telangana,2026,7
Hyderabad,3W,6.79,106.82,29.78,1,2,public_slow,190.57,1.27,5.16,6.15,clear,0.216,high,40.72,0,Telangana,2019,1
Hyderabad,3W,9,75.91,4.39,4,3,public_fast,66.93,0.59,0.8,8.28,rainy,0.179,high,48.61,0,Telangana,2025,1
Hyderabad,3W,8.04,100.05,25.82,4,3,home,346.14,3.36,3.06,6.17,rainy,0.081,middle,43.44,0,Telangana,2020,12
Hyderabad,3W,6.6,92.39,55.93,3,4,public_slow,187.53,1.81,9.98,8.1,extreme_heat,0.342,low,33.68,0.19,Telangana,2021,9
Hyderabad,3W,6.85,92.5,1,1,3,public_fast,67.8,1.17,0.17,9.18,extreme_heat,0.218,middle,34.95,0,Telangana,2021,10
Hyderabad,3W,9.39,76.42,15.12,5,3,public_fast,59.1,1.21,3.12,8.21,rainy,0.046,low,50.7,0,Telangana,2024,5
Hyderabad,3W,8.97,83.36,7.64,4,6,home,291.25,2.42,1.21,8.16,humid,0.325,middle,44.94,0,Telangana,2024,5
Hyderabad,3W,7.4,76.1,33.56,3,3.29,home,302.36,7.34,7.16,9.32,clear,0.212,high,44.38,1,Telangana,2025,7
Hyderabad,3W,7.7,89.32,38.75,2,4,home,258.74,0.16,6.28,8.34,humid,0.584,low,46.22,0,Telangana,2022,11
Hyderabad,3W,7.99,96.66,13.97,3,1,public_fast,84.18,0.11,2.05,5,extreme_heat,0.172,middle,46.89,0,Telangana,2020,11
Hyderabad,3W,7.36,97.63,33.35,5,3,public_fast,181.3,0,4.68,6.87,clear,0.517,low,44.13,0,Telangana,2022,8
Hyderabad,3W,8.46,91.9,44.89,3,3,home,252.56,3.78,6.58,6.68,rainy,0.275,low,45.69,1,Telangana,2019,5
Hyderabad,3W,6.69,75.91,2.05,1,4,home,284.82,0.86,0.35,10.13,clear,0.377,high,40.13,0,Telangana,2026,6
Hyderabad,3W,7.22,87.02,24.31,1,4,home,321.84,0.07,1.3,10.06,rainy,0.406,middle,38.98,0,Telangana,2023,1
Hyderabad,3W,7.19,74.84,30.7,2,5,public_fast,39.24,0.28,6.71,8.86,rainy,0.09,middle,38.83,1,Telangana,2026,6
Hyderabad,3W,7.28,98.22,31.44,3,2,public_slow,146.51,0.23,5.67,6.83,humid,0.105,low,43.7,0,Telangana,2020,12
Hyderabad,3W,7.99,98.28,30.08,5,1,home,362.53,1.99,4.1,7.7,rainy,0.135,middle,55.03,0,Telangana,2020,9
Hyderabad,3W,7.91,103.59,47.44,3,2,public_slow,234.31,2.17,8.89,5.5,humid,0.373,low,47.46,0,Telangana,2019,7
Hyderabad,3W,9.39,95.83,18.57,1,2,public_fast,63.67,1.27,3.43,4.7,rainy,0.083,middle,50.71,0,Telangana,2021,5
Hyderabad,3W,8.56,106.52,30.34,2,1,public_fast,72.27,0.43,5.13,6.53,clear,0.54,middle,51.35,0,Telangana,2019,10
Hyderabad,3W,8.39,82.63,20.72,4,4,public_fast,181.3,1.86,3.85,8.14,humid,0.339,middle,50.34,0,Telangana,2024,8
Hyderabad,3W,7.15,92.03,44.4,2,1,home,116.59,0.82,6.93,7.5,humid,0.478,high,42.9,0,Telangana,2020,4
Hyderabad,3W,8.75,78.16,19.48,2,4,public_slow,183.62,0.19,2.46,9.52,clear,0.102,middle,52.5,0,Telangana,2024,4
Hyderabad,3W,9.05,91.88,32.26,3,4,home,273.86,1.63,5.8,7.68,humid,0.372,middle,54.31,0,Telangana,2023,12
Hyderabad,3W,8.6,75.91,28.71,1,5,public_slow,160.27,0.4,4.28,8.07,extreme_heat,0.252,low,43.86,0,Telangana,2026,1
Hyderabad,3W,9.3,86.81,5.43,2,3,public_slow,176.92,1.72,1.55,9.6,humid,0.27,middle,55.79,0,Telangana,2022,8
Hyderabad,3W,9.25,100.61,33.84,1,2,public_fast,49.25,1.16,4.89,5.51,extreme_heat,0.28,middle,47.2,0,Telangana,2020,5
Hyderabad,3W,6.72,88.6,25.08,2,2,home,190.44,0.91,4.55,7.93,extreme_heat,0.261,low,34.27,0,Telangana,2022,1
Hyderabad,3W,5.87,69.31,25.53,1,4,public_fast,79.86,0.06,4.1,8.8,clear,0.678,middle,35.23,1,Telangana,2025,3
Hyderabad,3W,8.06,99.03,12.12,4,1,public_fast,43.92,1.5,2.87,7.48,humid,0.12,low,48.34,0,Telangana,2020,2
Hyderabad,3W,6.08,90.64,42.1,4,3,home,287.8,1.65,6.44,8.26,humid,0.238,low,36.48,0,Telangana,2022,3
Hyderabad,3W,8.59,94.76,23.81,2,2,public_fast,52.29,1.22,4.28,8.69,humid,0.38,middle,51.53,0,Telangana,2022,11
Hyderabad,3W,6.85,88.2,27.7,3,3,public_slow,211.93,0.67,6.37,7.9,clear,0.319,low,41.07,0,Telangana,2023,5
Hyderabad,3W,6.14,92.36,26.85,4,1,public_fast,107.81,4.54,6.39,5.85,extreme_heat,0.148,low,31.31,1,Telangana,2020,4
Hyderabad,3W,9.35,89.75,4.88,4,6,public_slow,180.74,0.03,0.87,9.35,humid,0.265,low,56.08,0,Telangana,2025,1
Hyderabad,3W,7.96,85.21,51.88,4,5,home,306.95,0.14,6.57,10.21,clear,0.601,middle,47.77,1,Telangana,2024,10
Hyderabad,3W,9.31,81.38,34.33,4,3,public_fast,64.87,0.24,5.95,9.02,rainy,0.178,low,44.94,0,Telangana,2024,2
Hyderabad,3W,7.85,89.26,25.97,2,3,public_slow,188.77,0.27,4.32,6.24,clear,0.481,low,47.08,0,Telangana,2022,3
Hyderabad,3W,7.7,71.52,47.9,1,5,public_fast,44.76,3.83,6.16,9.57,humid,0.254,low,46.17,1,Telangana,2025,4
Hyderabad,3W,8.76,90.77,31.82,2,3,home,277.65,5.07,7.03,8.42,humid,0.164,high,52.58,0,Telangana,2022,9
Hyderabad,3W,7.57,83.5,1,1,4,public_slow,140.55,3.93,0.18,6.93,rainy,0.747,middle,40.9,0,Telangana,2024,5
Hyderabad,3W,7.77,76.17,33.28,3,5,public_slow,105.63,1.12,8.02,7.95,extreme_heat,0.308,middle,39.62,1,Telangana,2024,6
Hyderabad,3W,7.01,105.19,1,3,2,home,258.72,0.09,0.15,4.6,humid,0.28,low,42.07,0,Telangana,2019,5
Hyderabad,3W,8.82,90.03,25.82,1,3,home,463.73,0.45,4.99,10.28,clear,0.488,high,52.91,0,Telangana,2025,8
Hyderabad,3W,9.98,92.91,10.41,2,1,public_slow,160.82,4.1,1.44,5.8,extreme_heat,0.28,low,50.88,0,Telangana,2020,8
Hyderabad,3W,7.99,85.31,70.6,4,4,home,387.9,1.5,10.54,10.36,extreme_heat,0.054,middle,38.71,0,Telangana,2025,2
Hyderabad,3W,7.55,99.15,45.53,2,4,home,223.38,1.99,5.77,7.65,extreme_heat,0.134,low,38.49,0,Telangana,2021,1
Hyderabad,3W,8.09,87.29,1,4,3,home,232.36,1.98,0.22,5.59,rainy,0.206,high,43.7,0,Telangana,2023,9
Hyderabad,3W,6.52,88.64,34.03,3,4,public_slow,175.48,2.52,5.83,8.79,clear,0.28,middle,39.1,0,Telangana,2023,7
Hyderabad,3W,6.91,89.61,16.46,2.51,2,public_slow,181.39,0.45,4.28,8.27,clear,0.079,low,41.48,0,Telangana,2021,4
Hyderabad,3W,7.52,102.17,27.84,2,2,public_slow,287.34,1.22,5.27,5.03,clear,0.097,middle,45.14,0,Telangana,2019,7
Hyderabad,3W,8.96,99.39,50.85,3,3,home,267.72,0.54,7.2,6.77,humid,0.157,middle,53.76,0,Telangana,2019,4
Hyderabad,3W,7.09,91.46,25.82,3,3,home,242.16,1.25,0.19,8.39,extreme_heat,0.114,low,36.15,0,Telangana,2023,10
Hyderabad,3W,8.35,96.13,35.2,2,1,public_fast,55.92,0.74,5.83,8.65,rainy,0.581,low,45.11,0,Telangana,2020,2
Hyderabad,3W,9.38,78.88,36.48,3,4,home,318.41,0.23,7.77,11.39,humid,0.398,low,56.25,0,Telangana,2025,7
Hyderabad,3W,8.34,82.04,10.78,2,5,public_slow,226.27,3.76,2.17,7.69,clear,0.277,low,50.05,1,Telangana,2024,9
Hyderabad,3W,6.47,90.4,13.84,2,3,public_slow,147.1,2.75,4.28,7.42,humid,0.063,low,38.82,0,Telangana,2022,7
Hyderabad,3W,8.41,84.15,9.79,1,3,public_fast,80.24,0.29,1.64,7.36,extreme_heat,0.34,middle,42.9,0,Telangana,2022,4
Hyderabad,3W,7.94,74.54,8,2,4,home,283.93,3.02,1.23,9.26,clear,0.216,high,47.62,1,Telangana,2026,5
Hyderabad,3W,7.99,99.64,16.39,1,4,home,341.39,0.53,2.58,4.69,extreme_heat,0.238,low,40.77,0,Telangana,2020,12
Hyderabad,3W,10.3,85.9,14.02,4,3.29,public_fast,44.53,1.08,2.72,9.64,clear,0.311,low,61.8,0,Telangana,2025,7
Hyderabad,3W,7.91,94.98,45.97,4,3.29,public_fast,41.16,0.81,6.23,7.79,humid,0.341,middle,47.46,0,Telangana,2021,1
Hyderabad,3W,6.31,90.03,33.89,3,2,home,188.72,1.45,5.87,7.47,rainy,0.533,middle,34.09,0,Telangana,2022,4
Hyderabad,3W,7.95,76.41,39.13,1,4,public_slow,133.2,5.39,5.6,7.84,extreme_heat,0.03,high,40.54,1,Telangana,2026,11
Hyderabad,3W,8.43,99.46,30.11,4,1,public_slow,165.84,4.31,6.01,6.08,rainy,0.359,high,45.5,0,Telangana,2019,9
Hyderabad,3W,6.49,76.15,7.26,2,5,public_slow,209.75,4.29,1.29,13.09,rainy,0.332,middle,35.06,1,Telangana,2026,2
Hyderabad,3W,7.18,83.7,47.16,4,5,public_fast,63.49,2,8.82,8.05,rainy,0.123,middle,38.75,1,Telangana,2022,8
Hyderabad,3W,7.45,91.1,2.43,2,3,home,237.51,1.99,0.29,7.92,extreme_heat,0.28,high,38.01,0,Telangana,2024,4
Hyderabad,3W,8.31,81.71,31.72,4,3.29,home,308.5,1.91,5.54,9.54,humid,0.777,middle,49.84,0,Telangana,2026,5
Hyderabad,3W,7.88,102.14,41.53,4,2,public_slow,183.34,0.49,8.27,6.1,humid,0.361,low,47.3,0,Telangana,2019,1
Hyderabad,3W,10.19,86.45,44.33,1,3,home,231.64,5.32,8.03,7.41,rainy,0.351,low,55.02,1,Telangana,2023,2
Hyderabad,3W,8,99.52,30.61,2.51,1,public_fast,66.07,0.13,6.66,7.74,extreme_heat,0.44,middle,40.8,0,Telangana,2019,4
Hyderabad,3W,8.39,85.28,45.41,2,3,home,339.25,0.4,8.45,9.3,extreme_heat,0.033,high,42.77,0,Telangana,2024,2
Hyderabad,3W,7.81,99.34,19.25,3,2,public_fast,54.08,2.27,3.05,7.46,humid,0.142,low,46.85,0,Telangana,2022,10
Hyderabad,3W,7.24,81.97,49.6,3,7,public_slow,148.43,0.36,4.28,9.36,humid,0.369,low,43.41,1,Telangana,2026,11
Hyderabad,3W,7.06,83.25,17.67,3,3,public_slow,185.78,1.81,3.18,6.56,extreme_heat,0.404,high,36,0,Telangana,2022,11
Hyderabad,3W,8.64,91.99,9.17,2,1,home,186.46,1.27,1.5,6.09,clear,0.509,low,51.86,0,Telangana,2019,4
Hyderabad,3W,8.9,92.58,12.51,4,3.29,public_fast,74.9,5.25,1.91,6.6,clear,0.338,high,53.43,0,Telangana,2022,6
Hyderabad,3W,9.3,87.39,39.31,2,3.29,home,230.96,0.97,6.9,8.15,rainy,0.28,low,50.2,0,Telangana,2023,8
Hyderabad,3W,9.77,96.54,25.82,3,2,home,325.95,0.48,6.78,7.67,humid,0.274,low,58.61,0,Telangana,2022,4
Hyderabad,3W,6.45,87.18,41.48,2,2,home,339.26,1.99,6.02,7.64,extreme_heat,0.252,middle,32.89,0,Telangana,2023,5
Hyderabad,3W,6.7,75.75,46.32,3,4,home,343.61,0.8,8.26,11.06,humid,0.494,middle,40.21,0,Telangana,2022,8
Hyderabad,3W,8.69,94.61,26.85,2,5,public_slow,198.68,6.03,4.76,9.51,extreme_heat,0.195,high,44.3,1,Telangana,2024,3
Hyderabad,3W,7.25,101.64,18.29,4,1,home,218.73,0.23,3.14,6.03,clear,0.29,high,43.49,0,Telangana,2019,4
Hyderabad,3W,7.27,92.33,26.52,1,3,home,252.11,1.05,5.14,9.73,rainy,0.4,middle,39.25,0,Telangana,2022,10
Hyderabad,3W,8.59,75.44,58.56,3,4,public_fast,53.62,0.2,9.13,8.33,humid,0.486,low,51.51,0,Telangana,2024,9
Hyderabad,3W,7.26,83.4,48.45,2,4,public_slow,175.3,0.4,8.48,9.02,extreme_heat,0.305,high,37.03,0,Telangana,2025,10
Hyderabad,3W,7.06,76.03,14.69,1,5,public_fast,181.3,0.68,2.16,9.51,humid,0.335,low,42.37,0,Telangana,2026,5
Hyderabad,3W,8.56,83.38,3.11,2,5,home,335.07,0.28,0.4,7.93,humid,0.319,low,51.33,0,Telangana,2025,5
Hyderabad,3W,7.99,87.05,24.75,3,3.29,home,55.55,1.82,4.63,7.06,humid,0.264,high,44.24,0,Telangana,2022,10
Hyderabad,3W,6.26,93.75,1,4,3.29,public_fast,181.3,0.62,0.17,7.73,clear,0.504,low,37.53,0,Telangana,2019,6
Hyderabad,3W,8.47,95.41,40.39,2,3,public_slow,101.23,2.48,6.1,6.1,extreme_heat,0.477,middle,50.83,0,Telangana,2021,3
Hyderabad,3W,8.49,99.26,23.34,2.51,1,home,248.85,4.25,3.86,5.23,clear,0.209,high,50.92,0,Telangana,2019,10
Hyderabad,3W,8.54,79.36,1,1,4,public_fast,98.05,0.82,0.14,7.89,humid,0.181,high,51.25,0,Telangana,2024,3
Hyderabad,3W,8.57,83.52,8.49,1,4,public_fast,25.62,1.26,1.39,7.95,extreme_heat,0.561,middle,43.69,0,Telangana,2024,7
Hyderabad,3W,7.49,80.71,20.12,4,3,home,294.36,2.5,2.73,10.62,clear,0.059,low,44.94,0,Telangana,2025,10
Hyderabad,3W,7.81,88.64,16.53,2,4,home,369.21,3.33,3.03,7.59,humid,0.078,high,46.86,0,Telangana,2021,12
Hyderabad,3W,7.53,85.13,44.29,3,2,home,18.04,3.47,6.67,6.65,humid,0.511,middle,45.2,1,Telangana,2022,5
Hyderabad,3W,8.97,95.63,8.71,2,4,public_slow,148.52,0.07,1.79,8.55,clear,0.332,middle,53.81,0,Telangana,2020,3
Hyderabad,3W,7.57,81.24,46.74,4,3,public_slow,96.1,0.1,7.51,7.22,rainy,0.509,low,40.89,0,Telangana,2022,6
Hyderabad,3W,7.69,88.04,35.89,3,3,home,265.01,0.5,6.81,7.64,clear,0.234,middle,46.16,0,Telangana,2022,4
Hyderabad,3W,6.27,82.66,30.72,1,6,public_fast,54.74,0.74,4.97,8.35,rainy,0.263,low,33.87,1,Telangana,2025,6
Hyderabad,3W,7.34,102.89,47.27,3,2,public_fast,55.58,3.92,8.13,6.91,humid,0.586,middle,44.07,1,Telangana,2019,1
Hyderabad,3W,7.5,79.02,45.31,2,5,public_slow,180.76,1.33,7.3,7.69,rainy,0.147,middle,40.53,1,Telangana,2025,3
Hyderabad,3W,6.95,97.29,34.97,2,2,home,349.62,0.54,5.73,9.11,rainy,0.227,low,37.52,0,Telangana,2022,12
Hyderabad,3W,9.47,83.55,37.4,2,5,public_slow,138.87,4.06,5.3,10.1,clear,0.085,high,56.83,1,Telangana,2026,7
Hyderabad,3W,8.43,85.22,16.34,2,3,public_fast,57.86,0.09,2.8,7.71,rainy,0.316,middle,45.51,0,Telangana,2025,11
Hyderabad,3W,5.44,86.25,31.36,2,3.29,public_slow,229.03,0.02,3.94,7,rainy,0.412,high,29.39,0,Telangana,2023,11
Hyderabad,3W,9.55,85.18,36.84,2,3,public_slow,203.97,0.84,4.87,8.04,rainy,0.096,middle,51.57,0,Telangana,2023,5
Hyderabad,3W,8.41,89.61,39.94,1,4,home,336.36,0.99,5.35,6.72,extreme_heat,0.41,low,42.88,0,Telangana,2020,10
Hyderabad,3W,6.92,86.9,36.31,2,1,public_slow,269.48,0.42,6,9.61,humid,0.105,middle,41.55,0,Telangana,2024,1
Hyderabad,3W,7.36,97.49,2.21,4,1,home,298.62,6.31,0.37,5.78,clear,0.116,middle,44.16,0,Telangana,2019,12
Hyderabad,3W,7.05,88.19,20.9,1,4,public_slow,149.31,1.41,3.45,5.05,humid,0.187,middle,42.27,0,Telangana,2022,10
Hyderabad,3W,7.89,88.59,44.05,3,4,public_fast,56.45,1.83,7.16,8,humid,0.299,high,47.34,0,Telangana,2023,6
Hyderabad,3W,8.59,88.6,27.05,3,5,public_slow,198.91,0.68,4.81,7.78,rainy,0.146,low,46.36,0,Telangana,2023,9
Hyderabad,3W,6.78,84.87,6.15,4,7,home,349.37,0.98,0.86,8.28,clear,0.342,high,40.71,0,Telangana,2026,5
Hyderabad,3W,8.61,75.3,41.13,4,5,public_slow,222.43,1.67,6.23,8.74,rainy,0.311,middle,46.47,1,Telangana,2026,8
Hyderabad,3W,8.46,77.07,27.46,2,3,public_slow,145.68,2.6,5.99,8.35,humid,0.359,low,50.73,0,Telangana,2025,8
Hyderabad,3W,7.99,80.83,22.37,1,4,home,397.95,2.6,3.74,7.59,rainy,0.065,middle,43.35,0,Telangana,2024,8
Hyderabad,3W,7.72,96.77,23.51,4,1,home,352.37,2.86,4.04,5.43,humid,0.258,middle,46.31,0,Telangana,2019,7
Hyderabad,3W,8.48,86.79,37.93,1,4,public_slow,140.34,0.11,6.38,7.25,rainy,0.336,middle,45.78,0,Telangana,2024,8
Hyderabad,3W,11.03,84.92,1,3,2,home,203.45,5.61,0.16,6.53,humid,0.158,low,66.2,0,Telangana,2022,5
Hyderabad,3W,7.11,108.62,20.72,3,2,home,247.99,1.53,4.61,4.62,humid,0.069,high,42.65,0,Telangana,2019,6
Hyderabad,3W,8.41,89.38,43.4,3,3,public_fast,57.63,4.3,5.87,8.46,extreme_heat,0.155,high,42.9,1,Telangana,2022,9
Hyderabad,3W,8.06,78.03,22.7,2,3,public_slow,196.56,0.45,3.65,8.9,extreme_heat,0.522,middle,41.13,0.19,Telangana,2024,4
Hyderabad,3W,8.79,94.13,19.63,1,3,home,324.14,1.72,3.44,7.71,extreme_heat,0.357,low,44.82,0,Telangana,2019,2
Hyderabad,3W,7.63,97.12,48.72,2,3,public_fast,78.37,1.34,7.67,8.18,clear,0.031,low,44.94,0,Telangana,2022,8
Hyderabad,3W,7.56,80.85,29.46,4,5,public_fast,37.35,6.3,4.4,11.08,humid,0.223,low,45.34,1,Telangana,2026,6
Hyderabad,3W,8.31,87.19,35.8,3,4,public_slow,151.97,6.56,10.9,7.17,clear,0.289,low,49.88,1,Telangana,2022,11
Hyderabad,3W,8.22,91.24,42.98,4,4,home,293.8,2.08,7.48,6.8,rainy,0.165,low,44.36,0,Telangana,2023,6
Hyderabad,3W,7.06,99.34,16.01,3,3,home,278.25,0.67,2.15,7.81,clear,0.376,low,42.36,0,Telangana,2022,10
Hyderabad,3W,9,92.3,42.81,1,4,home,336.34,2.84,6.36,7.36,humid,0.52,middle,54.02,0,Telangana,2022,4
Hyderabad,3W,9.41,89.34,43.27,2,4,home,321.89,0.49,4.28,7.16,extreme_heat,0.523,middle,47.98,0,Telangana,2023,12
Hyderabad,3W,9.65,83.17,40.99,2,5,public_fast,51.98,1.99,9.3,7.36,clear,0.224,low,57.91,1,Telangana,2025,5
Hyderabad,3W,8.19,92.06,22.65,3,4,public_fast,76.49,2.27,3.68,6.36,rainy,0.65,middle,44.21,0,Telangana,2022,1
Hyderabad,3W,9.48,95.6,16.39,2,1,public_slow,249.55,0.54,3.65,8.49,extreme_heat,0.207,low,48.37,0,Telangana,2020,3
Hyderabad,3W,8.29,85.85,12.53,3,5,public_slow,183.74,2.14,1.96,8.34,clear,0.486,high,49.72,0,Telangana,2025,12
Hyderabad,3W,8.13,84.51,36.51,2,3,public_slow,118.09,3.54,6.1,6.99,rainy,0.129,middle,43.89,1,Telangana,2022,8
Hyderabad,3W,9.99,84.45,16.7,3,5,public_fast,56.97,8.66,2.74,7.4,humid,0.09,low,59.97,1,Telangana,2026,6
Hyderabad,3W,6.99,99.64,20.59,1,4,public_slow,208.59,1.74,2.37,8,clear,0.53,low,41.93,0,Telangana,2022,5
Hyderabad,3W,9.77,103.79,35.11,3,1,home,308.18,4.71,6.72,6.47,humid,0.057,high,58.63,0,Telangana,2019,1
Hyderabad,3W,9.33,86.87,14.23,4,3,public_slow,195.4,4.68,2.5,5.81,rainy,0.424,low,50.38,0,Telangana,2023,9
Hyderabad,3W,8.1,82.29,37.79,3,6,home,394.32,1.42,5.85,8.51,extreme_heat,0.333,low,41.31,1,Telangana,2024,8
Hyderabad,3W,6.52,101.88,30.87,1,3,public_fast,79.24,1.28,4.65,5.59,humid,0.35,high,39.12,0,Telangana,2019,11
Hyderabad,3W,9.19,74.32,6.22,3,5,public_slow,170.35,2.12,1.04,8.53,clear,0.197,high,55.15,1,Telangana,2026,8
Hyderabad,3W,7.18,103.39,1,3,2,home,273.75,2.22,0.18,5.7,extreme_heat,0.14,low,36.6,0,Telangana,2019,1
Hyderabad,3W,7.46,98.47,26.45,1,2,home,201.78,1.99,3.67,6.15,rainy,0.188,high,40.26,0,Telangana,2019,11
Hyderabad,3W,8.06,93.36,75.37,3,3,public_fast,53.09,1.97,13.29,7.36,rainy,0.628,low,43.51,0,Telangana,2021,5
Hyderabad,3W,7.87,96.34,23.66,5,4,public_fast,60.32,2,4.86,8.68,humid,0.032,middle,47.24,0,Telangana,2021,9
Hyderabad,3W,6.91,82.77,28.14,3,5,public_fast,103.66,0.76,4.75,9.6,clear,0.125,low,41.45,0,Telangana,2023,8
Hyderabad,3W,10.19,81,25.97,1,3,public_fast,32.17,6.86,3.6,9.41,humid,0.144,high,61.13,0,Telangana,2024,3
Hyderabad,3W,10.11,89.58,56.89,2,5,home,399.14,0.51,8.71,8.49,clear,0.429,middle,60.67,1,Telangana,2023,2
Hyderabad,3W,9.28,87.87,12.87,4,3,public_slow,162.72,4.1,1.9,7.34,humid,0.077,low,55.68,0,Telangana,2022,4
Hyderabad,3W,7.94,81.48,40.16,1,4,home,246.3,3.14,5.63,9.91,clear,0.192,middle,47.63,1,Telangana,2023,9
Hyderabad,3W,9.61,78.45,18.75,2,3.29,public_slow,170.8,0.35,3.69,10.37,clear,0.106,high,57.65,0,Telangana,2025,5
Hyderabad,3W,9.58,102.62,23.63,2,1,public_fast,28.53,0.52,2.73,5.11,extreme_heat,0.274,high,48.84,0,Telangana,2020,5
Hyderabad,3W,7.73,71.76,42.64,3,5,public_fast,42.61,3.93,8.93,7.81,extreme_heat,0.4,middle,39.4,0.19,Telangana,2026,7
Hyderabad,3W,5.7,100.85,17.83,4,1,public_fast,64.5,4.38,2.46,4.57,rainy,0.237,middle,30.76,0,Telangana,2019,3
Hyderabad,3W,8.09,79.87,23.03,2,4,home,318.67,0.69,5.37,9.06,rainy,0.167,middle,43.67,0,Telangana,2024,12
Hyderabad,3W,7.83,88.96,15.28,2.51,4,public_slow,235.14,0.9,2.5,9.45,extreme_heat,0.452,middle,39.93,0,Telangana,2026,9
Hyderabad,3W,8.42,87.89,1,4,4,public_slow,104.01,1.36,0.16,9.43,rainy,0.432,middle,45.46,0,Telangana,2023,6
Hyderabad,3W,6.42,83.67,2,3,3,public_slow,187.51,1,0.32,7.1,humid,0.123,middle,38.49,0,Telangana,2023,1
Hyderabad,3W,7.37,90.8,36.41,2,2,public_fast,100.93,2,7.93,8.91,clear,0.341,low,44.2,0,Telangana,2023,10
Hyderabad,3W,7.99,79.98,1,3,5,public_slow,123.31,0.17,0.18,8.22,humid,0.123,middle,62.69,0,Telangana,2026,6
Hyderabad,3W,7.34,78.11,51.47,3,4,public_fast,54.79,0.81,8.26,10.4,humid,0.198,middle,44.04,0,Telangana,2022,8
Hyderabad,3W,8.01,95.48,1,1,4,public_fast,67.74,0.9,0.17,8.05,extreme_heat,0.193,middle,40.84,0,Telangana,2021,2
Hyderabad,3W,8.23,85.06,14.88,4,2,public_fast,27.58,0.25,2.11,9.16,humid,0.278,middle,49.39,0,Telangana,2024,7
Hyderabad,3W,7.9,92.75,21.68,3,3,public_slow,225.77,5.47,3.71,8.23,rainy,0.131,middle,42.68,0,Telangana,2023,5
Hyderabad,3W,6.47,80,19.69,3,7,public_fast,72.7,1.67,3.12,10.64,humid,0.224,high,38.81,0,Telangana,2026,10
Hyderabad,3W,9.27,95.32,22.65,2,2,public_fast,68.15,0.69,3.87,4.87,humid,0.241,middle,44.94,0,Telangana,2021,11
Hyderabad,3W,8.37,90.25,18.41,3,4,home,218.97,5.27,3.36,9.06,humid,0.339,high,50.22,0,Telangana,2023,2
Hyderabad,3W,9.17,79.98,18.72,2,4,home,330.2,0.82,2.35,9.08,extreme_heat,0.52,low,46.76,0,Telangana,2025,1
Hyderabad,3W,7.77,81.64,37.64,2,3,home,181.3,3.47,6.27,8.81,humid,0.141,low,46.64,1,Telangana,2022,8
Hyderabad,3W,9.17,83.15,1,5,4,public_slow,204.46,5.16,0.2,9.47,clear,0.466,middle,55.04,0,Telangana,2023,3
Hyderabad,3W,6.55,92.82,15.77,1,3,public_slow,245.68,0.61,4.63,8.48,extreme_heat,0.054,middle,33.4,0,Telangana,2022,3
Hyderabad,3W,8.17,68.77,1.13,3,3,public_slow,180.66,3.14,0.2,9.54,humid,0.475,middle,49,1,Telangana,2026,9
Hyderabad,3W,9.56,81.64,43.31,2,3,public_fast,102.26,1.19,6.82,8.99,extreme_heat,0.501,high,48.78,0,Telangana,2024,3
Hyderabad,3W,8.55,82.03,32.19,3,4,home,332.74,2.33,4.18,10.51,clear,0.052,low,51.33,0,Telangana,2022,8
Hyderabad,3W,8.24,100.77,8.7,4,3,home,361.15,1.01,1.42,5.49,clear,0.134,high,49.45,0,Telangana,2020,11
Hyderabad,3W,8.65,84.67,18.28,2,4,public_fast,81.06,2.9,3.12,8.39,extreme_heat,0.397,low,44.11,0,Telangana,2024,8
Hyderabad,3W,7.41,82.29,1,2,4,public_fast,115.69,2.61,0.17,10.4,extreme_heat,0.173,middle,37.79,0,Telangana,2024,7
Hyderabad,3W,8.36,88.47,37.6,4,2,home,326.44,0.35,5.73,6.97,humid,0.445,low,50.18,0,Telangana,2021,5
Hyderabad,3W,8.25,103.86,1,1,3,public_fast,66.29,2.24,0.17,7.09,clear,0.275,low,49.51,0,Telangana,2020,8
Hyderabad,3W,7.87,91.14,30.37,2,4,public_slow,163.01,2.96,5.88,7.72,humid,0.133,high,47.23,0,Telangana,2024,5
Hyderabad,3W,7.17,89.61,43,3,1,home,208.85,1.32,10.83,7.71,extreme_heat,0.163,middle,44.94,0.19,Telangana,2020,2
Hyderabad,3W,8.24,85.52,29.06,2,4,public_fast,28.11,4.05,5.16,8.9,humid,0.044,high,49.43,0,Telangana,2023,8
Hyderabad,3W,7.58,94.31,1,2,2,home,284.16,1.59,0.3,8.09,rainy,0.095,low,40.94,0,Telangana,2022,3
Hyderabad,3W,8.73,93.37,47.09,5,1,public_fast,79.68,0.73,8.44,4.89,rainy,0.198,low,47.12,0,Telangana,2020,5
Hyderabad,3W,7.74,101.22,5.22,4,2,public_slow,167.92,3.92,0.78,4.62,clear,0.28,middle,46.46,0,Telangana,2020,5
Hyderabad,3W,6.8,93.67,37.5,3,1,public_fast,57.96,3.04,5.68,6.41,extreme_heat,0.364,high,34.67,1,Telangana,2020,6
Hyderabad,3W,8.07,79.42,7.59,2.51,5,home,216.18,1.87,1.31,9.2,rainy,0.151,low,43.56,0,Telangana,2026,7
Hyderabad,3W,8.11,67,58.97,4,5,home,151.73,0.13,10.99,8.37,rainy,0.161,middle,43.78,1,Telangana,2026,5
Hyderabad,3W,7.99,82.67,105.77,1,3,home,190.98,2,4.98,7.3,clear,0.32,middle,54.26,0,Telangana,2024,8
Hyderabad,3W,8.4,98.31,8.28,2,2,public_slow,195.84,0.31,1.51,6.41,humid,0.214,middle,50.4,0,Telangana,2020,4
Hyderabad,3W,8.74,98.44,11.88,4,3,public_slow,181.3,2.58,2.56,7.63,extreme_heat,0.497,low,44.58,0,Telangana,2021,7
Hyderabad,3W,8.26,90.44,55.59,2,4,home,206.34,1.73,8.68,6.89,rainy,0.545,high,44.59,0,Telangana,2023,12
Hyderabad,3W,6.5,97.05,27.84,1,4,public_fast,59.16,2.2,3.7,5.3,humid,0.411,low,39.01,0,Telangana,2019,1
Hyderabad,3W,7.3,102.59,35.61,3,1,public_slow,219.15,0.9,7.09,5.69,rainy,0.135,high,39.41,0,Telangana,2019,9
Hyderabad,3W,6.29,81.86,18.9,2,4,home,297.69,0.21,3.21,9.98,humid,0.255,high,37.71,0,Telangana,2025,11
Hyderabad,3W,8.6,86.69,22.48,2,4,home,376.14,1.44,5.43,7.35,rainy,0.164,high,46.43,0,Telangana,2022,1
Hyderabad,3W,7.62,84.9,2.19,5,3,public_fast,57.95,1.59,0.38,6.44,humid,0.205,high,45.74,0,Telangana,2022,9
Hyderabad,3W,7.57,92.66,25.22,1,4,home,221.81,6.04,4.81,6.14,clear,0.286,middle,45.44,0,Telangana,2023,1
Hyderabad,3W,7.55,104.52,41.81,3,3,public_slow,72.44,0.46,8.01,7.71,rainy,0.118,middle,40.77,0,Telangana,2019,1
Hyderabad,3W,8.03,94.76,1,1,2,public_fast,47.27,0.87,0.17,6.5,humid,0.108,high,48.16,0,Telangana,2019,6
Hyderabad,3W,8.85,98.58,30.25,4,1,public_fast,39.72,0.18,6.19,6.63,rainy,0.459,high,47.8,0,Telangana,2020,7
Hyderabad,3W,7.15,82.36,17,2,5,public_fast,53.79,2.75,3.42,8.22,rainy,0.11,low,38.61,0,Telangana,2025,4
Hyderabad,3W,7.39,96.71,25.24,2,2,home,215.21,0.99,3.78,7.38,humid,0.517,middle,44.35,0,Telangana,2021,6
Hyderabad,3W,7.94,86.48,8.03,2,5,home,204.74,1.02,1.16,9,rainy,0.1,high,42.9,0,Telangana,2025,9
Hyderabad,3W,6.74,79.43,7.91,6,6,public_fast,73.24,0.77,1.78,9.71,rainy,0.035,middle,36.42,0,Telangana,2025,10
Hyderabad,3W,9.7,95.79,8.22,1,2,public_fast,64.26,1.29,1.47,7.21,clear,0.302,middle,58.2,0,Telangana,2020,5
Hyderabad,3W,7.01,76.35,35.72,1,5,home,270.71,1.44,6.47,8.8,extreme_heat,0.27,low,35.77,1,Telangana,2025,12
Hyderabad,3W,7.99,82.15,17.27,4,5,home,263.38,0.93,3.58,9.84,humid,0.148,high,42.84,0,Telangana,2026,6
Hyderabad,3W,9.59,99.36,9.92,2,2,public_slow,207.44,1.97,2.46,4.76,rainy,0.32,middle,51.81,0,Telangana,2019,7
Hyderabad,3W,10.07,99.83,22.34,3,2,public_slow,184.35,7.63,3.03,4.21,clear,0.466,middle,60.44,0,Telangana,2019,7
Hyderabad,3W,7.77,101.74,8.19,3,5,public_slow,207.43,0.97,1.39,6.07,humid,0.566,middle,46.61,0,Telangana,2020,10
Hyderabad,3W,7.08,86.03,5.75,1,3,home,62.66,2.29,0.79,6.35,humid,0.565,low,42.5,0,Telangana,2022,3
Hyderabad,3W,8.8,88.15,20.73,3,3,public_slow,248.03,1.34,6.18,7.98,clear,0.093,middle,52.78,0,Telangana,2023,10
Mumbai,3W,8.09,86.5,26.38,3,2,public_slow,171.21,0.68,3.68,8.36,humid,0.547,middle,44.94,0,Maharashtra,2023,3
Mumbai,3W,9.63,92.85,18.4,2,2,home,386.48,0.15,3.04,4.56,rainy,0.439,low,52.02,0.19,Maharashtra,2019,11
Mumbai,3W,5.91,99.85,20.36,1,4,public_fast,72.28,0.17,4.43,8.86,extreme_heat,0.186,low,30.14,0,Maharashtra,2022,9
Mumbai,3W,6.42,86.38,45.7,2,4,home,323.75,0.57,7.82,9.99,rainy,0.273,high,34.69,0,Maharashtra,2026,4
Mumbai,3W,9.22,97.07,23.66,2,3,public_fast,85.97,5.52,3.51,7.2,extreme_heat,0.328,low,47.03,0,Maharashtra,2022,6
Mumbai,3W,8.2,90.25,25.82,2,4,public_fast,38.21,0.1,4.28,9.63,clear,0.138,high,49.19,0,Maharashtra,2023,2
Mumbai,3W,6.16,93.54,8.45,2,1,home,323.31,0.47,1.18,9.99,humid,0.198,low,36.98,0,Maharashtra,2022,5
Mumbai,3W,7.73,93.97,19.95,1,4,home,389.52,5.22,3.33,9.17,humid,0.189,middle,46.38,0.19,Maharashtra,2023,2
Mumbai,3W,6.58,106.18,25.82,1,1,home,328.95,0.7,3.17,7.71,rainy,0.494,middle,35.55,0,Maharashtra,2019,3
Mumbai,3W,8.62,103.42,4.51,1,3,home,315.68,1.94,0.62,5.63,extreme_heat,0.397,middle,43.95,0,Maharashtra,2019,5
Mumbai,3W,9.45,80.2,5.11,3,4,public_fast,65.21,0.24,0.68,8.04,extreme_heat,0.233,low,48.19,0,Maharashtra,2025,12
Mumbai,3W,8.3,94.92,65.4,2,3,public_fast,39.92,0.12,13.58,6.9,clear,0.137,middle,49.81,0,Maharashtra,2021,10
Mumbai,3W,8.6,94.36,21.82,3,3.29,home,304.65,1.99,3.56,7.26,humid,0.104,low,51.61,0,Maharashtra,2021,11
Mumbai,3W,6.36,88.6,29.79,2,4,home,279.97,2.05,8.77,6.99,humid,0.147,middle,38.17,0,Maharashtra,2023,6
Mumbai,3W,6.8,82.42,37.87,1,2,public_slow,99.26,0.46,6.77,7.15,rainy,0.398,middle,36.72,0,Maharashtra,2021,9
Mumbai,3W,7.96,89.22,2.18,1,4,home,415.92,3.04,0.29,9.29,clear,0.328,low,47.76,0,Maharashtra,2022,8
Mumbai,3W,7.88,74.98,30.94,1,3,home,324.21,4.19,3.85,8.73,clear,0.162,middle,47.25,1,Maharashtra,2026,3
Mumbai,3W,5.92,94.39,8.81,3,3,public_fast,87.15,2.74,1.96,8.32,clear,0.522,low,35.52,0,Maharashtra,2022,1
Mumbai,3W,8.66,105.45,13.78,2,1,home,298.73,0.29,2.15,6.29,humid,0.293,low,51.96,0,Maharashtra,2019,10
Mumbai,3W,7.49,86.83,14.86,2,3,public_slow,190.3,5.95,2.39,8.41,extreme_heat,0.227,low,38.19,0,Maharashtra,2025,7
Mumbai,3W,7.23,87.61,11.57,2,1,home,380.2,0.15,1.97,8.55,humid,0.47,high,43.38,0,Maharashtra,2021,6
Mumbai,3W,7.79,89.61,3,4,3,home,243.79,0.02,0.2,5.13,extreme_heat,0.315,low,39.75,0,Maharashtra,2020,10
Mumbai,3W,9.19,88.38,1,2.51,7,home,296.18,1.33,4.28,7.62,humid,0.15,middle,55.15,0,Maharashtra,2024,9
Mumbai,3W,7.55,92.47,13.41,3,3,home,181.3,1.75,2.28,8.13,clear,0.273,middle,45.29,0,Maharashtra,2022,10
Mumbai,3W,7.49,99.44,1,1,1,home,303.09,0.94,0.17,7.97,humid,0.386,middle,44.94,0,Maharashtra,2020,8
Mumbai,3W,8.33,81.33,21.29,5,4,public_fast,85.98,3.16,5.41,8.67,rainy,0.105,high,45,0,Maharashtra,2023,1
Mumbai,3W,7.02,92.51,35.9,1,2,public_slow,243.38,3.98,7.53,5.21,extreme_heat,0.225,low,44.94,1,Maharashtra,2019,10
Mumbai,3W,7.55,85.16,20.07,3,4,home,334,3.95,3.28,8.14,extreme_heat,0.209,low,38.49,0,Maharashtra,2022,11
Mumbai,3W,7.54,87.08,27.81,1,5,public_slow,211.19,0.04,4.1,8.62,clear,0.561,high,45.27,0,Maharashtra,2025,11
Mumbai,3W,8.33,85.42,105.85,3,3.29,public_fast,61.31,2.2,4.28,8.23,humid,0.207,middle,49.98,0,Maharashtra,2024,2
Mumbai,3W,7.18,104.68,12.32,2,1,home,356.38,3.33,2.22,5.29,humid,0.441,low,43.06,0,Maharashtra,2019,2
Mumbai,3W,7.43,89.78,22.38,2,2,public_fast,59.32,2.56,3.66,6.64,rainy,0.304,low,40.11,0,Maharashtra,2021,3
Mumbai,3W,8.65,93.24,33.49,1,2,public_fast,77.3,0.89,5.3,5.37,extreme_heat,0.248,middle,44.14,0,Maharashtra,2020,9
Mumbai,3W,8.82,101.73,32.57,3,1,public_slow,100.93,0.26,4.65,6,rainy,0.245,middle,47.65,0,Maharashtra,2020,7
Mumbai,3W,7.58,105.14,29.73,4,1,public_fast,65.02,0.23,5.18,6.18,humid,0.087,high,45.47,0,Maharashtra,2019,5
Mumbai,3W,8.07,90.31,1,2,3,public_fast,38.99,0.59,0.12,7.4,humid,0.262,middle,48.41,0,Maharashtra,2024,6
Mumbai,3W,9.11,78.62,18.14,3,3,public_slow,247.87,0.07,2.62,6.36,extreme_heat,0.138,high,46.44,0,Maharashtra,2022,11
Mumbai,3W,7.63,94.16,19.76,2,3,public_slow,188.7,1.22,3.23,7.91,rainy,0.137,middle,41.22,0,Maharashtra,2021,3
Mumbai,3W,9.55,96.86,26.52,1,1,public_fast,76.86,1.78,6.61,5.46,clear,0.449,middle,57.29,0,Maharashtra,2019,10
Mumbai,3W,8.89,94.56,28.78,2,1,public_fast,44.73,2.22,5.1,7.1,rainy,0.151,middle,47.99,0,Maharashtra,2019,6
Mumbai,3W,7.49,90.15,11.87,3,2,home,264.46,1.05,1.82,6.64,humid,0.219,low,44.91,0,Maharashtra,2021,7
Mumbai,3W,7.12,86.76,19.6,4,4,public_fast,73.02,1.49,2.95,8.21,rainy,0.431,low,38.44,0,Maharashtra,2023,1
Mumbai,3W,7.35,88.55,41.62,3,3,public_fast,33.41,0.41,6.4,6.71,rainy,0.078,middle,39.67,0,Maharashtra,2023,9
Mumbai,3W,8.32,87.08,28.4,5,5,public_fast,42.66,3.58,4.47,7.5,extreme_heat,0.462,low,44.94,1,Maharashtra,2024,12
Mumbai,3W,8.66,96.36,30.87,1,4,home,386.08,12.15,4.31,7.37,humid,0.344,low,51.96,0,Maharashtra,2022,4
Mumbai,3W,6.61,82.65,37.84,1,7,public_slow,209.03,3.41,5.88,9.51,humid,0.567,middle,39.66,1,Maharashtra,2026,12
Mumbai,3W,7.65,76.56,15.13,3,7,home,238.19,0.14,2.22,9.65,clear,0.293,middle,45.9,0,Maharashtra,2026,4
Mumbai,3W,8.07,88.31,36.83,2,4,home,197.57,1.8,7.23,9.13,extreme_heat,0.047,low,41.14,0,Maharashtra,2023,5
Mumbai,3W,9.82,94.4,60.11,3,3,home,287.18,5.06,10.68,6.1,rainy,0.092,low,53.05,1,Maharashtra,2021,2
Mumbai,3W,6.9,88.8,62.26,2,3,home,280.49,0.1,11.21,7.71,extreme_heat,0.226,middle,41.4,0,Maharashtra,2022,8
Mumbai,3W,6.4,79.16,25.95,2,5,public_slow,156.25,6.93,4.85,8.3,extreme_heat,0.361,low,32.62,1,Maharashtra,2026,7
Mumbai,3W,7.68,92.91,12.08,3,1,public_slow,226.77,0.79,2.6,7.32,rainy,0.413,middle,41.47,0,Maharashtra,2022,8
Mumbai,3W,7.48,94.47,28.96,5,3,public_fast,65.57,1.14,4.22,9.11,extreme_heat,0.192,low,38.13,0,Maharashtra,2023,9
Mumbai,3W,6.92,93.97,37.54,3,3,public_fast,69.22,0.96,6.75,6.61,rainy,0.481,middle,37.34,0,Maharashtra,2021,4
Mumbai,3W,7.21,93.4,9.7,2,1,public_slow,190.35,3.86,1.72,7.67,extreme_heat,0.114,low,36.76,0,Maharashtra,2021,5
Mumbai,3W,9.23,88.29,42.91,1,3,home,274.86,1.58,6.68,7.69,rainy,0.71,middle,49.82,0,Maharashtra,2024,6
Mumbai,3W,8.23,76.48,31.46,3,6,home,258.27,0.5,4.28,8.13,humid,0.272,low,49.38,0,Maharashtra,2026,7
Mumbai,3W,7.92,90.7,30.36,4,1,public_slow,178.97,2.17,4.96,5.9,humid,0.478,low,47.51,0,Maharashtra,2020,4
Mumbai,3W,8.46,89.52,42.94,2,3,home,71.37,2.59,6.23,7.79,clear,0.2,low,50.76,0,Maharashtra,2021,9
Mumbai,3W,7.32,90.92,13.37,2,1,home,254.28,1.14,2.07,6.91,extreme_heat,0.278,middle,37.31,0,Maharashtra,2019,12
Mumbai,3W,7.69,87.15,5.22,4,4,public_fast,111.87,0.06,0.74,7.49,rainy,0.344,middle,41.5,0,Maharashtra,2023,4
Mumbai,3W,7.03,99.59,15.36,4,3,public_slow,160.87,5.45,2.31,6.79,extreme_heat,0.202,low,35.83,0,Maharashtra,2020,3
Mumbai,3W,7.45,71.81,5.86,4,5,public_slow,184.43,1.54,0.84,9.89,extreme_heat,0.501,middle,38.01,1,Maharashtra,2026,7
Mumbai,3W,9.38,91.73,32.29,3,5,public_fast,56.4,1.69,6.05,5.6,extreme_heat,0.138,middle,47.82,0,Maharashtra,2023,6
Mumbai,3W,7.27,97.58,39.13,3,3,home,63.17,2.27,7.34,8.3,extreme_heat,0.258,low,37.08,0,Maharashtra,2021,5
Mumbai,3W,8.41,106.33,33.01,3,3,public_slow,190.88,5.84,7.09,6.73,clear,0.27,low,50.48,0,Maharashtra,2021,2
Mumbai,3W,7.67,74.1,33.93,4,7,public_fast,36.65,2.41,6.47,9.37,clear,0.475,low,46.03,1,Maharashtra,2026,10
Mumbai,3W,9.12,87.8,25.82,3,4,home,252.93,5.88,4.13,8.43,rainy,0.255,low,49.24,0,Maharashtra,2023,12
Mumbai,3W,7.61,99.49,22.58,4,1,public_fast,80.18,1.8,4.26,5.04,humid,0.419,high,45.69,0,Maharashtra,2019,4
Mumbai,3W,9.05,81.12,18.72,2,5,home,289.93,0.17,2.57,10.23,extreme_heat,0.19,middle,46.14,0,Maharashtra,2025,7
Mumbai,3W,8.43,105.62,28,2,2,home,310.76,0.98,4.28,5.07,rainy,0.108,low,45.55,0,Maharashtra,2020,11
Mumbai,3W,7.08,90.61,27.65,3,4,home,376.25,0.6,5.1,7.12,extreme_heat,0.33,middle,36.11,0,Maharashtra,2019,12
Mumbai,3W,8.09,99.84,26.24,2,4,home,345.12,2.63,5.78,6.04,rainy,0.311,middle,43.71,0,Maharashtra,2020,12
Mumbai,3W,9.85,83.86,14.03,3,6,home,281.7,0.66,2.81,10.72,clear,0.289,middle,59.08,0,Maharashtra,2026,2
Mumbai,3W,7.18,107.17,29.43,3,1,public_slow,185.32,1.29,5.55,5.94,extreme_heat,0.106,high,36.6,0,Maharashtra,2019,10
Mumbai,3W,7.04,85.36,13.92,1,4,public_fast,61.57,0.82,2.17,8.28,clear,0.15,middle,42.27,0,Maharashtra,2023,4
Mumbai,3W,7.87,83.7,49.53,2,4,home,362.37,0.6,7.69,8.18,humid,0.354,low,47.21,0,Maharashtra,2025,8
Mumbai,3W,8.9,84.64,32.56,1,4,public_fast,58.33,1,5,7.56,clear,0.275,low,53.42,0,Maharashtra,2022,4
Mumbai,3W,8.95,82.1,11.94,2,5,home,281.32,0.21,2.59,9.5,clear,0.214,low,53.72,0,Maharashtra,2026,2
Mumbai,3W,9.69,100.28,48.23,4,1,public_fast,67.29,1.99,7.65,5.62,rainy,0.041,high,52.31,0,Maharashtra,2020,3
Mumbai,3W,9.97,88.86,17.09,2,3,public_fast,86.09,2.66,3.89,9.28,humid,0.485,high,59.85,0,Maharashtra,2023,9
Mumbai,3W,8.73,104.05,18.15,3,1,public_fast,56.81,5.85,3.93,4.07,clear,0.012,middle,52.38,0,Maharashtra,2019,8
Mumbai,3W,7.46,90.74,32.04,4,4,home,340.26,1.47,5.18,6.66,extreme_heat,0.505,low,38.06,0,Maharashtra,2021,10
Mumbai,3W,7.99,81.05,7.16,1,6,home,181.3,8.63,0.84,8.88,humid,0.166,low,51.57,1,Maharashtra,2025,12
Mumbai,3W,8.94,90.65,21.3,2,2,public_fast,76.09,1.21,3.7,9.37,humid,0.488,low,53.65,0,Maharashtra,2022,8
Mumbai,3W,6.14,97.06,1,1,1,public_fast,46.62,2.79,0.17,6.72,humid,0.452,low,36.85,0,Maharashtra,2021,8
Mumbai,3W,7.99,93.89,35.09,4,5,public_slow,166.19,0.87,4.75,8.58,extreme_heat,0.28,middle,37.48,1,Maharashtra,2024,7
Mumbai,3W,7.9,80.59,2.86,1,3,home,368.62,0.57,0.45,8.11,rainy,0.431,low,42.64,0,Maharashtra,2024,5
Mumbai,3W,7.65,89.34,35.12,2,4,home,339.29,0.72,6.64,9.96,rainy,0.158,middle,41.28,0,Maharashtra,2021,12
Mumbai,3W,9.94,70.08,25.82,5,5,public_slow,148.98,1.08,3.66,9.21,clear,0.086,low,59.65,1,Maharashtra,2025,2
Mumbai,3W,6.42,87.72,32.46,3,3,home,325.83,1.37,6.06,6.39,humid,0.147,middle,38.51,0,Maharashtra,2023,7
Mumbai,3W,9.69,97.59,28.56,1,4,home,363.64,3.76,5.35,8.54,rainy,0.192,low,52.33,0,Maharashtra,2023,2
Mumbai,3W,7.69,73.09,8.54,3,5,public_slow,249.25,0.26,1.44,7.56,humid,0.339,middle,46.14,1,Maharashtra,2024,12
Mumbai,3W,7.12,100.95,30.17,2,1,public_slow,170.93,1.04,4.54,6.16,humid,0.527,low,42.7,0,Maharashtra,2019,9
Mumbai,3W,7.28,93.86,17.89,3,3,public_fast,181.3,2.44,2.81,5.03,extreme_heat,0.371,low,37.11,0,Maharashtra,2021,3
Mumbai,3W,7.59,69.01,27.9,5,6,home,317.15,0.37,5.4,8.75,extreme_heat,0.28,middle,38.72,1,Maharashtra,2026,6
Mumbai,3W,7.38,99.02,51.84,4,1,home,397.4,0.5,7.87,5.03,rainy,0.37,low,39.87,0,Maharashtra,2019,11
Mumbai,3W,8.18,97.1,31.96,2,1,public_fast,34.56,0.09,4.44,4.89,rainy,0.489,low,44.19,0,Maharashtra,2021,9
Mumbai,3W,6.86,88.75,44.4,2,3,public_fast,50.56,1.2,8.61,9.51,humid,0.379,middle,41.15,0,Maharashtra,2024,12
Mumbai,3W,7.47,102.58,38.82,3,1,public_slow,174.43,6.11,6.86,5.57,extreme_heat,0.365,middle,38.11,1,Maharashtra,2019,10
Mumbai,3W,8.12,101.44,2.21,3,2,home,174.06,0.4,0.35,6.25,clear,0.433,low,48.69,0,Maharashtra,2020,3
Mumbai,3W,8.04,75.44,1,1,5,public_slow,177.07,0.3,0.16,10.81,extreme_heat,0.201,low,41.03,0.19,Maharashtra,2026,2
Mumbai,3W,7.89,82.54,20.25,1,3,public_fast,90.85,1.71,3.86,10.16,extreme_heat,0.241,low,40.22,0,Maharashtra,2025,2
Mumbai,3W,8.4,87.34,44.43,2,7,public_fast,43.26,1.2,6.79,8.43,humid,0.277,low,50.41,1,Maharashtra,2025,10
Mumbai,3W,8.22,78.36,30.12,3,4,home,236.26,0.56,4.28,9.7,extreme_heat,0.314,low,41.9,0,Maharashtra,2025,8
Mumbai,3W,7.52,92.07,16.9,4,3,public_fast,68.09,0.25,2.4,6.36,clear,0.409,middle,45.12,0,Maharashtra,2021,6
Mumbai,3W,7.75,81.59,16.69,2,4,public_slow,122.6,0.48,3.07,9.45,extreme_heat,0.054,middle,39.52,0,Maharashtra,2025,11
Mumbai,3W,6.77,85.13,1,3,6,public_slow,166.47,1.73,4.28,8.14,humid,0.317,middle,40.64,0,Maharashtra,2025,2
Mumbai,3W,9.6,87.93,19.31,1,5,home,266.26,0.3,2.43,9.25,extreme_heat,0.363,low,48.98,0,Maharashtra,2025,7
Mumbai,3W,8.51,100.4,19.08,3,3,public_fast,72.06,0.28,2.5,7.71,humid,0.323,middle,51.09,0,Maharashtra,2021,12
Mumbai,3W,6.69,104.08,64.22,2.51,3,public_slow,150.05,3.13,12.4,8.86,extreme_heat,0.463,middle,34.12,1,Maharashtra,2019,7
Mumbai,3W,8.92,79.64,10.86,1,5,home,290.42,1.78,1.96,9.06,extreme_heat,0.423,low,45.49,0,Maharashtra,2026,3
Mumbai,3W,9.24,87.21,25.82,3,5,home,282.19,0.43,3.82,9.13,extreme_heat,0.188,low,47.15,0,Maharashtra,2026,12
Mumbai,3W,8.03,96.8,23.57,4,3.29,public_slow,143.81,4.21,5.01,5.29,rainy,0.174,low,44.94,0,Maharashtra,2022,8
Mumbai,3W,8.23,89.61,5.28,1,5,public_fast,126.75,0.62,0.66,7.38,extreme_heat,0.333,high,41.98,0,Maharashtra,2025,6
Mumbai,3W,7.36,81.18,13.06,1,5,home,335.37,1.55,2.42,9.46,clear,0.232,high,44.14,0.19,Maharashtra,2024,3
Mumbai,3W,9.07,103.27,23.68,1,2,public_slow,140.45,0.9,4.03,6.59,rainy,0.217,low,48.96,0,Maharashtra,2020,11
Mumbai,3W,9.2,74.8,15.25,2,7,public_slow,152.19,3.18,2.55,9.28,clear,0.112,low,55.19,1,Maharashtra,2026,11
Mumbai,3W,7.99,96.17,22.35,1,4,public_fast,50.18,3.31,3.46,7.1,humid,0.138,low,46.62,0,Maharashtra,2020,9
Mumbai,3W,7.95,83.74,19.48,1,3,home,297.33,0.18,3.32,6.93,extreme_heat,0.183,low,40.56,0,Maharashtra,2023,10
Mumbai,3W,7.3,98.37,17.85,3,2,public_slow,70.17,1.58,3.32,5.81,clear,0.257,low,43.8,0,Maharashtra,2019,7
Mumbai,3W,6.84,91.3,25.25,3,4,public_fast,24.17,2.33,3.62,10.02,clear,0.28,high,41.05,0,Maharashtra,2021,3
Mumbai,3W,8.95,83.93,31.14,2,4,public_fast,62.52,0.44,5.16,7.61,extreme_heat,0.268,high,45.62,0,Maharashtra,2024,7
Mumbai,3W,5.47,89.61,30.22,2,3,home,227.58,5.49,6.2,8.57,humid,0.333,low,32.8,1,Maharashtra,2025,10
Mumbai,3W,7.16,76.98,49.47,2.51,4,public_slow,288.42,2.52,6.82,9.27,extreme_heat,0.426,low,36.51,0,Maharashtra,2024,3
Mumbai,3W,6.87,104.92,32.54,2,1,home,344.22,2.43,7.35,7,extreme_heat,0.548,low,35.05,0,Maharashtra,2019,2
Mumbai,3W,7.68,94.6,16.56,3,2,home,336.43,0.54,2.57,6.46,humid,0.364,high,46.11,0,Maharashtra,2020,3
Mumbai,3W,8.83,101.67,39.78,3,4,public_fast,44.03,6.19,6.67,6.95,rainy,0.268,middle,47.66,1,Maharashtra,2019,3
Mumbai,3W,7.39,95.92,45.79,2,1,home,311.07,0.13,7.76,5.71,extreme_heat,0.467,low,37.67,0,Maharashtra,2020,5
Mumbai,3W,6.06,86.01,103.33,3,5,public_slow,201.92,0.25,7.79,7.08,humid,0.122,low,36.38,1,Maharashtra,2023,9
Mumbai,3W,7.86,94.38,49,4,5,public_slow,165.96,0.21,9.47,9.05,clear,0.432,middle,47.14,1,Maharashtra,2023,10
Mumbai,3W,9.18,86.67,47.78,4,1,home,217.48,1.51,6.76,5.95,rainy,0.081,low,49.57,0,Maharashtra,2019,11
Mumbai,3W,7.8,75.23,32.87,3,3,public_slow,209.79,1.38,7.88,9.71,rainy,0.249,middle,42.12,0,Maharashtra,2025,11
Mumbai,3W,7.97,85.81,21.37,3,4,home,345.95,0.1,5.45,8.63,extreme_heat,0.105,low,40.67,0,Maharashtra,2025,1
Mumbai,3W,6.14,106.61,1,2,1,home,225.41,3.05,0.15,7.8,humid,0.279,high,36.87,0,Maharashtra,2020,9
Mumbai,3W,7.14,98.78,29.32,2,3,public_fast,91.3,0.01,5.32,5.49,humid,0.186,high,42.82,0,Maharashtra,2021,7
Mumbai,3W,6.44,71.42,34.99,2,5,public_slow,166.23,0.12,7.21,7.73,clear,0.162,high,38.66,1,Maharashtra,2025,10
Mumbai,3W,8.33,82.98,4.47,3,4,public_fast,25.15,5.03,0.83,9.75,extreme_heat,0.415,low,42.46,0,Maharashtra,2024,9
Mumbai,3W,8.31,88.49,17.1,4,5,public_fast,37.54,0.02,2.65,7.8,clear,0.387,low,49.86,0,Maharashtra,2023,4
Mumbai,3W,6.64,104.32,42.69,2,4,public_fast,58.41,4.08,7.21,7.75,rainy,0.253,middle,35.87,1,Maharashtra,2020,7
Mumbai,3W,8.78,77.88,24.15,3,4,home,274.26,3.63,6.75,7.16,extreme_heat,0.199,low,44.76,0,Maharashtra,2025,4
Mumbai,3W,10.36,105.66,36.59,1,2,public_fast,63.16,0.65,4.93,4.59,clear,0.754,low,62.14,0,Maharashtra,2020,9
Mumbai,3W,8.42,97.37,45.83,1,3,home,312.09,0.74,9.49,6.66,extreme_heat,0.304,middle,42.92,0,Maharashtra,2020,11
Mumbai,3W,8.88,96.6,1,2.51,3,home,286.76,2.96,0.16,7.57,rainy,0.365,middle,47.97,0,Maharashtra,2022,3
Mumbai,3W,7.17,69.47,42.86,2.51,6,public_fast,75.91,3.67,6.62,10.78,clear,0.416,high,43.01,1,Maharashtra,2026,11
Mumbai,3W,8.13,83.46,25.78,2,4,public_slow,162.94,2.71,3.5,7.71,rainy,0.062,high,43.92,0,Maharashtra,2026,10
Mumbai,3W,7.41,77.84,8.44,3,5,public_slow,182.06,3.3,1.43,10.25,clear,0.28,low,44.46,1,Maharashtra,2022,8
Mumbai,3W,10.87,79.43,31.37,2,4,public_slow,192.68,0.91,5.49,9.83,rainy,0.61,low,58.71,0,Maharashtra,2024,6
Mumbai,3W,7.99,84.61,17.06,3,1,public_slow,88.61,0.04,3.24,6.6,clear,0.292,high,52.92,0,Maharashtra,2020,1
Mumbai,3W,8.4,82.7,4.45,3,5,home,326.07,1.67,0.8,8.7,extreme_heat,0.28,middle,42.84,0,Maharashtra,2025,7
Mumbai,3W,7.53,87.1,31.52,2,5,public_fast,33.63,0.7,5.63,10.19,clear,0.134,low,45.18,0,Maharashtra,2026,1
Mumbai,3W,6.46,84.03,23.16,3,5,public_slow,184.17,3.27,4.4,9.26,humid,0.031,low,38.75,1,Maharashtra,2025,8
Mumbai,3W,8.5,102.54,10.29,3,2,home,378.21,2.03,1.64,4.79,extreme_heat,0.32,middle,43.36,0,Maharashtra,2019,12
Mumbai,3W,8.67,81.14,38.22,3,3.29,public_slow,206.24,0.91,5.95,9,extreme_heat,0.451,low,44.22,0,Maharashtra,2024,11
Mumbai,3W,8.33,99.79,20.91,2,1,public_fast,68.52,0.42,3.89,7.19,extreme_heat,0.458,middle,42.48,0,Maharashtra,2019,3
Mumbai,3W,6.26,101.9,17.74,2,3,public_slow,147.07,1.01,2.66,6.43,rainy,0.237,high,33.83,0,Maharashtra,2022,1
Mumbai,3W,5.95,85.27,25.82,4,5,public_fast,56.47,0.69,8.57,7.73,extreme_heat,0.025,middle,30.36,1,Maharashtra,2023,2
Mumbai,3W,9.08,97.15,22.25,4,1,public_slow,226.79,3.59,3.25,6.62,extreme_heat,0.057,middle,46.32,0,Maharashtra,2020,1
Mumbai,3W,6.22,109.6,52.91,4,2,public_fast,76.69,3.07,8.55,5.97,extreme_heat,0.15,low,31.72,1,Maharashtra,2019,10
Mumbai,3W,9.22,98.67,21.83,2,3,home,261.81,0.77,3.19,6.39,clear,0.274,middle,44.94,0,Maharashtra,2021,6
Mumbai,3W,9.14,75.37,43.64,3,4,public_slow,204.38,0.45,6.43,9.26,clear,0.281,middle,54.82,0,Maharashtra,2025,5
Mumbai,3W,4.93,83.86,45.14,3,4,home,199.74,0.25,8.99,10.83,extreme_heat,0.28,low,25.14,0,Maharashtra,2026,3
Mumbai,3W,8.51,78.02,73.63,2,5,public_slow,278.3,1.69,3.62,8.69,clear,0.069,low,51.05,1,Maharashtra,2024,1
Mumbai,3W,8.91,94.31,30.44,4,2,public_slow,211.54,1.23,5.23,7.13,humid,0.39,high,53.44,0,Maharashtra,2022,8
Mumbai,3W,7.01,76.8,42.16,2,4,public_fast,54.64,0.38,4.28,7.53,extreme_heat,0.207,middle,35.77,0,Maharashtra,2026,9
Mumbai,3W,6.62,78.63,37.06,2,6,public_fast,59.61,1.96,10.19,9.87,rainy,0.47,high,35.73,1,Maharashtra,2026,6
Mumbai,3W,9.83,93.23,24.94,4,1,home,272.52,4.9,3.65,8.45,clear,0.279,high,58.97,0,Maharashtra,2022,8
Mumbai,3W,8.34,85.24,6.09,3,4,public_slow,172.43,3.72,1.38,8.72,clear,0.286,middle,50.06,0,Maharashtra,2025,6
Mumbai,3W,8.59,90.87,30.32,1,4,home,345.62,2.12,4.14,8.46,clear,0.248,middle,51.51,0,Maharashtra,2023,10
Mumbai,3W,6.8,87.21,31.1,4,3,public_fast,51.88,2.59,4.85,10.43,extreme_heat,0.054,high,34.7,0,Maharashtra,2024,4
Mumbai,3W,9.98,81.17,20.27,3,4,public_slow,184.76,1.92,3.73,8.62,rainy,0.249,high,53.92,0,Maharashtra,2023,4
Mumbai,3W,7.9,105.91,14.15,2,2,public_slow,268.44,2.05,2.51,5.83,humid,0.302,middle,47.43,0,Maharashtra,2019,11
Mumbai,3W,9.6,95,32.63,3,2,public_fast,50.91,1.57,4.62,8.04,rainy,0.229,low,51.82,0,Maharashtra,2019,12
Mumbai,3W,8.46,85.83,6.77,2,7,public_fast,181.3,1.99,0.98,9.84,rainy,0.391,middle,44.94,0,Maharashtra,2025,5
Mumbai,3W,7.63,96.29,39.88,2.51,2,public_fast,181.3,5.85,4.28,7.69,humid,0.088,low,45.8,1,Maharashtra,2020,9
Mumbai,3W,7.95,91.1,25.82,3,2,public_slow,152.02,0.31,1.28,5.58,extreme_heat,0.205,low,40.54,0,Maharashtra,2021,4
Mumbai,3W,7.66,109.71,51.82,2,1,home,346.5,4.15,7.74,6.04,clear,0.319,middle,45.98,1,Maharashtra,2019,1
Mumbai,3W,7.99,90.79,3.56,1,3,home,292.99,0.64,0.83,8.2,rainy,0.31,high,44.49,0,Maharashtra,2022,3
Mumbai,3W,6.29,77.6,25.82,1,4,public_slow,181.3,1.12,5.14,7.63,extreme_heat,0.21,low,32.1,0,Maharashtra,2026,12
Mumbai,3W,7.28,96.79,51.59,2,4,home,167.88,3.32,9.56,5.23,humid,0.232,high,43.68,1,Maharashtra,2020,10
Mumbai,3W,7.85,93.98,38.74,3,3.29,home,211.36,0.15,6.37,6.77,rainy,0.212,middle,44.94,0,Maharashtra,2023,1
Mumbai,3W,8.45,86.37,24.29,2,5,public_slow,191.26,3.65,6.2,8.01,humid,0.154,low,50.72,1,Maharashtra,2024,4
Mumbai,3W,8.6,80.23,37.66,3,7,public_slow,175.14,1.99,8.09,9.22,rainy,0.233,low,46.44,1,Maharashtra,2026,12
Mumbai,3W,8.47,105.46,31.2,3,2,public_fast,76.41,3.08,4.52,5.77,clear,0.295,low,50.85,0,Maharashtra,2019,7
Mumbai,3W,7.99,93.71,13.32,2,1,home,340.91,6.78,2.21,6.21,extreme_heat,0.503,high,29.33,0,Maharashtra,2021,12
Mumbai,3W,7.07,94.11,25.82,2,4,home,265.35,0.8,1.77,6.16,extreme_heat,0.449,middle,36.06,0,Maharashtra,2021,4
Mumbai,3W,8.15,95.17,25.82,1,2,home,241.21,0.62,1.21,7.83,clear,0.112,high,48.88,0,Maharashtra,2021,6
Mumbai,3W,9.58,96.52,20.4,2,2,home,358.62,3.11,3.18,5.51,rainy,0.362,high,51.75,0,Maharashtra,2019,8
Mumbai,3W,8.36,109.15,34.27,4,3.29,home,244.31,2.1,5.04,6.26,rainy,0.397,low,45.13,0,Maharashtra,2019,11
Mumbai,3W,8.08,72.28,19.57,3,4,public_slow,199.21,0.44,2.88,7.88,clear,0.295,high,48.49,0.19,Maharashtra,2026,4
Mumbai,3W,7.11,80.43,28.91,3,5,public_slow,283.12,1.13,4.37,6.74,rainy,0.326,low,38.41,1,Maharashtra,2025,6
Mumbai,3W,7.98,103.49,17.07,3,2,public_fast,52.34,4.41,2.39,4.58,humid,0.422,low,47.9,0,Maharashtra,2019,11
Mumbai,3W,8.11,88.11,32.63,3,5,public_fast,51.39,0.43,6.42,8.2,rainy,0.273,low,43.77,1,Maharashtra,2026,7
Mumbai,3W,10.53,87.15,1,3,3,public_fast,55.75,3.15,0.12,7.82,humid,0.607,middle,63.19,0,Maharashtra,2023,1
Mumbai,3W,7.14,99.33,65.04,1,1,public_fast,26.48,2.4,8.8,8.44,humid,0.057,low,42.85,0,Maharashtra,2020,2
Mumbai,3W,8.69,81.25,1,1,4,public_slow,134.84,5,0.17,8.4,rainy,0.139,middle,46.91,0.19,Maharashtra,2025,1
Mumbai,3W,6.01,88.35,33.78,1,6,public_slow,164.12,4.22,4.43,8.48,extreme_heat,0.359,middle,30.63,1,Maharashtra,2024,7
Mumbai,3W,7.71,98.44,24.47,3,1,public_fast,85.48,2.84,6.36,6.73,clear,0.17,low,46.27,0,Maharashtra,2019,3
Mumbai,3W,7.41,74.19,42.1,4,4,public_fast,77.08,0.7,5.91,7.71,humid,0.456,low,44.43,1,Maharashtra,2026,11
Mumbai,3W,8.25,83.11,34.93,2,4,public_slow,143.75,3.95,4.85,8.9,humid,0.573,high,49.51,1,Maharashtra,2024,9
Mumbai,3W,8.7,82.32,35.67,2,3,public_slow,156.27,1.75,5.98,8.45,rainy,0.285,low,46.97,0,Maharashtra,2023,11
Mumbai,3W,8.43,90.03,34.26,1,2,public_slow,184.28,5.49,6.59,7.52,humid,0.291,low,50.59,0,Maharashtra,2022,2
Mumbai,3W,9.43,74.91,31.54,3,4,public_fast,50.1,4.13,4.28,9.69,clear,0.393,low,56.58,1,Maharashtra,2026,10
Mumbai,3W,7.49,90.52,23.51,2,3,public_slow,218.23,1.01,4.33,8.55,rainy,0.232,middle,40.43,0,Maharashtra,2022,4
Mumbai,3W,7.64,87.99,33.74,2,4,public_slow,154.64,5.86,7.7,7.2,extreme_heat,0.067,low,44.94,1,Maharashtra,2021,10
Mumbai,3W,9.35,86.33,32.26,4,4,home,255.32,2.17,5.1,9.17,extreme_heat,0.374,middle,56.13,0,Maharashtra,2023,6
Mumbai,3W,7.15,75.78,22.76,1,5,public_fast,181.3,1.7,3.54,9.48,rainy,0.29,low,38.6,0,Maharashtra,2026,12
Mumbai,3W,7.32,100.46,7.28,1,1,home,212.21,0.89,0.92,5.23,rainy,0.068,low,39.54,0,Maharashtra,2019,6
Mumbai,3W,7.95,93.43,12.63,2,3,public_slow,182.41,1.87,2.08,6.78,humid,0.09,low,47.72,0,Maharashtra,2021,11
Mumbai,3W,7.99,79.15,12.77,2,2,public_fast,80.34,4.6,2.52,8.28,extreme_heat,0.28,middle,40.73,0,Maharashtra,2021,9
Mumbai,3W,8.38,95.06,19.3,2,4,public_fast,109.98,0.88,2.64,6.91,clear,0.192,low,50.26,0,Maharashtra,2021,3
Mumbai,3W,7.53,87.83,29.61,2,4,home,35.48,1.21,4.28,7.99,humid,0.28,middle,45.21,0,Maharashtra,2021,7
Mumbai,3W,8.14,91.54,21.56,3,3,home,285.99,1.93,4.61,5.86,humid,0.443,middle,48.84,0,Maharashtra,2020,12
Mumbai,3W,8.25,88.5,20.68,2,4,public_slow,235.31,0.29,3.24,7.74,clear,0.089,low,49.51,0,Maharashtra,2022,11
Mumbai,3W,7.09,84.06,18.08,2.51,6,public_slow,188.37,0.4,3.15,6.91,extreme_heat,0.158,low,36.16,0,Maharashtra,2025,10
Mumbai,3W,8.24,83.64,30.8,2.51,4,public_slow,160.42,3.71,5.52,8.44,clear,0.28,low,49.43,0,Maharashtra,2026,3
Mumbai,3W,8.03,74.04,15.34,2,3,public_slow,179.62,2.18,2.19,11.21,humid,0.312,low,48.16,0,Maharashtra,2025,9
Mumbai,3W,7.65,79.05,13.14,1,5,home,211.29,1.18,1.92,9.22,rainy,0.663,low,41.3,0,Maharashtra,2025,8
Mumbai,3W,9.77,96.85,26.69,3,3,public_slow,220.39,0.01,5.14,8.52,rainy,0.179,middle,52.74,0,Maharashtra,2021,3
Mumbai,3W,9.02,81.36,47.53,3,4,home,365.14,6.7,7.04,8.7,rainy,0.342,low,48.7,1,Maharashtra,2025,4
Mumbai,3W,7.41,90.73,30.06,3,3,home,315.34,2.74,4.58,6.74,rainy,0.039,middle,40,0,Maharashtra,2022,8
Mumbai,3W,7.21,83.86,5.93,2,6,public_fast,50.8,2.55,1.33,11.33,extreme_heat,0.198,low,36.75,0,Maharashtra,2025,10
Mumbai,3W,9.65,90.7,32.96,3,2,home,250.65,3.62,5,7.58,clear,0.258,middle,57.89,0.19,Maharashtra,2022,12
Mumbai,3W,7.63,94.34,15.68,3,2,public_slow,189.38,1.57,2.3,7.62,humid,0.413,high,45.81,0,Maharashtra,2021,7
Mumbai,3W,7.95,95.27,25.82,3,1,public_fast,52.86,4.75,1.1,7.58,extreme_heat,0.31,middle,40.57,0,Maharashtra,2022,9
Mumbai,3W,7.64,92.41,1,2,3,home,391.04,0.35,0.18,6.84,rainy,0.124,middle,41.24,0,Maharashtra,2023,4
Mumbai,3W,7.71,97.85,47.5,3,2,public_fast,53.33,3.69,9.4,6.79,clear,0.309,middle,46.25,1,Maharashtra,2020,5
Mumbai,3W,7.93,93.44,48.02,3,3,home,417.6,3.05,6.07,8.23,extreme_heat,0.16,high,40.45,1,Maharashtra,2022,12
Mumbai,3W,7.37,85.36,1,1,4,public_fast,82.28,1.61,0.19,7.63,clear,0.233,low,44.23,0,Maharashtra,2024,9
Mumbai,3W,9.55,94.06,13.09,1,3,home,375.61,3.14,2.05,6.82,humid,0.171,low,57.27,0,Maharashtra,2022,12
Mumbai,3W,8.37,92.06,26.03,3,1,home,253.53,1.53,3.79,5.8,humid,0.194,low,50.22,0,Maharashtra,2020,2
Mumbai,3W,9.38,89.19,43.39,3,4,public_slow,81.11,4.11,9.14,9.75,rainy,0.42,high,50.64,1,Maharashtra,2024,5
Mumbai,3W,7.11,92.82,24.71,2,2,public_fast,66.33,3.52,4.01,5.82,rainy,0.017,high,38.4,0,Maharashtra,2021,8
Mumbai,3W,8.64,76.54,19.47,2,5,home,222.67,4.1,2.94,10.08,extreme_heat,0.145,low,44.07,1,Maharashtra,2026,9
Mumbai,3W,8.11,86.81,38.1,3,3,public_slow,69.72,1.52,8.88,8.28,extreme_heat,0.066,low,41.35,0,Maharashtra,2023,9
Mumbai,3W,9.3,86.23,125.3,2,4,home,277.16,1.17,6.03,9.02,clear,0.11,low,55.83,0,Maharashtra,2025,9
Mumbai,3W,8.86,84.5,7.08,2,5,public_slow,160.62,2.55,1.24,7.67,extreme_heat,0.035,middle,45.2,0,Maharashtra,2023,8
Mumbai,3W,7.8,85.3,34.77,3,5,home,181.3,0.38,6.75,6.9,humid,0.325,low,46.83,1,Maharashtra,2022,10
Mumbai,3W,7.38,89.25,15.1,1,4,public_fast,75.16,1.99,2.04,7.94,clear,0.173,low,44.28,0,Maharashtra,2022,1
Mumbai,3W,6.92,92.44,25.82,1,3,home,296.03,1.1,2.9,8.36,rainy,0.286,middle,37.39,0,Maharashtra,2024,12
Mumbai,3W,8.14,86.82,44.01,2,3,public_slow,157.77,0.64,7.5,8.33,rainy,0.251,high,44.94,0,Maharashtra,2022,10
Mumbai,3W,7.56,101.39,30.17,1,1,home,309.23,1.95,4.25,5.55,clear,0.227,low,44.94,0,Maharashtra,2019,9
Mumbai,3W,8.57,86.86,1.27,2,3.29,public_slow,136.8,0.07,0.29,8.01,rainy,0.238,low,46.28,0,Maharashtra,2025,3
Mumbai,3W,8.07,86.51,46.08,4,3,home,232.73,1.99,9.59,9.14,rainy,0.359,low,43.57,0,Maharashtra,2024,3
Mumbai,3W,8.71,80.76,10.13,2.51,3,home,285.13,2.8,1.55,8.72,clear,0.496,high,52.27,0,Maharashtra,2023,4
Mumbai,3W,7.19,91.3,1,3,2,home,395.38,7.2,0.16,6.27,extreme_heat,0.112,middle,36.64,0,Maharashtra,2021,12
Mumbai,3W,7.52,89.61,18.58,3,4,public_slow,119.3,0.15,3.06,9.52,humid,0.064,low,45.12,0,Maharashtra,2025,5
Mumbai,3W,8.23,79.09,54.65,3,4,home,252.62,3.46,4.28,9.41,extreme_heat,0.456,middle,41.97,1,Maharashtra,2026,2
Mumbai,3W,7.89,84.41,8.54,3,4,public_slow,228.89,0.43,1.43,9.44,clear,0.082,low,47.34,0,Maharashtra,2025,11
Mumbai,3W,9.09,74.45,43.08,4,4,public_slow,133.46,0.28,7.54,5.95,rainy,0.189,middle,49.06,1,Maharashtra,2024,10
Mumbai,3W,8.09,87.61,33.24,3,3,public_slow,181.3,6.29,6.68,6.48,extreme_heat,0.402,low,41.27,1,Maharashtra,2022,8
Mumbai,3W,7.25,97.78,36.26,2,2,home,398.85,1.69,5.38,5.51,extreme_heat,0.375,middle,36.99,0,Maharashtra,2020,1
Mumbai,3W,9.94,90.08,21.33,2,3,home,181.3,0.48,3.65,5.23,clear,0.348,low,59.63,0,Maharashtra,2022,2
Mumbai,3W,8.17,101.7,40.14,3,3,public_slow,178.09,1.36,8.11,7.71,extreme_heat,0.252,low,44.94,0,Maharashtra,2022,12
Mumbai,3W,10.6,90.52,17.38,4,2,home,146.88,0.1,2.6,7.52,rainy,0.072,middle,57.25,0,Maharashtra,2019,7
Mumbai,3W,5.89,98.64,30.43,4,3.29,public_slow,181.3,0.01,4.75,6.15,humid,0.552,high,35.31,0,Maharashtra,2019,1
Mumbai,3W,9.68,89.61,11.84,2,3,home,229.85,3,2.07,6.18,rainy,0.196,high,52.26,0,Maharashtra,2022,8
Mumbai,3W,8.16,89.61,21.59,3,3.29,home,314.82,2.32,3.94,6.49,rainy,0.371,low,44.94,0,Maharashtra,2021,6
Mumbai,3W,8.68,99.5,11.23,2,3,public_fast,84.15,0.88,1.54,4.6,rainy,0.26,middle,46.85,0,Maharashtra,2019,1
Mumbai,3W,8.87,106.07,34.72,2,3,public_slow,257.54,0.22,5.26,5.54,humid,0.443,low,53.23,0,Maharashtra,2019,3
Mumbai,3W,6.57,82.43,35.42,2,3,public_fast,39.18,0.35,6.01,7.89,extreme_heat,0.273,middle,33.5,0,Maharashtra,2023,11
Mumbai,3W,9.46,103.99,28.91,2,4,home,246.86,1.99,5.24,6.66,humid,0.2,high,56.75,0,Maharashtra,2021,2
Mumbai,3W,6.47,89.61,15.5,4,3,home,329.55,0.13,2.83,7.4,rainy,0.071,high,34.92,0,Maharashtra,2022,11
Mumbai,3W,8.16,86.81,55.91,2,3,public_fast,32.86,4.07,7.9,8.24,rainy,0.148,low,44.07,1,Maharashtra,2023,1
Mumbai,3W,9.31,88.22,29.57,3,3,public_slow,156.84,2.99,4.38,6.84,extreme_heat,0.245,high,47.49,0,Maharashtra,2022,3
Mumbai,3W,8.26,83.55,1,3,3,public_slow,241.31,5.98,0.2,6.69,extreme_heat,0.296,middle,42.11,0,Maharashtra,2020,7
Mumbai,3W,7.51,85.36,15.05,3,5,public_fast,76.43,0.14,2.28,10.4,rainy,0.217,middle,40.55,0,Maharashtra,2025,3
Mumbai,3W,8.27,93.7,8.71,3,3,public_fast,66.48,1.07,1.35,7.71,clear,0.396,high,49.59,0,Maharashtra,2021,11
Mumbai,3W,6.57,89.61,15.08,1,1,home,181.3,0.03,2.27,9.09,humid,0.161,middle,39.45,0,Maharashtra,2022,9
Mumbai,3W,6.71,89.61,38.61,2,5,home,417.31,5.28,10.37,6.3,humid,0.233,high,40.28,1,Maharashtra,2022,9
Mumbai,3W,8.88,94.39,19.66,5,2,public_fast,52.02,1.4,2.67,5.92,extreme_heat,0.193,middle,45.31,0,Maharashtra,2021,4
Mumbai,3W,7.52,83.51,32.01,4,4,home,370.63,1.47,7.07,8.98,clear,0.36,low,45.14,0,Maharashtra,2025,1
Mumbai,3W,7.41,93.33,8.9,3,3,public_fast,61.8,0.44,1.42,5.34,clear,0.297,middle,44.43,0,Maharashtra,2019,8
Mumbai,3W,6.11,87.24,17.76,3,4,home,300.78,0.9,2.7,8.49,humid,0.618,middle,36.68,0,Maharashtra,2024,4
Mumbai,3W,9.9,89.57,26.62,2,4,public_fast,51.4,4.02,4.42,8.14,clear,0.301,high,59.4,0,Maharashtra,2024,1
Mumbai,3W,7.7,95.72,1,3,3,public_slow,274.42,0.87,0.24,6.4,clear,0.312,low,46.21,0,Maharashtra,2020,12
Mumbai,3W,7.31,91.77,9.36,3,3,public_fast,49.24,0.89,1.73,6.41,humid,0.094,low,43.86,0,Maharashtra,2020,10
Mumbai,3W,7.7,80.07,6.22,2,3,home,291.03,4.26,1.09,9.71,rainy,0.254,low,41.56,0,Maharashtra,2024,7
Mumbai,3W,9.24,74.83,54.09,3,7,public_fast,48.93,1.3,9.85,10.17,clear,0.383,low,55.41,1,Maharashtra,2026,1
Mumbai,3W,8.38,81.35,29.65,2,3,public_slow,207.52,0.99,5.02,9.12,rainy,0.346,low,45.23,0,Maharashtra,2025,12
Mumbai,3W,7.09,89.61,48.5,3,1,public_slow,219.92,9.29,7.48,7.46,humid,0.302,middle,42.55,1,Maharashtra,2022,4
Mumbai,3W,7.99,89.44,40.26,1,4,home,366.95,2.11,7,8.22,extreme_heat,0.598,middle,42.65,0,Maharashtra,2024,5
Mumbai,3W,7.73,87.59,17.26,4,3,public_fast,90.39,3.79,2.82,7.73,clear,0.333,low,46.39,0,Maharashtra,2023,1
Mumbai,3W,8.5,90.35,27.48,2,2,public_fast,103.53,1.52,4.28,7.61,rainy,0.29,middle,45.9,0,Maharashtra,2022,6
Mumbai,3W,8.14,98.97,30.06,1,3.29,home,264.5,1.04,6.11,6.37,rainy,0.263,low,43.96,0,Maharashtra,2019,3
Mumbai,3W,6.38,97.75,21.07,2,4,public_slow,232.62,2,4.2,6.94,clear,0.628,middle,38.3,0,Maharashtra,2022,9
Mumbai,3W,8.75,100.39,38.53,2,1,home,310.72,0.14,6.14,7.71,extreme_heat,0.244,low,44.61,0,Maharashtra,2021,2
Mumbai,3W,7.41,80.44,13.68,1,5,public_fast,65.61,0.37,2.17,9.11,extreme_heat,0.122,middle,37.77,0,Maharashtra,2025,10
Mumbai,3W,7.68,75.14,10.57,2,4,public_slow,211.63,0.42,1.46,9.44,clear,0.041,low,46.05,0,Maharashtra,2026,4
Mumbai,3W,10.9,83.93,14.18,4,6,home,203.69,3.72,2.06,9.18,extreme_heat,0.071,middle,55.6,1,Maharashtra,2026,12
Mumbai,3W,7.9,97.12,25.82,3,2,public_slow,174.62,0.15,3.59,6.97,rainy,0.217,low,42.67,0,Maharashtra,2021,2
Mumbai,3W,8.24,102.43,10.79,2,1,home,295.43,0.84,4.28,4.44,extreme_heat,0.265,low,42.04,0,Maharashtra,2019,11
Mumbai,3W,8.42,88.64,49.8,2,5,public_fast,53.14,2.93,6.73,8.09,rainy,0.236,high,45.48,1,Maharashtra,2024,3
Mumbai,3W,8.37,88.68,14.33,2,6,public_slow,154.42,0.4,2.69,9.69,humid,0.039,high,50.25,0,Maharashtra,2024,9
Mumbai,3W,7.7,86.5,15.27,3,4,public_fast,99.66,4.28,3.17,7.44,humid,0.144,middle,46.2,0,Maharashtra,2023,8
Mumbai,3W,8.64,99.1,39.84,2,2,public_slow,278.53,1.99,6.88,7.05,rainy,0.306,middle,46.68,0,Maharashtra,2020,12
Mumbai,3W,6.6,82.18,34.73,3,4,public_fast,63.22,1.31,5.59,7.71,rainy,0.177,high,35.65,0,Maharashtra,2023,8
Mumbai,3W,8.67,91.51,100.7,1,1,public_fast,181.3,0.72,6.14,6.9,extreme_heat,0.08,middle,44.24,0,Maharashtra,2020,10
Mumbai,3W,8.15,99.47,26.81,4,2,home,415.79,4.62,4.89,6.81,extreme_heat,0.184,middle,41.54,0,Maharashtra,2021,6
Mumbai,3W,7.99,107.76,1,4,2,public_fast,81.37,2.24,0.19,6.59,rainy,0.216,middle,50.83,0,Maharashtra,2019,12
Mumbai,3W,7.52,80.31,30.25,4,5,public_slow,117.67,0.34,4.28,9.38,extreme_heat,0.236,middle,38.36,1,Maharashtra,2026,9
Mumbai,3W,10.67,96.69,48.48,3,2,public_fast,57.88,1.32,8.55,5.94,extreme_heat,0.33,middle,54.42,0,Maharashtra,2020,10
Mumbai,3W,9.21,88.55,45.92,3,2,public_fast,48.13,2.43,7.05,6.9,humid,0.625,low,55.25,0,Maharashtra,2023,1
Mumbai,3W,8.6,92.47,10.86,4,3,public_fast,117.92,2.82,1.97,6.22,extreme_heat,0.39,high,44.94,0,Maharashtra,2021,11
Mumbai,3W,7.43,87.13,42.62,2,5,home,340.71,7.53,10.2,8.77,humid,0.446,high,44.58,1,Maharashtra,2025,6
Mumbai,3W,7.12,91.61,30.32,2,4,home,331,2.16,4.87,7.59,clear,0.442,low,42.71,0,Maharashtra,2022,8
Mumbai,3W,8.47,108.35,27.28,3,2,public_fast,53.37,1.72,5.88,6.22,clear,0.559,middle,50.85,0,Maharashtra,2020,7
Mumbai,3W,8.22,94.5,29.45,2,3,home,408.56,4.08,5.09,7.72,rainy,0.202,middle,44.38,0.19,Maharashtra,2022,11
Mumbai,3W,7.91,85.65,1,2,2,home,382.71,0.08,0.21,8.4,clear,0.339,middle,47.48,0,Maharashtra,2024,2
Mumbai,3W,8.15,98.65,16.92,3,1,home,44.8,7.06,2.87,7.14,extreme_heat,0.183,high,41.55,0,Maharashtra,2021,6
Mumbai,3W,7.97,93.97,17.07,2,2,public_fast,64.13,1.99,2.51,6.02,extreme_heat,0.314,low,40.66,0,Maharashtra,2020,11
Mumbai,3W,6.79,96.27,1,1,2,public_fast,48.8,1.71,4.28,5.78,humid,0.09,middle,40.75,0,Maharashtra,2019,6
Mumbai,3W,7.78,96.94,19.09,2.51,2,public_fast,181.3,1.99,2.8,4.61,clear,0.367,high,46.71,0,Maharashtra,2020,10
Mumbai,3W,7.55,96.14,30.14,2,3,public_slow,64.49,6.27,5.87,6.47,clear,0.138,middle,45.3,0,Maharashtra,2022,7
Mumbai,3W,7.38,85.83,26.3,3,1,public_fast,71.33,0.75,5.99,6.85,rainy,0.162,high,39.86,0,Maharashtra,2022,5
Mumbai,3W,7.86,96.37,16.37,2.51,2,public_fast,52.05,0.19,3.19,7.71,humid,0.244,high,47.15,0,Maharashtra,2020,10
Mumbai,3W,6.89,81.96,36.67,4,4,home,234.92,3.1,5.21,6.89,rainy,0.055,low,37.19,1,Maharashtra,2024,12
Mumbai,3W,8.06,102.46,1,4,1,public_slow,167.57,0.24,0.13,5.55,clear,0.125,low,48.38,0,Maharashtra,2019,9
Mumbai,3W,9.04,78.28,6.95,2,4,public_fast,77.16,1.3,1.14,10.01,extreme_heat,0.416,low,46.12,0,Maharashtra,2026,4
Mumbai,3W,7.71,99.07,28.31,5,2,public_slow,202.63,1.88,4.65,6.2,rainy,0.085,middle,41.65,0,Maharashtra,2019,2
Mumbai,3W,8.11,85.61,1,3,1,public_fast,29.14,1.46,0.16,7.74,extreme_heat,0.271,high,41.35,0.19,Maharashtra,2022,4
Mumbai,3W,8.83,88.17,49.78,2,4,public_fast,78.45,2.26,6.92,7.91,extreme_heat,0.126,low,45.03,0,Maharashtra,2022,10
Mumbai,3W,9.42,112.12,48.62,3,2,public_slow,139.34,0.17,6.44,6.58,extreme_heat,0.536,middle,48.06,0,Maharashtra,2019,2
Mumbai,3W,7.53,90.84,42.22,3,3,home,302.25,1.66,6.81,6.48,humid,0.157,low,45.16,0,Maharashtra,2021,8
Mumbai,3W,7.55,81.21,21.25,1,4,public_fast,87.88,0.3,3.56,7.63,humid,0.007,high,45.28,0,Maharashtra,2025,3
Mumbai,3W,8.16,94.39,6.91,1,3,public_slow,178.86,0.14,1.27,6.3,rainy,0.28,low,44.06,0,Maharashtra,2021,10
Mumbai,3W,7.61,91.71,18.94,3,3,public_slow,139.32,2.42,3.47,7.13,extreme_heat,0.135,middle,45.68,0,Maharashtra,2022,4
Mumbai,3W,7.65,102.65,23.58,3,1,public_fast,99.26,2.11,4.29,5.67,clear,0.384,middle,45.93,0,Maharashtra,2020,10
Mumbai,3W,8.26,101.95,4.03,2,5,public_slow,181.3,2.84,0.69,7.06,clear,0.28,high,49.55,0,Maharashtra,2021,5
Mumbai,3W,8.62,103.44,26.38,2,2,public_slow,259.45,1.11,4.31,6.56,humid,0.403,middle,51.72,0,Maharashtra,2019,12
Mumbai,3W,7.11,79.84,44.04,3,6,public_slow,164.37,0.7,5.98,9.47,rainy,0.424,low,38.38,1,Maharashtra,2026,11
Mumbai,3W,8.77,79.43,11.7,2,6,public_slow,156.62,1.03,1.82,10.9,rainy,0.247,low,47.35,0,Maharashtra,2026,5
Mumbai,3W,7.31,89.72,15.47,3,2,public_slow,183.5,0.73,2.7,8.3,rainy,0.346,middle,39.49,0,Maharashtra,2023,9
Mumbai,3W,7.54,88.3,39.66,3,6,public_slow,193.18,0.57,6.61,7.99,extreme_heat,0.143,middle,38.47,1,Maharashtra,2024,12
Mumbai,3W,6.87,88.87,49.5,3,6,home,320.47,1.9,8.39,8.97,humid,0.366,low,41.22,1,Maharashtra,2025,5
Mumbai,3W,8.02,88.77,34.63,5,3.29,public_fast,75.12,5.71,4.36,9.88,clear,0.244,low,48.14,1,Maharashtra,2024,3
Mumbai,3W,7.82,87.64,1.83,2,4,home,272.49,1.47,0.31,7.99,rainy,0.132,low,42.23,0,Maharashtra,2025,11
Mumbai,3W,7.98,98.7,5.9,1,1,home,279.96,1.49,1.15,4.24,rainy,0.307,low,43.12,0,Maharashtra,2019,1
Mumbai,3W,8.61,101.33,2.96,4,1,public_slow,259.6,3.54,0.45,9.21,rainy,0.316,high,46.49,0.19,Maharashtra,2021,8
Mumbai,3W,7.68,76.61,25.77,2,4,public_fast,79.98,2.94,4.1,10.03,clear,0.228,middle,46.08,0,Maharashtra,2022,8
Mumbai,3W,9.02,93.82,58.28,2.51,4,public_slow,147.13,3.36,9.11,7.71,humid,0.28,low,44.94,1,Maharashtra,2022,11
Mumbai,3W,6.06,84.36,43.44,2.51,4,home,336.8,0.58,7.15,9.83,humid,0.386,low,36.33,0,Maharashtra,2026,10
Mumbai,3W,6.35,97.52,41.88,3,1,home,212.25,2.63,11.93,5.89,humid,0.175,low,38.11,0,Maharashtra,2020,12
Mumbai,3W,6.08,89.78,25.71,2.51,2,public_slow,268.37,0.86,1.46,7.28,clear,0.056,low,36.48,0,Maharashtra,2022,1
Mumbai,3W,8.97,92.45,18.47,2,2,public_slow,200.7,0.57,3.24,6.35,extreme_heat,0.148,low,45.77,0,Maharashtra,2021,2
Mumbai,3W,7.64,91.19,36.65,3,4,home,301.16,0.71,4.61,8.63,clear,0.221,middle,45.84,0,Maharashtra,2024,3
Mumbai,3W,7.36,100.07,14.14,2,3,public_fast,50.17,0.26,2.76,7.32,rainy,0.15,middle,39.73,0,Maharashtra,2020,10
Mumbai,3W,7.62,84.49,7.35,2,5,home,273.85,0.26,1.18,8.53,clear,0.459,low,45.72,0,Maharashtra,2022,8
Mumbai,3W,7.27,74.95,1,2,4,public_fast,71.03,2.48,0.16,10.92,rainy,0.258,high,39.28,0,Maharashtra,2025,9
Mumbai,3W,6.87,89.61,25.11,3,5,public_slow,232.67,4.31,4.51,7.71,clear,0.28,low,41.19,1,Maharashtra,2023,6
Mumbai,3W,8.11,84.41,46.28,2,4,public_slow,119.01,0.34,8.16,7.84,extreme_heat,0.188,low,41.36,0,Maharashtra,2026,11
Mumbai,3W,7.37,84.8,32.14,3,4,public_slow,154.41,0.54,4.28,7.71,extreme_heat,0.221,low,37.59,0,Maharashtra,2023,6
Mumbai,3W,8.7,90.43,30.33,4,4,public_fast,51.72,3.21,4.73,6.45,humid,0.327,high,52.2,0,Maharashtra,2021,1
Mumbai,3W,7.6,80.44,7.23,3,3,public_slow,198.02,0.5,1.26,7.99,extreme_heat,0.47,middle,38.77,0,Maharashtra,2026,4
Mumbai,3W,8.45,100.01,26.51,1,1,public_fast,58.49,5.64,3.37,5.63,humid,0.397,low,50.73,0,Maharashtra,2019,9
Mumbai,3W,8.52,92.64,24.51,1,3,public_slow,136.53,0.6,3.83,8.48,extreme_heat,0.04,low,43.46,0,Maharashtra,2022,10
Mumbai,3W,6.71,92.73,10.38,2,5,public_slow,188.16,3.58,1.81,8.72,humid,0.34,middle,40.23,1,Maharashtra,2023,6
Mumbai,3W,9.71,107.19,39.47,2,2,public_fast,104.05,0.55,6.41,6.12,humid,0.121,low,58.24,0,Maharashtra,2019,1
Mumbai,3W,7.99,79.43,19.44,4,6,public_fast,64.53,1.12,3.76,9.59,extreme_heat,0.135,low,45.82,0,Maharashtra,2026,10
Mumbai,3W,7.21,87.98,14.55,3,3,public_fast,77.29,1.93,2.35,8,humid,0.252,low,43.26,0,Maharashtra,2022,12
Mumbai,3W,7.85,84.28,30.85,3,6,home,348.28,2.65,5.09,7.71,clear,0.395,high,47.13,0,Maharashtra,2026,4
Mumbai,3W,8.44,103.77,35.33,3,2,home,380.49,3.2,6.42,7.71,extreme_heat,0.244,middle,44.94,1,Maharashtra,2020,6
Mumbai,3W,4.72,95.57,40.71,2,2,home,209.65,1.06,5.84,6.5,extreme_heat,0.161,middle,24.07,0,Maharashtra,2021,7
Mumbai,3W,8.88,87.18,8.82,4,3,public_fast,43.85,1.57,1.51,8.73,rainy,0.178,middle,47.93,0,Maharashtra,2026,9
Mumbai,3W,8.12,92.12,34.42,5,1,home,274.64,2.79,4.35,7.12,clear,0.219,low,48.71,0,Maharashtra,2021,7
Mumbai,3W,7.77,79.24,16.63,2,6,home,271.1,1.8,2.22,9.85,extreme_heat,0.044,low,39.62,0,Maharashtra,2026,7
Mumbai,3W,9.07,84.52,1.59,3,4,public_fast,36.22,0.92,0.31,7.53,clear,0.28,low,54.44,0,Maharashtra,2023,6
Mumbai,3W,7.99,97.19,11.76,3,1,public_fast,92.49,1.66,1.55,6.43,rainy,0.259,high,34.24,0,Maharashtra,2020,12
Mumbai,3W,7.41,86.84,25.03,3,6,home,399.19,2.42,5.12,9.89,rainy,0.266,middle,40.03,0,Maharashtra,2025,2
Mumbai,3W,10.05,98.75,2.66,2,1,public_fast,47.7,0.03,0.5,3.96,humid,0.219,low,60.3,0,Maharashtra,2019,6
Mumbai,3W,8.19,89.61,18.64,2,3,public_slow,176.26,2.29,4.49,7.5,clear,0.226,middle,49.15,0,Maharashtra,2020,9
Mumbai,3W,8.22,93.33,1,3,4,public_fast,71.93,0.79,0.19,5.76,clear,0.3,high,49.34,0,Maharashtra,2019,5
Mumbai,3W,7.15,86.9,6.15,3,4,public_slow,160.52,0.18,1.13,9.63,clear,0.352,middle,42.9,0.19,Maharashtra,2022,8
Mumbai,3W,10.02,103.26,35.38,3,1,public_fast,57.21,1.99,7.43,3.51,extreme_heat,0.295,middle,51.12,0.19,Maharashtra,2019,9
Mumbai,3W,7.07,86.26,1,3,3,public_fast,78.34,2.78,0.17,7.69,humid,0.066,middle,42.44,0,Maharashtra,2023,8
Mumbai,3W,8.16,96.22,7.65,1,3,public_fast,49.85,1.32,2.22,6.48,rainy,0.076,middle,44.08,0,Maharashtra,2020,4
Mumbai,3W,8.27,92.88,42.64,1,2,public_slow,118.37,4.27,8.24,7.59,extreme_heat,0.132,high,42.17,1,Maharashtra,2020,8
Mumbai,3W,8.16,73.77,20.76,3,3.29,home,62.18,5.19,3.56,9.43,humid,0.236,middle,48.97,1,Maharashtra,2026,8
Mumbai,3W,8.84,96.91,1,3,2,public_slow,227.04,1.38,0.17,7.78,extreme_heat,0.171,low,53.05,0,Maharashtra,2021,2
Mumbai,3W,8.37,99.98,20.77,3,2,public_slow,184.71,1.9,3.43,5.02,rainy,0.156,low,45.2,0,Maharashtra,2021,10
Mumbai,3W,8.84,81.44,20.12,3,4,public_fast,56.97,0.23,2.81,9.52,rainy,0.528,high,47.73,0,Maharashtra,2026,10
Mumbai,3W,8.15,89.61,22.25,3,4,public_fast,25,3.49,4.28,9.59,rainy,0.113,low,44,0,Maharashtra,2025,2
Mumbai,3W,7.99,84.41,25.13,4,5,public_slow,250.82,2.84,4.28,7.08,humid,0.25,low,40.3,0,Maharashtra,2024,8
Mumbai,3W,8.5,98.83,26.75,3,5,public_slow,83.64,1.85,4.03,8.35,humid,0.183,middle,50.99,0,Maharashtra,2023,11
Mumbai,3W,8.48,99.75,32.04,2,4,public_slow,206.61,0.61,6.72,7.82,extreme_heat,0.263,middle,43.24,0,Maharashtra,2024,4
Mumbai,3W,7.38,83.44,32.09,3,4,public_fast,41.59,1.82,6.92,9.39,extreme_heat,0.048,low,37.66,0,Maharashtra,2024,6
Mumbai,3W,8.97,76.97,36.6,1,4,public_slow,189.17,0.4,6.99,8.89,rainy,0.195,middle,48.41,0,Maharashtra,2024,8
Mumbai,3W,7.25,78.87,51.65,2,4,public_fast,46.33,1.1,9.7,8.83,clear,0.162,middle,43.49,0,Maharashtra,2022,1
Mumbai,3W,7.04,94.79,25.75,4,4,public_slow,185.9,0.5,4.9,7.45,clear,0.052,middle,42.25,0.19,Maharashtra,2021,4
Mumbai,3W,7.62,94.49,35.56,3,4,public_fast,48.84,1.97,8.53,10.2,humid,0.169,middle,45.73,0,Maharashtra,2024,9
Mumbai,3W,6.81,99.68,26.04,1,3,public_slow,203.58,3.56,4.7,7.05,extreme_heat,0.256,middle,34.75,1,Maharashtra,2022,9
Mumbai,3W,8.48,100.93,23.17,2,1,public_fast,57.4,2.54,4.02,5.25,clear,0.197,middle,50.88,0,Maharashtra,2019,7
Mumbai,3W,8.72,89.75,20.5,2,4,public_fast,73.11,4.06,3.98,8.74,humid,0.241,low,52.31,0,Maharashtra,2023,7
Mumbai,3W,8.84,94.91,11.18,2,2,public_slow,167.97,0.28,1.64,5.32,clear,0.118,middle,53.03,0,Maharashtra,2020,8
Mumbai,3W,8.84,80.25,22,2,6,public_slow,148.74,0.54,6.69,9.23,clear,0.113,middle,53.02,0.19,Maharashtra,2026,11
Mumbai,3W,7.57,89.81,18.31,3,1,public_slow,147.95,0.37,3.56,6.01,rainy,0.326,low,40.87,0,Maharashtra,2019,5
Mumbai,3W,7.97,86.57,38.24,3,3,home,240.36,1.59,4.67,10.72,extreme_heat,0.232,high,40.64,0,Maharashtra,2024,10
Mumbai,3W,6.37,98.22,1.18,3,4,home,141.3,0.78,0.2,6.38,rainy,0.1,low,34.42,0,Maharashtra,2020,3
Mumbai,3W,6.49,96.04,60.02,3,1,public_slow,199.89,0.33,9.7,7.05,clear,0.205,low,38.97,0,Maharashtra,2020,7
Mumbai,3W,6.14,93.26,39.72,3,3,public_slow,202.17,2.06,4.28,6.47,humid,0.337,low,36.85,0,Maharashtra,2020,6
Mumbai,3W,7.99,92.35,36.98,3,4,public_fast,57.37,3.32,6.27,8.93,humid,0.339,middle,36.17,1,Maharashtra,2023,2
Mumbai,3W,7.69,92.47,38.31,3,3,public_slow,181.58,1.85,7.13,4.65,humid,0.242,low,46.14,0,Maharashtra,2022,8
Mumbai,3W,6.68,81.68,18.17,2,5,home,332.95,1.36,2.16,6.42,clear,0.122,high,40.06,0,Maharashtra,2024,1
Mumbai,3W,8.14,93.93,27.78,4,2,public_slow,208.28,0.37,4.8,5.67,clear,0.406,high,48.86,0,Maharashtra,2019,11
Mumbai,3W,9.7,78.77,27.95,3,4,public_fast,63.05,0.76,3.74,8.81,clear,0.373,low,58.21,0,Maharashtra,2023,4
Mumbai,3W,7.68,89.61,35.5,2,3.29,public_slow,210.66,0.6,7.66,7.53,rainy,0.492,middle,41.47,0,Maharashtra,2021,4
Mumbai,3W,9.25,100.96,11.98,1,1,home,384.62,0.09,1.7,5.71,humid,0.556,middle,55.49,0,Maharashtra,2019,7
Mumbai,3W,8.78,71.79,27.8,2,5,home,360.44,5.22,4.5,9.39,rainy,0.523,high,47.42,1,Maharashtra,2026,2
Mumbai,3W,7.85,74.83,43.83,2,4,home,288.34,2.45,6.24,10.37,clear,0.306,middle,47.12,1,Maharashtra,2025,5
Mumbai,3W,7.2,92.97,38.49,2,3,home,184.21,0.81,5.53,6.4,humid,0.246,high,44.94,0,Maharashtra,2021,12
Mumbai,3W,7.54,93.79,30,4,4,home,274.55,4.08,5.49,8.33,rainy,0.309,middle,40.74,1,Maharashtra,2022,6
Mumbai,3W,7.72,96.53,16.92,4,1,home,270.63,0.92,2.69,4.13,humid,0.451,middle,46.32,0,Maharashtra,2019,3
Mumbai,3W,8.49,89.1,36.57,4,3,home,382.64,6.99,5.35,8.27,humid,0.203,high,50.95,1,Maharashtra,2023,7
Mumbai,3W,11.2,73.07,30.68,2,5,public_fast,60.55,0.2,4.89,11.17,clear,0.656,high,67.19,1,Maharashtra,2026,3
Mumbai,3W,8.47,96.97,25.82,1,3,public_slow,223.41,0.58,4.28,6.95,humid,0.194,middle,50.82,0,Maharashtra,2021,5
Mumbai,3W,7.99,100,35.53,2,1,public_slow,165.76,4.27,5.15,5.27,clear,0.819,low,43.25,1,Maharashtra,2019,7
Mumbai,3W,7.65,86.33,38.1,2,5,public_fast,87.8,1.15,6.68,9.4,rainy,0.404,middle,41.34,1,Maharashtra,2025,12
Mumbai,3W,8.47,90.9,9.66,2,2,home,252.12,1.11,1.08,7.47,humid,0.209,middle,50.83,0,Maharashtra,2024,1
Mumbai,3W,8.49,84.85,26.3,1,5,public_slow,211.91,10.42,5.31,7.53,extreme_heat,0.214,middle,43.3,1,Maharashtra,2024,9
Mumbai,3W,7.51,83.02,22.72,2,3,public_slow,53.64,1.99,3.67,8.92,extreme_heat,0.253,low,38.32,0,Maharashtra,2024,2
Mumbai,3W,6.74,87.33,29.34,3,1,home,247.61,1.77,5.35,10.32,extreme_heat,0.306,middle,40.46,0,Maharashtra,2023,8
Mumbai,3W,8.01,95.49,25.82,2,3,public_slow,152.66,0.33,5.73,5.96,extreme_heat,0.264,low,40.84,0,Maharashtra,2021,11
Mumbai,3W,7.3,101.27,40.69,4,3.29,public_fast,33,3.8,5.9,6.31,extreme_heat,0.102,middle,44.94,1,Maharashtra,2019,8
Mumbai,3W,7.23,84.4,15.81,1,4,home,357.86,0.29,3.37,6.21,humid,0.351,low,43.39,0,Maharashtra,2022,7
Mumbai,3W,7.32,104.12,21.7,2,3,home,294.86,1.73,3.36,6.35,clear,0.096,middle,43.93,0,Maharashtra,2019,10
Mumbai,3W,7.5,103.43,5.08,3,2,public_fast,42.79,2.75,0.78,6.8,clear,0.465,middle,44.99,0,Maharashtra,2021,9
Mumbai,3W,9.13,95.03,20.22,2.51,3,home,301.32,0.28,5.08,6.87,rainy,0.28,high,49.32,0,Maharashtra,2022,9
Mumbai,3W,8.62,77.69,25.82,4,3,public_slow,200.66,1.07,1,8.03,extreme_heat,0.295,low,43.97,0,Maharashtra,2025,7
Pune,3W,7.55,86.28,28.21,4,3,public_slow,186.93,0.3,4.66,9.39,clear,0.133,middle,45.32,0,Maharashtra,2025,9
Pune,3W,6.24,84.72,5.21,2.51,5,home,181.3,3.78,1.2,9.62,humid,0.325,middle,37.42,1,Maharashtra,2026,6
Pune,3W,7.88,99.1,11.69,4,2,public_fast,74.45,0.99,2.23,6.13,humid,0.566,low,47.27,0,Maharashtra,2020,12
Pune,3W,6.47,77.91,34,5,4,public_slow,156.28,1.12,4.32,7.76,extreme_heat,0.113,middle,33.01,0,Maharashtra,2024,7
Pune,3W,8.93,84.85,9.88,4,3,public_slow,152.5,2.15,1.85,8.85,clear,0.332,middle,53.6,0,Maharashtra,2023,5
Pune,3W,8.21,89.52,39.94,2,3,public_slow,182.99,3.4,6.89,7.71,extreme_heat,0.294,low,41.88,1,Maharashtra,2021,8
Pune,3W,7.64,84.68,9.84,3,3,public_fast,90.6,0.39,1.4,9.16,clear,0.269,low,45.83,0,Maharashtra,2024,8
Pune,3W,9.22,80.62,50.68,3,2,home,326.09,1.03,8.44,8.98,clear,0.129,low,55.32,0,Maharashtra,2024,9
Pune,3W,7.08,86.82,22.89,1,3,public_slow,159.02,0.84,3.3,8.85,extreme_heat,0.324,low,36.13,0,Maharashtra,2022,11
Pune,3W,9.25,94.76,14.62,3,1,public_fast,62.07,2.81,3.34,8.54,extreme_heat,0.28,middle,47.19,0,Maharashtra,2020,10
Pune,3W,7.85,92.83,17.13,2,2,home,377.76,0.98,2.99,4.89,rainy,0.222,middle,42.39,0,Maharashtra,2019,12
Pune,3W,7.41,107.09,8.74,2,3.29,public_slow,146.38,0.88,1.49,6.75,clear,0.27,low,44.47,0,Maharashtra,2019,5
Pune,3W,8.68,88.23,36.32,3,3,home,328.38,1.73,5.22,6.35,extreme_heat,0.28,middle,44.27,0,Maharashtra,2021,7
Pune,3W,9.56,85.13,25.82,2,4,public_fast,82.6,4.23,2.23,6.83,humid,0.286,high,57.38,0,Maharashtra,2022,5
Pune,3W,5.96,78.5,30.65,2,4,public_fast,43.78,1.66,4.6,11.08,clear,0.138,low,35.74,0,Maharashtra,2026,10
Pune,3W,7.96,99.78,16.13,2,1,public_fast,51.43,5.07,2.3,7.53,humid,0.265,middle,47.75,0,Maharashtra,2020,1
Pune,3W,7.45,105.64,10.08,4,2,public_slow,157.38,1.27,1.94,7.74,humid,0.276,low,44.73,0,Maharashtra,2022,12
Pune,3W,5.85,102.23,15.42,1,3,public_fast,72.46,1.08,2.5,6.24,extreme_heat,0.328,middle,29.82,0,Maharashtra,2019,3
Pune,3W,8.45,75.19,30.78,3,3,public_fast,50.94,0.18,4.09,8.65,humid,0.411,low,50.72,0,Maharashtra,2026,6
Pune,3W,9.88,85.31,1,4,3,home,172.24,0.32,0.23,7.41,clear,0.212,low,59.28,0,Maharashtra,2024,8
Pune,3W,8.52,79.47,22.31,2,5,public_slow,149.35,1.44,3.23,8.74,rainy,0.228,middle,46,0,Maharashtra,2025,9
Pune,3W,9.83,86.66,33.36,2,4,public_fast,48.05,1.53,6.05,6,humid,0.352,low,59,0,Maharashtra,2022,6
Pune,3W,9.63,90.72,28.8,2,2,public_slow,181.3,0.99,4.26,8.55,humid,0.699,middle,57.8,0,Maharashtra,2022,5
Pune,3W,9.39,88.58,53.93,3,5,public_slow,227.35,0.83,8.61,9.31,extreme_heat,0.343,low,47.89,1,Maharashtra,2025,4
Pune,3W,8.68,78.81,28.51,5,6,public_fast,72.51,1.27,6.1,9.33,clear,0.774,middle,52.06,0,Maharashtra,2026,4
Pune,3W,6.41,88.47,34.74,5,4,public_slow,118.33,1.5,7.47,8.92,humid,0.229,high,38.47,0,Maharashtra,2025,1
Pune,3W,7.68,93.84,53.69,2,1,public_slow,259.35,0.83,8.88,7.76,extreme_heat,0.443,low,39.16,0,Maharashtra,2021,4
Pune,3W,8.86,77.09,14.7,2,5,public_fast,75.97,5.23,2.97,10.12,extreme_heat,0.383,middle,45.18,1,Maharashtra,2025,4
Pune,3W,6.92,95.68,32.75,4,1,public_fast,52.34,0.52,7.38,6.39,humid,0.137,middle,41.51,0,Maharashtra,2021,5
Pune,3W,6.33,83.99,22.74,4,2,public_fast,64.16,0.62,3.98,7.13,humid,0.162,high,38.01,0,Maharashtra,2021,5
Pune,3W,7.32,89.61,47.87,2,3,home,396.06,9.19,8.01,8.39,extreme_heat,0.458,middle,39.54,1,Maharashtra,2022,3
Pune,3W,8.19,80.86,1,3,3,public_slow,193.16,2.58,0.14,6.28,humid,0.22,high,49.12,0,Maharashtra,2022,8
Pune,3W,7.66,103.65,46.86,2,1,public_slow,166.21,2.6,8.2,8.33,humid,0.292,low,45.94,0,Maharashtra,2019,11
Pune,3W,7.75,80.46,29.2,3,5,public_slow,184.59,1.59,4.15,10.37,extreme_heat,0.312,low,39.53,1,Maharashtra,2026,12
Pune,3W,8,85.75,1,1,3,public_fast,66.05,1.33,0.19,7.45,humid,0.236,middle,48.03,0,Maharashtra,2023,3
Pune,3W,7.76,85.49,30.61,3,3,public_slow,182.55,0.22,5.24,6.78,humid,0.245,low,46.56,0,Maharashtra,2021,5
Pune,3W,6.29,102.21,3,2,1,public_slow,227.01,4.42,0.2,5.59,humid,0.698,high,37.76,0,Maharashtra,2019,9
Pune,3W,6.58,89.12,36.05,1,4,public_slow,154.83,2.16,5.94,10.91,extreme_heat,0.157,middle,33.56,0,Maharashtra,2023,10
Pune,3W,8.77,89.61,29.31,3,3,public_fast,34.66,0.07,4.08,7.29,extreme_heat,0.421,low,47.34,0,Maharashtra,2022,4
Pune,3W,7.88,76.82,66.59,3,7,home,307.18,2.86,4.86,8.45,extreme_heat,0.189,low,40.19,1,Maharashtra,2025,11
Pune,3W,6.97,88.69,46.09,3,4,public_fast,90.03,0.67,9.51,8.21,humid,0.236,low,41.82,0,Maharashtra,2023,2
Pune,3W,7.9,91.41,26.68,2,4,public_fast,57.34,0.5,5.05,8.97,clear,0.452,low,47.42,0,Maharashtra,2023,1
Pune,3W,7.99,99.73,36.86,2,3,public_fast,37.02,2.61,6.98,7.52,rainy,0.144,low,44.45,0,Maharashtra,2021,1
Pune,3W,8.32,80.74,40.55,3,3,public_slow,134.02,1.2,6.45,9.19,extreme_heat,0.356,middle,42.44,0,Maharashtra,2023,5
Pune,3W,6.13,92.24,18.43,2,4,public_fast,81.67,3.58,3.04,8.19,clear,0.025,middle,36.79,0,Maharashtra,2023,1
Pune,3W,7.29,73.23,30.74,3,6,public_fast,47.5,3.53,4.18,9.28,clear,0.3,high,43.72,1,Maharashtra,2026,3
Pune,3W,8.44,72.21,16.99,1,4,public_fast,48.78,1.39,2.57,7.71,extreme_heat,0.207,low,43.05,0,Maharashtra,2024,11
Pune,3W,7.5,95.13,45.59,4,3,home,258.22,0.59,5.72,7.92,humid,0.097,high,45.03,0,Maharashtra,2021,1
Pune,3W,7.82,72.19,12.81,4,3,public_fast,58.56,1.66,2.1,9.79,clear,0.28,low,44.94,0,Maharashtra,2024,5
Pune,3W,8.05,102.08,40.14,3,2,public_fast,40.48,2.97,7.53,8.32,rainy,0.551,low,43.46,0,Maharashtra,2020,10
Pune,3W,7.49,85.86,5.97,2.51,4,public_fast,48.77,3.94,1.03,9.48,humid,0.138,high,44.92,0,Maharashtra,2026,7
Pune,3W,7.99,101.75,20.93,2,2,public_slow,182.63,2.35,3.56,7.71,clear,0.172,low,52.35,0,Maharashtra,2019,3
Pune,3W,7.86,100.15,48.71,2,2,public_slow,204.49,1.4,9.35,5.09,rainy,0.128,high,42.44,0,Maharashtra,2019,9
Pune,3W,8.78,83.29,10.35,2,7,public_fast,52.3,1.17,2.23,10.94,clear,0.505,low,52.65,0,Maharashtra,2026,4
Pune,3W,7.48,87.75,26.75,2,3,public_fast,47.08,0.85,4.91,6.93,clear,0.176,low,44.87,0,Maharashtra,2022,8
Pune,3W,7.63,93.6,27.77,4,1,home,317.63,4.26,4.02,2.38,humid,0.525,middle,45.81,0,Maharashtra,2019,4
Pune,3W,9.21,95.38,29.61,4,3,public_slow,196.61,4.64,4.83,7.42,clear,0.528,high,55.29,0,Maharashtra,2019,1
Pune,3W,8.73,89.17,49.22,2,4,public_slow,134.24,6.12,9.13,8.48,extreme_heat,0.183,low,44.51,1,Maharashtra,2021,2
Pune,3W,7.55,84.98,47.93,1,2,public_slow,206.24,2.24,7.66,6.71,clear,0.105,high,45.29,0,Maharashtra,2023,8
Pune,3W,9,77.49,26.61,4,3.29,home,319.59,0.2,6.4,8.22,clear,0.281,low,53.99,0,Maharashtra,2024,5
Pune,3W,9.27,83.28,19.59,4,4,home,365.54,1.99,2.85,8.46,humid,0.189,middle,55.62,0,Maharashtra,2024,6
Pune,3W,6.79,97.72,16.24,2,4,home,341.59,1.01,2.49,6.9,rainy,0.243,low,36.65,0,Maharashtra,2020,4
Pune,3W,7.92,83.15,37.38,2,6,home,331.71,1.13,5.69,9.38,extreme_heat,0.404,high,40.39,1,Maharashtra,2025,10
Pune,3W,7.2,82.06,25.82,1,3.29,home,281.38,0.73,3.96,8.35,clear,0.376,low,43.19,0,Maharashtra,2022,6
Pune,3W,8.92,106.48,14.88,2,2,public_slow,205.57,2.41,2.31,6.13,rainy,0.34,middle,48.19,0,Maharashtra,2019,2
Pune,3W,8.01,89.05,40.69,1,3,public_slow,125.02,2.43,6.75,8.07,clear,0.19,low,48.07,0,Maharashtra,2023,6
Pune,3W,7.98,96.35,14.79,4,1,public_fast,67.84,1.04,2.67,6.03,extreme_heat,0.216,low,43.09,0,Maharashtra,2020,7
Pune,3W,9.13,94.86,5.75,2,2,home,271.89,1.22,1.61,6.95,extreme_heat,0.222,low,46.54,0,Maharashtra,2020,3
Pune,3W,6.46,92.03,45.56,2,3,home,355.27,2.25,9.55,8.17,extreme_heat,0.418,low,32.94,0,Maharashtra,2024,5
Pune,3W,7.81,89.61,12.38,2,5,public_fast,52.66,6.96,1.67,8.59,clear,0.301,high,46.88,1,Maharashtra,2025,1
Pune,3W,8.19,95.69,28.14,1,4,public_fast,61.58,4.83,4.94,8.09,rainy,0.151,low,44.21,0,Maharashtra,2022,8
Pune,3W,7.99,79.47,23,2,4,public_slow,193.72,0.22,3.33,9.27,humid,0.136,middle,31.05,0,Maharashtra,2024,1
Pune,3W,7.74,105.82,37.68,1,3,public_slow,154.65,1.17,6.36,4.87,clear,0.562,high,46.43,0,Maharashtra,2019,10
Pune,3W,7.99,91.64,23.21,2,4,home,288.13,0.77,3.39,6.99,rainy,0.415,high,44.11,0,Maharashtra,2021,10
Pune,3W,7.37,89.11,23.47,2,3,public_fast,69.81,1.74,3.56,6.99,humid,0.346,high,44.22,0,Maharashtra,2021,6
Pune,3W,6.4,85.43,8.21,2,5,public_slow,166.76,0.33,1.17,9.26,extreme_heat,0.321,low,32.65,0,Maharashtra,2026,1
Pune,3W,8.79,91.32,23.42,3,2,public_fast,49.05,0.06,3.72,9.09,clear,0.496,low,52.76,0,Maharashtra,2022,1
Pune,3W,6.88,100.01,25.82,3,3,home,230.86,3.28,1.13,6.75,extreme_heat,0.28,high,35.09,0,Maharashtra,2020,10
Pune,3W,8.2,94.34,28.47,2,4,home,390.72,0.07,5.54,8.79,rainy,0.206,high,44.29,0,Maharashtra,2025,6
Pune,3W,8.67,77.36,24.9,1,6,home,236.48,1.24,3.25,7.71,rainy,0.151,low,46.83,0,Maharashtra,2026,12
Pune,3W,7.57,105.56,7.73,2,1,public_fast,59.13,0.39,1.56,6.22,clear,0.139,low,45.45,0,Maharashtra,2019,5
Pune,3W,7.96,86.72,10.29,3,3,public_slow,209.29,1.4,1.5,8.53,humid,0.213,low,47.74,0,Maharashtra,2024,9
Pune,3W,7.41,76.2,47.7,2,5,public_fast,75.92,0.2,6.25,9.46,humid,0.232,low,44.44,1,Maharashtra,2024,10
Pune,3W,7.7,89.61,38.01,2,3,public_fast,48.83,1.11,7.22,8.72,clear,0.352,middle,46.22,0,Maharashtra,2022,6
Pune,3W,6.09,97.83,9.63,3,2,public_fast,51.88,0.19,1.54,6.16,rainy,0.479,middle,32.87,0,Maharashtra,2022,8
Pune,3W,8.06,76.24,11.79,2,4,public_slow,188.31,0.58,2.01,11.35,humid,0.159,middle,48.38,0,Maharashtra,2025,2
Pune,3W,7.44,80.46,19.5,2,4,public_slow,230.46,3.37,3.9,10.44,rainy,0.662,low,40.18,0,Maharashtra,2023,2
Pune,3W,8.72,92.54,25.91,3,2,public_fast,52.86,6.97,4.98,6.88,humid,0.173,low,52.33,0,Maharashtra,2022,9
Pune,3W,8.43,81.12,27.62,2,5,public_slow,192.89,2.1,4.99,8.87,extreme_heat,0.28,middle,42.99,0,Maharashtra,2026,12
Pune,3W,7.79,78.98,15.2,3,4,public_fast,52.03,2.37,2.34,9.06,humid,0.404,middle,46.74,0,Maharashtra,2025,7
Pune,3W,7,100.61,29.5,3,2,public_fast,181.3,1.62,6.28,6.13,extreme_heat,0.644,low,35.68,0.19,Maharashtra,2019,8
Pune,3W,8.28,104.58,51.67,1,2,public_fast,83.74,1.25,4.28,6.76,extreme_heat,0.094,low,42.23,0,Maharashtra,2022,1
Pune,3W,7.43,92.97,27.85,1,5,home,164.98,3.74,5.09,7.48,extreme_heat,0.087,high,37.87,1,Maharashtra,2023,1
Pune,3W,8.86,79.14,34.37,3,3,public_fast,74.64,4.39,6.32,11.49,clear,0.407,low,53.18,0,Maharashtra,2026,5
Pune,3W,7.26,93.49,39.34,2,2,home,448.96,0.36,6.36,5.29,rainy,0.136,low,39.19,0,Maharashtra,2019,1
Pune,3W,7.76,96.14,12.92,3,1,public_slow,123.01,1.99,2.1,5.4,rainy,0.248,middle,41.91,0,Maharashtra,2020,8
Pune,3W,8.09,84.98,21.54,3,1,public_slow,199.95,2.61,4.17,7.14,extreme_heat,0.158,middle,41.25,0,Maharashtra,2022,8
Pune,3W,8.48,100.71,8.27,2,2,public_fast,62.62,4.86,1.92,6.76,rainy,0.2,middle,45.82,0,Maharashtra,2019,12
Pune,3W,7.14,89.27,25.82,1,2,public_fast,38.69,2.16,3.82,5.55,rainy,0.477,low,38.57,0,Maharashtra,2020,9
Pune,3W,6.89,89.61,15.63,3,4,public_fast,29.73,0.45,3.03,9.32,extreme_heat,0.439,high,35.16,0,Maharashtra,2024,7
Pune,3W,7.91,80.12,40,3,4,public_fast,30.14,0.19,6.88,9.93,extreme_heat,0.343,low,40.35,0,Maharashtra,2026,5
Pune,3W,7.72,85.67,20.19,2,5,public_slow,179.79,2.9,3.61,9.83,rainy,0.205,low,41.69,0,Maharashtra,2026,12
Pune,3W,8.01,95.68,23.16,3,3,public_slow,88.7,0.37,3.59,6.53,humid,0.289,low,48.05,0,Maharashtra,2020,2
Pune,3W,8.17,98.45,39.3,2,3,home,279.85,0.78,6.67,7.1,humid,0.283,middle,49.03,0,Maharashtra,2021,9
Pune,3W,8.98,97.02,61.02,4,3,public_slow,179.52,0.89,8.5,8.78,extreme_heat,0.647,middle,53.85,0,Maharashtra,2020,7
Pune,3W,7.54,105.33,1,3,4,home,324.59,0.4,0.17,4.89,extreme_heat,0.257,low,38.43,0,Maharashtra,2019,8
Pune,3W,7.99,96.49,27.95,2.51,4,public_fast,39.98,3.56,5.46,7.28,rainy,0.168,middle,49.18,0,Maharashtra,2020,8
Pune,3W,6.27,84.77,42.97,2,3,public_fast,52.59,0.41,9.28,8.33,extreme_heat,0.312,middle,31.97,0,Maharashtra,2025,3
Pune,3W,7.6,107.16,34.07,3,1,home,343.93,2.78,5.65,5.56,clear,0.068,middle,45.62,0,Maharashtra,2020,11
Pune,3W,5.61,86.29,28.92,3,2,public_fast,49.41,1.97,5.57,9.04,rainy,0.124,low,30.28,0,Maharashtra,2023,12
Pune,3W,8.63,97.43,40.01,3,3,public_fast,62.4,0.75,7.58,6.14,rainy,0.633,high,46.58,0,Maharashtra,2020,8
Pune,3W,8.98,78.02,37.85,3,3,public_slow,155.94,1.99,8.2,8.77,clear,0.558,low,53.87,0,Maharashtra,2023,9
Pune,3W,5.81,92.53,39.69,2,3,public_slow,167.22,0.68,6.86,8.78,humid,0.027,high,34.83,0,Maharashtra,2020,7
Pune,3W,7.87,75.31,37.29,2.51,5,home,412.41,1.55,6.6,8.94,clear,0.221,low,47.23,1,Maharashtra,2026,2
Pune,3W,6.88,101.55,26.31,3,1,home,369.32,1.82,3.86,8.05,rainy,0.359,middle,37.14,0,Maharashtra,2019,8
Pune,3W,8.4,84.7,21.48,3,2,home,201.82,3.7,3.26,6.19,humid,0.189,low,50.41,0,Maharashtra,2021,8
Pune,3W,7.68,87.1,21.29,1,4,public_slow,193.26,0.8,4.08,7.29,extreme_heat,0.426,low,39.15,0,Maharashtra,2023,7
Pune,3W,8.94,83.25,29.39,3,4,public_fast,9.05,0.23,3.74,8.09,extreme_heat,0.132,middle,45.6,0,Maharashtra,2025,8
Pune,3W,6,82.72,49.01,3,4,public_fast,87.31,1.29,6.83,9.69,extreme_heat,0.336,low,30.6,0.19,Maharashtra,2025,10
Pune,3W,7.99,98.1,32.01,2,1,home,181.3,1.32,4.28,6.24,extreme_heat,0.402,high,42.89,0,Maharashtra,2019,11
Pune,3W,7.02,81.36,16.1,2,5,public_fast,54.43,1.4,4.35,8.77,humid,0.196,high,42.12,0,Maharashtra,2025,5
Pune,3W,8.44,89.83,11.72,2,3,public_slow,199.26,3.64,2.31,6.41,rainy,0.202,low,45.59,0,Maharashtra,2022,8
Pune,3W,8.67,86.08,31.89,1,2,public_fast,25.52,1.83,4.78,7.5,clear,0.633,middle,52,0,Maharashtra,2020,2
Pune,3W,8.73,102.76,47.2,4,1,public_slow,196.19,1.39,9.38,6.94,clear,0.337,low,52.41,0,Maharashtra,2020,1
Pune,3W,7.74,97.59,26.02,1,3,home,251.12,1.69,4.32,8.4,humid,0.108,high,46.46,0,Maharashtra,2022,2
Pune,3W,6.3,91.42,35.07,1,5,public_slow,227.55,4.34,4.28,10.43,clear,0.428,low,37.79,1,Maharashtra,2026,5
Pune,3W,7.1,91.22,18.53,2.51,3,home,296.92,0.18,4.28,8.29,rainy,0.418,middle,38.33,0,Maharashtra,2024,7
Pune,3W,8.35,96.73,27.8,2,2,public_fast,66.13,1.69,4.97,6.86,clear,0.087,middle,50.08,0,Maharashtra,2020,6
Pune,3W,8.6,89.61,52.8,1,5,home,415.86,2.64,15.5,10.2,extreme_heat,0.193,middle,43.84,1,Maharashtra,2026,7
Pune,3W,8.91,77.34,33.37,3,5,home,379.59,4.8,5.94,9.66,extreme_heat,0.061,middle,45.46,1,Maharashtra,2025,6
Pune,3W,6.97,98.25,14.4,4,2,public_slow,190.35,0.22,3.89,7.71,rainy,0.406,low,37.62,0,Maharashtra,2019,7
Pune,3W,8.68,99.43,1,3,3,public_slow,216.95,1.49,0.24,7.07,rainy,0.283,high,46.86,0,Maharashtra,2020,1
Pune,3W,8.35,87.25,4.44,4,4,public_fast,34.26,2.68,1.31,6.31,humid,0.333,middle,50.1,0,Maharashtra,2025,2
Pune,3W,8.36,83.3,12.67,3,4,public_fast,47.64,1.78,2.26,8.91,rainy,0.346,low,45.15,0,Maharashtra,2025,3
Pune,3W,7.39,82.92,38.14,1,4,public_fast,52.59,3.94,8.17,7.97,humid,0.471,low,44.34,1,Maharashtra,2025,4
Pune,3W,6.9,90.54,23.56,4,4,public_fast,79.9,0.89,3.22,9.38,clear,0.355,middle,41.41,0,Maharashtra,2024,12
Pune,3W,7.03,98.21,17.62,3,2,home,323.54,0.86,3.53,5.22,extreme_heat,0.408,middle,42.2,0,Maharashtra,2020,6
Pune,3W,6.46,82.46,23.03,1,2,home,397.08,7.71,6.15,8.67,clear,0.186,low,38.75,0,Maharashtra,2025,3
Pune,3W,7.87,92.35,32.72,2,3,home,313.71,1.76,6.41,6.5,extreme_heat,0.058,low,40.12,0,Maharashtra,2022,2
Pune,3W,8.37,83.48,7.64,3,4,public_fast,75.2,1.09,1.02,10.22,extreme_heat,0.293,middle,42.67,0,Maharashtra,2025,8
Pune,3W,7.12,100.64,27.66,2,4,home,329.07,0.33,4.16,6.2,humid,0.374,middle,42.73,0,Maharashtra,2020,7
Pune,3W,8.71,92.71,33.25,3,4,public_fast,77.36,1.8,4.86,8.46,clear,0.243,middle,52.27,0,Maharashtra,2024,10
Pune,3W,9.01,96.64,49.72,2,3,home,315.52,1.83,4.28,6.51,humid,0.28,middle,54.09,0,Maharashtra,2021,8
Pune,3W,7.47,84.54,24.05,2,3,public_fast,58.88,1.45,3.96,9.06,clear,0.261,low,44.8,0,Maharashtra,2023,1
Pune,3W,7.68,86.11,34.95,2,5,home,272.35,0.11,6.25,8.82,extreme_heat,0.141,middle,39.15,1,Maharashtra,2026,3
Pune,3W,7.47,77.82,37.74,2,4,home,299.43,1.55,6.43,8.07,extreme_heat,0.28,middle,38.1,0,Maharashtra,2025,4
Pune,3W,7.34,97.39,25.82,4,2,public_slow,180.4,5.8,0.17,4.91,humid,0.435,middle,44.04,0,Maharashtra,2019,1
Pune,3W,7.8,81.51,20.18,2,4,public_slow,140.37,4.98,3.33,9.56,extreme_heat,0.189,low,39.8,0,Maharashtra,2022,8
Pune,3W,8.66,93.55,12.76,2,2,public_slow,186.38,3.5,2.88,7.31,extreme_heat,0.462,high,44.18,0,Maharashtra,2019,4
Pune,3W,8.34,100.37,28.7,2,1,public_fast,73.65,1.99,4.37,5.57,extreme_heat,0.068,middle,42.53,0,Maharashtra,2019,11
Pune,3W,8.69,75.3,31.91,2,4,home,322.3,0.59,6.82,7.97,humid,0.41,middle,52.16,0,Maharashtra,2024,2
Pune,3W,8,78.76,21.83,2,2,public_slow,152.97,3.67,3.15,7.71,rainy,0.558,low,43.19,0,Maharashtra,2024,2
Pune,3W,6.98,84.75,27.54,1,5,public_fast,63.5,0.77,3.19,9.42,rainy,0.387,middle,37.7,1,Maharashtra,2025,2
Pune,3W,8.78,90.58,10.16,4,2,public_slow,275.61,3.98,1.53,6.74,clear,0.348,low,52.71,0,Maharashtra,2021,7
Pune,3W,8.25,77.41,15.34,3,6,public_fast,76.27,0.77,2.87,8.73,humid,0.324,middle,49.51,0,Maharashtra,2026,3
Pune,3W,7.71,106.53,19.47,2,2,public_fast,64.75,1.25,3.07,7.66,humid,0.368,low,46.27,0,Maharashtra,2019,9
Pune,3W,8.9,73.35,50.76,1,3,home,255.57,3.42,9.26,11.47,clear,0.079,low,53.4,1,Maharashtra,2026,5
Pune,3W,8.82,90.27,13.42,3,5,home,298.55,2.09,2.19,7.95,extreme_heat,0.167,low,44.98,0,Maharashtra,2021,1
Pune,3W,7.14,85.04,57.2,3,5,home,277.84,1.97,9.87,7.71,humid,0.28,high,42.85,1,Maharashtra,2023,8
Pune,3W,6.97,92.79,30.92,1,6,public_fast,65.97,4.6,4.73,8.69,clear,0.044,low,41.8,1,Maharashtra,2023,7
Pune,3W,8.29,70.55,7.2,2,4,public_fast,55.76,0.32,1.44,11.31,clear,0.577,low,49.71,0,Maharashtra,2026,5
Pune,3W,7.35,84.68,29.49,3,5,home,234.37,0.81,4.28,7.17,extreme_heat,0.482,middle,37.5,1,Maharashtra,2023,4
Pune,3W,10.42,86.43,36.76,2,5,public_slow,252.09,3.85,6.57,9.11,clear,0.062,low,44.94,1,Maharashtra,2024,7
Pune,3W,8.06,83.34,6.54,2,5,public_fast,51.29,0.85,0.9,8.94,humid,0.071,low,48.36,0.19,Maharashtra,2023,6
Pune,3W,7.36,70.89,43.82,3,6,home,324.04,3.33,6.36,10.42,rainy,0.124,low,39.72,1,Maharashtra,2026,8
Pune,3W,7.44,96.05,20.14,2,2,home,314.67,4.32,3.05,6.35,extreme_heat,0.282,low,37.95,0,Maharashtra,2019,10
Pune,3W,10.14,88.77,35.17,2,4,public_slow,146.42,0.23,6.52,7.42,rainy,0.078,middle,54.75,0,Maharashtra,2023,3
Pune,3W,9.37,104.76,29.98,2,3,home,290.88,0.34,6.86,4.9,humid,0.523,low,56.21,0,Maharashtra,2019,10
Pune,3W,7.79,90.31,20.12,2,3,home,339.97,6.49,3.17,6.92,humid,0.305,middle,46.75,0,Maharashtra,2021,10
Pune,3W,8.57,88.01,33.92,3,5,public_fast,75.13,4.16,5.41,9.19,rainy,0.197,middle,46.28,1,Maharashtra,2024,8
Pune,3W,9.86,88.86,28.86,3,3,home,310,1.31,4.71,9.4,rainy,0.441,middle,53.22,0,Maharashtra,2024,11
Pune,3W,10.14,92.02,37.73,2,7,public_fast,38.09,3.81,6.72,9.82,clear,0.195,low,60.84,1,Maharashtra,2025,5
Pune,3W,7.79,102.73,31.7,2.51,1,public_slow,123.52,2.17,6.12,5,rainy,0.193,middle,42.05,0,Maharashtra,2019,7
Pune,3W,6.97,83.99,48.63,4,5,public_slow,155.37,0.73,10.38,10.85,humid,0.407,low,41.79,1,Maharashtra,2025,9
Pune,3W,7.6,90.78,27.86,1,1,public_fast,62.36,0.14,5.45,7.72,rainy,0.275,middle,41.04,0,Maharashtra,2023,4
Pune,3W,8.27,92.56,41.32,3,1,public_slow,196.34,3.07,8.57,5.62,clear,0.333,high,49.61,1,Maharashtra,2020,3
Pune,3W,7.15,81,44.93,2,4,public_fast,47.43,1.62,7.76,8.66,humid,0.215,middle,42.87,0,Maharashtra,2024,7
Pune,3W,8.46,83.48,9.38,2,6,home,230.13,0.22,1.5,10.21,extreme_heat,0.072,middle,50.78,0,Maharashtra,2026,1
Pune,3W,8.75,107.94,27.65,4,2,home,69.35,3.56,4.01,6.21,humid,0.136,low,52.52,0,Maharashtra,2020,8
Pune,3W,7.99,83.92,25.63,2,4,public_slow,203.49,3.99,3.75,8.08,clear,0.211,middle,46.29,0,Maharashtra,2023,5
Pune,3W,7.06,87.3,50.39,2,3,public_fast,52.46,0.09,8.21,8.47,clear,0.092,middle,42.34,0,Maharashtra,2024,8
Pune,3W,8.85,103.59,8.31,3,1,public_fast,69.3,1.99,3.22,7.47,rainy,0.255,low,47.81,0,Maharashtra,2020,5
Pune,3W,9.01,101.42,30.47,2,2,home,218.13,6.13,4.41,7.07,clear,0.147,high,54.04,0,Maharashtra,2019,8
Pune,3W,6.82,86.75,29.48,2,5,public_slow,289.96,0.74,4.4,7.68,extreme_heat,0.33,middle,40.93,1,Maharashtra,2024,6
Pune,3W,8.44,90.16,25.98,2,2,home,285.47,0.6,4.87,8.04,clear,0.352,high,50.64,0,Maharashtra,2021,12
Pune,3W,8.12,89.61,23.71,4,1,public_slow,219.96,2.73,3.81,6.21,rainy,0.402,low,43.86,0,Maharashtra,2019,5
Pune,3W,8.09,102.5,18.58,2.51,2,public_slow,121.79,0.07,3.55,8.27,rainy,0.422,low,43.68,0,Maharashtra,2019,1
Pune,3W,6.59,104.91,31.77,2,1,home,336.68,1.99,5.63,5.9,clear,0.464,middle,39.57,1,Maharashtra,2021,9
Pune,3W,7.03,89.61,10.51,2,1,public_fast,44.98,1.29,1.69,6.73,rainy,0.051,middle,37.94,0,Maharashtra,2019,9
Pune,3W,8.14,78.61,19.37,3,5,home,330.24,0.84,3.32,7.97,humid,0.105,low,48.86,0,Maharashtra,2026,10
Pune,3W,6.76,102.26,61.21,1,1,public_fast,21.14,0.99,10.33,5.55,humid,0.3,low,40.56,0.19,Maharashtra,2019,4
Pune,3W,7.89,107.3,1,1,2,home,294.79,1.43,0.15,5.94,clear,0.17,high,47.32,0,Maharashtra,2019,5
Pune,3W,7.56,98.45,42.58,3,2,public_slow,185.41,1.46,7.23,6.17,humid,0.138,low,45.36,0,Maharashtra,2019,3
Pune,3W,6.33,88.22,43.71,4,4,public_fast,0.09,0.56,7.82,10.33,clear,0.007,middle,37.95,0,Maharashtra,2025,12
Pune,3W,10.08,78.54,9.69,3,5,public_fast,55.01,0.64,1.48,11.15,clear,0.216,low,60.46,0,Maharashtra,2025,3
Pune,3W,8.95,92.13,25.82,2,1,public_slow,196.99,0.55,3.06,5.93,clear,0.263,high,53.69,0.19,Maharashtra,2020,9
Pune,3W,8.24,70.01,37.83,2,4,home,370.67,0.63,6.74,9.35,clear,0.314,low,49.42,1,Maharashtra,2024,8
Pune,3W,8.67,90.1,42.51,2,3,public_slow,181.3,3.21,9.39,6.94,humid,0.623,low,52.02,1,Maharashtra,2021,7
Pune,3W,9.11,97.82,24.19,4,2,home,288.84,3.79,3.89,6.02,clear,0.119,low,54.64,0,Maharashtra,2019,6
Pune,3W,8.99,83.47,17.58,1,4,home,144.73,1.92,3.42,6.47,clear,0.181,low,53.94,0,Maharashtra,2022,8
Pune,3W,7.78,82.04,44.61,3,4,public_slow,91.54,0.21,8.55,9.93,extreme_heat,0.257,middle,39.7,0,Maharashtra,2026,1
Pune,3W,8.58,91.54,1,1,3,home,328.49,5.33,0.2,6.89,extreme_heat,0.259,low,46.34,0,Maharashtra,2023,6
Pune,3W,8.37,99.65,34.32,4,2,public_fast,49.65,1.71,6.18,6.39,extreme_heat,0.264,low,42.68,0,Maharashtra,2019,9
Pune,3W,8.25,98.36,18.03,4,3,public_slow,187.63,1.02,3.42,6.86,humid,0.139,low,49.51,0,Maharashtra,2021,3
Pune,3W,8.58,90.35,39.16,4,5,home,181.3,1.07,7.35,8.35,extreme_heat,0.297,low,43.75,1,Maharashtra,2024,1
Pune,3W,9.78,88.72,7.75,2,4,public_slow,194.56,1.4,0.44,8.37,humid,0.12,low,58.66,0,Maharashtra,2022,8
Pune,3W,8.5,89.61,6.81,1,6,home,234.91,1.38,0.98,11.72,humid,0.358,low,51.03,0,Maharashtra,2026,8
Pune,3W,8.15,97.01,33.02,2,2,public_fast,61.64,1.01,7.22,6.75,humid,0.115,middle,48.93,0.19,Maharashtra,2022,4
Pune,3W,8.1,90.83,31.62,4,4,home,310.49,2.86,4.28,8.06,extreme_heat,0.285,middle,41.34,0,Maharashtra,2025,4
Pune,3W,6.39,88.91,41.98,3,4,public_fast,74.96,2.13,6.56,7.66,extreme_heat,0.59,high,32.58,0,Maharashtra,2022,8
Pune,3W,8.71,78.69,23,4,4,home,258.2,2.99,3.45,9.58,clear,0.039,low,52.29,0,Maharashtra,2024,1
Pune,3W,8.43,87.93,25.44,4,4,public_slow,188.27,0.14,4.9,7.56,humid,0.138,low,50.59,0,Maharashtra,2023,2
Pune,3W,10.31,95.48,6.79,3,2,public_slow,267.17,3.7,0.87,6.84,clear,0.172,middle,61.85,0,Maharashtra,2022,12
Pune,3W,6.92,79.24,1,1,6,home,299.74,0.44,0.15,8.09,humid,0.127,middle,41.53,0,Maharashtra,2025,6
Pune,3W,8.23,99.02,48.13,3,2,public_fast,72.94,4.21,8.41,8.07,rainy,0.278,middle,44.43,1,Maharashtra,2021,10
Pune,3W,8.81,90.19,30.09,2,3,public_fast,59.35,1.1,4.99,7.77,rainy,0.666,high,47.59,0,Maharashtra,2022,8
Pune,3W,7.98,97.77,1,2.51,3,home,341.4,0.7,0.14,7.03,clear,0.047,high,47.88,0,Maharashtra,2019,1
Pune,3W,8,98.37,33.31,3,1,public_fast,90.82,1.11,4.59,4.62,clear,0.045,middle,48,0,Maharashtra,2019,5
Pune,3W,8.55,104.5,20.91,4,2,home,388.9,7.53,3.19,6.6,rainy,0.098,low,46.15,0,Maharashtra,2019,12
Pune,3W,8.06,78.53,40.77,2,5,public_slow,225.72,3.18,6.83,9.64,extreme_heat,0.145,low,41.09,1,Maharashtra,2026,5
Pune,3W,10.35,81.03,17.49,2,6,public_fast,41.05,3.11,2.93,10.65,rainy,0.041,low,55.91,1,Maharashtra,2025,10
Pune,3W,9.31,101.89,27.89,4,2,home,212.69,2.8,4.68,5.35,clear,0.28,middle,55.85,0,Maharashtra,2022,8
Pune,3W,6.48,80.4,54.07,3,5,home,307.75,1.68,9.11,8.94,humid,0.294,low,38.86,1,Maharashtra,2025,1
Pune,3W,8.37,96.19,21.55,1,2,public_fast,49.31,1.99,3.49,7.52,extreme_heat,0.595,middle,42.68,0.19,Maharashtra,2021,2
Pune,3W,9.56,98.17,14.43,1,4,public_slow,240.6,3.57,2.02,4.7,rainy,0.143,middle,51.64,0,Maharashtra,2021,1
Pune,3W,8.32,89.89,18.12,3,3,public_fast,44.75,3.51,2.74,7.04,clear,0.541,middle,49.95,0,Maharashtra,2019,9
Pune,3W,7.22,90.77,29.88,2,2,home,265.59,1.05,8.31,5.11,clear,0.248,middle,43.32,0,Maharashtra,2019,9
Pune,3W,9.51,74.39,68.55,3,7,public_slow,125.34,2.95,14.64,8.5,extreme_heat,0.541,high,48.52,1,Maharashtra,2026,11
Pune,3W,7.14,85.73,31.25,2,4,public_fast,54.7,1.29,5.93,8.22,extreme_heat,0.184,low,36.41,0,Maharashtra,2023,4
Pune,3W,6.69,80.68,25.82,1,4,public_slow,205.98,4.2,5.72,9.5,humid,0.55,high,40.15,1,Maharashtra,2023,5
Pune,3W,8.46,94.4,42.05,2,2,public_fast,67.95,3.06,6.95,8.72,rainy,0.357,low,45.67,1,Maharashtra,2024,12
Pune,3W,7.72,95.7,26.33,2,2,public_fast,64.61,0.01,4.35,6.24,rainy,0.173,high,41.69,0,Maharashtra,2022,5
Pune,3W,7.53,83.11,21.86,3,3,public_slow,148.05,1.28,3.43,10.22,clear,0.391,low,45.2,0,Maharashtra,2026,4
Pune,3W,8.73,77.52,18.86,2,7,public_fast,68.35,4.07,4.28,10.17,extreme_heat,0.224,middle,44.53,1,Maharashtra,2022,8
Pune,3W,9.45,106.28,13.9,3,3,home,257.22,2.61,2.88,6.81,rainy,0.336,low,51.05,0,Maharashtra,2021,11
Pune,3W,6.91,81.33,40.11,1,5,public_slow,137.2,2.16,10.26,9.68,extreme_heat,0.18,low,35.23,1,Maharashtra,2026,3
Pune,3W,7.99,102.16,1,2,2,public_slow,169.52,16.02,0.2,5.89,rainy,0.369,middle,47.24,0,Maharashtra,2019,9
Pune,3W,8.49,84.17,35.73,4,5,public_fast,82.24,0.96,5.8,10.59,clear,0.058,low,50.96,1,Maharashtra,2026,4
Pune,3W,7.56,81.49,1.42,5,4,public_slow,134.18,0.56,0.38,8.7,extreme_heat,0.496,high,45.38,0,Maharashtra,2026,7
Pune,3W,8.82,83.63,41.19,3,4,home,177.95,1.36,6.8,7.64,rainy,0.213,low,47.6,0,Maharashtra,2024,12
Pune,3W,6.14,101.31,1,2,1,public_fast,63.41,1.23,0.2,5.84,extreme_heat,0.175,middle,31.31,0,Maharashtra,2020,7
Pune,3W,8.42,93.71,78.17,2,3,home,439.28,0.04,4.76,7.33,rainy,0.146,low,45.45,0,Maharashtra,2023,1
Pune,3W,9.6,97.7,45.28,3,3.29,public_slow,196.57,1.9,9.77,4.94,extreme_heat,0.111,middle,48.96,0,Maharashtra,2020,3
Pune,3W,9.79,93.11,1,4,3,public_fast,56.58,1.91,0.15,8.04,extreme_heat,0.344,low,49.92,0,Maharashtra,2023,2
Pune,3W,7.01,88.79,22.09,3,4,home,309.94,0.26,5,8.09,humid,0.162,low,42.08,0,Maharashtra,2023,12
Pune,3W,7.51,81.01,22.71,2,3,public_fast,55.09,2.52,3.6,8.03,humid,0.544,middle,45.04,0,Maharashtra,2022,8
Pune,3W,4.26,75.5,28.13,3,4,home,345.84,2.17,4.39,9.95,humid,0.096,middle,25.57,0,Maharashtra,2025,2
Pune,3W,7.66,92.74,38,3,4,public_slow,181.3,1.27,6.79,8.77,rainy,0.11,middle,41.37,0,Maharashtra,2023,5
Pune,3W,8.15,85.69,25.66,3,4,home,333.57,3.19,4.38,7.13,rainy,0.282,high,44.94,0,Maharashtra,2023,3
Pune,3W,7.64,87.27,20.53,3,4,home,343.63,1.95,3.69,5.81,extreme_heat,0.55,low,38.99,0,Maharashtra,2022,9
Pune,3W,8.23,83.7,1,2,3,public_slow,87.88,0.48,0.25,6.21,humid,0.085,low,49.39,0,Maharashtra,2023,11
Pune,3W,7.14,89.05,20.72,1,2,home,311.05,0.06,3.42,6.97,extreme_heat,0.354,high,44.94,0,Maharashtra,2023,7
Pune,3W,7.51,83.65,25.02,2,4,public_slow,125.24,3.75,3.89,8.23,extreme_heat,0.231,low,45.03,0,Maharashtra,2025,1
Pune,3W,7,85.33,1,2,2,public_fast,85.65,1.34,0.14,7.07,rainy,0.289,middle,37.81,0,Maharashtra,2023,12
Pune,3W,8.04,73.55,23.72,1,5,public_fast,59.3,0.78,4.78,7.82,extreme_heat,0.157,low,41,1,Maharashtra,2025,3
Pune,3W,8.67,79.12,13.56,3,4,public_slow,218.6,0.58,2.53,7.94,rainy,0.174,middle,46.84,0,Maharashtra,2025,1
Pune,3W,6.17,112.4,61.04,2,2,public_fast,60.51,3.09,12.18,5.44,clear,0.58,middle,37.01,1,Maharashtra,2019,12
Pune,3W,7.98,90.37,10.65,4,4,public_slow,192.71,2.49,2.08,6.51,humid,0.209,high,47.88,0,Maharashtra,2023,6
Pune,3W,7.32,74.63,25.82,3,4,public_fast,55.39,0.82,2.04,10.35,humid,0.144,middle,43.9,0,Maharashtra,2026,2
Pune,3W,7.47,86.79,3.14,1,3,public_fast,48.5,0.44,0.38,8.76,rainy,0.725,middle,40.33,0,Maharashtra,2022,2
Pune,3W,7.05,100.52,27.11,2,2,public_fast,45.95,1.06,3.97,5.56,humid,0.029,middle,42.3,0,Maharashtra,2020,5
Pune,3W,6.79,94.04,25.82,2,2,public_fast,50.92,1.77,2.87,5.13,extreme_heat,0.355,low,34.64,0,Maharashtra,2020,2
Pune,3W,8.1,102.72,26.32,3,2,home,269.89,3.3,4.24,4.69,clear,0.208,low,44.94,0,Maharashtra,2019,10
Pune,3W,8.33,98.09,25.77,2,2,public_fast,83.4,0.61,4.74,7.58,clear,0.21,low,49.96,0,Maharashtra,2021,4
Pune,3W,7.98,99.65,25.89,2,2,public_fast,70.47,2.58,2.76,4.95,humid,0.477,low,47.87,0,Maharashtra,2019,5
Pune,3W,9.03,77.46,14.69,5,7,home,409.4,4.58,2.26,10.34,extreme_heat,0.285,low,46.08,1,Maharashtra,2026,3
Pune,3W,8.07,78.62,25.82,2,3.29,public_fast,36.04,0.77,4.83,9.27,rainy,0.353,low,43.59,0,Maharashtra,2026,6
Pune,3W,9.52,94.62,9.36,3,3,public_fast,66.92,1.1,1.6,7.88,rainy,0.073,middle,51.39,0,Maharashtra,2022,9
Pune,3W,8.45,77.43,25.95,2,5,home,46.95,5.7,4.17,7.8,humid,0.347,middle,50.67,1,Maharashtra,2024,4
Pune,3W,8.33,93.59,37.88,1,1,public_slow,178.31,0.17,8.31,4.95,extreme_heat,0.265,low,44.94,0,Maharashtra,2019,7
Pune,3W,8.37,76.76,19.99,2,5,public_slow,186.04,1.79,4.63,9.96,rainy,0.119,low,45.2,0,Maharashtra,2026,12
Pune,3W,8.86,93.1,37.44,3,3,public_fast,62.58,1.41,4.97,7.4,humid,0.314,low,53.18,0,Maharashtra,2022,4
Pune,3W,6.23,77.88,1.6,1,6,public_fast,63.12,3.91,0.28,8.76,humid,0.188,low,37.4,1,Maharashtra,2025,1
Pune,3W,6.74,95.76,36.26,3,2,public_fast,13.7,6.54,7.07,6.99,extreme_heat,0.163,low,34.36,1,Maharashtra,2022,7
Pune,3W,6.62,79.78,70.87,3,5,public_fast,34.05,0.61,3.93,8.15,clear,0.592,low,39.69,1,Maharashtra,2026,11
Pune,3W,10.25,87.61,24.96,5,5,public_slow,215.4,3.93,4.28,7.05,extreme_heat,0.6,middle,52.29,1,Maharashtra,2024,8
Pune,3W,7.82,84.38,20.9,2,5,public_slow,223.54,0.56,3.83,8.28,clear,0.38,middle,46.89,0,Maharashtra,2026,10
Pune,3W,10.28,91.55,14.56,2,4,public_fast,32.28,2.63,2.26,8.06,humid,0.293,middle,61.68,0,Maharashtra,2024,3
Pune,3W,8.32,82.33,47.7,4,3,public_slow,203.86,2.18,7.77,7.88,humid,0.598,low,49.9,0,Maharashtra,2023,4
Pune,3W,7.99,85.65,14.55,2,3,home,267.34,1.47,2.63,7,humid,0.473,middle,55.54,0,Maharashtra,2021,9
Pune,3W,8.4,89.31,140.57,3,4,public_fast,51.73,0.82,4.28,7.02,clear,0.434,low,50.4,0,Maharashtra,2021,11
Pune,3W,6.49,82.6,29.16,4,4,home,408.02,2.24,5.02,9.16,humid,0.219,middle,38.92,0,Maharashtra,2024,5
Pune,3W,10.27,77.27,20.88,4,6,public_fast,56.58,1.08,4.28,9.16,clear,0.177,high,61.59,0,Maharashtra,2024,7
Pune,3W,7.28,105.92,6.85,2,3,public_slow,228.44,0.61,1.13,4.73,clear,0.467,low,43.7,0,Maharashtra,2019,9
Pune,3W,9.13,103.91,26.75,4,1,home,213.24,1.81,5.34,7.83,extreme_heat,0.083,middle,46.55,0,Maharashtra,2019,3
Pune,3W,10.1,93.49,13.87,3,4,home,352.19,0.1,2.11,7.13,rainy,0.256,high,54.52,0,Maharashtra,2022,9
Pune,3W,7.48,96.71,44.43,2,3,home,331.22,0.02,7.42,8.01,extreme_heat,0.252,middle,38.17,0,Maharashtra,2019,4
Pune,3W,8.22,104.27,38.92,2,1,public_slow,194.97,3.57,5.09,4.25,extreme_heat,0.442,low,41.93,1,Maharashtra,2019,5
Pune,3W,8.6,81.07,15.23,3,4,public_slow,250.26,1.17,2.4,8.71,rainy,0.222,low,46.45,0,Maharashtra,2025,3
Pune,3W,8.58,93.44,31.58,2,4,public_slow,157.31,0.94,6.02,5.6,extreme_heat,0.051,low,43.77,0,Maharashtra,2021,11
Pune,3W,9.72,90.44,31.99,2,5,home,290.81,1.57,4.56,8.85,rainy,0.035,middle,52.5,0,Maharashtra,2024,8
Pune,3W,8.23,94.71,32.99,3,3,home,159.72,1.99,5.9,7.27,humid,0.441,low,49.41,0,Maharashtra,2021,3
Pune,3W,9.33,80.54,34.89,3,5,home,286.49,3.1,5.85,7.67,clear,0.388,middle,56,1,Maharashtra,2026,4
Pune,3W,7.39,73.84,20.27,4,3.29,public_slow,141.48,4.71,2.96,8.8,extreme_heat,0.151,low,37.71,1,Maharashtra,2025,12
Pune,3W,7.27,96.79,21.54,3,2,home,331.78,0.6,3.88,4.75,humid,0.373,low,43.6,0,Maharashtra,2022,8
Pune,3W,8.1,96.38,44.77,2,3,public_fast,55.8,3.68,6.42,6.07,rainy,0.181,low,43.72,1,Maharashtra,2021,7
Pune,3W,9.46,91.31,35.35,4,4,public_slow,155.82,1.34,5.57,8.69,extreme_heat,0.275,low,48.25,0,Maharashtra,2025,9
Pune,3W,6.92,89.16,7.24,3,3,public_fast,51.55,3.43,1.28,6.91,humid,0.589,middle,41.54,0,Maharashtra,2021,8
Pune,3W,6.84,94.79,19.4,2,3,home,314.37,2.24,3.15,8.2,clear,0.383,middle,41.01,0,Maharashtra,2021,8
Pune,3W,8.31,87.03,27.32,3,4,home,342.46,0.76,4.95,7.52,extreme_heat,0.187,low,42.36,0,Maharashtra,2023,2
Pune,3W,8.03,92.78,13.51,3,3,public_slow,224.66,0.48,2.83,8.92,rainy,0.007,low,43.38,0,Maharashtra,2022,10
Pune,3W,7.92,88.22,21.6,1,2,public_slow,123.49,0.07,2.98,9.39,humid,0.521,low,47.49,0.19,Maharashtra,2023,3
Pune,3W,7.96,90.5,27.04,2,4,public_slow,245.88,2.44,4.31,10.01,humid,0.083,middle,47.77,0,Maharashtra,2024,1
Pune,3W,8.4,84.73,9.66,1,5,home,255.43,0.36,1.68,10.15,humid,0.342,low,50.38,0,Maharashtra,2026,6
Pune,3W,8.69,86.31,16.25,3,3,home,322.26,0.84,2.04,11.16,clear,0.28,low,52.14,0,Maharashtra,2025,9
Pune,3W,8.22,102.32,32.65,3,3,public_slow,212.7,1.95,5.43,6.36,humid,0.089,low,49.34,0,Maharashtra,2021,3
Pune,3W,9.35,105.24,44.65,3,1,public_slow,168.62,0.75,8.63,4.8,clear,0.44,middle,56.1,0,Maharashtra,2022,8
Pune,3W,8.67,89.73,26.41,3,4,public_fast,72.61,6.02,4,8.3,extreme_heat,0.081,low,44.24,0,Maharashtra,2023,5
Pune,3W,8.27,80.29,44.03,3,3,public_fast,43.44,0.5,9.71,8.04,clear,0.417,high,49.6,0,Maharashtra,2023,2
Pune,3W,7.48,88.15,6.57,5,1,public_slow,188.01,0.34,0.9,5.12,humid,0.618,middle,44.91,0,Maharashtra,2021,7
Pune,3W,6.04,81.7,32.2,2,4,public_fast,51.24,1.8,5.58,8.33,extreme_heat,0.172,middle,36.24,0,Maharashtra,2024,12
Pune,3W,8.31,84.63,35.59,2.51,3.29,home,259.02,3.46,6,8.99,rainy,0.261,middle,44.88,1,Maharashtra,2024,12
Pune,3W,8.57,84.41,12.52,2,3,home,27.01,1.79,2.78,7.29,extreme_heat,0.153,middle,43.69,0,Maharashtra,2022,8
Pune,3W,5.79,89.61,25.82,2,1,public_fast,64.86,1.46,6.79,6.36,extreme_heat,0.28,middle,44.94,0,Maharashtra,2022,3
Pune,3W,7.78,96.86,49.83,1,3,public_fast,71.65,1.35,7.2,4.87,clear,0.046,high,46.71,0,Maharashtra,2019,6
Pune,3W,8.02,88.16,24.02,1,3,public_slow,212.05,3.39,4.03,8.33,rainy,0.377,middle,43.31,0,Maharashtra,2024,5
Pune,3W,7.83,95.07,30.39,4,4,public_fast,47.78,3.35,4.87,8.64,clear,0.387,middle,47,0,Maharashtra,2023,12
Pune,3W,9.71,106.27,45.22,3,3,public_fast,56.33,3.94,7.26,5.36,clear,0.233,middle,58.27,0.19,Maharashtra,2021,10
Pune,3W,7.76,94.96,2.05,4,2,public_fast,25.38,1.65,0.3,8.5,extreme_heat,0.282,middle,39.58,0,Maharashtra,2022,5
Pune,3W,8.01,76.44,22.38,5,5,home,355,0.15,4.02,6.63,humid,0.397,middle,48.03,0,Maharashtra,2025,11
Pune,3W,6.86,83.14,31.63,3,5,home,336.19,0.62,5.21,10.57,clear,0.254,middle,41.18,1,Maharashtra,2026,12
Pune,3W,9.22,78.29,25.68,3,4,public_slow,225.61,1.94,4.3,8.2,clear,0.562,low,55.3,0,Maharashtra,2023,8
Pune,3W,6.59,105.43,28.98,3,1,public_slow,205.62,1.07,3.7,5.39,clear,0.31,low,39.51,0,Maharashtra,2019,8
Pune,3W,7.17,97.05,12.61,2,2,public_slow,229.99,2.11,4.28,7.94,extreme_heat,0.328,middle,36.55,0,Maharashtra,2022,7
Pune,3W,8.7,102.06,7.83,2,3,public_slow,189.52,3.72,1.07,6.82,extreme_heat,0.27,middle,44.39,0,Maharashtra,2019,11
Pune,3W,7.99,82.64,28.84,5,5,public_slow,189.52,0.26,5.32,8.9,humid,0.217,low,52.93,0,Maharashtra,2025,3
Pune,3W,8.43,84.87,1,2,3,home,311.34,0.47,0.17,6.27,humid,0.354,low,50.57,0,Maharashtra,2021,2
Pune,3W,7.34,76.99,57.47,3,3.29,public_slow,255.28,3.27,9.81,11.37,clear,0.124,high,44.06,1,Maharashtra,2026,3
Pune,3W,8.52,80.4,20.16,2,4,public_slow,170.43,0.36,2.68,8.26,extreme_heat,0.166,middle,43.45,0,Maharashtra,2026,4
Pune,3W,7.3,95.06,52.71,4,2,home,229.36,3.63,8.77,7.71,extreme_heat,0.295,low,37.25,1,Maharashtra,2021,8
Pune,3W,8.79,79.97,63.57,1,5,public_fast,90.8,0.5,9.52,6.47,clear,0.339,low,52.76,1,Maharashtra,2023,4
Pune,3W,9.24,82.4,15.01,4,6,public_fast,59.76,0.79,2.18,9.36,clear,0.147,low,55.43,0,Maharashtra,2025,11
Pune,3W,7.87,99.62,1,2,2,public_fast,85.52,0.34,0.15,5.03,extreme_heat,0.459,low,47.23,0,Maharashtra,2021,3
Pune,3W,7.19,91.65,16.49,2,1,public_fast,4.16,2.51,2.93,6.87,extreme_heat,0.18,high,38.84,0,Maharashtra,2021,8
Pune,3W,7.66,93.88,12.66,1,1,public_slow,181.21,3.48,1.83,6.09,rainy,0.059,middle,41.37,0,Maharashtra,2020,1
Pune,3W,8.58,91.55,21.42,3,5,public_fast,68.31,0.27,4.16,7.71,clear,0.519,high,51.5,0,Maharashtra,2023,7
Pune,3W,8.38,76.98,53.95,4,3,public_fast,48.1,0.69,4.28,8.74,humid,0.03,low,50.26,0,Maharashtra,2025,4
Pune,3W,8.33,95.93,37.68,2,3,public_fast,88.16,4.44,6.9,4.75,humid,0.136,high,49.98,1,Maharashtra,2019,7
Pune,3W,7.92,98.71,26.68,2,3.29,home,287.28,0.49,3.68,7.92,extreme_heat,0.203,low,40.41,0,Maharashtra,2022,6
Pune,3W,9.57,76.48,1,4,5,public_slow,216.47,6.11,0.14,7.62,rainy,0.145,low,51.68,1,Maharashtra,2025,10
Pune,3W,5.28,89.48,24.08,3,3,public_slow,218.73,4.82,5.42,7.33,humid,0.252,middle,31.68,1,Maharashtra,2023,11
Pune,3W,7.78,92.51,33.44,1,3,home,219.81,1.2,5.48,5.23,extreme_heat,0.215,high,46.68,0,Maharashtra,2022,9
Pune,3W,7.31,89.96,26.35,3,2,public_slow,122.09,0.06,4.96,8.17,clear,0.198,high,43.87,0,Maharashtra,2021,11
Pune,3W,7.89,102.18,18.71,3,2,public_fast,84.35,2.55,3.81,5.45,humid,0.089,middle,47.33,0,Maharashtra,2021,5
Pune,3W,8,96.12,118.02,1,4,home,256.78,0.15,6.24,7.27,clear,0.39,low,48.02,0,Maharashtra,2023,6
Pune,3W,8.55,84.08,16.99,4,5,home,322.45,1.72,2.88,9.24,clear,0.384,low,51.29,0,Maharashtra,2026,11
Pune,3W,9.61,86.16,28.41,3,3,public_fast,42.82,0.57,4.91,7.69,humid,0.162,middle,57.66,0,Maharashtra,2022,4
Pune,3W,8.18,74.08,10.81,2,4,home,350.56,5.93,1.88,7.71,clear,0.142,high,49.1,1,Maharashtra,2026,2
Pune,3W,8.14,93.74,1,3,3,public_fast,95.64,2.42,0.15,7.29,rainy,0.369,middle,43.95,0,Maharashtra,2021,1
Pune,3W,9.34,83.01,44.85,2.51,4,public_fast,33.79,4.95,8.38,10.21,humid,0.175,low,56.06,1,Maharashtra,2024,4
Pune,3W,9.39,74.44,9.89,3,5,home,266.66,1.43,1.52,10.74,extreme_heat,0.564,middle,47.86,1,Maharashtra,2026,11
Pune,3W,8.65,95.46,21.55,2,1,home,281.46,2.13,3.88,7.32,clear,0.367,middle,51.93,0,Maharashtra,2021,6
Pune,3W,9.06,96.74,51.38,2,3,public_fast,71.56,0.43,8.4,3.77,extreme_heat,0.278,middle,46.2,0,Maharashtra,2019,1
Pune,3W,6.18,94.12,12.38,2,3,public_fast,97.1,0.67,2.08,7.89,extreme_heat,0.259,high,31.5,0,Maharashtra,2022,12
Pune,3W,7.43,97.07,17.71,4,2,public_fast,46.35,0.36,2.44,8.42,humid,0.21,low,44.58,0,Maharashtra,2022,4
Pune,3W,7.76,72.78,35.82,1,6,home,285.91,2.98,6.11,9.03,extreme_heat,0.086,middle,39.55,1,Maharashtra,2025,4
Pune,3W,5.97,90.93,25.82,2.51,5,public_slow,187.31,3.16,3,7.83,humid,0.035,low,35.83,0.19,Maharashtra,2025,12
Pune,3W,8.24,96.98,36.65,2,3,public_slow,169.65,2.05,8.77,7.69,extreme_heat,0.142,middle,42.02,0,Maharashtra,2021,5
Pune,3W,7.67,91.32,32.99,1,4,home,165.14,3.55,5.72,7.6,extreme_heat,0.098,low,39.12,1,Maharashtra,2023,8
Pune,3W,7.31,99.52,24.86,3,2,home,69,3.02,3.93,5.21,humid,0.178,low,43.83,0,Maharashtra,2022,11
Pune,3W,8.6,82.62,48.2,2,3.29,public_slow,224.4,0.61,10.73,9.44,extreme_heat,0.183,middle,43.85,1,Maharashtra,2025,11
Pune,3W,7.97,77.14,3.67,1,3,public_slow,202.46,1.08,0.7,9.02,clear,0.05,low,47.8,0,Maharashtra,2025,3
Pune,3W,8.04,97.69,12.68,1,1,public_slow,213.24,1.26,1.69,5.43,clear,0.391,high,48.22,0,Maharashtra,2019,4
Pune,3W,7.31,92.15,20.07,2,2,public_fast,73.15,3.64,3.37,7.13,rainy,0.45,low,39.48,0,Maharashtra,2021,10
Pune,3W,8.48,96.06,38.52,3,3,home,326.93,0.33,7.68,6.39,rainy,0.06,low,45.77,0,Maharashtra,2022,1
Pune,3W,8.65,84.48,14.74,2,5,public_slow,182.87,1.24,2.22,9.39,humid,0.235,high,51.91,0,Maharashtra,2025,9
Pune,3W,8.84,80.58,1,2,3.29,public_slow,137.3,2.69,0.16,9,rainy,0.225,middle,47.73,0,Maharashtra,2025,9
Pune,3W,7.67,94.38,29.87,2.51,1,home,205.41,0.31,4.19,7.24,humid,0.078,middle,46.01,0,Maharashtra,2020,8
Pune,3W,8.95,83.8,25.6,3,3.29,public_slow,169.39,2.25,5.2,10.21,extreme_heat,0.264,low,53.68,0,Maharashtra,2025,8
Pune,3W,8.81,90.51,14.88,1,4,public_slow,180.99,0.88,2.19,7.71,humid,0.203,low,52.86,0,Maharashtra,2022,6
Pune,3W,7.29,95.22,24.07,4,4,home,292.16,0.08,4.28,8.54,extreme_heat,0.186,middle,43.72,0,Maharashtra,2022,6
Pune,3W,7.47,90.94,39.26,1,3,home,274.82,0.8,6.69,5.64,rainy,0.377,low,40.34,0,Maharashtra,2020,3
Pune,3W,7.69,99.77,13.67,3,3,public_slow,202.89,0.3,2.06,6.08,rainy,0.831,middle,41.51,0,Maharashtra,2022,7
Pune,3W,8.48,82.54,22.97,4,3,home,342.5,1.19,4.25,6.53,humid,0.726,middle,50.86,0,Maharashtra,2022,12
Pune,3W,8.31,71.57,30.09,1,4,home,283.1,1.9,5.85,7.79,clear,0.225,low,49.85,0,Maharashtra,2025,7
Pune,3W,9.13,98.28,47.49,2.51,3,public_fast,69.03,2.66,7.62,6.92,extreme_heat,0.277,low,46.56,0,Maharashtra,2022,8
Pune,3W,9.31,82.76,21.81,3,5,home,376.01,0.09,3.64,9.43,humid,0.288,low,55.87,0,Maharashtra,2025,11
Pune,3W,7.51,93.55,7.89,1,2,home,294.97,0.33,1.46,8.76,extreme_heat,0.431,low,38.31,0,Maharashtra,2022,1
Pune,3W,8.95,80.64,41.21,4,3,public_fast,56.26,1.06,7.01,8.69,humid,0.667,low,53.69,0,Maharashtra,2023,2
Pune,3W,7.24,87.55,47.26,3,4,home,327.95,0.37,7.53,10.06,clear,0.135,middle,43.41,0,Maharashtra,2024,8
Pune,3W,9.03,79.82,4.26,2,3.29,public_slow,139.04,1.3,0.62,7.01,clear,0.489,low,54.16,0,Maharashtra,2022,11
Pune,3W,6.45,96.56,25.82,2,3,home,150.24,2.58,2.46,6.76,extreme_heat,0.306,low,32.9,0,Maharashtra,2021,8
Pune,3W,7.03,82.33,26.44,2,3,home,248.82,2.94,4.64,7.01,rainy,0.576,high,37.95,0,Maharashtra,2020,5
Pune,3W,6.92,85.55,20.55,2,3.29,home,358.97,0.43,2.78,9.35,extreme_heat,0.337,low,35.27,0,Maharashtra,2022,8
Pune,3W,8.64,89.37,35.81,2,2,public_slow,175.19,0.48,5.18,6.92,humid,0.234,middle,51.84,0,Maharashtra,2022,2
Pune,3W,8.83,77.73,3.66,3,5,public_slow,190.05,1.75,0.68,8.87,humid,0.28,low,52.98,0,Maharashtra,2026,6
Pune,3W,8.58,98.87,53.77,2,1,public_fast,93.7,2.45,7.75,6.84,extreme_heat,0.274,middle,43.78,0,Maharashtra,2020,4
Pune,3W,9.58,89.61,42.3,3,3,home,294.54,1.57,5.86,8.48,humid,0.328,high,57.45,0,Maharashtra,2020,12
Pune,3W,9.84,90.66,25.82,1,2,public_fast,58.79,3.9,4.4,5.07,rainy,0.28,middle,53.11,0,Maharashtra,2020,9
Pune,3W,7.87,104.45,14.38,1,1,public_slow,185.62,0.4,2.85,6.77,rainy,0.133,low,42.52,0,Maharashtra,2022,8
Pune,3W,8.64,89.61,12.42,4,4,public_slow,195.78,0.94,2.03,7.95,clear,0.135,low,51.84,0,Maharashtra,2021,5
Pune,3W,8.26,93.13,48.89,3,2,public_fast,70.37,1.71,7.73,7.44,rainy,0.076,middle,44.59,0,Maharashtra,2021,3
Pune,3W,9.23,80.51,65.94,1,5,home,243.96,0.4,12.11,8.77,rainy,0.402,high,49.86,1,Maharashtra,2026,5
Pune,3W,7.71,100.42,27.6,4,1,home,185.74,1.24,5.18,4.04,rainy,0.392,low,41.65,0.19,Maharashtra,2019,2
Pune,3W,9.93,99.48,29.56,3,2,public_slow,161.52,0.32,6.58,6.67,clear,0.527,middle,59.59,0,Maharashtra,2019,11
Pune,3W,8.44,92.65,31.79,2.51,3,public_fast,82.35,5.62,5.48,6.9,extreme_heat,0.351,low,43.05,1,Maharashtra,2020,2
Pune,3W,8.2,103.38,6.29,2,2,public_slow,177.97,3.5,0.8,6.63,extreme_heat,0.469,middle,41.83,0.19,Maharashtra,2020,1
Pune,3W,5.6,92.61,51.07,3,2,public_slow,159.33,2.89,6.57,7.54,clear,0.022,low,33.62,0,Maharashtra,2021,2
Pune,3W,9.49,85.24,1,4,5,home,168.25,7.53,0.23,10.35,humid,0.398,high,56.95,1,Maharashtra,2026,10
Pune,3W,7.99,96.41,11.06,1,3.29,public_fast,72.35,1.99,1.91,5.51,extreme_heat,0.385,middle,38.7,0,Maharashtra,2020,4
Pune,3W,9.58,95.89,15.78,1,1,public_fast,21.02,6.71,3.47,8.74,clear,0.419,middle,57.47,0,Maharashtra,2020,2
Pune,3W,8.21,78.27,26.19,1,6,home,291.86,3.14,3.99,9.5,humid,0.279,low,49.28,1,Maharashtra,2026,9
Pune,3W,10.02,83.17,27.94,2,6,public_slow,187.02,0.1,6.27,9.15,rainy,0.28,middle,54.1,0,Maharashtra,2025,1
Pune,3W,9.55,84.17,8.35,3,5,public_slow,224.36,2.48,1.24,10.34,humid,0.286,middle,57.33,0,Maharashtra,2025,12
Pune,3W,9.11,80.29,61.14,3,3,home,307.58,0.04,10.7,9.03,extreme_heat,0.253,low,46.46,0,Maharashtra,2024,8
Pune,3W,8.2,86.68,27.62,2,3.29,public_fast,74.09,1.53,3.89,8.77,extreme_heat,0.302,low,44.94,0,Maharashtra,2023,3
Pune,3W,5.91,87.2,36.23,1,4,public_fast,87.69,0.65,4.28,8.01,extreme_heat,0.283,low,30.12,0,Maharashtra,2023,8
Pune,3W,9.1,77.94,35.07,2,5,public_slow,176.82,3.94,5.5,9.51,humid,0.28,middle,54.59,1,Maharashtra,2026,10
Pune,3W,7.3,82.24,33.22,2,6,home,305.91,2.13,4.78,10.28,humid,0.185,low,43.83,1,Maharashtra,2025,11
Pune,3W,8.54,72.87,49.77,3,5,public_fast,67.04,0.57,7.48,8.24,rainy,0.073,middle,46.14,1,Maharashtra,2025,4
Pune,3W,9.3,85.08,34.9,3,3,public_slow,199.47,0.69,7.18,6.03,humid,0.109,middle,55.82,0,Maharashtra,2023,2
Pune,3W,7.02,84.32,25.82,2,6,public_slow,181.3,0.71,3.89,9.28,clear,0.026,high,42.11,0,Maharashtra,2026,12
Pune,3W,8.36,83.86,36.91,1,5,public_fast,44.36,0.62,8.37,9.11,rainy,0.28,low,45.13,1,Maharashtra,2025,10
Pune,3W,5.59,85.92,28.48,2,5,home,300.58,0.26,4.21,8.09,humid,0.277,low,33.54,1,Maharashtra,2024,4
Pune,3W,7.83,100.5,1,4,2,public_slow,200.81,0.09,0.15,7.97,extreme_heat,0.156,high,42.26,0,Maharashtra,2020,1
Pune,3W,7.39,73.33,32.1,3,4,public_fast,77.87,0.54,7.58,11,humid,0.599,middle,44.37,1,Maharashtra,2026,3
Pune,3W,8.94,74.11,43.62,2,4,home,307.82,0.53,5.54,8.69,clear,0.053,low,53.64,1,Maharashtra,2026,11
Pune,3W,10.14,87.96,25.82,3,4,home,234.41,0.98,4.41,12.49,humid,0.191,low,60.81,0,Maharashtra,2026,2
Pune,3W,8.71,80.53,1,3,4,home,284.24,0.74,0.14,7.86,humid,0.14,middle,52.27,0,Maharashtra,2024,11
Pune,3W,7.48,83.89,21.42,2,3,public_fast,62.86,0.1,3.74,8.14,extreme_heat,0.472,low,38.16,0,Maharashtra,2026,7
Pune,3W,10.45,80.43,15,3,7,home,188.67,2.08,2.53,10.78,extreme_heat,0.097,low,44.94,0,Maharashtra,2026,12
Pune,3W,9.22,92.41,32.18,1,3,public_fast,18.06,1.91,5.21,7.63,clear,0.34,middle,55.33,0,Maharashtra,2022,4
Pune,3W,8.79,100.57,49.37,1,3,home,275.54,2.18,8.06,7.71,extreme_heat,0.05,low,44.83,0,Maharashtra,2022,4
Pune,3W,7.91,83.46,20.87,3,5,home,367.83,3.14,3.25,7.98,clear,0.201,high,47.49,1,Maharashtra,2023,4
Pune,3W,8.59,87.86,36.52,2,4,public_slow,207.49,3.4,6.21,6.2,clear,0.393,high,51.56,1,Maharashtra,2023,1
Pune,3W,9.26,84,17.17,3,7,public_fast,41.74,0.19,2.88,9.43,humid,0.232,middle,55.56,0,Maharashtra,2026,9
Pune,3W,7.87,97.82,25.09,1,4,public_slow,203.05,2.43,4,9.6,rainy,0.358,low,42.52,0,Maharashtra,2022,8
Pune,3W,8.87,89.16,14.34,1,4,home,222.33,0.24,2.45,7.03,rainy,0.2,middle,47.9,0,Maharashtra,2022,8
Pune,3W,8.64,80.54,40.07,2,6,home,279.11,0.59,9.77,8.14,rainy,0.13,high,46.66,1,Maharashtra,2025,4
Pune,3W,9.66,93.12,39.31,4,3,public_slow,161.52,1.83,6.11,9.33,extreme_heat,0.158,middle,49.25,0,Maharashtra,2024,1
Pune,3W,7.67,81.51,41.95,3,3,home,274.44,0.37,4.28,9.7,humid,0.105,low,46,0,Maharashtra,2025,3
Pune,3W,8.83,83.59,18.62,1,5,home,224.02,0.35,2.87,8.82,humid,0.202,high,52.96,0,Maharashtra,2024,12
Pune,3W,7.41,82.55,38.52,4,4,home,300,1.92,6.45,8.66,humid,0.061,middle,44.48,0,Maharashtra,2024,1
Pune,3W,9.47,75.92,6.05,2,7,public_slow,231.47,1,0.97,8.92,rainy,0.093,middle,51.15,0,Maharashtra,2026,9
Pune,3W,8.12,104.16,25.82,2,3,home,293.4,2.5,3.36,6.09,extreme_heat,0.52,middle,41.41,0,Maharashtra,2021,3
Pune,3W,8.23,78.13,22.58,4,5,public_slow,184.24,3.92,4.8,8.65,rainy,0.594,high,44.47,1,Maharashtra,2025,5
Pune,3W,8.24,81.11,22.11,2,3,public_fast,65.22,1.78,4.59,8.84,humid,0.125,middle,49.46,0,Maharashtra,2025,5
Pune,3W,8.49,73.72,25.29,2,6,public_slow,243.95,0.67,5.59,7.71,rainy,0.096,low,45.87,1,Maharashtra,2025,9
Pune,3W,7.02,70.3,1,2,7,home,353.8,0.7,0.21,9.8,extreme_heat,0.141,low,35.81,1,Maharashtra,2026,7
Pune,3W,9.63,82.25,25.61,3,4,public_fast,75.25,0.8,4.28,11.03,extreme_heat,0.122,high,49.14,0,Maharashtra,2024,8
Pune,3W,8.48,87.43,4.59,2,1,home,413.74,5.36,0.65,7.1,rainy,0.501,low,45.77,0,Maharashtra,2020,9
Pune,3W,10.27,82.85,14.85,3,5,home,272.34,7.84,2.35,8.27,rainy,0.28,middle,55.45,1,Maharashtra,2026,2
Pune,3W,8.54,99.27,1,2,3,public_fast,50.9,1.28,0.15,5.67,humid,0.308,high,44.94,0,Maharashtra,2019,7
Pune,3W,7.5,87.15,22.41,1,4,public_slow,179.26,1.17,5.08,7.15,rainy,0.586,low,40.48,0,Maharashtra,2022,2
Pune,3W,8.23,80.7,55.06,4,4,home,222.94,0.16,10.56,9.28,rainy,0.107,high,44.42,0,Maharashtra,2025,5
Pune,3W,7.87,98.87,1,1,1,public_fast,88.99,4.32,0.17,5.9,rainy,0.189,middle,42.51,0,Maharashtra,2019,3
Pune,3W,8.06,90.34,36.51,3,2,public_fast,100.59,1.2,5.86,9.62,clear,0.202,low,48.35,0,Maharashtra,2023,12
Pune,3W,7.57,84.18,28.48,2,1,home,304.43,0.79,6.19,8.23,rainy,0.453,high,40.9,0,Maharashtra,2024,11
Pune,3W,7.72,103.68,17.32,2,3,public_fast,181.3,3,2.75,7.77,rainy,0.31,low,41.69,0,Maharashtra,2020,2
Pune,3W,7.04,84.7,32.48,1,5,public_slow,185.66,2.96,5.12,8.72,extreme_heat,0.032,middle,35.92,1,Maharashtra,2025,12
Pune,3W,7.57,81.62,15.7,5,4,public_fast,53.14,0.63,3.16,8.06,rainy,0.173,low,40.88,0,Maharashtra,2022,5
Pune,3W,7.22,82.9,7.67,2,5,home,317.3,1.75,1.39,6.86,extreme_heat,0.509,low,36.82,0,Maharashtra,2025,3
Pune,3W,7.03,76.63,23.07,2,4,public_fast,56.15,1.91,3.18,8.95,extreme_heat,0.181,middle,35.88,0,Maharashtra,2024,4
Pune,3W,8.27,104.93,7.75,4,1,public_slow,141.95,3.95,1.09,6.09,humid,0.399,high,49.64,0,Maharashtra,2019,8
Pune,3W,7.06,81.65,46.29,4,2,public_slow,129.4,2.6,8.61,6.93,clear,0.286,high,42.38,0,Maharashtra,2023,11
Pune,3W,6.65,93.96,24.34,3,2,home,164.92,0.98,4.23,4.46,extreme_heat,0.378,middle,33.89,0,Maharashtra,2019,2
Pune,3W,5.67,103.66,34.92,4,2,home,326.09,0.85,5.68,4.7,clear,0.26,middle,34.01,0,Maharashtra,2019,3
Pune,3W,9.02,100.85,32.14,2,1,public_slow,169.87,1,4.49,6.68,clear,0.55,high,54.1,0,Maharashtra,2020,2
Pune,3W,8.33,96.58,1.93,2,3,home,307.04,3.46,0.44,8.21,clear,0.134,middle,49.97,0,Maharashtra,2023,5
Pune,3W,9.34,102.12,48.33,2,4,home,161.89,0.67,7.73,7.15,humid,0.394,low,56.04,0,Maharashtra,2020,7
Pune,3W,9.78,91.04,22.2,2,5,home,229.07,2.34,4.09,9.29,rainy,0.059,middle,52.82,0,Maharashtra,2024,4
Pune,3W,6.56,91.45,11.93,2,3,public_fast,61.97,5.39,1.63,7.71,rainy,0.22,low,35.43,0,Maharashtra,2020,11
Pune,3W,6.34,107.21,52.71,3,2,public_fast,181.3,0.32,9.5,5.21,rainy,0.224,low,34.24,0,Maharashtra,2019,2
Pune,3W,5.44,76.1,34.85,1,5,public_slow,167.56,1.03,6.39,8.36,rainy,0.13,middle,29.39,1,Maharashtra,2025,2
Pune,3W,7.2,100.53,15.7,2.51,2,home,320.44,1.46,1.98,7.42,extreme_heat,0.313,low,36.72,0,Maharashtra,2020,12
