city,vehicle_type,battery_capacity_kwh,battery_health_pct,distance_km,daily_trip_count,charging_frequency_per_week,charging_type,charging_duration_min,charging_station_distance_km,energy_consumed_kwh,electricity_cost_per_kwh,weather_condition,traffic_density,user_income_level,range_km_estimated,range_anxiety_risk,state,year,month
Ahmedabad,2W,3.59,83.51,37.52,1,4,public_fast,39.24,1.36,5.5,7.92,clear,0.331,middle,21.54,0,Gujarat,2023,1
Ahmedabad,2W,3.44,87.33,10.61,3,6,public_slow,216.2,1.39,1.49,8.4,humid,0.285,low,20.62,0,Gujarat,2025,1
Ahmedabad,2W,3.14,98.67,34.88,3,4,home,289.38,0.17,7.06,5.7,extreme_heat,0.12,low,16.03,0,Gujarat,2020,3
Ahmedabad,2W,2.06,88.74,1,2,1,public_fast,75.21,0.55,0.12,8.29,rainy,0.331,middle,11.1,0,Gujarat,2022,5
Ahmedabad,2W,2.64,86.47,61.73,2,3.33,public_fast,46.53,2.67,3.19,9.28,extreme_heat,0.068,middle,13.47,1,Gujarat,2025,3
Ahmedabad,2W,2.48,89.19,23.07,2,3.33,public_slow,159.72,0.02,6.77,7.83,rainy,0.484,middle,13.38,0,Gujarat,2025,4
Ahmedabad,2W,3.58,92.69,1,2,2,home,247.51,1.99,0.13,4.22,humid,0.287,middle,21.5,0,Gujarat,2020,2
Ahmedabad,2W,3.58,76.14,27.72,4,4,home,432.86,1.85,4.2,9.2,extreme_heat,0.355,low,18.27,0,Gujarat,2026,1
Ahmedabad,2W,3.94,104.72,17.67,2,1,public_slow,185.64,4.12,2.76,4.73,clear,0.327,middle,23.65,1,Gujarat,2020,4
Ahmedabad,2W,2.22,101.42,23.83,2,2,public_fast,178.75,0.46,5.72,6.8,humid,0.097,high,13.31,0,Gujarat,2020,7
Ahmedabad,2W,2.95,101.66,27.86,2,2,public_slow,162.58,4.12,4.39,6.51,extreme_heat,0.165,high,15.07,1,Gujarat,2019,11
Ahmedabad,2W,2.13,89.03,36.38,2,4,home,338.2,1.33,6.67,8.06,extreme_heat,0.16,middle,10.88,0,Gujarat,2023,4
Ahmedabad,2W,3.8,93.8,20.57,1,4,public_slow,166.65,1.56,3.33,8.67,humid,0.29,middle,22.8,0,Gujarat,2022,6
Ahmedabad,2W,2.36,84.85,16.48,2,2,public_fast,64.82,3.16,2.49,8.77,clear,0.49,middle,14.17,1,Gujarat,2024,5
Ahmedabad,2W,3.66,103.1,25.6,2,2,public_slow,190.76,4.1,3.63,7.24,extreme_heat,0.53,low,18.67,1,Gujarat,2021,1
Ahmedabad,2W,2.63,84.12,1.77,2,4,public_slow,168.6,0.79,0.36,8.24,extreme_heat,0.423,middle,13.4,0,Gujarat,2024,4
Ahmedabad,2W,2.51,87.59,44.54,3,3,home,332.34,0.87,2.49,7.8,extreme_heat,0.391,middle,12.81,0,Gujarat,2022,3
Ahmedabad,2W,2.71,84.9,29.05,2.52,1,public_slow,177.25,0.84,4.24,5.63,extreme_heat,0.539,low,13.85,0,Gujarat,2021,1
Ahmedabad,2W,3.98,93.87,17.29,3,1,public_fast,53.75,0.25,2.62,7.16,clear,0.305,middle,23.87,0,Gujarat,2021,12
Ahmedabad,2W,3.12,85.56,27.29,2,5,home,369.64,2.01,4.74,8.38,rainy,0.401,low,16.86,1,Gujarat,2024,8
Ahmedabad,2W,3.22,84.34,35.23,3,2,public_slow,171.1,0.96,6.51,8.55,humid,0.196,low,19.31,0,Gujarat,2020,10
Ahmedabad,2W,3.48,96.31,7.31,2,3,public_slow,206.86,0.84,1.18,8.53,clear,0.322,middle,20.88,0,Gujarat,2021,6
Ahmedabad,2W,2.74,81.53,69.29,1,4,home,254.38,5.12,3.83,11.43,extreme_heat,0.552,low,13.97,1,Gujarat,2026,7
Ahmedabad,2W,2.91,86.67,19,2,3,public_fast,178.75,1.6,3.62,7.85,extreme_heat,0.101,middle,14.87,0,Gujarat,2023,9
Ahmedabad,2W,3.33,89.86,24.8,3,3,public_slow,117.65,0.55,5.54,9.32,clear,0.371,low,16.84,0,Gujarat,2024,6
Ahmedabad,2W,2.76,98.21,9.23,2,1,public_fast,55.46,0.85,1.51,6.86,extreme_heat,0.223,middle,14.07,0,Gujarat,2021,4
Ahmedabad,2W,3.36,76.35,45.01,2,6,public_fast,60.92,0.28,7.69,7.86,humid,0.601,low,20.15,1,Gujarat,2024,3
Ahmedabad,2W,2.64,94.06,28.46,3,1,public_slow,194,0.72,5.64,5.6,humid,0.574,high,15.85,0,Gujarat,2020,8
Ahmedabad,2W,3.56,72.26,39.68,2,4,home,351.42,2.26,6.78,8.93,humid,0.137,low,21.38,1,Gujarat,2025,3
Ahmedabad,2W,3.21,85.49,24.78,4,2,public_slow,206.17,1.93,4.35,6.78,clear,0.29,high,19.28,0,Gujarat,2022,2
Ahmedabad,2W,3.02,70.91,7.48,2,3,public_slow,212.88,6.36,1.24,9.87,rainy,0.338,middle,16.29,1,Gujarat,2025,6
Ahmedabad,2W,3.41,82.67,24.23,4,5,public_fast,83.28,2.09,3.64,9.35,clear,0.341,low,20.48,1,Gujarat,2023,1
Ahmedabad,2W,3.68,109.83,24.41,2.52,3,home,236.61,1.99,4.18,7.08,humid,0.425,high,22.1,0,Gujarat,2019,11
Ahmedabad,2W,2.94,83.14,32.38,3,3,public_fast,51.57,2.66,5.31,5.28,humid,0.358,high,17.63,0,Gujarat,2024,1
Ahmedabad,2W,3.06,89.14,21.25,2,2,public_slow,173.03,4.11,3.87,7.32,rainy,0.1,middle,16.51,1,Gujarat,2023,1
Ahmedabad,2W,2.89,89.71,39.92,3,5,public_fast,50,1.27,5.86,9.54,extreme_heat,0.245,middle,14.75,1,Gujarat,2025,7
Ahmedabad,2W,3,91.09,26.31,3,1,home,335.37,0.86,3.86,3.66,rainy,0.069,high,14.01,0,Gujarat,2020,12
Ahmedabad,2W,2.75,81.64,53.34,2,5,public_slow,146.37,0.15,8.93,9.22,extreme_heat,0.179,middle,14.01,1,Gujarat,2025,5
Ahmedabad,2W,1.99,78.38,52.11,3,6,home,303.95,3.8,8.86,10.16,extreme_heat,0.261,middle,10.17,0,Gujarat,2024,4
Ahmedabad,2W,2.11,91.33,40.51,2.52,2,public_slow,154.53,4.29,2.32,7.74,extreme_heat,0.209,low,10.76,1,Gujarat,2021,8
Ahmedabad,2W,2.26,90.24,47.8,1,3,home,353.09,2.41,7.3,9.05,extreme_heat,0.19,high,12.2,0,Gujarat,2021,9
Ahmedabad,2W,2.71,72.72,13.74,3,5,home,191.2,0.37,2.41,9.64,extreme_heat,0.332,low,13.84,1,Gujarat,2025,4
Ahmedabad,2W,3.28,80.84,18.15,2,2,public_slow,167.64,1.98,3.21,7.39,humid,0.393,middle,19.67,0,Gujarat,2022,8
Ahmedabad,2W,3.61,104.07,28.66,2,3,public_fast,29.54,0.01,4.79,6.47,extreme_heat,0.163,middle,21.66,0,Gujarat,2021,7
Ahmedabad,2W,2.5,96.16,34.78,3,2,home,219.6,0.24,4.36,8.38,clear,0.267,high,14.98,0,Gujarat,2026,1
Ahmedabad,2W,2.87,86.14,26.19,2.52,4,public_fast,25.21,2.12,4.46,6.7,extreme_heat,0.29,low,14.66,0,Gujarat,2022,4
Ahmedabad,2W,3.49,77.66,1,2,3,public_slow,153.67,0.59,0.14,10.26,rainy,0.578,low,18.83,0,Gujarat,2026,9
Ahmedabad,2W,3.76,87,42.69,2,2,home,307.84,1.99,7.83,7.46,clear,0.337,middle,22.57,1,Gujarat,2023,9
Ahmedabad,2W,2.71,75.24,10.02,2,4,public_slow,144.81,2.01,1.39,9.33,clear,0.305,low,16.24,0,Gujarat,2026,12
Ahmedabad,2W,3.04,78.35,28.68,2,3,public_fast,41.1,2.12,6.34,9.65,rainy,0.101,low,16.44,0,Gujarat,2025,2
Ahmedabad,2W,4.08,74.19,27,4,7,home,430.89,2.06,4.34,9.13,rainy,0.469,low,22.03,1,Gujarat,2026,11
Ahmedabad,2W,3.74,86.35,15.19,2,4,public_slow,182.12,0.93,2.75,7.8,extreme_heat,0.293,middle,19.06,0,Gujarat,2023,8
Ahmedabad,2W,3.17,79.44,54.91,2,5,public_fast,55.16,0.18,8.26,8.69,humid,0.285,high,16.84,1,Gujarat,2026,4
Ahmedabad,2W,3.63,75.64,45.38,3,3.33,public_fast,52.3,2.71,6.82,8.21,rainy,0.479,low,19.62,0,Gujarat,2026,10
Ahmedabad,2W,3.69,86.9,18.92,1,4,public_fast,193.31,3.24,2.74,7.76,extreme_heat,0.283,middle,18.81,1,Gujarat,2023,8
Ahmedabad,2W,3.24,91.08,26.61,2,3,public_fast,178.75,0.15,3.27,7.67,rainy,0.265,low,17.48,0,Gujarat,2023,3
Ahmedabad,2W,3.24,94.38,16.69,4,2,public_slow,183.94,3.63,2.69,6.25,clear,0.207,middle,19.47,1,Gujarat,2021,6
Ahmedabad,2W,3.24,97.78,35.31,3,1,home,246.39,2.07,6.53,8.09,extreme_heat,0.018,low,16.52,0,Gujarat,2020,4
Ahmedabad,2W,2.83,86.86,20,2,1,public_slow,152.01,2.28,4.29,5.33,humid,0.151,low,17.01,0,Gujarat,2020,7
Ahmedabad,2W,3.57,75.18,31,2.52,4,home,277.87,1.99,4.91,9.95,rainy,0.562,high,19.28,0,Gujarat,2025,6
Ahmedabad,2W,2.51,106.92,28.47,3,3,home,208.37,0.72,3.92,8.62,humid,0.072,middle,15.08,0,Gujarat,2020,8
Ahmedabad,2W,3.23,97.03,15.46,3,2,public_slow,254.2,0.09,3.31,7.52,clear,0.371,middle,19.38,0,Gujarat,2020,6
Ahmedabad,2W,3.01,88.85,26.2,3,3,public_fast,40.88,1.8,4.52,7.1,clear,0.232,middle,18.06,0,Gujarat,2022,5
Ahmedabad,2W,3.04,95.45,29.7,1,3,home,380.5,0.03,4.82,8.01,humid,0.486,middle,18.23,0,Gujarat,2021,12
Ahmedabad,2W,2.91,82.89,35.69,2,4,home,228.17,0.08,5.82,9.87,humid,0.149,middle,17.45,0,Gujarat,2024,6
Ahmedabad,2W,2.73,76.39,11.47,4,6,public_slow,133.33,3.13,1.76,9.36,extreme_heat,0.154,middle,13.93,1,Gujarat,2026,4
Ahmedabad,2W,2.65,88.38,34.44,3,2,home,382.91,0.97,5.74,8.48,extreme_heat,0.473,middle,15.88,0,Gujarat,2023,11
Ahmedabad,2W,2.99,73.74,42.64,2,4,public_slow,144.85,6.45,5.86,8.84,rainy,0.403,middle,16.15,1,Gujarat,2024,9
Ahmedabad,2W,2.77,100.53,39.39,3,2,home,295.14,0.04,7.43,7.8,clear,0.449,middle,16.61,0,Gujarat,2020,3
Ahmedabad,2W,3.11,87.05,3.42,3,2,public_slow,227.85,0.92,0.7,6.89,humid,0.272,high,18.65,0,Gujarat,2022,12
Ahmedabad,2W,3.01,94.08,28.77,4,4,public_fast,195.52,2.94,3.49,5.21,humid,0.567,low,18.08,0,Gujarat,2019,9
Ahmedabad,2W,2.48,99.38,17.65,4,3,public_fast,49.54,0.58,3.01,5.96,humid,0.311,middle,14.9,0,Gujarat,2019,10
Ahmedabad,2W,3.02,87.57,15.08,2,4,public_fast,47.46,1.77,2.7,7.77,rainy,0.263,high,16.31,0,Gujarat,2024,3
Ahmedabad,2W,2.57,99,5.75,1,1,home,277.3,0.66,0.95,6.86,clear,0.413,middle,15.44,0,Gujarat,2026,1
Ahmedabad,2W,2.92,101.99,15.03,4,3,home,230.79,1.93,2.53,5.89,extreme_heat,0.433,middle,14.87,0,Gujarat,2021,4
Ahmedabad,2W,3.47,84.91,17.13,2,2,home,332.49,2.68,2.53,7.73,humid,0.285,middle,20.82,0,Gujarat,2024,1
Ahmedabad,2W,2.78,96.59,18.94,3,1,public_slow,208.96,0.79,2.36,6.21,clear,0.065,low,16.66,0,Gujarat,2020,10
Ahmedabad,2W,2.91,90.2,3.92,4,3.33,home,352.44,0.64,0.68,4.97,extreme_heat,0.252,middle,15.71,0,Gujarat,2020,9
Ahmedabad,2W,3.59,81.25,10.49,2,4,public_fast,40.64,1.37,1.94,8.43,humid,0.249,middle,21.56,0,Gujarat,2025,3
Ahmedabad,2W,2.23,94.6,30.69,5,1,public_fast,60.4,1.13,4.12,7.24,extreme_heat,0.327,low,11.35,0,Gujarat,2020,6
Ahmedabad,2W,3.77,88.62,37.09,3,3,public_slow,194.35,0.42,6.89,6.68,rainy,0.238,high,20.37,0,Gujarat,2022,11
Ahmedabad,2W,2.78,88.35,41.52,3,4,public_slow,216.37,1.82,6.94,7.7,humid,0.29,middle,16.71,0,Gujarat,2023,4
Ahmedabad,2W,1.92,76.5,3,1,5,public_slow,161.1,3.66,0.16,9.58,rainy,0.215,low,10.37,1,Gujarat,2026,8
Ahmedabad,2W,2.7,79.2,26.26,3,5,home,363.95,1.88,4.35,8.64,extreme_heat,0.158,low,13.75,1,Gujarat,2026,5
Ahmedabad,2W,3.13,91.06,9.61,3,3,home,219.91,1.26,1.76,7.38,humid,0.418,low,18.81,0,Gujarat,2022,11
Ahmedabad,2W,2.62,80.67,35.4,3,3,public_slow,169.38,0.27,5.07,7.59,extreme_heat,0.056,low,13.36,0,Gujarat,2024,10
Ahmedabad,2W,2.47,90.11,46.03,2,3,home,307.83,4.31,7.6,7.71,humid,0.104,low,14.81,1,Gujarat,2022,9
Ahmedabad,2W,2.78,75.51,29.27,1,6,public_slow,198.07,2.5,6.67,9.18,clear,0.382,middle,16.71,1,Gujarat,2026,8
Ahmedabad,2W,3.75,90.26,26.95,3,5,public_fast,36.25,2.58,4.38,8.69,rainy,0.513,middle,20.22,1,Gujarat,2022,2
Ahmedabad,2W,2.53,79.72,38.1,3,5,public_slow,168.38,1.58,5.94,12.32,extreme_heat,0.502,high,12.89,1,Gujarat,2026,5
Ahmedabad,2W,2.92,97.38,30.04,2,1,public_slow,155.38,0.28,4.58,7.05,humid,0.277,low,17.53,0,Gujarat,2026,1
Ahmedabad,2W,2.26,80.39,58.17,1,3.33,home,394.15,0.83,9.68,8.75,rainy,0.26,middle,12.2,1,Gujarat,2026,12
Ahmedabad,2W,2.57,81.86,15.27,1,4,public_fast,37.29,1.76,2.84,8.73,extreme_heat,0.592,high,13.09,0,Gujarat,2025,9
Ahmedabad,2W,3.08,86.33,1,1,3,public_slow,102.77,0.73,0.16,6.02,extreme_heat,0.044,low,15.69,0,Gujarat,2021,5
Ahmedabad,2W,3.14,86.16,26.61,3,4,public_slow,178.75,0.08,4.36,9.21,rainy,0.29,low,16.97,0,Gujarat,2023,5
Ahmedabad,2W,3.11,81.58,11.33,3,5,public_fast,260.52,2.4,1.98,7.8,humid,0.44,low,18.68,0,Gujarat,2023,3
Ahmedabad,2W,2.53,92.37,21.01,3,4,home,258.15,2.11,3.34,6.76,clear,0.205,low,15.19,0,Gujarat,2021,6
Ahmedabad,2W,3.02,90,1,3,1,home,321.59,1.39,0.17,7.8,clear,0.265,low,18.14,0,Gujarat,2020,11
Ahmedabad,2W,2.58,96.15,9.57,1,1,public_slow,197.26,0.45,1.64,7.36,extreme_heat,0.338,low,15.45,0,Gujarat,2022,5
Ahmedabad,2W,2.59,84.05,49.86,2,4,home,424.59,2.38,6.7,7.18,humid,0.688,middle,15.54,0,Gujarat,2023,9
Ahmedabad,2W,2.8,74.2,34.92,2,4,home,330.6,4.04,6.95,10.84,extreme_heat,0.267,middle,14.28,1,Gujarat,2025,4
Ahmedabad,2W,2.37,79.24,10.91,1,5,home,281.42,2.57,1.48,8.28,extreme_heat,0.019,middle,12.06,1,Gujarat,2022,8
Ahmedabad,2W,3.46,78.71,41.44,3,4,public_fast,89.16,7.57,6.84,9.77,extreme_heat,0.074,low,17.64,1,Gujarat,2024,12
Ahmedabad,2W,2.65,102.42,40.63,3,2,public_slow,158.32,0.72,5.86,9.61,rainy,0.493,high,14.3,0,Gujarat,2019,5
Ahmedabad,2W,2.4,86.52,14.07,3,1,public_slow,225.1,1.15,3.07,7.61,clear,0.138,low,14.4,0,Gujarat,2022,7
Ahmedabad,2W,3,92.73,19.88,2,3,public_slow,153.52,0.62,5.1,8.6,rainy,0.702,middle,15.12,0,Gujarat,2023,7
Ahmedabad,2W,3.08,75.55,3.36,1,3,public_slow,234.86,0.36,0.63,10.21,extreme_heat,0.399,high,15.69,0,Gujarat,2025,6
Ahmedabad,2W,3.11,87.35,8.14,1,3,public_slow,186.14,1.36,1.65,6.5,clear,0.109,low,18.67,0,Gujarat,2022,2
Ahmedabad,2W,2.08,104.1,26.61,2,1,home,361.57,0.67,1.56,4.98,rainy,0.076,middle,11.22,0,Gujarat,2019,3
Ahmedabad,2W,3.06,69.09,39.31,3,5,public_fast,61.4,0.24,8.39,10.06,extreme_heat,0.011,low,15.6,1,Gujarat,2026,7
Ahmedabad,2W,2.64,89.93,27.83,4,6,home,316.06,0.92,4.32,7.25,humid,0.106,middle,15.85,1,Gujarat,2024,10
Ahmedabad,2W,2.14,85.58,21.92,1,6,public_slow,246.66,0.53,2.74,9.37,clear,0.115,low,12.83,1,Gujarat,2024,12
Ahmedabad,2W,2.19,92.56,18.97,1,2,public_fast,57.83,0.51,4.14,6.48,humid,0.409,high,13.15,0,Gujarat,2021,7
Ahmedabad,2W,3.53,94.09,26.14,3,2,public_slow,188.23,0.45,3.68,3.61,clear,0.378,middle,21.17,0,Gujarat,2020,8
Ahmedabad,2W,2.73,88.22,4.11,2.52,4,home,372.65,0.59,1,9.49,extreme_heat,0.359,middle,13.9,0,Gujarat,2026,1
Ahmedabad,2W,2.88,86.69,12.44,1,3,home,342.22,8.42,1.88,6.24,rainy,0.281,low,15.56,1,Gujarat,2023,12
Ahmedabad,2W,3.14,95.45,27.13,3,3,public_fast,29.14,2.94,3.75,7,rainy,0.262,middle,16.95,0,Gujarat,2023,11
Ahmedabad,2W,1.92,86.76,23.86,3,5,home,337.19,1.03,4.94,9.12,clear,0.139,low,11.52,1,Gujarat,2025,8
Ahmedabad,2W,3.24,90.31,29.56,2,3,public_slow,178.4,1.32,4.15,7.94,clear,0.327,middle,19.46,0,Gujarat,2022,2
Ahmedabad,2W,1.98,97.63,25.86,2,3,home,349.71,3.05,4.03,7.32,humid,0.225,low,11.91,1,Gujarat,2020,12
Ahmedabad,2W,2.86,80.23,15.33,3,6,home,282.25,0.37,3.08,7.62,humid,0.193,low,17.17,1,Gujarat,2026,4
Ahmedabad,2W,2.75,80.64,14.26,4,6,public_slow,135.68,0.77,2.33,9.88,rainy,0.657,low,14.86,1,Gujarat,2026,10
Ahmedabad,2W,3.1,96.64,8.35,1,3,home,198.84,2.41,1.37,5.02,humid,0.164,low,18.61,0,Gujarat,2020,10
Ahmedabad,2W,3.15,100.68,25.7,2,1,public_slow,126.66,0.12,4.01,7.8,clear,0.267,high,18.88,0,Gujarat,2019,8
Ahmedabad,2W,4.27,85.18,12.36,4,4,public_fast,50.23,1.05,1.95,7.18,rainy,0.14,high,23.07,0,Gujarat,2025,1
Ahmedabad,2W,3.5,85.33,28.13,1,6,public_fast,60.95,0.2,3.67,9.2,rainy,0.245,low,18.87,1,Gujarat,2025,4
Ahmedabad,2W,3.01,100.99,11.45,4,2,home,348.43,1.69,2.49,6.48,rainy,0.195,low,16.24,0,Gujarat,2019,4
Ahmedabad,2W,2.16,80.54,50.72,2,4,home,237.6,0.16,9.47,7.8,rainy,0.085,high,11.68,0,Gujarat,2025,6
Ahmedabad,2W,4.1,99.89,22.6,2,3,public_slow,180.96,1.82,3.72,5.86,clear,0.204,low,24.61,0,Gujarat,2021,10
Ahmedabad,2W,3.11,89.19,38.91,1,5,home,232.27,6.15,6.82,9.62,clear,0.568,low,18.65,1,Gujarat,2024,9
Ahmedabad,2W,3.08,82.54,41.94,2,5,public_fast,47.47,0.34,5.8,9.6,clear,0.171,middle,18.49,1,Gujarat,2025,8
Ahmedabad,2W,2.52,80.99,20.58,2.52,6,public_fast,55.38,1.34,2.59,12.26,rainy,0.461,low,13.58,1,Gujarat,2026,8
Ahmedabad,2W,2.97,86.7,7.39,2,6,home,213.12,1.9,1.75,11.18,clear,0.094,middle,17.85,0,Gujarat,2026,10
Ahmedabad,2W,2.93,105.31,37.77,3,3,home,197,0.97,6.73,6.67,clear,0.254,low,17.56,0,Gujarat,2020,1
Ahmedabad,2W,4.04,77.16,14.92,1,4,public_slow,132.12,3.99,2.27,8.05,extreme_heat,0.383,high,24.26,0,Gujarat,2026,1
Ahmedabad,2W,3.28,84.42,8.15,2,3,public_slow,191.16,0.47,1.38,9.21,extreme_heat,0.327,low,16.84,0,Gujarat,2026,7
Ahmedabad,2W,2.76,80.88,33.8,4,4,public_slow,206.39,1.1,4.79,7,rainy,0.074,low,14.91,0,Gujarat,2022,1
Ahmedabad,2W,2.96,85.92,24.99,2,5,public_slow,171.01,0.52,3.83,8.5,humid,0.386,high,17.78,1,Gujarat,2025,5
Ahmedabad,2W,2.97,91.66,45.51,3,5,home,310.17,1.08,7.56,8.7,rainy,0.141,high,16.02,1,Gujarat,2022,1
Ahmedabad,2W,3.05,72.32,28.36,4,4,public_slow,178.75,1.99,5.19,9.47,humid,0.403,low,18.28,1,Gujarat,2025,11
Ahmedabad,2W,2.26,89.33,7.79,2,2,home,408.63,1.99,1.41,6.62,humid,0.335,low,13.58,0,Gujarat,2023,5
Ahmedabad,2W,2.97,99.1,31.27,3,1,public_slow,169.97,2.01,6.55,6.49,humid,0.646,middle,17.85,0,Gujarat,2020,9
Ahmedabad,2W,2.91,97.28,6.19,2,4,public_fast,71.07,8.26,1.07,11.35,humid,0.131,middle,17.49,0,Gujarat,2023,3
Ahmedabad,2W,3.07,90.72,7.08,3,6,home,340.78,7.2,1.53,7.51,humid,0.396,middle,18.43,1,Gujarat,2025,11
Ahmedabad,2W,3.27,103.02,36.92,3,1,public_fast,58.31,5.54,6.02,7.09,extreme_heat,0.473,low,16.68,1,Gujarat,2021,2
Ahmedabad,2W,3.9,89.19,83.54,4,3,home,219,1.37,4.21,10.4,extreme_heat,0.607,low,23.38,1,Gujarat,2026,4
Ahmedabad,2W,3.11,85.44,31.45,4,3,public_slow,214.51,0.75,6.19,7.8,clear,0.228,middle,18.64,0,Gujarat,2026,3
Ahmedabad,2W,3.21,78.15,27.41,1,4,public_fast,24.5,4.45,4.31,10.48,extreme_heat,0.131,low,16.36,1,Gujarat,2026,5
Ahmedabad,2W,2.98,93,1,2,3,public_slow,189.88,0.14,0.23,8.92,clear,0.106,low,17.9,0,Gujarat,2024,4
Ahmedabad,2W,2.56,85.31,20.47,2,5,public_fast,19.39,1.95,2.87,9.45,rainy,0.421,low,13.85,1,Gujarat,2025,4
Ahmedabad,2W,3.16,81.94,1,3,5,home,392.02,0.17,0.15,9.35,extreme_heat,0.299,low,16.14,0,Gujarat,2026,11
Ahmedabad,2W,2.38,77.65,34.96,4,6,public_fast,85.14,0.32,5.46,10.53,extreme_heat,0.213,low,16.84,1,Gujarat,2026,9
Ahmedabad,2W,3.83,97.76,2.83,4,3,home,384.29,2.37,0.53,7.56,humid,0.263,middle,22.97,0,Gujarat,2021,3
Ahmedabad,2W,2.98,89.19,12.56,4,2,home,281.55,0.5,3.09,10.16,clear,0.281,low,17.9,0,Gujarat,2021,8
Ahmedabad,2W,3.42,90.25,32.47,1,3,home,258.17,4.11,5.9,9.58,rainy,0.373,middle,18.46,1,Gujarat,2023,3
Ahmedabad,2W,1.96,92.42,22.77,1,3.33,home,255.77,1.53,4.59,6.48,clear,0.639,low,11.73,0,Gujarat,2021,6
Ahmedabad,2W,2.92,102.91,42.21,3,2,home,236.27,1.27,5.9,2.97,humid,0.627,middle,17.52,0,Gujarat,2019,4
Ahmedabad,2W,3.47,101.22,32.09,3,2,public_slow,211.9,1.06,5.18,5.77,rainy,0.19,middle,18.75,0,Gujarat,2019,8
Ahmedabad,2W,1.96,86.19,42.81,2,4,public_slow,122.44,2.06,6.97,10.67,rainy,0.211,middle,10.6,0,Gujarat,2026,1
Ahmedabad,2W,2.94,97.72,20.34,2.52,2,public_slow,172.76,0.44,4.02,5.32,rainy,0.062,high,15.87,0,Gujarat,2019,9
Ahmedabad,2W,2.66,82.19,26.61,3,4,home,347.91,1.67,6.74,8.84,extreme_heat,0.208,low,13.57,0,Gujarat,2024,2
Ahmedabad,2W,3.38,105.21,32.24,3,1,public_slow,262.29,1.37,4.77,7.08,humid,0.358,middle,20.25,0,Gujarat,2020,8
Ahmedabad,2W,2.95,90.76,20.63,4,4,public_fast,22.6,3.84,4.36,9.69,extreme_heat,0.231,high,15.07,1,Gujarat,2026,1
Ahmedabad,2W,3.09,102.85,10.17,1,3,public_fast,19.41,3.69,4.36,7.32,humid,0.314,high,18.56,0,Gujarat,2019,6
Ahmedabad,2W,3,86.4,42.3,2,5,public_slow,178.83,7.14,5.63,9.69,clear,0.378,middle,15.86,1,Gujarat,2025,6
Ahmedabad,2W,3.82,82.18,23.72,2,5,home,345.76,0.36,4.46,9.62,humid,0.48,high,22.93,1,Gujarat,2026,1
Ahmedabad,2W,2.96,86.91,26.02,2,5,home,298.31,4.71,3.32,8.85,clear,0.325,middle,17.78,1,Gujarat,2026,3
Ahmedabad,2W,2.6,97.36,27.17,4,1,public_fast,23.93,5.47,3.63,6.77,humid,0.369,low,15.62,1,Gujarat,2020,6
Ahmedabad,2W,3.47,83.9,26.91,4,3.33,public_slow,178.75,0.81,4.58,10.62,clear,0.476,middle,20.81,0,Gujarat,2023,10
Ahmedabad,2W,3.17,105.02,21.47,4,4,public_fast,31.02,0.32,5.22,7.8,clear,0.362,low,19.03,0,Gujarat,2021,12
Ahmedabad,2W,3.07,96.88,37.86,3,1,home,247.51,1.14,6.17,6.59,clear,0.165,middle,16.84,0,Gujarat,2019,4
Ahmedabad,2W,3.11,84.51,36.29,2,5,home,333.38,8.77,6.59,9.54,extreme_heat,0.156,low,15.86,1,Gujarat,2025,1
Ahmedabad,2W,3.31,91.44,27.27,1,5,public_fast,84.91,2.05,4.19,10.68,extreme_heat,0.143,high,16.87,1,Gujarat,2025,2
Ahmedabad,2W,2.73,84.93,1,3,1,public_slow,173.93,1.99,0.14,6.91,clear,0.632,low,16.36,0,Gujarat,2021,1
Ahmedabad,2W,2.41,96.77,12.11,3,1,public_fast,52.28,3.47,4.36,4.77,rainy,0.531,high,13.03,1,Gujarat,2020,3
Ahmedabad,2W,3.67,82.54,29.79,3,3,public_fast,36.1,1.75,3.77,7.3,humid,0.229,low,22.01,0,Gujarat,2025,3
Ahmedabad,2W,3.65,91.43,22.28,2.52,4,home,263.22,1.86,3.83,7.27,clear,0.291,high,21.92,0,Gujarat,2022,8
Ahmedabad,2W,3.56,89.45,1,3,4,public_fast,68.77,5.46,0.22,7.5,rainy,0.18,high,19.23,0,Gujarat,2026,1
Ahmedabad,2W,3.34,89.19,14.68,2,2,home,346.35,0.79,2.22,6.47,rainy,0.31,low,18.02,0,Gujarat,2020,10
Ahmedabad,2W,3.33,72.97,29.64,3,5,home,335.38,0.07,5.13,9.84,clear,0.212,high,19.97,1,Gujarat,2026,2
Ahmedabad,2W,2.88,84.77,20.02,2,3,public_slow,196.65,1.99,3.97,7.31,humid,0.491,middle,17.29,0,Gujarat,2023,6
Ahmedabad,2W,3,88.37,21.56,2,4,public_fast,284.63,0.73,4.35,8.44,extreme_heat,0.301,low,16.84,0,Gujarat,2025,5
Ahmedabad,2W,3.51,86.46,46.39,2,3,home,326.35,0.84,7.62,7.97,extreme_heat,0.132,middle,17.9,0,Gujarat,2022,9
Ahmedabad,2W,3.72,90.2,32.32,2,3,public_slow,198.21,2.95,5.32,6.69,clear,0.386,high,22.33,0,Gujarat,2021,2
Ahmedabad,2W,3.38,88.58,4.64,3,4,home,345.35,0.86,0.68,6.5,extreme_heat,0.362,middle,17.23,0,Gujarat,2023,3
Ahmedabad,2W,2,95.05,19.92,2,2,home,319.95,2.61,2.73,7.13,clear,0.36,middle,11.97,0,Gujarat,2022,9
Ahmedabad,2W,3.39,103.06,29.23,2,3,public_slow,216.74,0.97,3.98,6.05,rainy,0.206,middle,18.31,0,Gujarat,2021,8
Ahmedabad,2W,3.42,91.14,14.88,3,3,public_slow,158.95,0.43,3.23,6.61,clear,0.29,low,20.5,0,Gujarat,2022,11
Ahmedabad,2W,2.75,87.1,25.73,5,4,public_slow,197.7,1.36,4.48,8.32,extreme_heat,0.123,middle,14.05,0,Gujarat,2024,11
Ahmedabad,2W,3.2,95.76,17.36,3,3.33,public_fast,72,0.87,3.38,8.81,humid,0.589,low,19.21,0,Gujarat,2021,8
Ahmedabad,2W,2.98,92.07,22.86,2,2,home,355.24,0.63,3.22,5.85,humid,0.268,high,17.89,0,Gujarat,2022,10
Ahmedabad,2W,2.82,87.32,43.62,2,3,public_slow,149.12,10.9,8.67,7.24,rainy,0.404,low,15.21,0,Gujarat,2021,4
Ahmedabad,2W,2.99,96.09,14.46,2,1,home,315.04,3.24,2.32,5.53,humid,0.445,middle,17.93,1,Gujarat,2021,1
Ahmedabad,2W,3.28,89.19,4.44,2,4,public_fast,77.44,0.12,0.59,8.31,humid,0.116,low,19.69,0,Gujarat,2023,8
Ahmedabad,2W,3.23,92.87,26.61,3,6,home,321.18,2.39,3.56,7.79,humid,0.085,high,19.35,1,Gujarat,2024,6
Ahmedabad,2W,3,92.47,24.28,1,5,public_fast,44.35,2.59,4.27,9.8,extreme_heat,0.549,low,15.6,1,Gujarat,2024,12
Ahmedabad,2W,2.87,77.27,28.38,3,3,public_fast,69.65,1.43,5.07,11.22,rainy,0.332,low,15.48,0,Gujarat,2026,1
Ahmedabad,2W,2.16,93.44,36.17,3,2,home,286.93,2.53,6.1,6.93,extreme_heat,0.486,low,11.04,0,Gujarat,2021,11
Ahmedabad,2W,3.29,99.37,17.89,2,2,public_fast,20.41,1.54,4.36,6.79,extreme_heat,0.307,middle,19.74,0,Gujarat,2019,11
Ahmedabad,2W,2.98,79.3,19.63,3,5,public_slow,115.43,6.98,3.04,8.55,extreme_heat,0.317,low,16.84,1,Gujarat,2026,11
Ahmedabad,2W,2.7,82.79,17.09,2,4,public_fast,73.41,2.18,2.31,6.45,humid,0.189,high,16.2,0,Gujarat,2024,5
Ahmedabad,2W,3.15,96.87,38.06,2,5,public_slow,160.77,0.5,5.11,7,extreme_heat,0.387,middle,16.09,0,Gujarat,2023,8
Ahmedabad,2W,2.3,92.23,5.45,1,2,public_slow,189.7,0.91,4.36,5.44,humid,0.253,middle,13.81,0,Gujarat,2020,12
Ahmedabad,2W,3.11,89.19,24.9,3,3,public_fast,53.82,0.91,3.82,6.35,extreme_heat,0.541,middle,15.84,0,Gujarat,2021,9
Ahmedabad,2W,2.69,87.32,27.38,1,7,home,259.6,0.45,4.3,10.65,rainy,0.202,low,14.53,1,Gujarat,2025,11
Ahmedabad,2W,2.4,99.32,42.2,5,3,public_slow,175.59,0.41,5.62,8.39,humid,0.156,low,14.41,0,Gujarat,2022,3
Ahmedabad,2W,3.49,80.53,24.93,2,4,home,223.41,2.89,3.44,9.87,rainy,0.468,middle,18.86,0,Gujarat,2026,3
Ahmedabad,2W,2.4,103.07,15.22,2,4,public_slow,171.81,6.68,2.16,8.85,clear,0.172,low,14.41,1,Gujarat,2021,1
Ahmedabad,2W,3.54,92.6,1,2,1,public_slow,176.45,5.07,0.16,5.74,extreme_heat,0.307,low,18.04,0,Gujarat,2020,1
Ahmedabad,2W,3.84,88.44,29.25,1,4,public_fast,89.03,0.02,7.05,6.91,rainy,0.799,middle,20.76,0,Gujarat,2022,10
Ahmedabad,2W,3.28,87.98,13.21,4,4,public_slow,177.25,0.9,2.1,10.31,humid,0.29,middle,19.71,0,Gujarat,2024,9
Ahmedabad,2W,2.24,97.86,23.12,3,3,public_fast,48.17,0.24,3.16,7.83,humid,0.226,high,13.46,0,Gujarat,2020,7
Ahmedabad,2W,2.98,91.7,29.21,2,5,home,225.63,1.14,7.98,8,humid,0.134,low,17.87,1,Gujarat,2022,3
Ahmedabad,2W,3.12,85.02,18.6,3,3,home,288.33,1.14,2.9,9.47,rainy,0.212,low,16.83,0,Gujarat,2024,7
Ahmedabad,2W,3.26,98.74,27.79,4,3,public_fast,178.75,2.04,4.1,6.64,humid,0.322,high,19.57,0,Gujarat,2020,8
Ahmedabad,2W,2.97,87.19,44.77,4,4,public_slow,189.31,4.44,8.95,9.52,humid,0.228,low,17.84,1,Gujarat,2023,11
Ahmedabad,2W,3.27,96.18,22.24,4,1,public_slow,218.33,2.51,4.06,5.53,extreme_heat,0.281,middle,16.7,0,Gujarat,2019,12
Ahmedabad,2W,3.51,68.62,26.61,3,7,home,309.24,2.59,1.97,8.45,humid,0.157,middle,21.04,1,Gujarat,2026,1
Ahmedabad,2W,2.78,85.22,23.57,2,5,home,178.75,2.44,4.05,8.18,extreme_heat,0.451,low,14.16,1,Gujarat,2025,9
Ahmedabad,2W,2.92,81.85,40.21,4,6,home,224.51,1.68,6.28,11.52,rainy,0.114,middle,15.75,0,Gujarat,2025,4
Ahmedabad,2W,3.24,89.68,43.41,4,4,public_fast,50.46,0.83,2.47,7.18,rainy,0.222,low,17.5,0,Gujarat,2020,4
Ahmedabad,2W,4.14,84.46,38.9,4,6,public_fast,62.6,3.5,9.48,8.81,clear,0.407,low,24.87,1,Gujarat,2025,11
Ahmedabad,2W,4.09,103.58,26.61,1,2,public_fast,59.31,3.88,4.44,5.75,extreme_heat,0.172,low,20.84,1,Gujarat,2020,4
Ahmedabad,2W,3,94.58,42.51,1,4,public_fast,28.41,1.99,7.66,9.21,extreme_heat,0.421,low,15.07,0,Gujarat,2023,2
Ahmedabad,2W,2.69,96.17,51.47,2,1,public_slow,180.13,0.7,8.71,5.75,extreme_heat,0.268,middle,13.72,0,Gujarat,2019,5
Ahmedabad,2W,3.05,89.19,34.16,1,6,public_slow,156.07,1.7,5.11,8.88,clear,0.229,high,18.32,1,Gujarat,2025,1
Ahmedabad,2W,2.58,93.33,41.87,1,3,public_slow,217.07,2.09,5.88,9.72,extreme_heat,0.273,high,13.15,0,Gujarat,2022,5
Ahmedabad,2W,2.93,90.56,54.41,2,3.33,home,321.41,3.65,7.09,7.44,humid,0.32,low,17.55,1,Gujarat,2022,5
Ahmedabad,2W,2.7,77.56,26.61,4,6,public_fast,78.02,0.48,3.55,9.93,clear,0.155,middle,16.84,1,Gujarat,2026,2
Ahmedabad,2W,2.88,84.53,25.48,1,3,home,317.64,1.69,4.06,7.31,humid,0.213,low,16.84,0,Gujarat,2021,3
Ahmedabad,2W,2.5,103.48,12.61,2,1,home,302.56,3.19,2.51,6.82,humid,0.223,low,14.98,1,Gujarat,2019,11
Ahmedabad,2W,3.5,75.52,28.12,2,3,public_fast,39.55,0.45,5.34,9.49,clear,0.09,high,21.01,0,Gujarat,2024,1
Ahmedabad,2W,3.45,88.2,47.05,3,5,public_slow,182.54,0.66,6.42,9.25,extreme_heat,0.312,middle,17.6,1,Gujarat,2024,8
Ahmedabad,2W,2.66,79.23,5.72,2,3.33,public_slow,177.91,4.29,0.62,8.89,rainy,0.276,low,14.35,1,Gujarat,2025,5
Ahmedabad,2W,2.53,92.76,21,4,1,public_slow,179.38,0.3,3.13,6.52,rainy,0.638,high,13.67,0,Gujarat,2019,10
Ahmedabad,2W,3.38,91.32,26.15,3,4,home,389.79,3.09,4.84,8.74,humid,0.446,low,20.26,1,Gujarat,2025,4
Ahmedabad,2W,3.43,90.63,40.1,2,3,home,246.77,1.99,6.46,7.25,humid,0.452,middle,20.58,0,Gujarat,2021,4
Ahmedabad,2W,2.87,92.91,18.18,3,3,public_fast,42.86,1.99,3.18,8.13,humid,0.247,low,17.22,0,Gujarat,2024,2
Ahmedabad,2W,2.53,79.38,22.56,1,6,public_fast,60.16,1.16,3.65,9.75,clear,0.136,low,15.19,1,Gujarat,2026,4
Ahmedabad,2W,2.86,99.43,7,3,1,home,262.73,0.39,0.98,5.02,humid,0.285,middle,17.18,0,Gujarat,2020,2
Ahmedabad,2W,2.25,87.88,54.04,2,3,public_fast,52.51,0.37,11.49,8.68,clear,0.306,low,13.51,0,Gujarat,2025,5
Ahmedabad,2W,2.7,79.43,56.61,3,3,public_fast,17.86,5.92,11.99,7.23,humid,0.419,low,16.18,1,Gujarat,2022,8
Ahmedabad,2W,3.75,93.25,21.85,1,3,home,229.92,2.54,2.47,7.32,rainy,0.2,middle,20.27,0,Gujarat,2023,10
Ahmedabad,2W,3.01,92.58,66.81,2,4,public_fast,60.4,3.63,12.19,8.3,rainy,0.103,low,16.28,1,Gujarat,2022,7
Ahmedabad,2W,2.45,87.4,87.29,3,4,home,343.08,2.58,4.8,7.7,extreme_heat,0.102,high,12.48,0,Gujarat,2021,11
Ahmedabad,2W,3.1,92.62,56.75,2,3,home,271.74,0.18,7.12,7.33,clear,0.582,low,18.6,0,Gujarat,2022,7
Ahmedabad,2W,3.39,93.77,15.57,2,2,home,211.07,0.55,2.49,6.11,humid,0.219,high,20.34,0,Gujarat,2019,7
Ahmedabad,2W,3.16,93,27.64,5,4,public_fast,79.79,4.37,3.76,7.8,humid,0.446,middle,18.99,1,Gujarat,2023,4
Ahmedabad,2W,3.12,85.73,23.51,2,3,public_fast,178.75,2.19,3.98,7.07,humid,0.269,middle,18.7,0,Gujarat,2022,2
Ahmedabad,2W,2.6,78.67,24.65,1,6,home,178.75,0.08,5.16,10.05,rainy,0.278,middle,14.06,1,Gujarat,2026,4
Ahmedabad,2W,3.84,86.05,32.64,1,3,public_fast,89.83,3.72,5.17,8.3,clear,0.442,high,23.02,1,Gujarat,2023,11
Ahmedabad,2W,3.17,84.3,60.57,3,4,public_slow,176.52,0.87,13.01,7.99,clear,0.687,low,19.02,0,Gujarat,2024,2
Ahmedabad,2W,2.41,90.63,17.57,1,3,public_fast,67.87,0.6,3.33,7.08,clear,0.228,low,14.46,0,Gujarat,2022,8
Ahmedabad,2W,3.28,95.73,1,2,4,home,282.33,2.53,0.17,7.8,clear,0.332,middle,19.69,0,Gujarat,2022,11
Ahmedabad,2W,3.98,107.73,14.17,2,1,public_slow,153.12,7.28,2.92,5.64,rainy,0.282,low,21.49,0,Gujarat,2019,10
Ahmedabad,2W,3,89.02,4.43,2,2,home,314.49,0.49,0.68,9.42,humid,0.117,high,13.5,0,Gujarat,2022,8
Ahmedabad,2W,1.79,97.39,17.46,2,1,public_fast,16.85,6.8,4.36,6.89,clear,0.044,middle,10.72,1,Gujarat,2019,3
Ahmedabad,2W,3.49,80.34,15.74,4,5,public_slow,134.33,1.1,2.41,8.94,humid,0.12,middle,20.93,1,Gujarat,2024,7
Ahmedabad,2W,2.84,76.66,13.51,3,3,public_fast,67.72,1.16,2.53,7.85,humid,0.291,middle,17.04,0,Gujarat,2025,11
Ahmedabad,2W,2.94,86.87,26.86,2,5,home,332.11,2.03,3.5,9.1,humid,0.349,middle,17.64,1,Gujarat,2025,1
Ahmedabad,2W,2.86,94.32,17.4,1,2,home,285.5,1.56,4.36,8,clear,0.37,high,17.14,0,Gujarat,2026,1
Ahmedabad,2W,3.04,93.08,1,2,4,public_slow,200.32,0.19,0.2,5.78,humid,0.359,middle,18.25,0,Gujarat,2021,1
Ahmedabad,2W,3.26,83.32,22.17,4,3,public_fast,70.35,1.24,4.79,7.96,extreme_heat,0.145,low,16.64,0,Gujarat,2024,12
Ahmedabad,2W,2.41,83.41,31.66,4,3,public_fast,45.76,0.2,5.66,8.63,extreme_heat,0.29,middle,12.28,0,Gujarat,2023,9
Ahmedabad,2W,2.52,87.89,44.79,2,4,public_slow,139.31,1.43,7.5,9.22,extreme_heat,0.178,low,12.88,0,Gujarat,2023,9
Ahmedabad,2W,3,80.52,33.43,2,6,home,479.04,0.64,6.31,8.85,rainy,0.386,low,16.18,1,Gujarat,2025,4
Ahmedabad,2W,2.19,96.04,40.81,1,2,public_fast,276.92,3.11,6.97,7.81,clear,0.477,middle,13.16,1,Gujarat,2021,4
Ahmedabad,2W,3.25,74.28,29.76,2,3.33,public_slow,185.22,2.63,7.26,8.98,clear,0.18,middle,19.51,1,Gujarat,2025,9
Ahmedabad,2W,1.99,80.68,22.96,3,1,public_slow,86.07,0.32,3.91,6.08,extreme_heat,0.117,low,11.92,0,Gujarat,2021,9
Ahmedabad,2W,3.24,94.37,8.8,1,3,public_slow,164.95,1.48,1.8,8.38,clear,0.307,low,19.47,0,Gujarat,2021,5
Ahmedabad,2W,2.65,102.59,11.43,2,3,public_fast,45.72,0.81,1.86,7.86,extreme_heat,0.48,low,13.53,0,Gujarat,2021,12
Ahmedabad,2W,3.19,79.44,37.15,3,4,home,280,3.59,6.68,8.82,extreme_heat,0.24,middle,16.29,1,Gujarat,2025,10
Ahmedabad,2W,3.93,77.27,26.9,2,5,home,257.47,1.99,4.42,6.74,rainy,0.026,high,21.22,1,Gujarat,2025,10
Ahmedabad,2W,3.2,88.43,26.61,2,3.33,home,322.6,2.1,4.24,8.62,humid,0.08,low,19.22,0,Gujarat,2023,11
Ahmedabad,2W,2.89,89.04,50.88,2,4,home,217.37,1.26,10.6,7.58,clear,0.281,low,17.32,0,Gujarat,2024,1
Ahmedabad,2W,3.01,100.78,27.12,3,4,home,273.26,0.23,3.53,6.91,clear,0.396,high,18.03,0,Gujarat,2021,6
Ahmedabad,2W,3.86,79.21,15.54,2,4,home,267.04,6.05,3.4,8.54,extreme_heat,0.274,middle,19.69,1,Gujarat,2025,10
Ahmedabad,2W,1.99,84.38,31.13,4,3,home,304.6,1.2,5.14,7.99,humid,0.475,low,11.95,0,Gujarat,2023,9
Ahmedabad,2W,3.11,90.04,36.1,1,2,home,268.29,1.81,4.87,7.3,humid,0.235,low,18.67,0,Gujarat,2021,3
Ahmedabad,2W,2.64,78.28,49.87,3,4,public_fast,36.28,0.1,8.33,8.38,extreme_heat,0.062,middle,13.46,0,Gujarat,2026,6
Ahmedabad,2W,3.23,89.25,31.1,3,3,public_fast,50.65,2.21,4.36,6.83,clear,0.218,low,19.4,0,Gujarat,2021,11
Ahmedabad,2W,2.81,87.3,60.45,2,1,public_slow,110.56,3.24,8.77,7.33,humid,0.424,middle,16.87,1,Gujarat,2021,11
Ahmedabad,2W,2.7,91.3,20.13,4,3.33,public_slow,148.04,0.37,3.17,7.34,humid,0.041,middle,16.17,0,Gujarat,2021,2
Ahmedabad,2W,2.28,107.86,50.04,3,3,public_fast,72.6,0.9,8.44,6.51,clear,0.276,middle,13.66,0,Gujarat,2019,4
Ahmedabad,2W,2.53,78.83,31.3,3,4,home,177.29,4.19,5.58,11.57,clear,0.18,middle,15.18,1,Gujarat,2025,10
Ahmedabad,2W,4.18,89.19,15.37,3,4,home,248.02,1.02,2.63,7.87,humid,0.138,middle,25.08,0,Gujarat,2022,5
Ahmedabad,2W,2.68,93.22,39.18,1,2,public_fast,85.61,2.09,5.58,6.35,extreme_heat,0.457,middle,14.46,0,Gujarat,2021,7
Ahmedabad,2W,3.39,86.82,13.74,2,5,home,290.53,3.43,2.22,11.04,clear,0.383,middle,20.37,1,Gujarat,2025,10
Ahmedabad,2W,3.38,93.8,35.8,3,3.33,home,194.35,1.35,5.72,8.09,extreme_heat,0.102,high,17.21,1,Gujarat,2023,11
Ahmedabad,2W,2.22,95.01,44.69,3,5,public_fast,76.13,0.53,10.57,7.8,clear,0.379,high,13.32,1,Gujarat,2022,8
Ahmedabad,2W,2.16,94.3,33.32,4,4,home,326.8,1.01,3.69,5.16,humid,0.076,low,12.97,0,Gujarat,2021,8
Ahmedabad,2W,2.51,84.71,20.32,4,5,public_slow,196.43,2.37,2.45,7.66,clear,0.2,low,15.06,1,Gujarat,2026,9
Ahmedabad,2W,2.81,92.68,1,2,4,public_fast,58.46,8.31,0.14,9.81,rainy,0.321,low,15.16,0,Gujarat,2021,8
Ahmedabad,2W,2.83,88.12,31.22,3,3,home,363.08,0.38,4.8,7.55,humid,0.281,low,16.97,0,Gujarat,2021,6
Ahmedabad,2W,2.7,88,11.83,3,3,home,267.7,2.4,1.75,8.99,clear,0.439,low,16.22,0,Gujarat,2022,5
Ahmedabad,2W,3.54,80.77,10.03,1,3,public_slow,174.15,0.83,2.55,10.56,extreme_heat,0.204,low,18.03,0,Gujarat,2024,11
Ahmedabad,2W,2.74,80.81,41.58,2,3,public_slow,182.3,1.86,7.42,11.49,rainy,0.202,low,16.84,0,Gujarat,2026,12
Ahmedabad,2W,2.72,90.96,18.68,2,5,public_fast,93,0.67,3.58,6.55,rainy,0.324,high,14.7,1,Gujarat,2023,2
Ahmedabad,2W,2.7,102.4,48.63,2,3,public_fast,59.36,4.75,3.21,6.58,extreme_heat,0.462,middle,13.76,1,Gujarat,2021,9
Ahmedabad,2W,2.99,79.63,22.09,3,6,public_fast,64.14,4.85,5.75,8.53,extreme_heat,0.369,middle,15.23,1,Gujarat,2025,3
Ahmedabad,2W,3.67,75.79,32.9,4,6,public_slow,121.74,2.67,5.4,7.91,extreme_heat,0.094,low,18.71,1,Gujarat,2025,10
Ahmedabad,2W,2.67,90.53,34.8,3,4,public_fast,70.16,0.16,5.29,7.02,extreme_heat,0.249,low,13.62,0,Gujarat,2022,1
Ahmedabad,2W,3,90.71,31.26,1,3,home,255.1,1.14,5.87,8.86,humid,0.188,middle,14.85,0,Gujarat,2023,9
Ahmedabad,2W,2.62,75.3,20.28,4,6,home,244,4.23,4.67,10.29,extreme_heat,0.26,low,13.39,1,Gujarat,2026,4
Ahmedabad,2W,3.22,91.69,37.51,2.52,3,home,240.96,2.75,5.44,6.41,humid,0.286,middle,19.34,0,Gujarat,2022,5
Ahmedabad,2W,3.84,94.37,26.61,2,2,public_slow,215.67,1.06,4.67,7.53,extreme_heat,0.415,high,19.57,0,Gujarat,2021,5
Ahmedabad,2W,3.14,90.69,1,1,5,public_fast,7.08,3.24,0.22,8.89,humid,0.397,middle,18.86,1,Gujarat,2023,8
Ahmedabad,2W,3.36,75.89,22.2,5,6,public_slow,209.24,1.99,4.37,9.66,extreme_heat,0.471,low,17.12,1,Gujarat,2026,3
Ahmedabad,2W,2.77,106.34,7.17,3,4,public_slow,125.03,0.04,1.09,7.24,rainy,0.169,high,14.94,0,Gujarat,2020,3
Ahmedabad,2W,3.58,86.69,34.11,3,5,home,299.41,1.39,4.87,8.42,rainy,0.158,middle,19.32,1,Gujarat,2025,6
Ahmedabad,2W,1.47,85.78,52.03,3,3,public_slow,245.94,1.48,8.14,7.8,rainy,0.465,high,7.96,0,Gujarat,2024,11
Ahmedabad,2W,3.1,98.34,30.73,4,3,home,253.75,2,4.27,6.53,rainy,0.151,middle,16.72,0,Gujarat,2020,4
Ahmedabad,2W,1.76,90.79,34.68,3,2,public_slow,228.5,5.32,6.27,7.14,extreme_heat,0.186,middle,8.98,1,Gujarat,2021,8
Ahmedabad,2W,2.31,97.25,39.15,4,4,public_fast,56.78,0.03,6.08,7.47,rainy,0.612,low,12.47,0,Gujarat,2021,11
Ahmedabad,2W,2.97,101.66,37.88,3,2,public_fast,78.77,0.84,6.01,6.94,humid,0.136,middle,16.84,0,Gujarat,2021,12
Ahmedabad,2W,2.67,78.28,38.97,1,5,home,352.72,3.77,6.2,8.03,extreme_heat,0.258,middle,13.64,1,Gujarat,2024,7
Ahmedabad,2W,3.49,97.48,35.19,3,4,public_slow,147.28,1.55,6.38,4.61,extreme_heat,0.326,low,17.82,0,Gujarat,2019,1
Ahmedabad,2W,2.94,84.44,11.35,4,6,public_slow,199.86,0.58,2.05,7.68,extreme_heat,0.353,low,15,1,Gujarat,2025,5
Ahmedabad,2W,2.75,87.84,35.26,1,4,public_fast,34.38,0.51,5.4,9.42,rainy,0.405,middle,14.86,0,Gujarat,2025,6
Ahmedabad,2W,2.99,82.15,30.43,2,2,public_slow,103.12,7.83,5.72,7.14,clear,0.153,middle,17.92,1,Gujarat,2021,6
Ahmedabad,2W,3.2,85.62,24.58,4,4,public_slow,178.77,2.16,4.07,8.32,clear,0.428,middle,19.19,0,Gujarat,2023,7
Ahmedabad,2W,3.13,88.93,9.13,2.52,4,public_slow,167.09,0.73,1.34,7.54,humid,0.393,middle,18.79,0,Gujarat,2023,5
Ahmedabad,2W,3.1,81.54,41.42,4,5,home,342.93,0.3,7.5,7.53,humid,0.118,middle,18.59,1,Gujarat,2025,1
Ahmedabad,2W,2.74,78.37,45.05,2,6,home,238.57,3.41,9.47,10.68,clear,0.167,high,16.44,1,Gujarat,2026,1
Ahmedabad,2W,2.26,101.01,42.49,2,3,public_fast,57.88,2.43,8.42,6.98,extreme_heat,0.06,low,11.53,0,Gujarat,2021,3
Ahmedabad,2W,2.54,94.7,14.78,4,2,home,318.47,0.71,2.57,6.72,rainy,0.597,low,13.7,0,Gujarat,2021,11
Ahmedabad,2W,3.07,78.08,26.61,3,4,home,372.57,1.15,4.9,6.49,rainy,0.382,low,16.59,0,Gujarat,2023,6
Ahmedabad,2W,2.99,97.79,24.12,3,1,public_slow,221.73,1.94,3.21,6.31,humid,0.46,high,17.93,0,Gujarat,2020,8
Ahmedabad,2W,3.42,89.67,45.52,4,3,home,178.75,0.15,7.55,8.03,rainy,0.073,middle,18.47,0,Gujarat,2024,11
Ahmedabad,2W,3.54,70.5,24.45,2,4,home,367.62,2.86,2.88,10.68,rainy,0.121,middle,19.1,1,Gujarat,2026,12
Ahmedabad,2W,2.72,82.83,20.43,2,5,public_fast,63.22,0.75,3.68,6.97,clear,0.333,low,16.3,1,Gujarat,2025,6
Ahmedabad,2W,3.44,103.52,25.92,2,2,public_slow,229.07,0.69,4.42,7.5,rainy,0.229,middle,18.57,0,Gujarat,2020,8
Ahmedabad,2W,2.63,102.41,13.86,2,1,public_fast,56.54,0.67,2.04,7.44,humid,0.29,middle,15.78,0,Gujarat,2020,11
Ahmedabad,2W,3.6,86.39,44.36,2,5,public_fast,85.37,0.35,6.93,8.95,rainy,0.111,low,19.45,1,Gujarat,2022,9
Ahmedabad,2W,3.23,79.54,32.38,4,4,public_fast,101.25,1.12,5.4,8.81,clear,0.414,low,19.36,0,Gujarat,2025,4
Ahmedabad,2W,3.61,91.18,21.44,3,3,public_slow,128.72,0.29,2.92,6.99,extreme_heat,0.146,middle,18.39,0,Gujarat,2021,12
Ahmedabad,2W,2.84,99.7,26.61,3,2,home,212.46,0.86,0.83,6.63,rainy,0.334,low,15.33,0,Gujarat,2020,2
Ahmedabad,2W,2.84,99.78,17.78,3,1,public_fast,76.02,1.25,2.76,6.5,rainy,0.459,low,15.34,0,Gujarat,2020,4
Ahmedabad,2W,2.84,90.5,34.34,3,4,public_fast,47.89,1,4.93,7.32,rainy,0.445,low,15.34,0,Gujarat,2021,9
Ahmedabad,2W,2.76,89.22,35.76,3,3.33,public_slow,112.22,2.19,5.94,7.19,humid,0.17,low,16.57,0,Gujarat,2023,4
Ahmedabad,2W,2.34,88.14,1,3,4,public_fast,34.71,6.25,0.17,9.21,extreme_heat,0.467,low,11.95,0,Gujarat,2024,7
Ahmedabad,2W,4.1,99.24,22.74,3,2,home,296.1,0.01,3.18,5.05,rainy,0.365,low,22.13,0,Gujarat,2020,8
Ahmedabad,2W,2.12,92.66,45.82,3,1,public_slow,216.69,1.28,8.89,7.33,humid,0.51,low,12.75,0,Gujarat,2019,12
Ahmedabad,2W,3.42,89.19,11.23,4,5,home,369.49,1.41,2.02,9.03,humid,0.551,low,20.5,0,Gujarat,2024,12
Ahmedabad,2W,4.25,87.47,14.59,2,3,home,266.43,0.4,2.8,8.04,rainy,0.506,low,22.96,0,Gujarat,2026,1
Ahmedabad,2W,3.54,103.34,31.33,5,2,public_fast,67.4,2.31,5.85,5.4,clear,0.198,low,21.25,0,Gujarat,2019,6
Ahmedabad,2W,3.6,90.67,35.62,2,2,public_slow,223.51,0.62,4.36,8.98,extreme_heat,0.468,high,18.37,0,Gujarat,2023,2
Ahmedabad,2W,2.83,85.06,15.16,3,3,home,220.91,0.26,2.42,9.29,humid,0.406,middle,17.01,0,Gujarat,2024,8
Ahmedabad,2W,2.64,95.67,29.15,3,2,home,398.23,4.53,4.53,7.12,clear,0.357,middle,15.86,1,Gujarat,2020,7
Ahmedabad,2W,3,90.15,52.67,2,2,public_fast,97.11,1.74,13.57,6.15,clear,0.355,low,18,0,Gujarat,2020,5
Ahmedabad,2W,2.61,89.19,1,2,6,public_fast,46.96,1.99,4.36,7.8,humid,0.072,low,15.69,1,Gujarat,2024,3
Ahmedabad,2W,3.41,88.59,26.61,1,6,public_fast,72.5,0.59,1.07,7.83,clear,0.015,low,20.49,0,Gujarat,2025,11
Ahmedabad,2W,3.32,76.94,40.76,3,5,public_fast,89.22,0.43,5.57,10.43,humid,0.133,low,19.91,1,Gujarat,2026,6
Ahmedabad,2W,3,93.02,12.17,4,2,public_slow,157.57,1.96,3.03,5.76,humid,0.284,high,15.64,0,Gujarat,2020,6
Ahmedabad,2W,2.78,89.52,38.84,3,3,home,232.1,0.2,7.25,9.08,humid,0.309,low,16.67,0,Gujarat,2023,8
Ahmedabad,2W,3.36,75.66,45.98,4,4,public_fast,88.9,0.94,2.22,10.28,humid,0.113,high,20.17,0,Gujarat,2026,11
Ahmedabad,2W,3.26,89.38,19.28,2,3,home,341.7,2.14,3.24,8.46,humid,0.252,low,19.56,0,Gujarat,2022,11
Ahmedabad,2W,2.7,81.28,7.14,2,1,public_fast,29.06,2.53,1.09,9.18,humid,0.145,high,16.2,0,Gujarat,2022,5
Ahmedabad,2W,2.58,85.14,11.18,3,5,public_fast,60.95,2.5,1.67,8.48,humid,0.405,low,15.49,1,Gujarat,2024,2
Ahmedabad,2W,2.31,91.31,1.67,1,3,public_fast,80.66,1.35,0.37,8.98,extreme_heat,0.126,middle,11.77,0,Gujarat,2023,3
Ahmedabad,2W,3.46,81.39,8.31,2,5,public_slow,152.92,0.75,1.26,8.01,extreme_heat,0.29,low,17.63,0,Gujarat,2023,1
Ahmedabad,2W,3.09,86.16,22.32,3,6,public_fast,331.85,0.01,3.07,9.98,humid,0.166,high,18.55,1,Gujarat,2024,7
Ahmedabad,2W,3.31,93.2,33.1,2,4,public_slow,255.24,0.17,4.36,7.52,extreme_heat,0.559,low,16.9,0,Gujarat,2020,6
Ahmedabad,2W,3.96,84.33,25.42,1,5,public_fast,103.15,1.9,3.74,7.11,clear,0.325,middle,23.78,1,Gujarat,2026,1
Ahmedabad,2W,3.34,102.54,26.75,4,2,home,363.92,0.38,5.8,5.34,extreme_heat,0.468,high,17.03,0,Gujarat,2019,10
Ahmedabad,2W,2.01,97.88,40.43,3,2,home,398.01,1.13,6.04,8.25,humid,0.454,low,12.04,0,Gujarat,2020,1
Ahmedabad,2W,3.26,86.55,44.91,2,2,home,361.14,1.2,7.09,8.2,extreme_heat,0.044,low,16.63,0,Gujarat,2024,4
Ahmedabad,2W,3.09,95.07,42.5,2,3,public_fast,80.97,0.06,5.91,7.39,rainy,0.214,middle,16.71,0,Gujarat,2021,11
Ahmedabad,2W,3.81,98.82,1,2,1,public_fast,60.72,1.12,0.14,4.95,extreme_heat,0.065,middle,19.41,0,Gujarat,2019,4
Ahmedabad,2W,2.44,103.02,27.35,4,1,public_slow,91.61,5.53,5.53,5.4,humid,0.176,low,14.62,1,Gujarat,2020,6
Ahmedabad,2W,3,83.03,40.61,2,4,public_fast,49.75,6.65,7.34,7.08,extreme_heat,0.505,middle,14.82,1,Gujarat,2024,3
Ahmedabad,2W,2.83,86.02,53.62,2,4,home,339.44,2.86,10.14,9.38,clear,0.132,middle,16.98,0,Gujarat,2023,9
Ahmedabad,2W,3.58,80.4,17.18,5,6,home,289.1,1.01,3.15,9.7,clear,0.129,middle,21.51,1,Gujarat,2026,9
Ahmedabad,2W,2.85,82.23,10.14,3,3,public_slow,191.45,0.23,1.86,6.03,rainy,0.307,high,15.4,0,Gujarat,2023,8
Ahmedabad,2W,1.96,86.5,39.53,3,6,public_slow,147.76,1.47,5.12,8.9,clear,0.065,low,11.77,1,Gujarat,2025,10
Ahmedabad,2W,3.77,102.1,14.07,2,1,public_slow,172.27,0.52,2.15,5.26,extreme_heat,0.146,middle,19.24,0,Gujarat,2019,9
Ahmedabad,2W,2.42,97.46,26.51,1,4,home,252.48,0.72,3.28,7.7,rainy,0.53,high,13.06,0,Gujarat,2023,7
Ahmedabad,2W,2.19,97.96,8.36,2,3,public_fast,52.67,0.95,1.34,6.43,clear,0.29,low,13.14,0,Gujarat,2021,10
Ahmedabad,2W,3.25,89.99,30.66,4,2,public_fast,386.42,1.26,4.87,5.41,extreme_heat,0.263,middle,16.59,0,Gujarat,2019,11
Ahmedabad,2W,3.59,102.62,17.5,3,2,public_fast,52.62,4.35,3,5.35,clear,0.474,low,16.84,1,Gujarat,2019,5
Ahmedabad,2W,3.89,105.38,6.11,4,1,home,317.96,0.71,1.02,6.61,extreme_heat,0.323,middle,19.83,0,Gujarat,2019,7
Ahmedabad,2W,3.74,74.68,9.33,3,3,public_slow,134.64,2.09,1.81,10.01,extreme_heat,0.153,low,19.06,0,Gujarat,2026,8
Ahmedabad,2W,2.73,109.92,20.6,4,1,public_slow,178.03,6.93,3.62,7.26,rainy,0.233,high,14.75,1,Gujarat,2019,4
Ahmedabad,2W,2.65,87.83,59.56,4,3,public_fast,76.03,2.35,4.31,4.43,humid,0.476,low,15.92,0,Gujarat,2019,8
Ahmedabad,2W,1.71,94.89,13.7,3,3,public_fast,58.84,0.27,2.19,7.86,clear,0.13,low,10.28,0,Gujarat,2021,10
Ahmedabad,2W,3.29,67.57,30.29,1,6,public_slow,163.31,0.66,5.23,12.24,humid,0.018,low,19.73,1,Gujarat,2026,10
Ahmedabad,2W,3.04,81.65,21.11,1,3.33,home,237.6,0.5,3.14,9.66,humid,0.241,middle,18.22,1,Gujarat,2025,4
Ahmedabad,2W,2.67,101.15,23.9,4,2,public_slow,139.26,1.04,3.36,5.5,extreme_heat,0.243,middle,13.61,0,Gujarat,2020,10
Ahmedabad,2W,3.31,93.95,43.83,4,1,public_fast,56.23,0.28,9.91,7.94,clear,0.246,low,19.83,0,Gujarat,2019,5
Ahmedabad,2W,2.13,89.63,6.41,2.52,1,public_slow,156.07,0.41,0.85,7.13,extreme_heat,0.416,middle,10.88,0,Gujarat,2020,9
Ahmedabad,2W,3.18,88.2,33.99,2,3,public_slow,223.76,1.7,4.36,7.76,rainy,0.217,high,17.18,0,Gujarat,2024,9
Ahmedabad,2W,3.38,84.97,30.61,3,3,public_slow,204.03,1.47,4.47,6.88,rainy,0.188,high,18.24,0,Gujarat,2023,4
Ahmedabad,2W,3.75,95.1,127.37,3,5,public_fast,178.75,0.95,7.67,8.19,humid,0.29,middle,22.53,1,Gujarat,2024,2
Ahmedabad,2W,2.85,94.69,16.63,3,3,public_fast,64.79,0.36,2.44,7.95,extreme_heat,0.437,low,14.52,0,Gujarat,2023,9
Ahmedabad,2W,2.77,76.68,1,2,4,public_fast,40.16,1.99,0.17,7.42,clear,0.653,middle,16.62,0,Gujarat,2026,7
Ahmedabad,2W,2.91,83.43,1,1,3,public_fast,86.05,0.32,0.19,8.28,humid,0.347,middle,17.47,0,Gujarat,2023,6
Ahmedabad,2W,3.39,89.19,23.72,3,1,public_fast,55.72,3.51,3.31,5.66,extreme_heat,0.081,high,17.28,1,Gujarat,2020,5
Ahmedabad,2W,3.58,90.43,26.61,3,3,public_fast,87.46,0.18,4.64,4.63,rainy,0.465,high,19.31,0,Gujarat,2020,6
Ahmedabad,2W,2.94,87.84,33.03,2,2,public_slow,139.97,0.61,5.88,5.81,extreme_heat,0.376,middle,15.01,0,Gujarat,2022,2
Ahmedabad,2W,3.29,102.63,31.31,3,2,public_slow,221.99,1.63,5.22,8.2,humid,0.066,middle,19.74,0,Gujarat,2019,11
Ahmedabad,2W,3.21,96.1,21.57,3,2,public_fast,63.39,1.96,4.26,5.35,clear,0.25,middle,19.25,0,Gujarat,2021,3
Ahmedabad,2W,3.5,88.4,13.67,2,2,public_slow,187.94,0.2,1.69,6.99,humid,0.307,middle,20.98,0,Gujarat,2022,12
Ahmedabad,2W,3.23,90.6,40.11,4,3,public_slow,202.43,3.79,6.65,5.63,clear,0.132,low,19.37,1,Gujarat,2019,5
Ahmedabad,2W,2.49,83.66,13.09,3,5,public_fast,50.12,0.28,2.1,9,rainy,0.17,low,13.44,1,Gujarat,2025,3
Ahmedabad,2W,3.84,81.55,19.02,3,2,public_fast,57.96,0.72,2.68,7.36,rainy,0.154,low,20.72,0,Gujarat,2022,8
Ahmedabad,2W,2.49,80.9,39.79,3,4,public_fast,58.82,1.62,5.59,7.56,rainy,0.382,low,13.45,0,Gujarat,2022,4
Ahmedabad,2W,2.18,83.38,48.25,3,2,home,397.66,1.19,10.83,9.29,humid,0.495,middle,13.07,0,Gujarat,2025,10
Ahmedabad,2W,2.84,93.38,27.2,3,2,home,487.9,1.99,5.26,6.16,humid,0.54,low,17.05,0,Gujarat,2019,5
Ahmedabad,2W,2.62,106.45,35.75,1,1,public_slow,161.41,0.32,7.3,6.36,rainy,0.358,middle,14.13,0,Gujarat,2019,8
Ahmedabad,2W,3.24,91.92,31.98,2,2,home,342.19,0.2,6.87,5.36,clear,0.399,low,19.43,0,Gujarat,2019,12
Ahmedabad,2W,1.93,93.39,35.56,3,3,home,267.4,2.49,4.88,5.19,rainy,0.294,low,10.4,0,Gujarat,2020,6
Ahmedabad,2W,3.16,88.67,3.28,2,3,public_fast,58.22,0.48,0.52,9.19,rainy,0.589,low,17.07,0,Gujarat,2024,4
Ahmedabad,2W,3.36,77.96,21.27,4,4,public_fast,36.36,0.13,3.56,8.62,rainy,0.391,low,18.16,0,Gujarat,2023,9
Ahmedabad,2W,1.96,103.15,26.08,4,2,public_fast,64.97,5.52,5.47,6.69,humid,0.241,high,11.77,1,Gujarat,2019,10
Ahmedabad,2W,2.02,73.48,22.85,3,3,public_slow,246.39,3.41,4.26,8.01,humid,0.228,middle,12.12,1,Gujarat,2025,9
Ahmedabad,2W,3.16,74.18,26.61,4,3,public_fast,68.92,0.02,4.67,7.86,rainy,0.26,low,17.09,0,Gujarat,2024,8
Ahmedabad,2W,2.28,105.06,10.13,1,3,public_slow,226.7,0.49,2.78,4.89,clear,0.207,middle,13.71,0,Gujarat,2019,12
Ahmedabad,2W,2.8,77.93,15.25,3,6,public_fast,65.25,1.24,2.67,8.91,extreme_heat,0.244,low,14.29,1,Gujarat,2026,12
Ahmedabad,2W,3.71,87.93,26.38,4,4,public_slow,208.83,1.99,4.97,8.41,extreme_heat,0.452,low,18.93,0,Gujarat,2024,11
Ahmedabad,2W,1.98,100.28,13.17,3,1,public_slow,217.93,2.75,1.87,5.14,clear,0.131,low,11.87,0,Gujarat,2020,4
Ahmedabad,2W,2.34,96.38,40.86,1,3,public_slow,134.08,2.52,7.05,6.17,humid,0.19,low,14.02,0,Gujarat,2021,1
Ahmedabad,2W,2.74,93.91,42.22,3,3,public_slow,147.46,2.37,6.8,8.79,clear,0.262,low,16.44,0,Gujarat,2022,9
Ahmedabad,2W,2.97,78.1,34.14,2,6,public_slow,191.22,5.05,4.84,9.61,rainy,0.318,low,16.04,1,Gujarat,2024,8
Ahmedabad,2W,3.57,90.53,32.48,3,3.33,public_slow,196.37,0.68,6.58,6.9,extreme_heat,0.412,low,18.23,0,Gujarat,2021,11
Ahmedabad,2W,2.14,97.23,23.78,4,2,home,290.27,0.43,5.49,8.24,humid,0.175,high,12.83,0,Gujarat,2021,9
Ahmedabad,2W,3.48,88.49,20.74,3,3,public_slow,176.02,0.44,3.2,7.13,rainy,0.043,middle,18.79,0,Gujarat,2026,1
Ahmedabad,2W,1.99,81.25,25.67,4,3,public_fast,49.55,6.2,4.86,8.52,humid,0.135,middle,11.97,1,Gujarat,2024,12
Ahmedabad,2W,2.44,86.63,6.31,2,2,public_fast,54.35,0.99,1.21,6.38,clear,0.248,low,14.65,0,Gujarat,2022,2
Ahmedabad,2W,2.99,92.68,24.55,2,2,public_slow,160,5.57,4.5,8.27,rainy,0.787,middle,16.12,1,Gujarat,2022,4
Ahmedabad,2W,2.31,85.98,25.77,3,3,home,428.69,1.26,3.69,8.41,rainy,0.373,middle,12.46,0,Gujarat,2023,12
Ahmedabad,2W,3.14,84.07,18.4,2,6,public_fast,69.77,2.62,3.05,9.19,extreme_heat,0.514,middle,16.95,0,Gujarat,2025,8
Ahmedabad,2W,2.86,105.19,9.69,4,2,public_fast,45.78,1.84,1.98,5.42,rainy,0.089,middle,15.44,0,Gujarat,2019,6
Ahmedabad,2W,2.54,92.17,27.02,2,4,public_slow,191.83,6.14,4.36,7.6,extreme_heat,0.532,low,12.98,1,Gujarat,2023,4
Ahmedabad,2W,3.67,91.26,47.25,1,4,public_fast,78,2.28,9.04,6.94,extreme_heat,0.236,low,18.73,0,Gujarat,2020,6
Ahmedabad,2W,3.04,71.09,16.08,2,5,public_fast,54.95,0.37,3.11,8.49,extreme_heat,0.061,low,15.48,1,Gujarat,2025,3
Ahmedabad,2W,2.93,89.19,26.66,1,1,public_slow,221.39,1.91,3.8,6.84,extreme_heat,0.279,high,16.84,0,Gujarat,2019,4
Ahmedabad,2W,2.48,89.19,18.46,4,6,home,234.94,0.24,3.03,10.77,extreme_heat,0.19,low,12.66,1,Gujarat,2026,3
Ahmedabad,2W,3.24,99.02,17.91,3,3.33,public_slow,187.79,4.16,2.99,7.8,rainy,0.243,middle,17.51,1,Gujarat,2021,3
Ahmedabad,2W,2.68,90.72,13.84,2,2,public_fast,52.52,3.96,2.01,6.76,extreme_heat,0.47,low,13.68,1,Gujarat,2019,2
Ahmedabad,2W,3.32,88.46,4.78,3,4,home,284.99,0.38,0.78,11.12,extreme_heat,0.29,low,16.91,0,Gujarat,2026,7
Ahmedabad,2W,2.94,73.98,34.67,3,5,public_fast,73.74,6.66,7.04,8.26,clear,0.359,low,17.65,1,Gujarat,2025,4
Ahmedabad,2W,1.65,81.43,31.91,4,3,public_fast,14.65,2.35,4.93,7.63,clear,0.403,middle,9.92,0,Gujarat,2022,5
Ahmedabad,2W,2.73,92.72,33.83,2,2,public_fast,68.3,6.16,8.06,5.42,clear,0.307,low,16.35,1,Gujarat,2020,1
Ahmedabad,2W,3.27,96.15,23.2,1,3.33,public_fast,39.41,3.81,4.9,5.4,extreme_heat,0.41,low,16.67,1,Gujarat,2019,3
Ahmedabad,2W,3.7,73.76,23.15,2,3,home,383.06,1.32,3.9,8.69,clear,0.537,low,22.23,1,Gujarat,2026,4
Ahmedabad,2W,3.67,80.94,8.74,3,3,public_fast,89.57,3.34,1.2,6.55,extreme_heat,0.347,middle,18.69,0,Gujarat,2023,7
Ahmedabad,2W,2.28,97.59,42.8,2,1,public_fast,70.57,2.98,4.36,5.51,rainy,0.334,high,12.33,0,Gujarat,2020,2
Ahmedabad,2W,3,97.92,38.96,1,2,public_slow,192.67,0.91,6.79,7.18,rainy,0.108,low,14.68,0,Gujarat,2019,10
Ahmedabad,2W,2.91,90.01,25.97,3,3,public_slow,214.74,1.57,3.51,7.81,humid,0.043,middle,17.44,0,Gujarat,2023,9
Ahmedabad,2W,3.09,82.69,29.86,3,3.33,public_fast,67.97,1.34,4.36,8.41,humid,0.293,middle,18.55,1,Gujarat,2024,10
Ahmedabad,2W,3.6,108.88,41.66,1,2,public_fast,58.05,0.31,8.55,3.19,humid,0.009,middle,21.58,0,Gujarat,2020,12
Ahmedabad,2W,3.84,89.13,41.01,2,2,public_slow,275.52,0.76,5.54,6.76,clear,0.112,high,23.06,0,Gujarat,2020,8
Ahmedabad,2W,3.36,90.86,21.36,2,3,home,332.82,1.15,2.94,8.03,humid,0.29,low,20.18,0,Gujarat,2023,3
Ahmedabad,2W,2.09,80.05,14.83,2,6,public_fast,328.51,1.17,2.96,8.96,humid,0.137,middle,12.55,1,Gujarat,2026,4
Ahmedabad,2W,2.23,96.95,41.2,1,2,home,270.86,2.31,7.54,7,rainy,0.641,middle,12.04,0,Gujarat,2020,7
Ahmedabad,2W,3.52,80.2,30.65,3,3,public_fast,178.75,1.99,5.2,8.54,rainy,0.237,low,19,0,Gujarat,2025,11
Ahmedabad,2W,3,93.24,13.91,2,1,public_slow,214.37,0.17,2.14,6.43,rainy,0.135,low,16.2,0,Gujarat,2020,7
Ahmedabad,2W,2.99,78.19,32.09,2,4,public_fast,249.73,3.29,6.37,8.11,extreme_heat,0.334,middle,15.24,1,Gujarat,2025,3
Ahmedabad,2W,3.17,90.63,25.73,2,2,public_slow,151.97,0.86,4.56,5.78,extreme_heat,0.126,middle,16.15,0,Gujarat,2021,5
Ahmedabad,2W,2.81,83.74,34.72,4,4,public_slow,128.93,0.79,5.61,7.96,humid,0.131,middle,16.88,0,Gujarat,2023,8
Ahmedabad,2W,3.62,80.84,1,2,2,public_slow,193.43,1.99,0.14,7.63,extreme_heat,0.281,middle,18.47,0,Gujarat,2022,7
Ahmedabad,2W,2.83,100.14,38.81,3,1,public_fast,25.02,1.95,6,5.55,extreme_heat,0.543,high,14.42,0,Gujarat,2019,1
Ahmedabad,2W,3.46,80.79,39.65,2,4,public_fast,73.98,3.11,5.92,9.34,rainy,0.442,low,18.7,1,Gujarat,2026,7
Ahmedabad,2W,3.33,82.9,27.43,3,5,public_slow,247.89,3.88,4.12,8.6,extreme_heat,0.383,low,16.98,1,Gujarat,2026,9
Ahmedabad,2W,3.3,91.75,38.23,4,3,public_fast,105.09,1.2,5.8,7.94,rainy,0.382,high,17.83,0,Gujarat,2023,4
Ahmedabad,2W,2.87,72.32,30.5,2.52,4,home,297.38,1.08,5.15,9.21,clear,0.11,middle,17.24,1,Gujarat,2026,8
Ahmedabad,2W,2.31,77.06,28.76,2,5,public_fast,55.66,0.04,6.27,7.67,extreme_heat,0.443,low,11.76,1,Gujarat,2026,10
Ahmedabad,2W,2.02,88.82,4.76,2,4,public_fast,75.62,2.11,0.78,7.78,extreme_heat,0.209,low,10.29,0,Gujarat,2023,2
Ahmedabad,2W,2.4,83.79,4.51,2,4,home,265.97,1.2,0.88,9.81,clear,0.275,middle,14.41,0,Gujarat,2025,9
Ahmedabad,2W,3.21,88.25,23.46,3,3,public_slow,225.91,0.01,3.81,7.18,humid,0.53,middle,19.25,0,Gujarat,2023,4
Ahmedabad,2W,3.6,88.11,31.61,2.52,3,home,328.76,7.5,6.76,7.51,clear,0.316,low,21.59,1,Gujarat,2021,3
Ahmedabad,2W,2.6,84.82,11.1,1,3,public_slow,191.37,0.04,4.36,7.1,clear,0.423,high,15.58,0,Gujarat,2022,2
Ahmedabad,2W,2.79,98.28,25.67,4,3,public_fast,137.5,1.99,3.95,7.04,humid,0.568,low,16.74,1,Gujarat,2020,11
Ahmedabad,2W,2.67,79.52,50.84,2,6,home,358.31,0.83,6.73,10.05,clear,0.282,middle,16.01,1,Gujarat,2026,7
Ahmedabad,2W,3.23,94.24,17.36,1,1,home,289.04,2.5,3.14,5.11,extreme_heat,0.374,low,16.47,0,Gujarat,2020,2
Ahmedabad,2W,2.44,99.61,32.49,4,2,home,225.68,2.39,4.74,7.51,clear,0.089,high,14.67,0,Gujarat,2019,7
Ahmedabad,2W,2.34,87.58,15.6,3,2,public_fast,174.36,1.21,2.5,6.21,rainy,0.458,high,12.61,0,Gujarat,2020,1
Ahmedabad,2W,2.64,89.19,59.73,4,3,public_fast,55.71,0.28,8.99,5.7,extreme_heat,0.29,low,13.46,0,Gujarat,2021,8
Ahmedabad,2W,2.35,101.48,33.45,2,3.33,public_slow,168.68,2.19,5.18,6.98,rainy,0.017,low,12.69,0,Gujarat,2021,3
Ahmedabad,2W,2.97,89.7,35.64,2,3,public_slow,208.53,0.84,4.82,6.22,extreme_heat,0.28,middle,15.14,0,Gujarat,2023,4
Ahmedabad,2W,2.28,93.04,24.19,4,2,public_fast,36.03,5.42,3.54,7.13,rainy,0.29,high,12.32,1,Gujarat,2020,11
Ahmedabad,2W,3.04,80.79,1,2,5,public_fast,55.85,4.02,0.23,8.78,clear,0.137,middle,18.23,1,Gujarat,2026,1
Ahmedabad,2W,3.51,76.82,37.78,2,4,home,242.13,0.61,5.94,9.09,clear,0.204,low,21.05,0,Gujarat,2026,7
Ahmedabad,2W,3.01,93.99,16.31,3,4,public_fast,100.62,2.18,3.07,7.3,clear,0.503,low,18.04,0,Gujarat,2022,11
Ahmedabad,2W,2.48,90.56,1.2,2,2,public_slow,236.39,4.65,0.24,8.18,clear,0.158,low,14.86,0,Gujarat,2022,1
Ahmedabad,2W,2.47,105.82,39.13,3,3.33,home,340.8,1.36,5.82,6.28,extreme_heat,0.217,low,12.62,0,Gujarat,2019,10
Ahmedabad,2W,3.68,92.45,21.68,2,1,home,287.41,0.87,3.17,5.85,extreme_heat,0.352,low,18.75,0,Gujarat,2020,9
Ahmedabad,2W,2.9,99.84,37.97,3,2,public_fast,279.09,1.32,6.43,6.77,rainy,0.2,middle,15.64,0,Gujarat,2026,1
Ahmedabad,2W,3.44,86.05,50.54,2,5,home,396.79,1.9,6.15,7.8,clear,0.346,middle,20.67,0,Gujarat,2024,1
Ahmedabad,2W,2.81,81.97,33.22,4,4,home,228.12,2.51,5.34,7.58,extreme_heat,0.504,low,14.31,0,Gujarat,2023,5
Ahmedabad,2W,3.38,89.19,61.74,2,2,home,406.84,1.2,10.58,8.22,humid,0.161,high,20.28,0,Gujarat,2020,12
Ahmedabad,2W,3.32,92.22,37.6,2,2,public_slow,188.23,7.17,7.11,7.6,rainy,0.229,middle,17.95,1,Gujarat,2021,3
Ahmedabad,2W,2.97,95.46,1,4,2,public_fast,72.85,3.48,0.17,6.62,rainy,0.218,middle,16.03,0,Gujarat,2026,1
Ahmedabad,2W,2.28,87.47,12.91,4,3,home,280.66,1.37,2.21,9.2,clear,0.412,low,13.69,0,Gujarat,2024,1
Ahmedabad,2W,3.91,104.08,59.76,3,2,public_slow,174.95,0.18,9.18,5.05,rainy,0.064,low,21.14,0,Gujarat,2020,7
Ahmedabad,2W,2.66,86.83,40.77,2,5,home,269.57,0.18,6.17,9.05,rainy,0.197,middle,14.35,1,Gujarat,2026,1
Ahmedabad,2W,2.38,89.19,7.67,5,4,home,304.76,6.57,1.52,8.65,clear,0.622,low,14.3,1,Gujarat,2024,10
Ahmedabad,2W,2.85,88.84,28.17,3,3,home,211.28,3.2,3.84,7.69,clear,0.252,low,17.08,1,Gujarat,2022,2
Ahmedabad,2W,3.29,90.74,14.44,2,5,public_slow,84.08,1.82,2.25,8.2,extreme_heat,0.587,low,19.77,1,Gujarat,2024,6
Ahmedabad,2W,3.1,91.34,25.17,4,4,public_fast,64.66,1.23,3.45,7.06,extreme_heat,0.247,middle,15.82,0,Gujarat,2022,4
Ahmedabad,2W,2.62,99.43,25.03,4,3,public_fast,58.26,0.49,3.2,7.72,clear,0.504,middle,15.69,0,Gujarat,2021,3
Ahmedabad,2W,3.1,79.08,41.57,4,7,public_slow,128.45,4.64,7.08,9.19,extreme_heat,0.17,low,15.83,1,Gujarat,2025,8
Ahmedabad,2W,3.59,83.86,46.65,2,3,public_slow,210.08,0.06,8.21,8.71,rainy,0.623,middle,19.41,0,Gujarat,2025,9
Ahmedabad,2W,2.66,91.32,41.82,2,3,public_fast,59.72,0.62,7.08,7.44,humid,0.29,high,15.97,0,Gujarat,2022,8
Ahmedabad,2W,2.33,102.47,33.37,2,3,public_slow,187.21,1.46,4.4,5.43,rainy,0.443,high,12.6,0,Gujarat,2020,7
Ahmedabad,2W,3.15,93.79,16.46,5,2,public_slow,169.61,0.92,2.48,5.74,extreme_heat,0.257,low,16.06,0,Gujarat,2021,1
Ahmedabad,2W,2.7,89.09,28.35,3,3,public_fast,72.5,5.36,6.9,6.34,humid,0.29,middle,16.18,1,Gujarat,2022,9
Ahmedabad,2W,3,94.6,26.61,2,1,public_fast,36.03,1.66,4.58,7.46,rainy,0.26,low,16.18,0,Gujarat,2020,2
Ahmedabad,2W,2.6,76.01,10.51,4,5,home,235.19,2.15,1.85,6.77,rainy,0.136,low,14.03,1,Gujarat,2025,8
Ahmedabad,2W,2.94,90.61,31.06,2,3,public_fast,105.12,6.88,5.87,8.31,extreme_heat,0.41,middle,15.85,1,Gujarat,2023,2
Ahmedabad,2W,2.53,96.37,30.89,2,1,public_fast,31.86,1.86,6.19,6.47,rainy,0.116,low,13.65,0,Gujarat,2020,2
Ahmedabad,2W,1.91,78.41,15.07,1,6,public_fast,75.38,0.2,3.15,8.8,extreme_heat,0.572,low,9.73,1,Gujarat,2026,5
Ahmedabad,2W,3.13,95.5,19.79,1,1,home,283.99,0.26,3.04,7.48,humid,0.447,middle,18.79,0,Gujarat,2020,4
Ahmedabad,2W,3.42,84.68,28.21,2,3,home,178.75,1.79,5.18,5.12,extreme_heat,0.595,middle,17.46,0,Gujarat,2020,1
Ahmedabad,2W,3.17,90.45,28.68,2,3,public_fast,28.19,2.26,4.75,7.9,extreme_heat,0.189,low,16.17,0,Gujarat,2022,5
Ahmedabad,2W,2.59,86.64,31.01,2,3,public_slow,184.37,0.17,5.27,8.74,humid,0.052,middle,15.54,0,Gujarat,2023,2
Ahmedabad,2W,2.5,86.63,15.86,4,4,home,178.75,0.14,2.58,8.09,extreme_heat,0.282,middle,14.98,0,Gujarat,2022,1
Ahmedabad,2W,2.69,94.43,40.7,3,1,public_fast,56.64,1.09,5.05,7.82,clear,0.225,low,16.12,0,Gujarat,2021,10
Ahmedabad,2W,3.87,93.77,14.69,2,2,home,274.01,1.28,2.85,7.19,clear,0.219,low,23.19,0,Gujarat,2021,7
Ahmedabad,2W,3.12,89.36,35.76,3,4,public_fast,51.44,0.45,10.07,9.12,rainy,0.398,middle,16.83,0,Gujarat,2023,4
Ahmedabad,2W,3.31,73.59,44.46,3,4,home,198.69,3.94,6.74,8.16,humid,0.227,low,19.86,1,Gujarat,2023,11
Ahmedabad,2W,2.67,79.73,37.12,4,4,public_fast,66.62,8.85,6.46,9.74,clear,0.084,low,15.99,1,Gujarat,2025,4
Ahmedabad,2W,2.81,85.83,2.61,1,3,public_fast,45.24,2.04,0.4,7.73,clear,0.13,low,16.88,0,Gujarat,2022,10
Ahmedabad,2W,3.55,105.24,30.43,4,1,home,323.9,1.74,6.25,4.32,humid,0.435,low,21.28,0,Gujarat,2019,9
Ahmedabad,2W,3.28,95.19,21.11,1,2,public_fast,86.41,5.27,4.5,7.64,humid,0.205,middle,19.66,1,Gujarat,2022,9
Ahmedabad,2W,3.57,87.06,26.02,4,1,public_fast,52.72,1.71,4.39,4.87,extreme_heat,0.269,high,18.19,0,Gujarat,2020,12
Ahmedabad,2W,3.12,97.23,44.44,2,2,public_fast,85.37,3.33,6.64,6.41,extreme_heat,0.126,middle,15.93,1,Gujarat,2020,11
Ahmedabad,2W,3.03,94.3,1,3,3,public_fast,330.66,0.15,0.25,6.92,clear,0.29,middle,18.2,0,Gujarat,2022,11
Ahmedabad,2W,2.7,86.03,98.41,2,5,public_slow,194.8,0.69,4.44,9.02,extreme_heat,0.557,low,13.78,1,Gujarat,2024,10
Ahmedabad,2W,3.26,87.43,20.12,3,6,home,249.96,2.52,3.62,8.54,extreme_heat,0.038,high,16.65,1,Gujarat,2025,6
Ahmedabad,2W,2.7,82.31,28.61,3,5,home,265.52,0.57,4.62,9.35,rainy,0.313,low,14.6,1,Gujarat,2025,9
Ahmedabad,2W,2.46,83.86,30.33,3,3,public_slow,179.13,0.73,4.46,9.44,clear,0.449,middle,14.73,0,Gujarat,2023,7
Ahmedabad,2W,2.89,81,46.27,2,6,public_fast,92.72,1.07,8.68,7.8,extreme_heat,0.291,middle,14.75,1,Gujarat,2026,12
Ahmedabad,2W,3.34,95.35,36.72,2,2,public_slow,173.4,2.05,5.88,6.65,humid,0.114,low,20.04,0,Gujarat,2020,12
Ahmedabad,2W,3.17,89.19,5.5,1,2,public_slow,162.88,0.59,0.89,6.33,rainy,0.519,high,17.11,0,Gujarat,2023,4
Ahmedabad,2W,3.13,86.05,5.21,2,3,public_slow,215.15,3.1,0.72,7.04,rainy,0.426,high,16.91,0,Gujarat,2021,7
Ahmedabad,2W,2.44,80.97,45.19,2,3.33,public_fast,101.89,0.51,8.25,8.23,extreme_heat,0.391,low,12.43,1,Gujarat,2025,10
Ahmedabad,2W,3.74,81.86,37.31,3,3,public_fast,81.01,1.21,6.91,8.27,humid,0.107,low,22.46,0,Gujarat,2023,10
Ahmedabad,2W,3.31,77.91,33.61,2,5,public_fast,82.54,0.4,5.73,7.8,extreme_heat,0.142,high,16.9,1,Gujarat,2026,2
Ahmedabad,2W,3.05,78.23,19.32,2,2,public_fast,60.68,2.64,3.89,7.39,clear,0.324,middle,18.32,0,Gujarat,2022,6
Ahmedabad,2W,2.69,71.34,1,4,5,public_fast,61.57,6.93,0.17,10.02,clear,0.256,low,16.15,1,Gujarat,2026,7
Ahmedabad,2W,3.08,81,37.22,2,5,public_fast,84.06,1.89,5.92,8.12,clear,0.347,middle,18.48,1,Gujarat,2025,12
Ahmedabad,2W,3.86,92.34,33.35,3,1,public_slow,138.97,0.79,6.41,7.8,clear,0.609,low,23.17,0,Gujarat,2020,3
Ahmedabad,2W,3.58,92.79,26.61,2,2,public_slow,147.06,1.64,5.52,5.87,extreme_heat,0.316,high,18.27,0,Gujarat,2022,11
Ahmedabad,2W,3.87,68.47,38.76,3,5,home,343.87,0.04,6.04,8.77,humid,0.281,low,23.21,1,Gujarat,2026,8
Ahmedabad,2W,3.25,94,8.98,4,3,public_fast,110.92,3.11,1.32,6.78,rainy,0.157,low,17.57,0,Gujarat,2020,12
Ahmedabad,2W,1.34,75.12,61.82,2,7,public_fast,38.84,1.75,10.78,8.87,extreme_heat,0.413,middle,6.85,1,Gujarat,2026,4
Ahmedabad,2W,2.3,89.73,57.13,2,3,public_slow,231.95,2.81,9.69,6.53,extreme_heat,0.221,middle,11.75,0,Gujarat,2021,1
Ahmedabad,2W,2.86,87.81,31.11,2.52,4,home,254.68,7.37,4.98,7.96,extreme_heat,0.182,low,14.59,1,Gujarat,2024,11
Ahmedabad,2W,2.49,108.71,10.08,3,3,public_fast,73.47,2.57,1.73,7.43,humid,0.196,middle,14.91,0,Gujarat,2019,10
Ahmedabad,2W,3.15,72.32,15.53,3,6,home,339.3,0.58,2.73,7.8,clear,0.507,high,16.84,1,Gujarat,2026,9
Ahmedabad,2W,3.77,85.16,33.92,2,5,public_fast,65.47,4.49,5.35,8.62,rainy,0.347,low,20.35,1,Gujarat,2023,8
Ahmedabad,2W,3.43,97.18,28.75,2,1,home,259.45,3.79,5.53,4.24,extreme_heat,0.404,low,17.49,1,Gujarat,2019,12
Ahmedabad,2W,2.57,84.22,21.96,2,4,public_slow,206.46,8.68,4.12,8.66,clear,0.122,low,15.4,1,Gujarat,2025,5
Ahmedabad,2W,2.54,71.88,58.04,2,4,public_slow,244.02,0.45,8.18,8.71,clear,0.277,middle,15.23,1,Gujarat,2025,10
Ahmedabad,2W,3.7,88.99,8.74,4,4,public_slow,153.37,0.4,4.36,9.25,extreme_heat,0.163,high,18.86,0,Gujarat,2023,1
Ahmedabad,2W,3.31,84,1,4,4,home,386.08,1.35,0.16,5.92,clear,0.105,high,19.87,0,Gujarat,2023,2
Ahmedabad,2W,3.22,89.19,20.76,1,2,public_fast,59.87,1.5,3.08,6.34,clear,0.175,low,19.33,0,Gujarat,2019,8
Ahmedabad,2W,3.72,95.9,31.44,3,2,public_fast,78.28,1.15,5.64,5.9,rainy,0.381,middle,20.08,0,Gujarat,2020,4
Ahmedabad,2W,2.76,95.79,29.72,2,3,home,357.47,2.79,4.26,8.56,clear,0.101,low,16.55,0,Gujarat,2022,7
Ahmedabad,2W,2.92,98.56,15.95,2,2,home,200.54,0.51,2.38,6.95,rainy,0.125,middle,15.75,0,Gujarat,2022,2
Ahmedabad,2W,2.83,75.66,35.85,3,6,public_slow,193.29,0.25,6.37,10.59,extreme_heat,0.118,low,14.45,1,Gujarat,2026,12
Ahmedabad,2W,4.23,92.4,40.34,3,2,public_fast,230.49,1.79,5.87,5.38,clear,0.216,low,25.36,0,Gujarat,2020,2
Ahmedabad,2W,2.73,80.74,26.61,1,5,home,178.75,2.14,8.52,8.12,rainy,0.342,middle,14.77,1,Gujarat,2026,10
Ahmedabad,2W,2.42,91.86,20.71,3,4,public_slow,108.53,2.63,2.62,7.61,clear,0.148,middle,14.51,0,Gujarat,2023,12
Ahmedabad,2W,2.15,77.05,47.62,4,3,public_fast,262.26,1.12,4.36,8.26,clear,0.179,low,12.91,0,Gujarat,2023,9
Ahmedabad,2W,3.09,104.06,37.21,3,2,home,327.52,0.48,8.24,5.61,clear,0.199,high,18.55,0,Gujarat,2019,3
Ahmedabad,2W,4.05,86.78,45.72,3,4,public_slow,154.42,0.64,6.53,9.65,extreme_heat,0.136,high,20.68,0,Gujarat,2025,5
Ahmedabad,2W,2.86,86.73,25.71,2,5,public_slow,180.16,0.41,4.36,7.24,extreme_heat,0.105,low,14.6,1,Gujarat,2024,2
Ahmedabad,2W,2.88,92.5,44.84,2,5,home,274.1,0.19,7.58,6.47,extreme_heat,0.672,low,14.68,1,Gujarat,2023,7
Ahmedabad,2W,2.99,95.41,29.78,3,1,public_slow,158.42,0.5,6.17,7.74,rainy,0.343,middle,16.13,0,Gujarat,2022,1
Ahmedabad,2W,2.5,63.92,15.74,3,5,home,372.16,0.31,2.25,7.64,humid,0.056,low,14.99,1,Gujarat,2025,6
Ahmedabad,2W,2.7,80.63,43.95,3,3,public_slow,159.98,0.88,8.04,8.9,rainy,0.172,low,14.58,0,Gujarat,2023,4
Ahmedabad,2W,2.97,102.12,8.02,2.52,1,public_slow,183.02,4.68,1.29,5.46,clear,0.387,middle,17.85,0,Gujarat,2020,12
Ahmedabad,2W,3.58,82.23,18.66,1,5,public_fast,51.8,0.38,2.44,8.83,rainy,0.427,low,19.35,1,Gujarat,2025,11
Ahmedabad,2W,3.77,92.9,43.23,2,3,public_slow,181.91,0.21,10.12,7.11,humid,0.066,middle,22.6,0,Gujarat,2022,1
Ahmedabad,2W,2.72,88.67,57.75,2,3,public_fast,48.11,7.08,11.97,7.89,rainy,0.194,low,14.71,1,Gujarat,2023,7
Ahmedabad,2W,3.22,100.95,11.57,1,1,public_fast,54.92,0.85,1.75,6.62,rainy,0.096,middle,17.39,0,Gujarat,2020,8
Ahmedabad,2W,3.08,96.64,39.28,2,1,public_slow,153.98,3.47,8.18,5.67,rainy,0.47,middle,16.62,1,Gujarat,2019,8
Ahmedabad,2W,2.33,85.02,56.03,4,3,public_fast,49.76,1.87,8.33,7.8,rainy,0.077,middle,12.6,0,Gujarat,2024,3
Ahmedabad,2W,2.65,75.61,15.79,3,4,public_fast,42.38,0.4,2.81,8.7,clear,0.154,middle,15.93,0,Gujarat,2024,1
Ahmedabad,2W,3.03,87.92,37.51,2,4,public_fast,57.73,2.17,6,6.94,clear,0.164,low,18.15,0,Gujarat,2024,12
Ahmedabad,2W,2.88,100.71,40.99,3,2,home,253.05,1.63,5.58,6.11,clear,0.254,high,17.28,0,Gujarat,2020,4
Ahmedabad,2W,2.42,76.77,38.53,2.52,3,public_fast,65.78,5.71,5.38,8.73,clear,0.193,middle,14.53,1,Gujarat,2024,11
Ahmedabad,2W,2.93,72.39,141.24,1,4,home,269.4,1.35,7.92,7.52,humid,0.103,high,17.57,1,Gujarat,2026,2
Ahmedabad,2W,3.02,93.75,27.37,2,4,public_slow,168.09,1.88,4.82,8.64,extreme_heat,0.181,low,15.41,0,Gujarat,2022,11
Ahmedabad,2W,2.89,100.52,3.7,2,2,home,206.57,0.85,0.75,7.88,rainy,0.131,middle,16.84,0,Gujarat,2020,5
Ahmedabad,2W,3.11,82.86,4.33,1,5,home,312.4,0.83,0.67,8.44,clear,0.216,low,18.64,0,Gujarat,2023,5
Ahmedabad,2W,3.69,92.43,30.13,3,4,home,334.31,0.45,5.45,8.45,rainy,0.548,middle,19.91,0,Gujarat,2023,11
Ahmedabad,2W,3.78,78.64,10.83,4,5,home,327.73,2.36,2.55,8.73,rainy,0.084,middle,20.43,0,Gujarat,2026,8
Ahmedabad,2W,2.65,85.44,127.36,2,4,public_slow,190.51,1.43,7.07,7.28,clear,0.27,high,15.91,0,Gujarat,2025,6
Ahmedabad,2W,2.23,93.8,26.65,3,3,home,289.3,2.24,4.64,6.42,clear,0.276,middle,13.36,0,Gujarat,2022,1
Ahmedabad,2W,1.9,88.14,30.81,3,3,home,178.75,2.69,4.87,7.64,clear,0.228,middle,11.41,0,Gujarat,2023,6
Ahmedabad,2W,3.55,70.27,1,2,5,public_fast,74.91,1.63,0.18,8.02,clear,0.497,high,21.28,1,Gujarat,2025,7
Ahmedabad,2W,2.93,89.61,18.54,3,5,public_slow,248.77,0.06,4.36,7.8,clear,0.302,low,17.55,1,Gujarat,2026,10
Ahmedabad,2W,3.49,81.08,45.03,2,5,home,322.99,1.56,6.9,8,humid,0.241,low,20.95,1,Gujarat,2025,10
Ahmedabad,2W,3,91.02,29.99,2,2,home,218.13,0.91,4.12,7.59,clear,0.339,middle,16.82,0,Gujarat,2022,11
Ahmedabad,2W,3.36,80.15,32.11,2.52,4,home,282.81,0.27,4.5,10.41,extreme_heat,0.124,low,17.15,0,Gujarat,2026,4
Ahmedabad,2W,2.11,97.19,79.09,3,2,public_slow,169.39,1.11,4.52,5.03,extreme_heat,0.009,middle,10.75,0,Gujarat,2019,10
Ahmedabad,2W,3.04,85.87,2.9,3,3,home,261.23,1.71,0.45,9.84,extreme_heat,0.033,middle,15.49,0,Gujarat,2024,2
Ahmedabad,2W,2.17,85.81,28.04,3,4,public_fast,77.25,3.49,3.34,9.53,humid,0.113,low,13.01,1,Gujarat,2024,12
Ahmedabad,2W,3.2,84.09,1,4,5,public_slow,135.09,0.44,0.15,8.97,rainy,0.142,middle,17.28,0,Gujarat,2025,7
Ahmedabad,2W,2.92,86.22,24.37,2,4,public_slow,164.09,0.76,2.91,9.81,rainy,0.152,middle,15.77,0,Gujarat,2023,12
Ahmedabad,2W,3.34,97.2,29.75,3,4,public_slow,143.59,2.06,4.95,7.26,humid,0.398,middle,20.05,0,Gujarat,2020,2
Ahmedabad,2W,3.65,83.43,32.54,3,6,home,377.56,0.03,4.77,9.3,rainy,0.138,high,19.71,1,Gujarat,2026,5
Ahmedabad,2W,2.97,86.01,29.46,4,4,public_slow,113.31,1.71,5.34,8.7,extreme_heat,0.153,low,15.13,0,Gujarat,2024,4
Ahmedabad,2W,2.73,78.03,37.94,2,3,public_slow,158.11,0.06,5.58,8.2,extreme_heat,0.358,low,13.94,0,Gujarat,2024,11
Ahmedabad,2W,2.9,88.08,17.87,4,1,public_slow,232.52,0.99,2.68,7.52,rainy,0.346,middle,15.68,0,Gujarat,2022,5
Ahmedabad,2W,2.68,103.79,22.79,3,3,public_slow,186.12,1.91,3.72,7.54,humid,0.614,low,16.1,0,Gujarat,2021,5
Ahmedabad,2W,2.81,97.69,16.32,2,4,public_fast,34.63,0.48,2.93,6.48,rainy,0.155,low,15.16,0,Gujarat,2021,6
Ahmedabad,2W,3.39,96.87,53.34,3,2,home,178.75,0.71,8.43,5.97,humid,0.204,low,20.34,0,Gujarat,2021,12
Ahmedabad,2W,3.32,87.61,20.99,2,2,public_slow,137.42,0.38,3.61,7.33,rainy,0.656,middle,17.94,0,Gujarat,2021,10
Ahmedabad,2W,3.12,87.87,23.3,2,4,public_fast,59.23,0.88,3.58,7.43,extreme_heat,0.014,low,15.92,0,Gujarat,2024,9
Ahmedabad,2W,2.86,84.7,24.02,3,4,public_slow,92.11,0.82,4.64,8.74,clear,0.437,low,17.17,0,Gujarat,2026,9
Ahmedabad,2W,3.63,93.73,1,1,2,home,231.04,0.2,0.17,6.3,humid,0.355,middle,21.75,0,Gujarat,2020,9
Ahmedabad,2W,2.2,85.53,22.93,3,4,home,305.29,3.16,4.43,5.82,extreme_heat,0.498,high,11.23,1,Gujarat,2023,10
Ahmedabad,2W,3,86.18,12.17,2,3,public_slow,207.72,1.26,2.1,7.02,extreme_heat,0.287,middle,14.89,0,Gujarat,2021,2
Ahmedabad,2W,3.45,100.04,32.33,2,1,home,233.03,0.23,6,5.71,clear,0.36,high,20.7,0,Gujarat,2019,7
Ahmedabad,2W,2.54,74.85,35.12,1,3,public_fast,53.55,0.3,7,10.75,clear,0.121,low,15.22,1,Gujarat,2026,4
Ahmedabad,2W,3.02,81.7,1,4,4,public_slow,163.17,0.36,0.15,8.15,extreme_heat,0.276,low,15.38,0,Gujarat,2025,11
Ahmedabad,2W,2.42,70.47,7.94,4,4,public_fast,73.18,1.48,1.53,7.63,clear,0.46,low,14.49,0,Gujarat,2026,3
Ahmedabad,2W,2.56,95.87,16.07,1,1,home,261.47,2.2,4.36,7.06,rainy,0.413,high,13.83,0,Gujarat,2019,2
Ahmedabad,2W,2.17,98.46,31.38,2,3,public_fast,55.13,0.52,5.26,8.8,extreme_heat,0.173,low,11.7,0,Gujarat,2021,2
Ahmedabad,2W,3.28,96.84,15.63,3,2,home,260.68,5.55,2.18,9.42,clear,0.47,high,19.65,1,Gujarat,2021,7
Ahmedabad,2W,3.09,102.78,37.61,3,2,public_fast,72.74,2.73,6.16,6.77,clear,0.566,low,18.54,0,Gujarat,2019,11
Ahmedabad,2W,3.6,92.82,3.8,4,4,home,399.99,1.16,0.75,6.83,extreme_heat,0.102,low,18.36,0,Gujarat,2022,6
Ahmedabad,2W,3.34,78.69,1,1,4,public_fast,66.96,0.92,0.2,9.56,rainy,0.389,high,18.02,0,Gujarat,2026,2
Ahmedabad,2W,3.27,70.95,31.04,3,6,public_slow,209.54,5.83,4.62,10.77,humid,0.056,low,19.64,1,Gujarat,2026,3
Ahmedabad,2W,3.47,83.16,18.6,4,3,home,309.05,2.72,2.92,9.71,extreme_heat,0.43,middle,18.74,0,Gujarat,2026,8
Ahmedabad,2W,3.56,100.86,40.29,3,1,public_fast,83.77,0.35,5.98,6.29,extreme_heat,0.319,low,18.17,0,Gujarat,2019,10
Ahmedabad,2W,2.63,89.77,8.13,2,5,public_fast,63.42,0.69,1.27,9.77,extreme_heat,0.122,high,13.41,0,Gujarat,2025,10
Ahmedabad,2W,3.14,96.21,40.28,3,2,public_fast,34.78,1.89,6.23,7.35,clear,0.277,middle,18.85,0,Gujarat,2020,12
Ahmedabad,2W,3.4,86.37,31.64,3,3,home,308.31,1.66,6.88,7.76,extreme_heat,0.207,middle,17.35,0,Gujarat,2022,7
Ahmedabad,2W,4.42,90.19,33.48,2,3,public_fast,60.06,0.97,5.64,7.33,extreme_heat,0.579,low,22.55,0,Gujarat,2021,7
Ahmedabad,2W,4.21,89.41,13.94,2,2,public_slow,245.86,3.07,2.11,8.26,clear,0.228,middle,25.26,0,Gujarat,2022,4
Ahmedabad,2W,3.57,83.46,8.5,4,5,public_slow,145.89,0.18,1.34,9.76,clear,0.484,middle,21.43,0,Gujarat,2026,3
Ahmedabad,2W,3.79,79.18,42.17,3,5,public_slow,142.72,0.08,6.95,8.5,humid,0.29,middle,22.71,1,Gujarat,2023,4
Ahmedabad,2W,2.63,101.82,16.56,3,3,public_fast,34.6,0.6,2.61,5.27,extreme_heat,0.433,low,14.2,0,Gujarat,2019,9
Ahmedabad,2W,2.98,100.79,15.57,1,1,public_slow,155.39,3.48,4.36,7.44,rainy,0.334,middle,16.07,0,Gujarat,2019,12
Ahmedabad,2W,1.93,82.21,5.75,3,4,home,232.85,4.58,0.83,11.02,humid,0.178,middle,11.6,0,Gujarat,2025,5
Ahmedabad,2W,2.52,89.7,14.63,2,2,home,320.36,0.05,2.89,6.79,rainy,0.239,middle,13.62,0,Gujarat,2021,1
Ahmedabad,2W,2.87,86.37,29.27,4,3,public_fast,103.99,7.42,6.99,7.55,humid,0.551,low,17.2,1,Gujarat,2024,8
Ahmedabad,2W,2.77,93.05,19.19,2,2,home,271.54,0.39,3.49,6.28,extreme_heat,0.52,low,14.13,0,Gujarat,2020,4
Ahmedabad,2W,2.82,85.35,28.87,2,5,public_slow,198.59,0.32,5.15,8.85,humid,0.299,low,16.9,1,Gujarat,2024,7
Ahmedabad,2W,3.05,82.72,30.48,4,3.33,public_fast,39.62,0.62,5.3,7.64,extreme_heat,0.232,middle,15.57,0,Gujarat,2021,12
Ahmedabad,2W,3.65,90.12,40.4,4,2,public_fast,82.67,2.37,10.28,3.41,humid,0.222,middle,21.91,0,Gujarat,2019,4
Ahmedabad,2W,2.81,85.09,37.91,4,6,home,287.15,1.54,7.93,7.4,extreme_heat,0.295,low,14.35,1,Gujarat,2023,9
Ahmedabad,2W,2.57,74.8,12.21,2,4,public_fast,81.41,7.43,1.93,7.07,humid,0.511,low,15.41,1,Gujarat,2025,5
Ahmedabad,2W,2.95,72.43,25.42,1,6,public_fast,178.75,2.6,5.22,10.82,rainy,0.156,middle,15.91,1,Gujarat,2026,1
Ahmedabad,2W,3,91.92,20.85,3,2,home,326.7,1.23,3.55,6.23,extreme_heat,0.254,low,16.01,0,Gujarat,2021,3
Ahmedabad,2W,2.66,100.4,37.34,3,1,public_slow,140.91,1.64,4.36,5.58,clear,0.442,low,15.98,0,Gujarat,2019,1
Ahmedabad,2W,3.08,99.97,21.54,2,1,public_fast,56.75,1.99,2.98,4.81,extreme_heat,0.314,middle,15.7,0,Gujarat,2019,10
Ahmedabad,2W,3.13,88.52,26.61,3,3,public_slow,147.63,0.18,3.36,6.94,clear,0.293,low,18.8,0,Gujarat,2022,3
Ahmedabad,2W,3.34,83.36,136.13,3,2,home,409.75,3.4,9.34,9.79,rainy,0.319,low,18.02,1,Gujarat,2023,11
Ahmedabad,2W,3.08,93.64,59.97,1,1,public_slow,184.11,2.17,10.57,5.76,clear,0.465,middle,18.48,0,Gujarat,2020,1
Ahmedabad,2W,3.41,79.48,19.86,1,6,public_fast,324.7,0.84,2.45,9.12,clear,0.238,middle,20.49,1,Gujarat,2026,10
Ahmedabad,2W,2.81,91.06,35.87,1,3,home,376.3,0.13,7.36,7.84,extreme_heat,0.216,high,14.34,0,Gujarat,2023,5
Ahmedabad,2W,3.61,72.8,37.13,2,5,home,222.36,0.3,4.73,9.31,extreme_heat,0.197,low,18.43,1,Gujarat,2026,11
Ahmedabad,2W,3,86.88,27.61,2,4,home,329.07,1.29,5.71,8.4,extreme_heat,0.058,middle,15.28,0,Gujarat,2025,2
Ahmedabad,2W,3.13,104.3,48.13,4,2,home,340.71,0.33,8.43,5.43,rainy,0.218,low,16.92,0,Gujarat,2019,10
Ahmedabad,2W,2.25,87.6,46.67,4,1,public_slow,226.61,2.99,7.58,8.63,clear,0.178,low,13.47,0,Gujarat,2023,12
Ahmedabad,2W,4.08,91.37,34.84,4,3,home,232.59,1.59,7.99,7.2,extreme_heat,0.35,high,20.81,0,Gujarat,2022,5
Ahmedabad,2W,3.16,89.28,31.82,2,1,public_slow,110.38,6.48,4.95,8.01,clear,0.318,middle,18.99,1,Gujarat,2020,4
Ahmedabad,2W,2.54,97.42,16.19,3,2,home,217.68,4.14,2.4,8.81,rainy,0.152,low,13.72,1,Gujarat,2021,2
Ahmedabad,2W,4.18,88.37,36.14,4,2,home,260.06,2.35,6.25,8.24,clear,0.073,low,25.08,0,Gujarat,2022,7
Ahmedabad,2W,3.3,107.59,32.13,2.52,1,public_slow,183.41,0.71,4.59,7.39,humid,0.36,middle,19.81,0,Gujarat,2019,11
Ahmedabad,2W,3.44,82.13,21.15,4,4,public_slow,156.31,0.33,4.48,7.79,rainy,0.097,middle,18.57,0,Gujarat,2024,5
Ahmedabad,2W,3.14,77.85,17.97,3,4,home,275.64,0.53,3.18,10.01,rainy,0.072,high,16.95,0,Gujarat,2026,1
Ahmedabad,2W,3.1,95.23,34.1,2.52,4,public_fast,59.85,2.7,4.6,6.83,humid,0.249,high,18.6,0,Gujarat,2020,4
Ahmedabad,2W,3.33,85.08,25.33,4,3,public_fast,52.3,4.81,4.89,8.89,clear,0.389,middle,19.99,1,Gujarat,2023,4
Ahmedabad,2W,3.51,94.3,26.53,2,1,public_fast,72.8,1.2,5.34,4.93,humid,0.621,high,21.05,0,Gujarat,2020,7
Ahmedabad,2W,2.93,92.51,16.07,1,1,public_fast,178.75,1.55,2.78,6.53,extreme_heat,0.203,low,14.97,0,Gujarat,2021,4
Ahmedabad,2W,2.92,99.77,21.48,1,1,home,239.71,0.22,3.48,6.96,rainy,0.245,middle,15.78,0,Gujarat,2021,11
Ahmedabad,2W,3.18,91.07,23.5,3,4,home,349.21,2.35,3.68,6.68,humid,0.377,low,19.05,0,Gujarat,2022,10
Ahmedabad,2W,2.81,97.21,1,2,2,home,461.4,1.27,0.18,4.99,humid,0.204,middle,16.88,0,Gujarat,2020,2
Ahmedabad,2W,2.38,81.78,1,2,4,public_fast,81.89,0.67,0.16,8.43,rainy,0.375,low,12.87,0,Gujarat,2025,4
Ahmedabad,2W,3.35,88.51,25.97,3,2,public_fast,81.14,0.32,5.01,8.28,extreme_heat,0.218,low,17.07,0,Gujarat,2021,8
Ahmedabad,2W,2.33,97.34,16.65,1,1,home,178.75,3.5,3.22,7.78,clear,0.631,high,13.99,1,Gujarat,2019,6
Ahmedabad,2W,2.83,100.67,8.34,2.52,4,home,246.28,3.37,1.65,6.11,humid,0.241,low,16.96,0,Gujarat,2020,3
Ahmedabad,2W,3,88.41,36.47,2,2,public_fast,57.07,6.09,7.08,5.77,humid,0.344,high,20.57,1,Gujarat,2021,12
Ahmedabad,2W,2.37,78.03,8.35,2,6,public_slow,193.36,3.47,1.37,10.07,humid,0.266,low,14.23,1,Gujarat,2026,12
Ahmedabad,2W,2.3,78.97,15.65,2,5,public_slow,225.67,0.19,2.19,10.96,humid,0.657,low,16.84,1,Gujarat,2026,9
Ahmedabad,2W,3.23,89.73,23.76,1,3,public_slow,197.43,0.31,5.32,8.6,humid,0.142,low,19.37,0,Gujarat,2023,10
Ahmedabad,2W,2.97,94.64,6.19,3,3,public_slow,143.65,0.59,1.14,6.53,rainy,0.145,low,16.05,0,Gujarat,2022,7
Ahmedabad,2W,2.78,94.09,24.16,2,2,public_slow,125.89,2.26,4.14,8.84,humid,0.409,high,16.67,0,Gujarat,2020,2
Ahmedabad,2W,2.85,87.52,38.52,3,5,public_slow,203.37,0.04,7.29,9.13,clear,0.22,middle,17.12,1,Gujarat,2024,4
Ahmedabad,2W,2.99,85.4,17.75,2,3,public_slow,210,3.07,3.13,6.42,extreme_heat,0.137,middle,15.25,1,Gujarat,2023,10
Ahmedabad,2W,3.08,80.09,28,3,6,public_fast,75.13,1.74,4.36,7.76,extreme_heat,0.046,low,15.71,1,Gujarat,2024,9
Ahmedabad,2W,3.67,91.34,47.05,2,5,home,338.16,2.67,8.57,6.43,rainy,0.159,high,19.79,1,Gujarat,2021,4
Ahmedabad,2W,2.91,102.35,4.9,2,3,public_slow,192.86,4.05,0.76,5.78,clear,0.5,high,17.48,0,Gujarat,2019,9
Ahmedabad,2W,3.38,86.27,4.12,3,4,home,279.01,2.33,0.62,7.43,humid,0.397,low,20.3,0,Gujarat,2023,10
Ahmedabad,2W,2.16,92.15,28.32,2,6,public_slow,190.6,3.06,1.67,9.96,humid,0.19,low,12.94,1,Gujarat,2026,1
Ahmedabad,2W,3.13,82.14,33.27,3,5,public_fast,71.36,0.48,4.98,9.55,rainy,0.101,middle,16.92,1,Gujarat,2025,11
Ahmedabad,2W,3,70.71,5.08,2,5,public_fast,50.31,0.42,0.89,9.73,clear,0.131,high,20.01,1,Gujarat,2025,8
Ahmedabad,2W,2.26,67.09,40.1,1,5,public_slow,135.67,3.49,7.09,10.11,humid,0.29,high,13.55,1,Gujarat,2026,4
Ahmedabad,2W,3.71,100.21,39.47,4,1,home,412.92,0.95,7.94,7.05,extreme_heat,0.368,middle,20.05,0,Gujarat,2021,8
Ahmedabad,2W,3.4,80.94,12.4,4,3.33,public_slow,197.79,4.25,2.19,7.99,humid,0.331,middle,20.39,0,Gujarat,2023,9
Ahmedabad,2W,2.68,80.22,38.26,2,3,home,212.39,1.46,6.89,9.22,rainy,0.417,low,14.47,0,Gujarat,2026,1
Ahmedabad,2W,2.77,94.66,26.78,1,3,home,262.86,3.9,4.22,7.95,clear,0.249,high,16.62,1,Gujarat,2024,9
Ahmedabad,2W,3.04,97.81,48.9,2,3.33,public_fast,82.21,1.47,8.48,5.99,clear,0.109,low,18.24,0,Gujarat,2020,5
Ahmedabad,2W,2.36,85.25,25.08,2.52,3,public_fast,82.97,4.04,3.41,9.28,rainy,0.233,low,12.74,1,Gujarat,2025,6
Ahmedabad,2W,4.13,88.55,22.28,1,2,public_fast,92.68,2.3,4.23,6.54,rainy,0.197,high,22.31,0,Gujarat,2021,1
Ahmedabad,2W,2.57,84.11,24.1,1,4,public_fast,39.38,0.65,3.99,11.01,humid,0.189,middle,15.43,0,Gujarat,2026,8
Ahmedabad,2W,2.64,91.38,6.59,2.52,5,public_fast,84.38,0.1,1.33,8.34,clear,0.29,middle,16.84,0,Gujarat,2021,9
Ahmedabad,2W,3.34,94.47,26.2,2,1,public_slow,224.16,3.79,4.72,8.64,clear,0.259,middle,20.03,1,Gujarat,2021,1
Ahmedabad,2W,2.31,101.73,1,3,1,home,292.33,0.21,0.16,5.42,humid,0.077,low,13.88,0,Gujarat,2021,7
Ahmedabad,2W,2.69,96.99,44.1,1,2,home,318.79,2.55,6.3,6.17,clear,0.228,middle,16.16,0,Gujarat,2019,10
Ahmedabad,2W,4.06,77.86,12.93,2,3,home,259.83,0.49,2.16,8.62,clear,0.29,low,24.35,0,Gujarat,2026,1
Ahmedabad,2W,3.07,95.71,54.11,2,3,public_fast,62.44,4.78,7.72,6.16,clear,0.465,high,18.44,1,Gujarat,2020,12
Ahmedabad,2W,3.98,99.37,1,2,2,public_fast,206.51,0.46,0.19,6.81,extreme_heat,0.156,low,20.28,0,Gujarat,2019,10
Ahmedabad,2W,3.75,81.12,8.3,3,6,public_fast,68.02,0.6,1.2,9.54,humid,0.354,middle,22.5,0,Gujarat,2026,7
Ahmedabad,2W,4,92.45,36.62,2,2,public_fast,89.7,2.95,7.42,8.72,extreme_heat,0.279,middle,20.4,0,Gujarat,2023,5
Ahmedabad,2W,3.2,88.08,1,2,4,public_slow,149.88,0.19,0.19,8.71,clear,0.126,low,19.23,0,Gujarat,2023,1
Ahmedabad,2W,3.84,97.19,28.31,3,5,home,156.91,4.48,6.11,5.72,clear,0.083,low,23.07,1,Gujarat,2023,10
Ahmedabad,2W,3.44,96.18,17.87,2.52,3,public_fast,90.71,1.26,2.88,6.06,extreme_heat,0.306,low,17.55,0,Gujarat,2021,4
Ahmedabad,2W,3.46,69.44,28.26,5,6,public_fast,74,0.44,6.27,9.52,humid,0.351,middle,20.77,1,Gujarat,2026,4
Ahmedabad,2W,3.02,101.57,42.7,2,3,public_slow,184.53,2.14,5.48,9.43,extreme_heat,0.541,middle,15.38,0,Gujarat,2021,1
Ahmedabad,2W,3.51,104.53,24.72,2,1,public_fast,60.31,3.06,4.93,6.32,rainy,0.542,middle,18.98,1,Gujarat,2020,7
Ahmedabad,2W,2.71,101.44,22.96,3,3,public_slow,175.55,1.87,4.43,5.31,rainy,0.236,high,14.61,0,Gujarat,2019,6
Ahmedabad,2W,2.82,88.31,26.61,2,3,home,284.85,4.91,14.33,6.76,humid,0.365,high,16.91,1,Gujarat,2021,1
Ahmedabad,2W,2.75,109.08,24.67,2,2,home,269.72,0.85,5.23,5.09,extreme_heat,0.101,low,14,0,Gujarat,2019,12
Ahmedabad,2W,2.48,84.41,24.28,1,5,home,259.64,5.53,5.06,9.43,clear,0.7,low,14.91,1,Gujarat,2026,8
Ahmedabad,2W,2.41,88.62,6.77,2,1,home,242.72,0.95,1.27,4.81,extreme_heat,0.197,low,16.84,0,Gujarat,2021,5
Ahmedabad,2W,2.62,83.69,31.64,3,2,public_fast,86.57,2.06,4.6,7.05,humid,0.563,low,15.69,0,Gujarat,2023,12
Ahmedabad,2W,3,91.57,44.78,3,1,home,313.84,3.49,10.19,5.86,rainy,0.206,low,17.68,1,Gujarat,2021,4
Ahmedabad,2W,3.36,91.34,27,3,4,home,303.66,5.36,7.48,6.77,rainy,0.29,low,18.13,1,Gujarat,2023,6
Ahmedabad,2W,2.92,92.9,37.44,2,2,home,277.73,1.98,6.28,5.37,rainy,0.32,low,15.76,0,Gujarat,2019,11
Ahmedabad,2W,2.67,88.01,10.97,3,3.33,public_fast,238.36,1.64,1.77,10.54,extreme_heat,0.472,low,13.62,0,Gujarat,2025,10
Ahmedabad,2W,3.49,99.94,6.91,1,3,home,232.22,0.11,1.08,5.53,extreme_heat,0.239,low,17.81,0,Gujarat,2019,9
Ahmedabad,2W,3.54,83.39,8.88,2,4,public_fast,33.8,1.76,1.44,8.69,clear,0.608,low,21.25,0,Gujarat,2024,3
Ahmedabad,2W,2.02,93.4,34.59,2,3,home,257.26,11.01,6.14,5.61,clear,0.408,middle,12.1,1,Gujarat,2022,9
Ahmedabad,2W,3.17,96.98,37.51,3,4,public_fast,63.19,0.14,5.86,8.1,clear,0.197,high,19.01,0,Gujarat,2021,1
Ahmedabad,2W,3,90.91,22.8,2,4,home,225.91,0.35,3.06,8.25,rainy,0.34,middle,16.06,0,Gujarat,2022,8
Ahmedabad,2W,3.78,86.36,31.39,1,4,home,303.41,4.44,4.83,9.23,extreme_heat,0.59,middle,19.29,1,Gujarat,2024,9
Ahmedabad,2W,2.4,90.39,107,4,5,public_fast,42.21,6.53,5.29,10.1,clear,0.077,low,14.43,1,Gujarat,2025,3
Ahmedabad,2W,3,94.97,7.52,2,3,public_fast,84.21,0.92,1.72,7.83,rainy,0.287,middle,14.28,0,Gujarat,2021,5
Ahmedabad,2W,2.4,82.31,16.04,2,4,public_fast,241.21,0.21,2.9,8.3,clear,0.072,low,14.41,0,Gujarat,2024,3
Ahmedabad,2W,2.39,88,9.3,4,1,public_slow,156.53,1.99,1.83,8.68,clear,0.306,low,14.33,0,Gujarat,2026,1
Ahmedabad,2W,2.99,73.73,26.73,3,5,public_fast,61.1,1.82,4.43,7.8,humid,0.493,middle,17.92,1,Gujarat,2025,4
Ahmedabad,2W,3.52,85.7,7.83,3,4,home,321.28,0.29,1.11,10.57,rainy,0.239,middle,19.01,0,Gujarat,2024,5
Ahmedabad,2W,3.61,86.6,11.52,1,1,public_slow,223.55,0.32,2.11,9.26,rainy,0.137,middle,19.51,0,Gujarat,2024,5
Ahmedabad,2W,3.08,78.49,4.38,1,3,home,321.7,1.43,0.6,9.93,humid,0.188,high,18.49,0,Gujarat,2025,11
Ahmedabad,2W,2.65,83.76,17.84,2.52,5,public_slow,112.24,0.17,2.74,9.98,clear,0.29,high,15.92,1,Gujarat,2026,3
Ahmedabad,2W,2.99,99.57,21.34,3,2,home,222.59,0.77,3.16,7.94,humid,0.304,low,17.97,0,Gujarat,2021,11
Ahmedabad,2W,3.08,70.69,38.78,2,3,public_fast,62.04,2.46,5.68,9.46,rainy,0.428,low,16.62,1,Gujarat,2025,5
Ahmedabad,2W,3.29,89.58,15.18,3,5,public_slow,181.22,1.43,2.55,7.71,extreme_heat,0.133,middle,16.8,1,Gujarat,2026,1
Ahmedabad,2W,2.95,106.09,15.6,3,3,home,273.45,2.26,2.67,4.79,humid,0.298,low,17.68,0,Gujarat,2019,3
Bangalore,2W,3.16,86.07,26.61,2,4,home,361.86,0.8,4.36,8.93,humid,0.166,low,18.97,0,Karnataka,2023,9
Bangalore,2W,2.29,85.9,19.86,2,3,public_fast,178.75,6.56,4.59,8.4,rainy,0.52,low,12.38,1,Karnataka,2023,4
Bangalore,2W,2.76,91.67,39.72,1,4,public_slow,179.41,0.8,5.96,9.3,extreme_heat,0.41,low,14.06,0,Karnataka,2024,2
Bangalore,2W,3.84,95.41,24.88,4,4,public_slow,183.09,0.67,5.3,6.64,humid,0.432,low,23.06,0,Karnataka,2022,7
Bangalore,2W,3.24,104.9,23.2,3,2,home,264.33,1.48,4.09,7.09,rainy,0.243,low,17.52,0,Karnataka,2020,7
Bangalore,2W,3.42,74.72,26.07,4,5,public_fast,69.58,0.27,4.69,9.83,extreme_heat,0.482,middle,17.42,1,Karnataka,2026,2
Bangalore,2W,3.21,92.04,29.07,1,2,public_slow,136.76,0.77,4.47,8.55,humid,0.204,middle,19.29,0,Karnataka,2022,5
Bangalore,2W,3.52,91.54,31.94,3,5,public_slow,133.1,0.12,5.26,6.27,rainy,0.21,low,18.98,1,Karnataka,2022,6
Bangalore,2W,2.8,80.22,31.35,2,6,public_slow,137.3,2.01,6.52,8.52,extreme_heat,0.446,middle,14.27,1,Karnataka,2024,6
Bangalore,2W,2.91,91.62,33.27,1,3,home,401.7,0.3,5.76,6.88,rainy,0.338,middle,15.73,0,Karnataka,2022,4
Bangalore,2W,3.05,79.8,9.58,2,6,public_slow,145.35,0.73,1.67,10.47,extreme_heat,0.188,low,15.54,0,Karnataka,2026,11
Bangalore,2W,3,77.36,27.33,2,6,public_fast,42.66,3.11,4.68,8.84,rainy,0.169,high,16.17,1,Karnataka,2026,9
Bangalore,2W,2.32,85.35,35.15,1,2,public_fast,41.27,1.28,5.84,8.6,clear,0.245,low,13.95,0,Karnataka,2025,8
Bangalore,2W,2.25,87.26,10.03,3,4,public_fast,65,5.08,1.42,11,rainy,0.568,high,12.14,1,Karnataka,2025,3
Bangalore,2W,3.33,73.54,19.19,3,3.33,public_fast,76.98,2.44,3.1,9.21,humid,0.258,high,20.01,1,Karnataka,2026,10
Bangalore,2W,2.83,93.82,9.71,2,3,public_fast,56.51,2.57,1.61,7.73,extreme_heat,0.383,low,14.45,0,Karnataka,2022,3
Bangalore,2W,3.43,94.54,26.61,3,2,public_slow,202.13,1.99,5.44,4.82,extreme_heat,0.213,low,17.48,0,Karnataka,2019,9
Bangalore,2W,3.11,92.89,39.78,4,5,public_slow,161.78,9.23,8.1,7.61,clear,0.311,low,18.64,1,Karnataka,2024,11
Bangalore,2W,2.85,89.19,21.49,4,4,public_fast,73.06,0.9,3.97,7.63,extreme_heat,0.431,high,14.53,1,Karnataka,2026,5
Bangalore,2W,2.83,94.41,41.32,2,4,public_slow,133.93,1.08,6.47,7.28,clear,0.204,middle,16.99,0,Karnataka,2023,2
Bangalore,2W,3.13,87.03,13.66,2,5,home,399.32,5.22,2.53,7.52,rainy,0.203,middle,16.88,1,Karnataka,2023,2
Bangalore,2W,2.95,79.42,17.2,2,5,home,295.11,1.01,2.85,9.32,clear,0.276,middle,17.68,1,Karnataka,2026,4
Bangalore,2W,3.6,90.58,8.21,3,3.33,public_slow,187.15,1.24,1.29,8.73,extreme_heat,0.457,high,18.34,0,Karnataka,2022,1
Bangalore,2W,3.14,88.19,3.68,1,2,home,268.48,0.41,0.57,8.53,clear,0.168,middle,18.87,0,Karnataka,2022,3
Bangalore,2W,3,91.92,4.17,3,1,public_slow,131.31,3.18,0.57,6.66,extreme_heat,0.115,high,12.77,0,Karnataka,2020,3
Bangalore,2W,3,99.77,32.09,1,1,public_fast,73.25,0.43,7.1,5.19,humid,0.403,high,14.82,0,Karnataka,2019,1
Bangalore,2W,2.67,77.35,23.25,2,6,public_slow,144.63,1.18,4.11,6.41,extreme_heat,0.199,middle,13.63,1,Karnataka,2025,10
Bangalore,2W,2.93,97.03,18.36,2,3,public_fast,48.67,1.99,3.96,6.38,extreme_heat,0.209,low,14.95,0,Karnataka,2022,6
Bangalore,2W,2.92,89.19,49.98,3,2,home,302.13,3,7.11,8.15,clear,0.117,low,17.53,0,Karnataka,2022,1
Bangalore,2W,3.79,90.03,10.57,3,4,public_slow,175.26,0.58,1.62,6.92,extreme_heat,0.408,high,19.35,0,Karnataka,2023,6
Bangalore,2W,2.6,80.54,21.28,1,6,public_slow,145.02,0.44,3.19,10.13,clear,0.224,middle,15.59,1,Karnataka,2026,6
Bangalore,2W,3.57,88.73,17.6,3,4,home,199,0.31,2.52,7.18,extreme_heat,0.292,low,18.2,0,Karnataka,2022,11
Bangalore,2W,2.99,99.61,22.2,3,3,home,321.07,1.44,3.2,7.34,humid,0.251,low,17.93,0,Karnataka,2021,6
Bangalore,2W,3.56,76.37,17.15,2,4,public_slow,215.05,0.46,3.42,8.79,rainy,0.29,middle,19.22,0,Karnataka,2026,5
Bangalore,2W,1.83,78.54,29.93,3,4,public_slow,206.9,0.19,6.3,7.72,humid,0.641,high,10.99,0,Karnataka,2024,3
Bangalore,2W,3.14,89.8,44.83,1,4,home,407.5,2.42,8.3,9.09,clear,0.371,middle,18.84,0,Karnataka,2026,1
Bangalore,2W,3.58,70.67,2.58,3,5,public_slow,181.02,1.99,0.31,8.78,extreme_heat,0.36,low,18.27,1,Karnataka,2026,4
Bangalore,2W,2.78,101.86,32.43,2,2,public_fast,51.91,1.76,5.78,6.51,clear,0.544,low,16.66,0,Karnataka,2019,5
Bangalore,2W,3.9,80.5,16.36,1,6,public_slow,204.96,0.59,4.17,7.85,extreme_heat,0.046,low,19.91,1,Karnataka,2026,5
Bangalore,2W,3.7,101.7,48.59,1,2,home,373.84,2.54,9.03,6.05,humid,0.338,middle,22.2,0,Karnataka,2021,1
Bangalore,2W,3.45,80.16,35.54,2,3,home,370.27,5.75,5.92,7.54,humid,0.095,high,20.69,1,Karnataka,2025,8
Bangalore,2W,3.2,81.82,12.19,2,3.33,home,303.31,0.34,1.6,11.05,rainy,0.062,middle,17.29,1,Karnataka,2025,2
Bangalore,2W,2.03,96.48,1,2,1,home,244.97,3.74,0.19,6.6,rainy,0.305,high,10.98,0,Karnataka,2022,4
Bangalore,2W,3.36,75.86,44.3,2,5,public_slow,191.1,0.53,7.04,8.57,rainy,0.138,high,18.16,1,Karnataka,2026,5
Bangalore,2W,3.09,81.91,1,2,5,public_slow,169.36,0.94,0.19,9.06,rainy,0.795,middle,16.67,0,Karnataka,2024,10
Bangalore,2W,1.95,73.38,28.6,2,4,public_slow,209.09,3.42,3.82,8.93,rainy,0.421,middle,10.53,1,Karnataka,2025,6
Bangalore,2W,2.64,74.43,26.61,2,4,public_slow,168.97,2.17,3.86,7.34,rainy,0.044,low,14.28,1,Karnataka,2024,9
Bangalore,2W,3.19,83.19,25.69,4,5,public_fast,39.76,0.57,4.9,8.67,humid,0.29,low,19.12,1,Karnataka,2025,2
Bangalore,2W,2.92,79.67,37.64,4,3,home,278.17,2.73,7.43,8.48,humid,0.688,low,17.5,0,Karnataka,2024,8
Bangalore,2W,2.92,89.65,36.25,1,4,public_fast,53.36,3.14,5.76,8.32,clear,0.328,low,17.51,1,Karnataka,2023,11
Bangalore,2W,2.8,90.52,26.22,3,3,public_fast,50.34,0.29,3.26,6.69,clear,0.298,middle,16.8,0,Karnataka,2023,2
Bangalore,2W,3.22,79.67,21.15,3,6,public_slow,137.08,1.05,3.86,9.98,extreme_heat,0.311,middle,16.4,1,Karnataka,2026,2
Bangalore,2W,3.28,79.36,21.36,2,6,public_fast,40.29,0.78,2.93,8.73,humid,0.122,middle,19.71,1,Karnataka,2026,12
Bangalore,2W,2.23,93.68,2.89,3,1,public_slow,136.31,0.57,0.49,6.39,humid,0.28,middle,13.4,0,Karnataka,2019,10
Bangalore,2W,4.15,83.79,44.34,1,4,public_slow,160.82,1.97,8.39,9.13,clear,0.062,high,24.9,0,Karnataka,2026,1
Bangalore,2W,3.7,86.23,39.24,2,2,public_fast,73.55,1.26,6.31,8.49,clear,0.304,middle,22.21,0,Karnataka,2024,11
Bangalore,2W,2.86,85.78,28.58,2.52,4,public_slow,223.73,2.39,4.57,8.76,clear,0.142,low,17.17,0,Karnataka,2023,4
Bangalore,2W,2.97,96.81,94.1,2,3,public_fast,55.12,3.54,4.7,8,humid,0.324,high,17.8,1,Karnataka,2022,2
Bangalore,2W,2.16,87.96,22.19,2.52,4,home,322.27,1.99,3.94,7.02,extreme_heat,0.333,high,11.02,0,Karnataka,2021,11
Bangalore,2W,2.62,91.65,21.6,1,3,public_fast,41.9,1.86,4.26,6.29,rainy,0.434,middle,14.16,0,Karnataka,2020,5
Bangalore,2W,2.4,100.37,1,1,2,public_slow,60.25,0.37,0.16,6.17,clear,0.169,low,14.4,0,Karnataka,2021,4
Bangalore,2W,3.09,89.19,25.26,3,4,public_fast,93.58,3.84,4.37,7.19,extreme_heat,0.251,low,18.52,1,Karnataka,2024,12
Bangalore,2W,3.06,99.79,22.41,2,3,home,326.76,4.49,3.91,7.8,extreme_heat,0.536,low,15.62,1,Karnataka,2020,11
Bangalore,2W,3.86,77.49,38.87,2,5,home,279.09,2.63,9.67,9.45,rainy,0.029,low,20.82,0,Karnataka,2025,1
Bangalore,2W,3.47,88.98,27.49,2,5,public_fast,158.24,2.29,5.33,9.28,humid,0.351,middle,20.81,0,Karnataka,2024,2
Bangalore,2W,3.47,87.96,42.01,4,2,public_slow,218.61,0.6,6.16,8.72,extreme_heat,0.57,high,17.71,0,Karnataka,2023,6
Bangalore,2W,2.86,114,32.37,4,1,public_fast,73.11,0.74,6.84,6.39,humid,0.179,middle,17.19,0,Karnataka,2019,4
Bangalore,2W,3.01,82.71,26.61,2,5,public_slow,181.52,3.3,9.19,9.13,extreme_heat,0.07,middle,15.37,1,Karnataka,2025,8
Bangalore,2W,1.87,89.19,22.66,2,4,home,262.35,4.41,3.65,8.72,rainy,0.416,middle,10.12,1,Karnataka,2024,11
Bangalore,2W,3.14,94.74,38.16,3,3,home,337.64,3.95,6.28,7.2,extreme_heat,0.368,middle,16.01,1,Karnataka,2021,8
Bangalore,2W,3.88,92.92,20.93,1,1,public_slow,226.29,3.17,4.36,7.33,clear,0.057,low,23.27,1,Karnataka,2020,1
Bangalore,2W,2.99,78.77,5.4,2,4,home,349.01,10.54,1.09,7.37,clear,0.291,middle,16.84,0,Karnataka,2026,3
Bangalore,2W,2.15,80.17,21.8,3,5,home,245.25,1.81,3.98,7.58,humid,0.214,low,12.88,1,Karnataka,2024,5
Bangalore,2W,2.62,92.23,26.61,1,4,home,427.93,2.31,5.61,8.75,clear,0.085,low,15.71,0,Karnataka,2024,4
Bangalore,2W,2.19,84.25,44.96,4,6,public_fast,66.62,2.97,7.65,9.51,extreme_heat,0.014,high,11.18,1,Karnataka,2025,8
Bangalore,2W,1.97,89.19,42.18,2,1,public_slow,231.01,3.75,5.85,8.53,extreme_heat,0.162,low,10.05,1,Karnataka,2022,6
Bangalore,2W,3.33,103.87,19.48,3,1,public_slow,116.23,5.15,4,6.52,clear,0.277,high,16.84,1,Karnataka,2019,10
Bangalore,2W,3.49,96.76,9.38,2,3.33,public_slow,155.97,0.63,1.75,6.61,humid,0.206,low,20.92,0,Karnataka,2026,1
Bangalore,2W,2.93,93.02,1,3,4,public_slow,217.83,1.81,0.15,7.88,extreme_heat,0.186,middle,14.93,0,Karnataka,2023,7
Bangalore,2W,3.94,93.31,26.61,2,4,home,201.29,2.24,3.51,7.8,rainy,0.557,low,21.3,0,Karnataka,2022,11
Bangalore,2W,2.43,93.73,6.64,2,1,public_slow,243.65,4.79,0.98,7.04,humid,0.354,high,14.58,0,Karnataka,2020,8
Bangalore,2W,2.75,92.7,12.21,3,3,public_fast,57.06,1.39,2.12,8.47,clear,0.138,middle,16.51,0,Karnataka,2023,4
Bangalore,2W,2.28,84.46,48.27,1,4,home,218.91,0.27,8.27,7.3,rainy,0.413,middle,12.3,0,Karnataka,2024,3
Bangalore,2W,2.7,92.77,25.61,1,1,home,347.18,0.05,4.13,6.64,extreme_heat,0.108,middle,13.74,0,Karnataka,2019,11
Bangalore,2W,2.15,84.96,39.68,2,3,public_fast,178.75,0.19,6.98,8.19,humid,0.423,high,12.9,0,Karnataka,2023,10
Bangalore,2W,3.24,95.54,36.3,2,3.33,home,262.63,1,6.79,6.89,humid,0.211,middle,19.46,0,Karnataka,2020,4
Bangalore,2W,2.94,87.89,1,4,5,public_fast,25.74,1.47,0.17,8.02,rainy,0.525,middle,15.85,0,Karnataka,2024,3
Bangalore,2W,3.18,85.29,21.57,2,5,public_slow,247.07,0.62,3.92,10.01,clear,0.415,middle,19.06,1,Karnataka,2025,9
Bangalore,2W,2.53,93.05,42.84,3,5,public_fast,62.5,1.1,6.69,8.76,rainy,0.072,low,13.65,1,Karnataka,2024,8
Bangalore,2W,2.87,102.29,2.91,2,1,public_slow,164.22,1,0.42,5.19,clear,0.224,middle,17.23,0,Karnataka,2026,1
Bangalore,2W,2.86,80.47,1,2,5,public_fast,178.75,3.08,0.16,7.8,rainy,0.388,low,15.45,1,Karnataka,2025,2
Bangalore,2W,3.46,96.36,18.34,1,1,public_slow,179.78,1.28,2.15,6.53,humid,0.077,low,20.79,0,Karnataka,2020,2
Bangalore,2W,3.31,99.36,20.44,2,4,public_slow,232.78,0.36,2.83,6.73,extreme_heat,0.176,low,16.91,0,Karnataka,2020,1
Bangalore,2W,3.17,101.84,30.22,3,2,public_slow,122.29,0.25,4.94,7.78,humid,0.189,low,19.05,0,Karnataka,2021,3
Bangalore,2W,3,81.63,28.63,3,4,home,184.47,1.98,4.09,10.54,extreme_heat,0.066,middle,12.15,0,Karnataka,2025,8
Bangalore,2W,2.37,71.48,25.46,3,5,public_slow,211.33,0.42,4.34,10.08,clear,0.372,middle,14.24,1,Karnataka,2025,5
Bangalore,2W,3.03,99.18,36.34,3,1,public_slow,168.53,1.25,6.2,6.67,clear,0.336,high,18.18,0,Karnataka,2019,3
Bangalore,2W,2.38,81.81,1.11,4,6,home,311.05,1.47,0.16,8.61,rainy,0.321,low,12.85,0,Karnataka,2026,10
Bangalore,2W,3.4,87.1,35.71,3,4,public_fast,80.38,0.11,7.09,8.09,clear,0.117,low,16.84,0,Karnataka,2023,10
Bangalore,2W,3.13,85.31,1,3,3,public_slow,180.85,0.56,0.15,6.93,extreme_heat,0.054,low,15.94,0,Karnataka,2022,5
Bangalore,2W,3.69,79.81,126.27,3,4,public_fast,178.75,1.44,8.5,7.86,rainy,0.087,middle,19.94,0,Karnataka,2025,5
Bangalore,2W,2.68,83.24,12.1,2,4,public_slow,227.37,0.62,1.68,9.94,rainy,0.435,middle,14.47,0,Karnataka,2026,8
Bangalore,2W,3.39,100.08,6.64,2.52,3,public_fast,70.42,1.83,0.85,7.8,extreme_heat,0.29,middle,17.31,0,Karnataka,2021,9
Bangalore,2W,3.03,88.57,31.35,1,4,public_fast,61.11,0.58,4.36,8.93,extreme_heat,0.392,middle,15.47,0,Karnataka,2024,10
Bangalore,2W,2.73,77.01,6.37,2,6,public_fast,39.24,0.68,1.03,8.97,clear,0.173,middle,16.37,0,Karnataka,2025,2
Bangalore,2W,3.02,95.25,36.49,2,4,public_slow,115.64,3.56,5.95,7.71,clear,0.079,high,18.13,1,Karnataka,2026,1
Bangalore,2W,2.07,91.58,17.79,1,4,public_fast,62.47,1.5,3.46,5.22,extreme_heat,0.305,middle,10.58,0,Karnataka,2022,10
Bangalore,2W,2.82,89.19,33.93,4,6,public_fast,30.19,1.45,5.97,9.72,clear,0.462,high,16.92,1,Karnataka,2026,12
Bangalore,2W,3.28,83.65,27.86,3,4,public_fast,178.75,0.04,4.11,10.36,rainy,0.395,low,16.84,0,Karnataka,2025,11
Bangalore,2W,2.67,100.49,50.63,2,1,public_slow,149.77,1.74,7.23,5.73,extreme_heat,0.419,middle,13.62,0,Karnataka,2019,4
Bangalore,2W,3.65,79.53,19.4,3,4,public_slow,230.24,1.64,3.24,8.76,clear,0.094,high,21.9,0,Karnataka,2024,7
Bangalore,2W,3.2,82.13,10.08,1,5,public_fast,82.01,1.47,1.81,7.68,extreme_heat,0.111,low,16.3,0,Karnataka,2026,7
Bangalore,2W,1.94,99.91,26.61,1,1,public_fast,266.62,4.97,4.34,7.93,rainy,0.131,high,10.46,1,Karnataka,2020,10
Bangalore,2W,3,86.65,48.3,4,4,public_slow,244.72,2.25,8.7,8.18,rainy,0.328,low,16.18,0,Karnataka,2022,3
Bangalore,2W,2.49,96.97,8.35,3,1,home,252.61,0.21,1.06,5.49,extreme_heat,0.212,low,12.7,0,Karnataka,2019,2
Bangalore,2W,3,105.6,35.26,2.52,1,home,339.67,2.82,3.99,6.11,rainy,0.123,middle,11.17,0,Karnataka,2019,1
Bangalore,2W,3.37,95.94,31.46,1,1,public_slow,236.04,2.91,5.64,5.31,clear,0.369,middle,20.24,0,Karnataka,2020,4
Bangalore,2W,2.82,93.68,1,2,2,public_slow,239.43,2.24,4.36,6.77,clear,0.23,middle,16.91,0,Karnataka,2021,8
Bangalore,2W,3.89,95.53,11.25,1,1,home,220.07,0.51,1.37,7.8,extreme_heat,0.195,low,19.83,0,Karnataka,2020,1
Bangalore,2W,2.5,83.36,18.55,3,5,public_slow,224.19,0.57,4.09,7.93,humid,0.27,middle,15,1,Karnataka,2023,2
Bangalore,2W,3.01,92.99,17.56,2,3,home,346.15,0.59,3.07,6.54,clear,0.259,low,18.08,0,Karnataka,2021,3
Bangalore,2W,2.82,100.81,18.7,2,1,public_slow,187.97,1.65,4.16,6.06,extreme_heat,0.474,middle,14.36,0,Karnataka,2019,6
Bangalore,2W,3.43,72.95,30.4,3,6,home,242.61,1.32,6.08,7.8,extreme_heat,0.113,low,16.84,1,Karnataka,2026,5
Bangalore,2W,3.1,100.68,38.17,2,1,public_slow,217.98,2.17,5.58,6.31,extreme_heat,0.309,middle,15.82,0,Karnataka,2019,2
Bangalore,2W,3.82,90.4,40.46,4,4,public_fast,178.75,1.37,6.42,7.91,humid,0.221,high,22.9,0,Karnataka,2022,5
Bangalore,2W,2.24,80.71,37.39,1,5,home,347.14,2.63,5,8.97,rainy,0.226,middle,12.11,1,Karnataka,2026,4
Bangalore,2W,2.83,73.92,31.8,4,6,public_fast,72.54,0.68,5.09,10.1,rainy,0.153,middle,15.27,1,Karnataka,2026,5
Bangalore,2W,3.63,102.44,6.49,3,1,public_fast,47.5,1.27,0.88,4.15,rainy,0.108,low,19.58,0,Karnataka,2019,1
Bangalore,2W,3.04,83.34,40.04,4,4,public_fast,60.64,0.41,6.65,9.49,humid,0.262,middle,18.22,0,Karnataka,2026,5
Bangalore,2W,2.53,91.25,26.61,3,4,public_slow,203.44,1.99,4.36,7.76,extreme_heat,0.597,high,12.91,1,Karnataka,2023,6
Bangalore,2W,3.32,93.52,7.01,4,3,home,250.84,3.44,1.88,7.44,humid,0.29,middle,19.94,0,Karnataka,2021,10
Bangalore,2W,2.49,92.76,5.61,4,2,public_fast,65.65,0.37,1.11,7.49,extreme_heat,0.231,high,12.7,0,Karnataka,2020,5
Bangalore,2W,3.69,83.8,13.77,2,4,home,178.75,3.39,2.69,8.02,humid,0.272,middle,22.15,0,Karnataka,2023,10
Bangalore,2W,3.64,88.48,5.21,3,3,home,316.4,0.49,0.77,8.22,humid,0.188,high,21.81,0,Karnataka,2022,3
Bangalore,2W,2.41,81.4,27.22,4,3.33,home,304.63,1.45,3.2,8.12,extreme_heat,0.518,high,12.28,1,Karnataka,2025,5
Bangalore,2W,3,94.83,3,3,2,home,294.62,0.28,0.2,6.21,rainy,0.129,low,12.14,0,Karnataka,2022,8
Bangalore,2W,3.24,92.78,34.91,2,3,public_fast,73.58,0.02,4.36,7.88,rainy,0.163,middle,17.47,0,Karnataka,2023,1
Bangalore,2W,3.17,78.51,16.92,2,7,home,403.06,3.43,2.72,9.61,clear,0.199,low,19,1,Karnataka,2026,8
Bangalore,2W,2.67,79.32,40.9,1,6,public_fast,83.1,1.05,9.72,8.88,rainy,0.393,low,14.42,1,Karnataka,2024,12
Bangalore,2W,1.68,89.19,36.17,2,3,home,242.9,1.77,4.85,4.92,extreme_heat,0.154,low,8.58,0,Karnataka,2020,3
Bangalore,2W,3.48,94.01,36.58,1,1,public_fast,65.88,10.28,5.23,5.04,rainy,0.649,low,18.8,1,Karnataka,2020,5
Bangalore,2W,3.07,102.88,20.99,4,1,public_slow,109.04,1.38,3.87,6.89,humid,0.23,middle,18.39,0,Karnataka,2019,7
Bangalore,2W,3.44,72.51,34.28,2,4,public_fast,51.22,1.86,5.6,9.82,humid,0.302,high,20.62,1,Karnataka,2026,10
Bangalore,2W,3.27,82.93,26.72,2,6,public_fast,115.29,1.96,4.08,8.96,extreme_heat,0.277,high,16.67,1,Karnataka,2024,8
Bangalore,2W,2.82,89.19,20.81,3,3,public_fast,67.89,3.92,4.3,8.71,rainy,0.148,middle,15.23,1,Karnataka,2023,8
Bangalore,2W,3.19,90.04,38.63,2,5,public_fast,40.84,1.8,7.87,8.88,humid,0.186,high,19.14,1,Karnataka,2024,7
Bangalore,2W,3.72,80.25,27.55,2,6,public_slow,191.82,1.08,4.53,9.22,extreme_heat,0.279,middle,18.96,1,Karnataka,2026,7
Bangalore,2W,2.39,101.9,48.74,1,1,public_fast,73.33,3.94,7.87,5.99,extreme_heat,0.134,low,12.21,1,Karnataka,2019,7
Bangalore,2W,2.85,102.15,34.18,3,1,home,464.03,0.48,5.49,5.83,extreme_heat,0.04,middle,15.37,0,Karnataka,2019,4
Bangalore,2W,3.62,83.07,16.44,3,6,home,264.98,4.79,2.58,7.86,rainy,0.303,middle,19.52,1,Karnataka,2025,5
Bangalore,2W,3,97.48,22.87,3,1,home,326.75,2.94,3.61,7.35,clear,0.29,high,18.8,0,Karnataka,2020,11
Bangalore,2W,3.17,100.61,4.58,3,1,public_fast,34.01,2.23,0.67,7.81,clear,0.503,middle,19,0,Karnataka,2019,7
Bangalore,2W,2.61,68.6,29.97,4,4,public_slow,221.02,0.23,4.93,10.01,extreme_heat,0.322,low,16.84,1,Karnataka,2026,2
Bangalore,2W,3.08,99.26,4.94,3,1,public_slow,101.83,1.08,4.36,4.87,clear,0.267,high,18.51,0,Karnataka,2019,7
Bangalore,2W,2.74,96.13,39.92,2,3,home,206.96,2.03,6.97,6.65,rainy,0.328,middle,14.79,0,Karnataka,2020,3
Bangalore,2W,3,98.6,115.71,4,2,public_fast,72.4,1.18,6.25,6.92,rainy,0.29,middle,20.77,0,Karnataka,2020,3
Bangalore,2W,2.84,77.09,31.57,2,5,public_slow,177.05,3.35,6.24,8.78,humid,0.373,high,17.01,1,Karnataka,2025,6
Bangalore,2W,2.93,76.83,17.57,1,3,home,345.79,2.44,3.59,8.49,rainy,0.353,middle,15.81,0,Karnataka,2026,6
Bangalore,2W,2.68,85.41,22.63,4,3,public_slow,164.12,3.02,4.11,8.35,rainy,0.26,high,14.47,1,Karnataka,2023,12
Bangalore,2W,2.66,77.18,34.31,2,4,public_slow,246.34,1.99,5.55,10.12,rainy,0.564,low,14.36,0,Karnataka,2026,7
Bangalore,2W,3.36,89.31,11.28,1,3,home,303.87,0.01,1.9,7.79,humid,0.453,high,20.18,0,Karnataka,2022,10
Bangalore,2W,3.8,89.06,30.79,4,5,public_fast,40.87,3.74,5.56,8.42,extreme_heat,0.336,high,19.37,1,Karnataka,2026,5
Bangalore,2W,3.4,74.28,63.43,4,7,public_slow,147.52,1.11,11.97,9.61,humid,0.206,middle,20.42,1,Karnataka,2026,8
Bangalore,2W,2.59,89.19,26.3,3,4,public_slow,148.11,0.79,3.71,8.36,extreme_heat,0.202,middle,13.23,0,Karnataka,2023,3
Bangalore,2W,2.71,72.86,60.38,1,4,public_slow,143.93,1.81,10.88,8.44,clear,0.315,middle,16.28,1,Karnataka,2026,9
Bangalore,2W,2.67,83.9,33.5,2.52,6,public_fast,45.91,0.38,5.59,7.52,extreme_heat,0.093,middle,13.62,1,Karnataka,2025,4
Bangalore,2W,3.39,96.51,41.15,3,3,public_fast,64.92,0.94,5.57,8.24,rainy,0.406,low,18.33,0,Karnataka,2024,7
Bangalore,2W,2.45,73.02,54.45,2,5,home,455.49,2.55,11.77,8.16,clear,0.159,middle,14.69,1,Karnataka,2025,9
Bangalore,2W,3.7,79.28,16.64,5,3,home,289.72,3.98,3.06,10.08,rainy,0.477,low,19.99,1,Karnataka,2026,1
Bangalore,2W,3.33,75.14,27.28,2,7,public_slow,204.61,0.46,3.8,7.9,extreme_heat,0.208,middle,16.98,1,Karnataka,2026,10
Bangalore,2W,3.17,93.48,1,3,3,public_fast,72.98,0.73,0.19,6.41,humid,0.433,high,19.02,0,Karnataka,2020,1
Bangalore,2W,2.67,86.85,35.18,4,6,public_fast,56.38,0.42,5.7,7.05,clear,0.222,low,15.99,1,Karnataka,2024,5
Bangalore,2W,2.91,82.79,67.9,3,5,public_fast,51.55,2.65,10.56,8.9,extreme_heat,0.113,high,14.86,1,Karnataka,2025,7
Bangalore,2W,3.51,80.48,17.27,2,5,home,271.29,0.49,2.8,11.21,clear,0.309,middle,21.09,1,Karnataka,2025,10
Bangalore,2W,3.45,85.29,17.7,2,3,public_fast,45.56,0.85,2.97,8.98,humid,0.243,low,20.72,0,Karnataka,2024,12
Bangalore,2W,2.8,95.71,37.78,4,2,public_slow,167.27,2.61,5.73,5.38,humid,0.634,low,16.8,0,Karnataka,2020,12
Bangalore,2W,2.41,79.54,24.02,2,7,public_slow,162.35,0.55,3.9,9.63,clear,0.428,low,14.49,1,Karnataka,2026,7
Bangalore,2W,2.77,95.43,19.44,4,1,home,453.83,0.1,2.57,5.81,clear,0.39,high,16.84,0,Karnataka,2020,7
Bangalore,2W,2.69,75.87,29.07,1,4,public_fast,62.44,2.05,4.03,8.73,clear,0.136,middle,16.17,0,Karnataka,2024,3
Bangalore,2W,2.78,79.35,9.71,2,6,home,386.87,0.89,1.49,10.21,humid,0.271,middle,16.67,0,Karnataka,2026,8
Bangalore,2W,2.59,72.38,15.02,2,6,home,397.47,0.83,2.51,9.85,extreme_heat,0.251,low,13.21,1,Karnataka,2026,11
Bangalore,2W,3.31,77.87,52.43,3,3,public_slow,189.58,0.12,8.72,8.75,humid,0.624,middle,16.84,0,Karnataka,2024,4
Bangalore,2W,3.56,88.88,34.7,2,3.33,public_fast,23.25,2.9,5.88,8.9,humid,0.231,low,21.36,1,Karnataka,2023,5
Bangalore,2W,2.91,103.45,58.13,2,2,home,259.79,0.46,9.23,5.92,clear,0.388,middle,17.43,0,Karnataka,2019,7
Bangalore,2W,3.68,93.54,10.97,4,3,public_slow,209.82,1.66,1.94,7.51,extreme_heat,0.08,low,22.09,0,Karnataka,2026,1
Bangalore,2W,3.67,93.91,22.53,3,2,home,380.97,3.83,3.86,7.53,clear,0.409,low,22,1,Karnataka,2023,7
Bangalore,2W,2.91,99.96,19.28,2,1,public_fast,84.58,3.37,3.32,5.51,extreme_heat,0.197,high,14.84,1,Karnataka,2019,8
Bangalore,2W,2.93,91.12,9.37,1,5,public_slow,208.45,2.66,1.79,8.72,clear,0.382,high,17.56,0,Karnataka,2025,12
Bangalore,2W,3,88.59,18.89,2,2,public_fast,67.74,3.2,4.19,5.82,humid,0.147,low,17.6,1,Karnataka,2019,8
Bangalore,2W,2.25,104.63,17.58,4,2,public_slow,208.13,0.08,2.55,6.9,clear,0.238,middle,13.48,0,Karnataka,2019,7
Bangalore,2W,3.37,78.16,1,2,3,public_fast,54.74,2.84,0.16,7.98,clear,0.414,middle,20.22,0,Karnataka,2026,7
Bangalore,2W,3.53,81.42,3.72,3,5,public_slow,171.3,1.27,0.45,9.9,extreme_heat,0.204,low,17.99,0,Karnataka,2026,4
Bangalore,2W,3.13,85.9,46.03,2,3,public_fast,55.7,6.24,7.24,7.62,rainy,0.127,high,16.9,1,Karnataka,2023,11
Bangalore,2W,2.97,95.04,16.45,3,3,public_slow,238.54,1.75,4.36,8.16,rainy,0.383,middle,16.06,0,Karnataka,2021,12
Bangalore,2W,3.45,84.2,4.88,2,3,home,210.57,0.79,1.16,7.3,rainy,0.31,low,18.63,0,Karnataka,2023,11
Bangalore,2W,2.53,81.34,22.54,2,5,home,360.69,0.22,3.49,9.3,humid,0.027,middle,15.19,1,Karnataka,2024,2
Bangalore,2W,3.44,106.36,18.14,2,2,public_slow,178.75,3.36,2.54,7.17,humid,0.24,low,20.63,1,Karnataka,2020,8
Bangalore,2W,3.65,104.12,58.49,1,4,public_fast,72.59,0.08,11.49,5.1,rainy,0.333,low,19.7,0,Karnataka,2020,3
Bangalore,2W,2.69,92.99,9.72,3,3,public_slow,215.57,0.83,1.49,6.05,extreme_heat,0.478,low,13.74,0,Karnataka,2021,11
Bangalore,2W,2.74,101,25.77,2.52,2,public_fast,10.78,0.16,3.5,6.45,rainy,0.144,middle,14.8,0,Karnataka,2019,2
Bangalore,2W,3.4,80.59,11.08,3,5,home,298.01,2.04,1.7,9.33,rainy,0.25,middle,18.36,0,Karnataka,2026,1
Bangalore,2W,3.25,90.84,20.02,4,4,home,321.04,1.56,3.27,7.82,rainy,0.57,low,17.54,0,Karnataka,2023,11
Bangalore,2W,3,101.72,25.2,2,2,public_slow,160.11,0.65,3.57,6.03,humid,0.037,middle,13.04,0,Karnataka,2019,12
Bangalore,2W,2.96,96.23,28.86,5,2,home,297.19,1.73,4.07,6,extreme_heat,0.202,low,15.07,0,Karnataka,2021,9
Bangalore,2W,3.24,71.29,47.33,4,6,home,318.84,1,6.3,6.65,clear,0.315,middle,16.84,1,Karnataka,2026,2
Bangalore,2W,2.28,105.11,1.6,4,3.33,public_slow,188.01,0.64,0.3,5.15,rainy,0.269,high,12.33,0,Karnataka,2026,1
Bangalore,2W,2.22,104.99,28.49,1,2,public_slow,214.47,1.46,4.38,4.8,extreme_heat,0.17,low,11.35,0,Karnataka,2020,9
Bangalore,2W,2.6,87.24,65.1,3,6,home,195.41,4.32,11.25,8.38,extreme_heat,0.129,low,13.28,1,Karnataka,2026,3
Bangalore,2W,2.48,83.81,20.94,2,3,public_slow,187.91,5.94,2.78,8.46,clear,0.414,middle,14.91,1,Karnataka,2025,7
Bangalore,2W,2.56,86.32,39.81,4,2,public_slow,230.85,0.8,6.24,8.47,clear,0.14,low,15.34,0,Karnataka,2021,7
Bangalore,2W,1.92,81.25,26.61,2,5,home,350.77,0.06,6.68,8.6,rainy,0.316,low,10.35,1,Karnataka,2024,9
Bangalore,2W,2.56,83.63,17.79,2,2,public_slow,156.66,0.51,2.85,8.71,humid,0.288,low,15.35,0,Karnataka,2023,5
Bangalore,2W,3,83,41.1,4,2,home,266.47,3.62,5.82,9.71,clear,0.349,low,20.5,1,Karnataka,2023,11
Bangalore,2W,3.18,93.59,29.78,2,2,public_slow,202.67,0.26,3.73,5.57,clear,0.285,low,19.11,0,Karnataka,2021,8
Bangalore,2W,3.17,83.7,1,2,3,public_fast,46.17,1.63,0.19,8.24,extreme_heat,0.015,middle,16.15,0,Karnataka,2021,12
Bangalore,2W,2.41,71.18,35.2,2,6,public_fast,48.29,2.01,6.99,8.35,rainy,0.262,middle,13.01,1,Karnataka,2026,9
Bangalore,2W,2.7,88.77,28,2,5,public_slow,213.86,0.73,4.91,8.11,extreme_heat,0.328,low,13.76,1,Karnataka,2024,7
Bangalore,2W,3.31,106.96,30.13,1,1,home,178.75,0.18,4.24,6.48,humid,0.413,low,19.84,0,Karnataka,2019,11
Bangalore,2W,1.97,107.09,3.04,4,1,public_slow,191.3,0.97,0.49,6.6,rainy,0.158,low,10.61,0,Karnataka,2019,2
Bangalore,2W,3.03,86.69,32.01,2,3,home,280.7,2.91,5.91,8.88,rainy,0.319,low,16.36,0,Karnataka,2025,10
Bangalore,2W,3.87,101.99,28.82,2,3,home,345.18,1.27,5.94,5.51,extreme_heat,0.248,high,19.75,0,Karnataka,2020,6
Bangalore,2W,2.11,77.46,18.18,1,4,home,282.67,0.85,3.07,7.97,humid,0.145,middle,12.65,0,Karnataka,2024,10
Bangalore,2W,2.62,83.44,33.14,3,3,public_slow,213.06,1.08,4.69,8.62,clear,0.422,low,15.73,0,Karnataka,2023,12
Bangalore,2W,2.87,86.82,33.85,1,5,public_slow,155.66,2.1,5.95,9.93,humid,0.087,low,17.19,1,Karnataka,2025,11
Bangalore,2W,3.35,84.26,3.13,3,4,public_slow,146.09,0.01,0.52,8.7,extreme_heat,0.228,middle,17.06,0,Karnataka,2024,7
Bangalore,2W,3.2,85.67,24.52,1,5,home,263.12,11.45,4.09,8.68,rainy,0.199,low,17.28,1,Karnataka,2023,11
Bangalore,2W,2.97,88.16,1,4,4,public_fast,70.96,0.81,0.19,8.59,extreme_heat,0.076,low,15.13,0,Karnataka,2023,6
Bangalore,2W,1.38,97.4,2.24,3,1,public_fast,63.62,0.39,0.35,6.82,clear,0.544,low,8.29,0,Karnataka,2020,12
Bangalore,2W,2.16,94.54,20.22,2,2,public_fast,22.7,0,4.36,7.23,rainy,0.327,low,11.69,0,Karnataka,2022,2
Bangalore,2W,2.73,73.18,27.76,3,4,public_fast,58.94,3.31,4.76,9.17,clear,0.146,low,16.37,1,Karnataka,2026,2
Bangalore,2W,3.52,83.36,28.22,2,4,home,175.13,2.53,4.4,9.14,humid,0.383,low,21.11,0,Karnataka,2025,2
Bangalore,2W,2.73,78.32,40.75,3,4,home,273.69,0.05,8.09,7.92,humid,0.511,low,16.39,0,Karnataka,2026,8
Bangalore,2W,3.37,96.09,35.01,2,3,home,303.01,2.87,5.89,6.4,humid,0.111,middle,20.19,0,Karnataka,2021,8
Bangalore,2W,2.83,83.23,20.32,1,4,public_fast,45.18,8.75,3.44,8.55,humid,0.298,high,16.99,1,Karnataka,2026,10
Bangalore,2W,3.54,96.85,39.52,1,3,home,356.33,0.93,7.58,4.74,clear,0.222,low,21.26,0,Karnataka,2021,6
Bangalore,2W,3.24,95.81,7.79,2,4,home,292.62,1.99,1.82,4.34,extreme_heat,0.377,middle,19.43,0,Karnataka,2021,10
Bangalore,2W,3.05,89.19,34.19,3,3,public_fast,54.19,1.99,6.6,8.91,extreme_heat,0.094,low,15.55,0,Karnataka,2024,9
Bangalore,2W,3.48,102.36,14.77,3,4,home,236.9,0.95,2.3,6.27,clear,0.041,middle,20.87,0,Karnataka,2020,5
Bangalore,2W,2.45,68.65,58.84,1,6,home,380.63,0.32,3.05,9.43,humid,0.312,low,14.69,1,Karnataka,2026,4
Bangalore,2W,3.74,91.19,13.97,1,4,public_slow,193.43,1.98,2.27,6.28,humid,0.248,high,22.46,0,Karnataka,2023,11
Bangalore,2W,3,80.93,35.31,3,4,home,269.32,2.19,4.37,9.54,extreme_heat,0.132,high,18.03,0,Karnataka,2026,12
Bangalore,2W,2.64,102.16,32.08,1,2,public_fast,28.36,4.12,5.79,6.37,clear,0.259,middle,15.86,1,Karnataka,2020,7
Bangalore,2W,3.17,90.78,33.34,2,2,home,319.48,2.38,5.3,7.2,extreme_heat,0.337,high,16.17,0,Karnataka,2022,7
Bangalore,2W,3.38,89.19,32.75,3,3,public_fast,52.24,2.05,5.4,8,extreme_heat,0.159,middle,17.21,0,Karnataka,2022,1
Bangalore,2W,2.98,95.77,37.48,2,3,home,263.93,4.96,6.55,4.83,clear,0.458,low,17.88,1,Karnataka,2019,9
Bangalore,2W,2.93,84.89,3.44,1,5,home,366.24,0.61,0.55,8.54,humid,0.155,low,17.55,0,Karnataka,2024,9
Bangalore,2W,2.25,102.21,29.17,1,1,public_fast,73.87,0.89,3.88,7.48,humid,0.123,high,13.52,0,Karnataka,2020,8
Bangalore,2W,2.54,80.4,12.41,3,5,public_slow,175.87,0.71,2.24,7.8,rainy,0.257,middle,13.7,1,Karnataka,2023,5
Bangalore,2W,3.16,85.07,5.3,3,3,public_fast,36.92,1.89,0.64,8.77,extreme_heat,0.443,middle,16.1,0,Karnataka,2026,1
Bangalore,2W,3.17,83.16,42.63,2,2,home,309.25,3.97,7.69,7.61,clear,0.087,middle,19.01,1,Karnataka,2023,12
Bangalore,2W,2.66,89.19,6.78,3,1,home,381.66,0.09,1.09,7.57,clear,0.149,high,15.96,0,Karnataka,2020,3
Bangalore,2W,3.09,87.74,11.23,2,4,public_slow,198.29,0.1,1.75,7.16,extreme_heat,0.112,middle,15.75,0,Karnataka,2021,4
Bangalore,2W,2.99,95.1,8.98,2,1,public_fast,68.05,3.41,1.1,7.12,extreme_heat,0.446,middle,15.25,0,Karnataka,2022,5
Bangalore,2W,4.24,90.71,8.3,3,3,home,305.56,0.29,1.16,7.8,rainy,0.353,middle,22.91,0,Karnataka,2023,6
Bangalore,2W,2.34,80.27,17.95,2,4,public_fast,52,1.99,4.43,7.38,clear,0.143,low,14.02,0,Karnataka,2023,3
Bangalore,2W,3.18,81.71,7.5,4,5,public_slow,187.79,0.91,1.23,9.16,rainy,0.29,low,17.16,0,Karnataka,2024,7
Bangalore,2W,3.18,85.29,21.25,3,4,home,252.94,1.27,4.15,7.8,clear,0.244,low,19.09,0,Karnataka,2024,11
Bangalore,2W,3.13,81.09,59.37,1,4,public_slow,197.84,2.1,11.55,8.59,humid,0.397,low,18.81,0,Karnataka,2023,9
Bangalore,2W,3.99,81.69,36.58,3,3.33,public_slow,153.48,0.13,7.72,6.72,extreme_heat,0.235,middle,20.36,1,Karnataka,2024,4
Bangalore,2W,3.62,88.18,25.04,2,4,home,178.75,1.14,3.37,8.65,humid,0.033,low,21.72,0,Karnataka,2024,1
Bangalore,2W,2.37,98.04,22.27,4,3,public_slow,195.59,2.84,4.6,6.04,rainy,0.564,middle,12.8,0,Karnataka,2026,1
Bangalore,2W,3,93.99,21.65,2,3,public_fast,67.14,4.68,4.21,7.6,rainy,0.155,middle,20.03,1,Karnataka,2021,6
Bangalore,2W,3.08,79.81,42.02,3,6,public_fast,48.22,5.88,4.36,9.99,rainy,0.197,middle,16.64,1,Karnataka,2026,12
Bangalore,2W,2.75,92.72,45.46,3,4,home,267.9,6.04,7.22,6.98,clear,0.301,high,16.48,1,Karnataka,2024,4
Bangalore,2W,3.16,92.84,26.61,2,4,public_slow,167.84,4.71,3.3,7.91,extreme_heat,0.306,low,16.11,1,Karnataka,2024,3
Bangalore,2W,3.45,101.07,26.61,3,3,public_fast,24.43,2.12,9.96,5.66,extreme_heat,0.389,low,17.58,0,Karnataka,2021,12
Bangalore,2W,3.23,95.38,1,2,2,public_fast,67.49,0.31,0.12,5.5,rainy,0.253,low,17.46,0,Karnataka,2020,11
Bangalore,2W,3.66,90.13,26.33,2,1,public_slow,165.76,0.89,3.77,7.42,rainy,0.55,high,19.78,0,Karnataka,2021,12
Bangalore,2W,1.97,80.14,16.66,1,4,home,275.09,0.59,2.6,9.38,rainy,0.319,high,10.66,0,Karnataka,2024,5
Bangalore,2W,1.98,85.09,10.8,2,4,public_slow,168.43,0.28,1.52,10.13,clear,0.298,high,11.87,0,Karnataka,2025,10
Bangalore,2W,3.62,89.38,13.57,1,3,public_slow,229.13,6.84,2.05,7.38,clear,0.213,low,21.72,0,Karnataka,2023,3
Bangalore,2W,2.49,91.53,20.98,1,3,public_fast,61.03,0.62,5.27,7.8,clear,0.063,middle,14.93,0,Karnataka,2022,6
Bangalore,2W,2.51,85.13,41.43,2,5,home,231.26,1.87,6.4,6.72,extreme_heat,0.142,low,12.83,1,Karnataka,2025,9
Bangalore,2W,3.46,91.55,18.25,4,3,public_slow,244.12,2.03,3.29,8.65,clear,0.238,low,20.74,0,Karnataka,2022,4
Bangalore,2W,3.99,89.94,41.43,3,2,public_slow,146.09,0.07,5.61,4.53,clear,0.054,high,23.96,0,Karnataka,2020,5
Bangalore,2W,2.58,92.54,31.47,2,3.33,public_fast,47.9,2.12,4.45,8.23,extreme_heat,0.527,low,13.15,0,Karnataka,2023,10
Bangalore,2W,3.65,88.05,4.14,2,1,public_fast,87.96,3.56,0.73,7.29,extreme_heat,0.199,high,18.64,0,Karnataka,2020,3
Bangalore,2W,2.79,104.33,1.72,4,4,public_slow,169.57,0.65,0.35,6.37,extreme_heat,0.101,high,14.24,0,Karnataka,2019,11
Bangalore,2W,3.05,85.48,1,2,2,public_slow,140.06,4.59,0.11,7.04,extreme_heat,0.199,middle,15.58,0,Karnataka,2021,7
Bangalore,2W,3.6,75.75,21.5,1,5,home,251.55,1.08,2.97,12.16,clear,0.284,low,21.6,1,Karnataka,2026,12
Bangalore,2W,2.58,80.2,26.61,4,5,public_slow,218.33,5.54,2.95,10.03,extreme_heat,0.423,middle,13.15,1,Karnataka,2025,4
Bangalore,2W,3.06,87.42,47.1,3,5,public_slow,171.29,0.35,6.86,8.91,extreme_heat,0.329,low,15.61,1,Karnataka,2023,9
Bangalore,2W,3.82,82.28,22.76,4,3,public_fast,90.38,6.75,3.87,6.56,clear,0.546,low,22.95,1,Karnataka,2023,1
Bangalore,2W,3.63,95.61,4.21,4,1,public_slow,121.13,2.54,0.66,5.7,extreme_heat,0.184,low,18.52,0,Karnataka,2020,2
Bangalore,2W,3.02,93.34,26.87,3,3.33,home,306.62,8.14,4.94,4.3,clear,0.39,low,16.84,1,Karnataka,2020,6
Bangalore,2W,3.08,94.15,16.67,2,2,public_slow,245.43,3.15,3.09,7.53,rainy,0.402,low,16.61,1,Karnataka,2023,7
Bangalore,2W,2.26,87.75,12.52,2,3,home,306.12,2.11,2.39,7.8,extreme_heat,0.051,middle,11.51,0,Karnataka,2022,7
Bangalore,2W,2.79,94.95,39.75,3,1,home,375.89,0.73,7.42,8.19,extreme_heat,0.09,middle,14.21,0,Karnataka,2021,5
Bangalore,2W,3.23,84.2,37.45,3,5,public_slow,189.4,1.99,6.15,6.61,humid,0.252,middle,19.36,1,Karnataka,2024,1
Bangalore,2W,3.22,89.84,26.61,4,2,public_slow,178.75,2.29,0.21,8.86,clear,0.103,high,19.31,0,Karnataka,2022,4
Bangalore,2W,2.65,88.74,1,3,3,public_slow,160.01,4.12,0.17,7.2,humid,0.457,middle,15.91,0,Karnataka,2022,6
Bangalore,2W,3.33,84.07,14.4,2,2,public_fast,48.51,3.6,2.78,9.09,clear,0.578,low,19.99,1,Karnataka,2023,7
Bangalore,2W,3.81,81.9,12.51,3,5,home,283.05,0.53,1.94,9.01,clear,0.29,low,22.89,0,Karnataka,2024,1
Bangalore,2W,3.51,89.26,24.99,2,3,home,425.17,0.33,6.14,4.14,humid,0.082,low,21.07,0,Karnataka,2020,1
Bangalore,2W,2.6,78.5,36.23,2,3,home,385.22,0.45,6.26,10.66,humid,0.203,middle,15.61,0,Karnataka,2024,1
Bangalore,2W,2.42,73.89,25.94,3,5,home,305.51,0.9,4.43,10.44,rainy,0.354,low,13.04,1,Karnataka,2026,11
Bangalore,2W,3.26,87.37,9.69,2,1,public_slow,171.02,0.88,1.49,6.58,clear,0.404,low,19.57,0,Karnataka,2020,9
Bangalore,2W,2.86,93.28,37.88,2,4,public_slow,224.48,0.33,5.39,8.15,extreme_heat,0.599,low,17.18,0,Karnataka,2026,1
Bangalore,2W,2.81,67.46,23.48,3,6,public_fast,60.29,2.14,4.35,9.04,humid,0.431,high,16.89,1,Karnataka,2026,3
Bangalore,2W,3,112.03,26.61,2,2,public_fast,35.95,0.27,8.99,6.6,clear,0.772,high,23.42,0,Karnataka,2019,1
Bangalore,2W,2.88,83.52,16.91,1,3,home,314.31,6.48,2.51,8.44,clear,0.306,middle,17.28,1,Karnataka,2024,7
Bangalore,2W,3.97,102.01,13.5,5,3,home,286.75,3.97,2.12,7.07,humid,0.183,low,23.81,0,Karnataka,2021,10
Bangalore,2W,2.93,85.63,18.49,2,3,public_fast,70.02,2.91,4.36,8.04,humid,0.386,middle,17.6,0,Karnataka,2023,9
Bangalore,2W,3.02,91.42,34.22,2,1,public_slow,130.74,1.47,6.64,5.68,humid,0.26,middle,18.09,0,Karnataka,2019,8
Bangalore,2W,2.37,110.5,39.6,3,1,public_fast,178.75,0.34,5.76,7.11,clear,0.274,middle,14.23,0,Karnataka,2019,1
Bangalore,2W,3.78,93.65,88.62,3,2,public_slow,124.14,0.45,4.84,7.02,extreme_heat,0.637,middle,19.26,0,Karnataka,2019,5
Bangalore,2W,1.47,73.08,51.17,2,6,public_fast,42.93,2.14,8.07,9.02,humid,0.614,low,8.8,1,Karnataka,2026,7
Bangalore,2W,1.9,97.74,28.42,4,2,public_fast,33.29,16.3,5.05,6.15,rainy,0.351,middle,16.84,1,Karnataka,2019,10
Bangalore,2W,2.84,99.37,30.92,4,2,public_fast,60.48,3.23,3.75,6.25,extreme_heat,0.43,middle,14.49,1,Karnataka,2020,9
Bangalore,2W,3.01,99.06,33.19,3,2,home,251.41,1.89,7.44,6.59,clear,0.147,middle,18.08,0,Karnataka,2020,9
Bangalore,2W,3.26,80.92,11.89,3,4,home,192.51,1.07,3.34,8.02,clear,0.638,low,19.55,0,Karnataka,2024,5
Bangalore,2W,2.32,89.94,31.09,2,2,public_slow,131.25,0.5,4.94,9.3,extreme_heat,0.31,middle,11.84,0,Karnataka,2023,5
Bangalore,2W,2.86,106.61,7.13,4,3,home,225.11,3.66,1.06,7.41,rainy,0.506,high,15.43,0,Karnataka,2020,2
Bangalore,2W,4.71,89.19,42.8,2,3,public_slow,143.89,3.08,6.98,7.5,clear,0.298,middle,28.29,1,Karnataka,2021,3
Bangalore,2W,3.59,88.98,16.6,2.52,4,public_fast,71.59,0.3,2.67,6.21,rainy,0.231,middle,19.41,0,Karnataka,2024,5
Bangalore,2W,2.65,86.3,28.16,3,4,public_slow,144.87,0.78,3.67,7.26,rainy,0.202,low,14.3,0,Karnataka,2022,12
Bangalore,2W,3.6,100.85,43.28,3,2,public_fast,42,0.82,5.58,4.01,rainy,0.272,middle,19.45,0,Karnataka,2019,3
Bangalore,2W,2.73,85.4,12.11,3,4,public_slow,188.77,1.2,2.13,7.67,clear,0.605,middle,16.84,0,Karnataka,2026,1
Bangalore,2W,2.86,92.16,14.75,2.52,4,home,308.93,6.01,2.87,7.43,clear,0.61,low,17.14,1,Karnataka,2022,3
Bangalore,2W,3.03,94.02,31.63,3,1,public_slow,148.12,0.04,4.77,7.38,rainy,0.167,low,16.36,0,Karnataka,2020,2
Bangalore,2W,2.71,78.27,1,2,3,public_fast,41.54,0.97,0.17,7.27,rainy,0.236,middle,14.62,0,Karnataka,2024,2
Bangalore,2W,2.6,98.5,34.91,2,2,public_slow,234.46,1.05,4.73,5.95,extreme_heat,0.321,low,15.58,0,Karnataka,2019,11
Bangalore,2W,2.67,79.58,43.92,2,6,public_fast,31.19,1.36,6.36,6.78,extreme_heat,0.279,high,13.64,0,Karnataka,2023,6
Bangalore,2W,2.37,99.96,28.78,3,3,home,358.34,4.2,4.73,6.29,rainy,0.186,low,12.8,1,Karnataka,2020,8
Bangalore,2W,2.61,75.62,50.85,3,6,home,345.6,1.69,8.19,8.38,clear,0.051,high,15.69,1,Karnataka,2026,1
Bangalore,2W,3.04,91.13,6.93,3,2,public_slow,132.07,1.43,0.91,7.8,rainy,0.231,middle,16.42,0,Karnataka,2021,10
Bangalore,2W,3.78,110.54,46.03,2,1,public_fast,78.77,3.45,7.73,5.97,extreme_heat,0.266,low,19.28,1,Karnataka,2019,1
Bangalore,2W,2.73,84.24,33.1,4,1,public_slow,164.75,1.21,4.16,8.16,extreme_heat,0.505,high,13.94,0,Karnataka,2022,3
Bangalore,2W,2.84,80.77,36.72,2,3,home,300.87,1.99,6.52,7.6,rainy,0.209,low,15.33,1,Karnataka,2024,3
Bangalore,2W,3.93,82.95,29.7,1,4,public_slow,127.16,0.58,4.5,9.85,extreme_heat,0.615,middle,20.07,0,Karnataka,2026,3
Bangalore,2W,3.64,99.05,21.98,2,1,public_fast,347.56,2.35,3.18,6.85,rainy,0.069,middle,19.65,0,Karnataka,2019,1
Bangalore,2W,2.52,104.64,1,1,1,public_fast,45.04,4.58,0.2,5.91,extreme_heat,0.677,low,12.87,0,Karnataka,2019,8
Bangalore,2W,2.72,73.66,29.58,3,6,public_fast,67.3,4.8,6.33,9.83,clear,0.558,middle,16.32,1,Karnataka,2026,1
Bangalore,2W,2.6,82.42,15.8,4,4,public_fast,40.67,10.22,3.91,7.8,rainy,0.285,low,14.05,1,Karnataka,2025,9
Bangalore,2W,2.56,88.75,13.44,3,4,public_fast,106.71,5.4,1.95,8.18,extreme_heat,0.489,high,13.05,0,Karnataka,2022,9
Bangalore,2W,2.63,82.51,16.71,3,2,home,280.17,0.34,3.5,9.34,rainy,0.246,middle,16.84,0,Karnataka,2023,3
Bangalore,2W,3.57,95.6,34.4,2,4,home,420.7,1.01,5.69,8.54,humid,0.171,high,21.41,0,Karnataka,2023,6
Bangalore,2W,3.86,89.19,13.36,3,2,public_fast,46.29,2.9,2.5,5.84,clear,0.4,low,23.19,0,Karnataka,2019,7
Bangalore,2W,2.53,91.3,51.11,3,1,public_slow,204.34,4.12,7.4,8.19,rainy,0.121,high,13.66,1,Karnataka,2022,12
Bangalore,2W,2.8,81.3,32.6,2.52,3,public_fast,99.16,0.12,5.1,9.05,humid,0.217,low,16.81,0,Karnataka,2023,11
Bangalore,2W,3.61,95.05,47.82,2,3,home,304.98,4.74,6.73,7.71,extreme_heat,0.159,low,18.4,1,Karnataka,2024,2
Bangalore,2W,3.68,83.15,28.23,1,6,home,241.72,5.26,4.71,10.41,rainy,0.138,low,19.87,1,Karnataka,2025,7
Bangalore,2W,3.55,77.94,43.8,3,4,public_slow,155.72,1.52,7.46,11.57,clear,0.213,low,21.29,0,Karnataka,2026,11
Bangalore,2W,2.83,84.35,27.83,2,5,public_slow,177.3,0.56,4.5,9.54,clear,0.29,high,17,1,Karnataka,2025,9
Bangalore,2W,2.37,76.37,35.66,3,5,public_slow,200.14,5.03,4.99,9.29,clear,0.489,middle,14.2,1,Karnataka,2025,11
Bangalore,2W,3.18,96.7,34.52,3,2,public_fast,18.1,3.04,6.17,5.95,clear,0.11,middle,19.11,1,Karnataka,2026,1
Bangalore,2W,3.76,103.14,16.41,2,2,home,178.75,1.32,2.61,6.46,extreme_heat,0.403,high,19.19,0,Karnataka,2019,5
Bangalore,2W,2.76,93.85,30.3,3,2,home,253.09,3.32,3.91,6.7,extreme_heat,0.379,low,14.05,1,Karnataka,2026,1
Bangalore,2W,3.02,85.03,26.74,2,6,public_slow,283.12,2.09,5.76,9.82,extreme_heat,0.371,high,15.4,1,Karnataka,2025,8
Bangalore,2W,2.5,86.41,29.15,3,4,public_fast,59.95,3.64,4.08,7.8,rainy,0.279,middle,13.49,1,Karnataka,2022,7
Bangalore,2W,3.64,100.98,39.99,2,3,public_fast,49.15,2.69,7.71,7.56,clear,0.274,low,21.81,0,Karnataka,2020,10
Bangalore,2W,3,87.95,39.95,3,3,home,293.78,2.21,7.57,8.38,humid,0.116,high,17.82,0,Karnataka,2024,2
Bangalore,2W,3.63,94.65,21.19,3,3,public_slow,135.55,0.06,2.97,7.21,humid,0.476,low,21.8,0,Karnataka,2024,4
Bangalore,2W,3.09,95.37,18.17,4,2,home,359.38,0.06,3.08,6.71,clear,0.19,middle,18.53,0,Karnataka,2019,5
Bangalore,2W,3.92,90.03,129.66,1,4,home,287.01,2.56,6.51,7.13,clear,0.223,low,23.55,0,Karnataka,2023,1
Bangalore,2W,2.9,81.17,18.34,1,4,public_slow,247,2.79,4.53,8.58,rainy,0.29,high,15.65,0,Karnataka,2025,5
Bangalore,2W,3.2,83.45,12.96,4,4,public_fast,68.4,1.9,2.28,10.8,clear,0.088,low,19.18,0,Karnataka,2025,11
Bangalore,2W,2.68,89.56,29.48,3,3,home,309.18,1.49,6.74,7.97,extreme_heat,0.118,low,13.66,0,Karnataka,2021,4
Bangalore,2W,3.26,96.66,5.3,3,3,home,285.75,1.48,0.97,6.37,clear,0.465,middle,19.58,0,Karnataka,2019,12
Bangalore,2W,3.27,92.7,46.13,3,2,public_fast,20.05,1.95,9.04,9.07,humid,0.282,low,19.6,0,Karnataka,2024,12
Bangalore,2W,2.74,85.71,23.65,3,2,home,331.68,4.22,3.55,8.19,humid,0.292,low,16.46,1,Karnataka,2023,12
Bangalore,2W,2.17,93.18,26.61,2,1,home,272.26,0.61,3.56,9.15,rainy,0.543,high,11.73,0,Karnataka,2020,3
Bangalore,2W,3.44,101.91,11.45,2,3,public_fast,53.61,0.86,2.03,4.31,rainy,0.258,low,18.55,0,Karnataka,2019,9
Bangalore,2W,3.31,84.05,34.15,3,4,home,331.48,0.8,4.48,8.27,rainy,0.485,low,17.88,0,Karnataka,2026,8
Bangalore,2W,3.55,103.39,50.38,1,1,home,247.14,0.22,7.92,6.84,rainy,0.205,low,19.17,0,Karnataka,2020,10
Bangalore,2W,2.8,96.23,66.03,3,4,public_slow,143.63,0.68,19.83,6.63,clear,0.178,middle,16.81,0,Karnataka,2022,2
Bangalore,2W,3.66,81.55,1,1,4,home,301.26,10.96,0.15,8.71,humid,0.398,low,21.93,0,Karnataka,2026,3
Bangalore,2W,3.28,92.64,46.82,2,3,public_slow,200.84,0.44,9.12,6.31,extreme_heat,0.086,low,16.73,0,Karnataka,2021,4
Bangalore,2W,4.18,97,34.63,3,3,home,311.91,6.27,4.75,7.76,clear,0.403,low,25.1,1,Karnataka,2020,4
Bangalore,2W,3.43,87.93,10.52,3,4,home,372.41,1.76,1.64,7.98,clear,0.169,middle,20.56,0,Karnataka,2022,10
Bangalore,2W,2.98,79.68,25.01,3,5,public_fast,47.28,1.72,3.24,9.33,rainy,0.229,high,16.12,1,Karnataka,2026,6
Bangalore,2W,2.01,87.37,1,2,3.33,public_fast,56.66,0.15,0.14,7.53,rainy,0.426,middle,10.85,0,Karnataka,2023,4
Bangalore,2W,1.96,93.28,5.7,2,3,home,229.89,6.49,0.69,7.08,humid,0.242,middle,11.78,0,Karnataka,2023,5
Bangalore,2W,2.64,82.63,34.94,1,5,home,296.59,1.55,5.24,8.99,clear,0.074,low,15.87,1,Karnataka,2023,9
Bangalore,2W,2.94,81.6,29.71,4,4,public_slow,206.18,0.78,3.81,8.6,clear,0.488,middle,17.67,0,Karnataka,2025,4
Bangalore,2W,2.64,85.48,7.08,4,5,public_slow,161.66,1.06,1.44,9.43,clear,0.128,middle,15.86,0,Karnataka,2025,11
Bangalore,2W,2.9,77.4,7.76,1,2,home,362.49,1.99,1.18,9.27,humid,0.317,low,17.39,0,Karnataka,2026,9
Bangalore,2W,2.69,102.1,54.99,3,1,public_slow,232.09,2.56,7.58,5.85,extreme_heat,0.199,middle,13.72,0,Karnataka,2019,10
Bangalore,2W,2.96,86.97,30.98,3,1,public_fast,51.87,0.65,6.47,8.22,clear,0.408,middle,17.77,0,Karnataka,2020,6
Bangalore,2W,2.67,92.74,23.19,2,3,public_slow,162.5,1.99,5.32,7.58,rainy,0.251,middle,14.42,0,Karnataka,2022,8
Bangalore,2W,2.78,99.65,28.71,2,2,public_slow,212.1,2.62,4.64,7.8,humid,0.327,middle,16.65,0,Karnataka,2019,2
Bangalore,2W,4,92.57,39.59,2,1,public_fast,97.88,5.54,10.48,7.23,humid,0.171,middle,24,1,Karnataka,2020,12
Bangalore,2W,2.46,98.91,34.21,4,1,public_fast,60.16,3.15,5.05,5.83,extreme_heat,0.249,high,12.52,1,Karnataka,2019,8
Bangalore,2W,3.11,83.81,19.77,2,5,home,206.11,2.24,3.74,8.83,extreme_heat,0.342,low,15.87,1,Karnataka,2025,3
Bangalore,2W,2.41,98.37,45.53,1,3,home,360.58,0.9,8.7,8.92,extreme_heat,0.426,low,12.31,0,Karnataka,2022,7
Bangalore,2W,3.2,87.46,26.61,2,4,public_fast,78.04,1.99,4.76,7.26,rainy,0.307,low,17.25,0,Karnataka,2025,2
Bangalore,2W,2.01,79.9,34.18,2,5,public_fast,178.75,0.55,6.15,8.01,humid,0.111,low,12.07,1,Karnataka,2026,12
Bangalore,2W,3.57,100.16,30.23,2,2,home,229.32,0.21,4.22,7.13,clear,0.21,low,21.43,0,Karnataka,2020,10
Bangalore,2W,3.15,83.09,17.4,3,6,public_fast,48.17,0.83,3.79,9.23,extreme_heat,0.095,high,16.06,1,Karnataka,2025,12
Bangalore,2W,1.68,84.79,26.61,4,5,public_fast,28.37,1.35,6.95,9.28,clear,0.272,high,10.09,1,Karnataka,2026,5
Bangalore,2W,2.56,87.97,25.22,3,6,public_fast,152.04,0.89,4.48,8.81,humid,0.127,middle,15.38,1,Karnataka,2025,5
Bangalore,2W,2.37,81.56,51.04,2,5,public_fast,260.66,0.62,12.68,9.81,humid,0.164,low,14.24,1,Karnataka,2026,7
Bangalore,2W,3,84.56,42.28,3,4,public_fast,64.21,0.54,6.82,8.02,clear,0.39,high,11.96,0,Karnataka,2025,8
Bangalore,2W,2.78,89.19,26.61,4,2,public_fast,57.97,0.75,2.32,5.09,extreme_heat,0.318,low,14.17,0,Karnataka,2021,8
Bangalore,2W,2.93,89.19,52.68,2,5,public_slow,131.95,5.91,9.53,9.06,humid,0.626,low,17.55,1,Karnataka,2025,7
Bangalore,2W,3.11,102.18,21.87,2.52,1,public_slow,133.3,1.99,3.28,6.59,clear,0.386,middle,18.68,0,Karnataka,2019,9
Bangalore,2W,1.8,94.29,58.1,2,3,public_slow,190,2.07,9.74,8.59,humid,0.257,low,10.83,0,Karnataka,2024,8
Bangalore,2W,2.42,95.64,14.31,2,1,home,332.38,0.81,2.73,6.18,rainy,0.119,middle,13.07,0,Karnataka,2021,11
Bangalore,2W,2.98,86.01,15.68,3,3.33,public_slow,147.46,1.12,2.59,7.78,extreme_heat,0.237,low,15.2,0,Karnataka,2021,1
Bangalore,2W,2.74,91.15,15.26,2,2,home,344.12,3.11,2.97,5.99,extreme_heat,0.284,middle,14,1,Karnataka,2020,3
Bangalore,2W,3,90.02,19.45,4,1,public_fast,304.22,0.29,4.09,8.85,humid,0.338,high,21.11,0,Karnataka,2022,9
Bangalore,2W,1.98,97.89,1,1,1,public_slow,213.28,1.25,0.17,4.78,clear,0.099,middle,11.91,0,Karnataka,2026,1
Bangalore,2W,3.66,94.54,31.28,3,2,public_fast,5.95,1.89,5.31,7.22,humid,0.175,high,21.96,0,Karnataka,2020,3
Bangalore,2W,2.35,93.5,13.44,2,2,public_slow,168.84,0.65,2.21,8.21,clear,0.332,high,14.09,0,Karnataka,2023,2
Bangalore,2W,2.95,104.97,30.07,3,3,public_fast,80.45,1.43,3.83,7.73,clear,0.179,middle,17.7,0,Karnataka,2020,9
Bangalore,2W,2.54,74.47,44.94,2,4,home,212.19,1.71,6.67,8.54,humid,0.433,low,15.26,1,Karnataka,2026,9
Bangalore,2W,2.97,89.6,26.61,2,3,public_slow,203.4,0.53,3.65,8.07,rainy,0.391,middle,16.06,0,Karnataka,2026,1
Bangalore,2W,3.22,99.22,31.38,3,2,home,290.91,3.52,4.4,7.05,rainy,0.203,low,17.39,1,Karnataka,2021,9
Bangalore,2W,2.92,97.12,18.22,4,2,home,335.35,1.82,3.05,5.99,clear,0.271,high,17.52,0,Karnataka,2019,1
Bangalore,2W,2.29,104.11,27.04,5,1,public_fast,58.44,1.15,4.12,5.39,clear,0.036,low,13.77,0,Karnataka,2019,10
Bangalore,2W,3.9,91.12,1,2,2,home,189.53,3.53,0.14,7.17,clear,0.096,high,23.4,0,Karnataka,2023,10
Bangalore,2W,2.85,84.36,1,1,6,home,306.96,1.48,0.21,8.06,rainy,0.419,middle,16.84,0,Karnataka,2025,6
Bangalore,2W,3.6,83.99,62.93,2,4,public_fast,54.09,3.66,4.08,7.78,extreme_heat,0.252,high,18.35,0,Karnataka,2023,2
Bangalore,2W,4.41,83.65,30.13,2.52,6,public_slow,140.36,0.55,4.02,8.89,rainy,0.502,high,23.82,1,Karnataka,2024,12
Bangalore,2W,3.42,83.76,33.13,3,4,home,261.35,5.28,6.15,9.17,clear,0.359,middle,20.52,1,Karnataka,2025,8
Bangalore,2W,4.09,87.57,7.75,4,3,public_slow,146.46,1.63,1.3,9.96,humid,0.248,low,16.84,0,Karnataka,2023,4
Bangalore,2W,2.97,87.65,11.51,3,2,public_fast,25.24,2.15,1.99,8.66,extreme_heat,0.623,high,15.14,0,Karnataka,2026,9
Bangalore,2W,3,80.23,22.78,2,4,home,340.25,0.18,3.58,8.22,humid,0.154,low,18.77,0,Karnataka,2025,6
Bangalore,2W,2.51,80.81,25.09,2,5,public_slow,134.83,1.62,5.29,9.01,humid,0.334,middle,15.05,1,Karnataka,2025,3
Bangalore,2W,2.69,95.14,23.76,2,1,public_fast,59.58,0.94,2.79,6.47,clear,0.161,low,16.16,0,Karnataka,2020,12
Bangalore,2W,2.49,98.35,15.42,3,3,public_fast,57.36,1.78,2.13,7.34,humid,0.321,low,14.96,0,Karnataka,2020,1
Bangalore,2W,3.98,91.74,21.55,3,3,public_slow,117.95,1.23,3.52,8.17,humid,0.319,low,23.88,0,Karnataka,2023,4
Bangalore,2W,3.07,80.36,14.03,3,5,home,340.37,2.63,2.31,8.99,humid,0.146,middle,16.84,1,Karnataka,2023,9
Bangalore,2W,2.38,87.17,16.82,1,3.33,public_slow,197.05,1.38,3.05,8.33,rainy,0.464,low,12.83,0,Karnataka,2023,1
Bangalore,2W,2.37,93.48,19.02,3,3,public_fast,60.1,4.03,3.32,5.97,rainy,0.446,high,12.78,1,Karnataka,2022,5
Bangalore,2W,2.59,88.79,18.71,1,2,public_fast,178.75,1.92,2.95,5.93,clear,0.291,high,15.55,0,Karnataka,2019,7
Bangalore,2W,3.06,81.44,40.35,1,4,public_slow,204.06,1.77,7.21,8.16,clear,0.217,middle,18.35,0,Karnataka,2022,3
Bangalore,2W,3.66,86.05,11.58,2,3,home,374.51,0.79,2.1,6.6,humid,0.193,middle,21.97,0,Karnataka,2022,11
Bangalore,2W,2.93,102.27,52.58,1,2,public_slow,133.1,0.79,9.86,6.94,humid,0.29,high,17.57,0,Karnataka,2020,4
Bangalore,2W,2.64,95.76,1,1,4,public_slow,152.64,1.99,0.14,4.72,rainy,0.42,middle,14.28,0,Karnataka,2020,8
Bangalore,2W,2.57,96.25,1.77,3,2,public_slow,162.83,3.68,0.34,7.15,humid,0.312,low,15.39,0,Karnataka,2020,10
Bangalore,2W,2.97,87.13,37.55,2,1,public_slow,113.76,2.33,5.65,4.65,humid,0.278,high,17.83,0,Karnataka,2020,7
Bangalore,2W,2.93,75.86,32.6,3,5,public_fast,63.51,0.61,4.98,8.55,clear,0.168,low,17.57,1,Karnataka,2026,1
Bangalore,2W,2.32,81.59,33.64,2,7,public_slow,156.38,3.36,6.13,9.87,rainy,0.147,low,12.52,1,Karnataka,2026,4
Bangalore,2W,2.68,75.33,19.49,2,4,public_fast,62.34,0.22,2.7,7.47,rainy,0.141,low,14.48,0,Karnataka,2026,9
Bangalore,2W,3.7,89.07,25.96,1,3,public_slow,207.13,7.67,4.71,5.59,extreme_heat,0.105,middle,18.87,1,Karnataka,2021,4
Bangalore,2W,2.67,97.6,33.76,3,1,public_fast,44.41,7.85,8.47,6.04,rainy,0.307,middle,14.4,1,Karnataka,2019,11
Bangalore,2W,2.79,88.47,1,4,4,home,290.74,1.78,0.19,9.17,clear,0.049,low,16.76,0,Karnataka,2023,12
Bangalore,2W,2.58,89.71,5.19,2.52,2,home,178.75,1.28,0.83,8.14,clear,0.202,high,15.46,0,Karnataka,2020,10
Bangalore,2W,3.05,78.63,45.99,2,4,public_slow,263.41,2.21,9.55,8.23,extreme_heat,0.171,low,15.57,0,Karnataka,2024,3
Bangalore,2W,3.13,89.19,18.77,3,2,public_slow,242.56,1.97,4.75,5.36,humid,0.093,middle,18.78,0,Karnataka,2019,8
Bangalore,2W,3.19,73.1,1,3,1,home,277.23,0.94,0.17,8.16,rainy,0.293,low,17.24,0,Karnataka,2025,8
Bangalore,2W,4.09,103.4,1,3,1,home,346.95,5.7,0.18,4.16,rainy,0.255,high,22.06,0,Karnataka,2019,9
Bangalore,2W,2.82,98.25,9.25,2.52,3,public_slow,114.59,0.34,1.59,5.57,rainy,0.32,low,15.22,0,Karnataka,2020,8
Bangalore,2W,2.94,85.22,1,2,3,public_slow,160.28,1,0.17,8.32,humid,0.604,high,17.64,0,Karnataka,2026,1
Bangalore,2W,2.92,81.08,49.62,3,4,public_slow,102.48,1.23,6.52,9.76,clear,0.306,middle,17.55,0,Karnataka,2024,4
Bangalore,2W,3.82,90.84,20.44,4,3,public_fast,48.99,0.04,4.82,8.47,extreme_heat,0.191,high,20.63,0,Karnataka,2023,4
Bangalore,2W,3.31,85.54,55.02,3,4,public_slow,183.35,2.28,8.32,7.45,clear,0.491,low,19.84,0,Karnataka,2023,8
Bangalore,2W,3.03,76.03,28.92,3,6,home,332.52,1.25,6.62,8.08,extreme_heat,0.293,middle,16.84,0,Karnataka,2025,3
Bangalore,2W,2.89,80.82,16.25,2,5,home,400.38,3.54,2.44,8.7,clear,0.379,low,17.32,1,Karnataka,2026,12
Bangalore,2W,2.69,93.99,13.51,2,4,home,356.81,0.07,2.15,9.82,humid,0.32,low,16.17,0,Karnataka,2023,11
Bangalore,2W,3.41,87.12,43.62,3,2,public_slow,205.89,1.93,7.92,7.8,clear,0.309,low,20.44,0,Karnataka,2021,12
Bangalore,2W,2.51,70.15,11.72,3,5,home,306.03,1.73,2.34,8.33,rainy,0.572,high,13.54,1,Karnataka,2026,5
Bangalore,2W,3.39,75.81,13.15,3,4,public_slow,146.88,1.78,3.19,8.52,extreme_heat,0.301,high,17.28,0,Karnataka,2023,4
Bangalore,2W,3.21,89,28.61,4,4,public_fast,74.19,0.75,3.68,8.26,extreme_heat,0.163,low,16.37,0,Karnataka,2023,3
Bangalore,2W,2.36,96.17,9.93,3,5,public_slow,236.52,6.02,1.67,8.68,extreme_heat,0.1,middle,12.04,1,Karnataka,2024,11
Bangalore,2W,2.13,84.12,32.13,2,1,public_fast,86.57,1.6,5.57,7.27,clear,0.425,middle,12.77,0,Karnataka,2019,3
Bangalore,2W,2.63,79.51,23.16,1,4,home,292.04,2.51,3.26,9.06,clear,0.356,low,15.75,0,Karnataka,2025,10
Bangalore,2W,2.55,87.45,26.61,2,3,home,273.44,1.23,0.32,7.46,clear,0.563,middle,15.28,0,Karnataka,2022,6
Bangalore,2W,2.57,97.78,24.97,1,1,home,259.58,1.99,4.07,5.32,rainy,0.077,low,13.89,0,Karnataka,2019,1
Bangalore,2W,3.78,94.43,32.76,2,2,public_slow,163.25,0.44,5.35,5.39,humid,0.304,low,22.68,0,Karnataka,2026,1
Bangalore,2W,1.98,85.62,3.49,4,4,home,372.03,10.75,0.58,8.59,extreme_heat,0.363,middle,10.08,0,Karnataka,2023,1
Bangalore,2W,2.7,67.51,26.09,2,4,home,400.08,0.55,3.77,9.59,rainy,0.457,low,14.58,1,Karnataka,2026,9
Bangalore,2W,3.4,82.13,31.42,2,5,public_fast,74.49,0.58,4,7.9,clear,0.551,high,16.84,1,Karnataka,2026,1
Bangalore,2W,2.72,84.54,21.21,3,5,public_slow,167.79,2.22,3.38,9.53,clear,0.326,high,16.32,1,Karnataka,2025,10
Bangalore,2W,3.13,89.31,26.61,2,3,home,449.88,2.08,0.16,6.25,extreme_heat,0.689,low,15.97,0,Karnataka,2022,4
Bangalore,2W,2.42,86.22,33.1,2,4,home,322.08,0.42,7.87,6.31,extreme_heat,0.535,middle,12.34,0,Karnataka,2022,5
Bangalore,2W,2.15,85.72,25.28,2,4,public_slow,173.27,0.71,3.65,8.46,rainy,0.343,middle,11.63,0,Karnataka,2025,9
Bangalore,2W,3.4,92.29,23.88,3,3,home,283.01,2.94,3.68,8.44,rainy,0.521,high,18.34,0,Karnataka,2024,4
Bangalore,2W,2.76,97.62,39.15,2,3,public_fast,41.39,0.49,10.86,5.73,extreme_heat,0.381,middle,14.1,0,Karnataka,2020,12
Bangalore,2W,3.09,101.58,34.18,2,1,public_fast,178.75,2.35,5.04,6.14,humid,0.29,low,18.56,0,Karnataka,2019,3
Bangalore,2W,3.12,82.06,22.97,2,5,public_fast,52.02,0.13,3.27,10.29,extreme_heat,0.089,low,15.89,0,Karnataka,2025,3
Bangalore,2W,3,78.29,41.24,1,4,home,248.49,1.76,8.68,7.8,rainy,0.371,high,15.69,0,Karnataka,2023,1
Bangalore,2W,2.9,78.92,61.71,2,3,public_fast,81.87,1.54,9.33,7.03,rainy,0.179,middle,15.68,0,Karnataka,2024,12
Bangalore,2W,2.61,91.29,45.94,2,4,home,293.53,2.26,9.66,6.81,extreme_heat,0.391,low,16.84,0,Karnataka,2021,10
Bangalore,2W,3.22,90.02,21.7,2,3,public_slow,126.22,2.11,6.96,7.52,extreme_heat,0.577,middle,16.45,0,Karnataka,2023,5
Bangalore,2W,2.54,92.79,12.36,3,4,public_fast,48.94,0.18,1.69,7.8,rainy,0.393,high,13.74,0,Karnataka,2021,8
Bangalore,2W,3.89,95.98,19.22,4,3,public_fast,61.14,6.91,5.18,6.3,extreme_heat,0.476,middle,19.84,1,Karnataka,2020,12
Bangalore,2W,3.04,101.65,6.91,2,3,home,295.24,2.55,1.08,8.05,extreme_heat,0.512,middle,15.48,0,Karnataka,2021,10
Bangalore,2W,2.75,91.73,19.54,2,3,public_fast,243.33,4.87,2.92,5.45,humid,0.315,middle,16.48,1,Karnataka,2021,9
Bangalore,2W,3.58,97.38,17.12,2.52,3,public_fast,50.83,0.74,3.35,6.49,humid,0.349,low,21.51,0,Karnataka,2020,12
Bangalore,2W,3.23,89.33,37.67,3,4,home,281.66,0.07,5.79,8.56,humid,0.21,high,19.4,0,Karnataka,2024,9
Bangalore,2W,2.67,94.41,19.75,3,3,public_slow,142.96,5.05,3.28,7.35,extreme_heat,0.384,low,13.6,1,Karnataka,2022,6
Bangalore,2W,2.83,77.85,29.84,4,5,public_fast,69.07,0.32,5.27,7.91,rainy,0.177,low,15.28,1,Karnataka,2025,12
Bangalore,2W,2.85,99.41,31.41,3,2,public_slow,140.43,0.19,4.77,6.92,rainy,0.147,middle,15.37,0,Karnataka,2019,1
Bangalore,2W,2.47,75.24,18.71,5,4,public_fast,206.43,0.67,3.05,9.83,extreme_heat,0.324,middle,12.61,0,Karnataka,2023,3
Bangalore,2W,3.21,89.19,36.84,2,3,public_slow,204.04,2,7.79,7.51,rainy,0.28,low,17.35,0,Karnataka,2025,5
Bangalore,2W,2.87,87.3,19.53,2.52,4,public_slow,152.23,0.04,2.55,6.91,rainy,0.117,low,15.5,0,Karnataka,2023,10
Bangalore,2W,2.3,99.38,9.96,1,2,public_fast,46.38,3.14,1.41,7.75,rainy,0.288,low,12.44,1,Karnataka,2020,1
Bangalore,2W,2.93,89.73,13.85,3,4,home,318.33,0.14,3.46,9.2,extreme_heat,0.376,low,14.92,0,Karnataka,2024,7
Bangalore,2W,3.42,94.43,15.88,3,1,public_slow,160.05,0.48,3.04,5.73,humid,0.521,middle,20.53,0,Karnataka,2019,7
Bangalore,2W,2.96,83.22,46.89,4,5,public_slow,151.07,2.2,6.46,8.53,clear,0.109,middle,17.76,1,Karnataka,2024,1
Bangalore,2W,3.39,78.53,47.61,3,6,public_slow,191.21,3.42,6.84,8.65,clear,0.307,low,20.36,1,Karnataka,2026,5
Bangalore,2W,3.62,93.56,1,2,1,home,198.01,0.54,0.15,6.73,rainy,0.444,low,19.53,0,Karnataka,2021,10
Bangalore,2W,2.69,87.22,25.68,3,5,public_slow,181.87,1.16,4.62,6.83,humid,0.567,middle,16.12,1,Karnataka,2023,1
Bangalore,2W,2.68,100.45,18.52,3,3,public_fast,300.87,0.25,2.47,8.15,rainy,0.411,middle,14.46,0,Karnataka,2022,5
Bangalore,2W,3.71,94.77,17.58,3,1,public_slow,208.35,3.09,2.94,6.42,humid,0.389,low,22.27,1,Karnataka,2019,4
Bangalore,2W,2.65,81.42,1,3,6,home,216.47,0.07,0.21,9.79,clear,0.25,low,15.91,0,Karnataka,2026,2
Bangalore,2W,2.7,89.18,20.39,1,4,home,296.33,1.61,4.36,5.28,extreme_heat,0.184,low,13.75,0,Karnataka,2019,11
Bangalore,2W,2.94,89.19,43.7,3,2,public_fast,34.4,5.03,6.4,5.73,rainy,0.21,low,15.85,1,Karnataka,2020,4
Bangalore,2W,3.63,84.69,18.12,2,5,public_slow,168.24,3.83,3.32,10.37,clear,0.081,high,21.76,1,Karnataka,2025,7
Bangalore,2W,3.4,106.41,26.61,3,3,public_fast,49.74,1.96,1.21,4.92,clear,0.514,low,20.42,0,Karnataka,2019,5
Bangalore,2W,3.32,75.61,31.91,4,6,public_slow,223.84,6.87,4.75,10.69,clear,0.066,high,19.9,1,Karnataka,2026,8
Bangalore,2W,2.85,92.91,44.3,2.52,3,home,248.64,5.07,7.22,8.07,humid,0.444,high,17.09,1,Karnataka,2022,11
Bangalore,2W,3.16,96.38,17.55,2,2,home,312.01,2.72,3.2,6.75,extreme_heat,0.385,middle,16.12,0,Karnataka,2019,2
Bangalore,2W,2.89,85.07,34.88,2,5,public_fast,55.83,0.41,6.09,9.25,humid,0.692,high,17.37,1,Karnataka,2026,11
Bangalore,2W,2.32,86.3,1,4,4,home,249.67,3.55,0.12,8.06,humid,0.43,low,13.94,0,Karnataka,2024,1
Bangalore,2W,2.77,97.47,39.4,3,3,public_fast,51.1,9.27,6.36,6.43,extreme_heat,0.625,low,14.11,1,Karnataka,2021,4
Bangalore,2W,2.8,99.57,31.15,1,2,public_slow,204.71,0.2,4.69,7.33,extreme_heat,0.107,low,14.28,0,Karnataka,2020,1
Bangalore,2W,3.48,95.52,26.8,3,4,public_slow,205.85,0.66,5.2,6.8,humid,0.466,low,20.86,0,Karnataka,2022,4
Bangalore,2W,3.15,102.07,9.77,2,1,public_fast,38.47,0.82,1.84,7.8,humid,0.321,high,18.88,0,Karnataka,2019,1
Bangalore,2W,2.99,88.99,26.61,3,4,public_slow,222.47,0.07,4.57,8.91,rainy,0.198,low,16.13,0,Karnataka,2024,3
Bangalore,2W,3.72,95.52,26.61,3,1,home,291.56,2.89,2.91,9.15,rainy,0.289,middle,20.1,0,Karnataka,2021,1
Bangalore,2W,2.39,101.19,34.24,2,2,public_slow,168.2,0.51,4.27,4.95,humid,0.173,low,14.35,0,Karnataka,2020,12
Bangalore,2W,3.03,87.53,27.05,3,1,home,292.96,1.34,6.08,7.02,humid,0.371,middle,18.19,0,Karnataka,2021,5
Bangalore,2W,2.42,78.19,25.16,3,4,home,358.51,0.48,5.36,8.55,clear,0.144,high,14.52,0,Karnataka,2025,7
Bangalore,2W,3.55,89.76,41.64,3,2,public_fast,55.85,1.44,4.98,6.93,extreme_heat,0.028,low,18.12,0,Karnataka,2021,11
Bangalore,2W,3.22,82.01,11.07,2,4,home,211.47,0.6,2.04,9.14,clear,0.037,low,19.35,0,Karnataka,2025,4
Bangalore,2W,3.02,76.84,26.61,1,3,public_fast,76.8,1.82,1.77,9.17,rainy,0.395,middle,16.29,0,Karnataka,2025,1
Bangalore,2W,2.85,82.04,19.72,2,2,public_slow,197.34,4.62,3.72,7.76,clear,0.12,low,17.1,1,Karnataka,2020,1
Bangalore,2W,3.21,74.01,23.76,4,4,home,189.28,1.02,3.79,9.35,rainy,0.09,middle,17.33,1,Karnataka,2025,9
Bangalore,2W,3.55,102.17,17.44,3,1,public_fast,93.02,1.72,3.08,6.71,humid,0.39,middle,21.31,0,Karnataka,2019,9
Bangalore,2W,2.96,98.33,1,2,2,public_fast,33.39,2.32,0.13,7.8,humid,0.107,low,17.75,0,Karnataka,2020,9
Bangalore,2W,2.76,73.68,1,2,4,public_fast,55.68,0.92,0.15,12.48,extreme_heat,0.135,high,14.07,0,Karnataka,2026,1
Bangalore,2W,3.02,90.88,29.14,3,3,home,351.95,0.74,4.11,10.17,rainy,0.484,middle,16.29,0,Karnataka,2024,3
Bangalore,2W,3,76.06,26.61,2,3,public_slow,175.16,0.23,3.98,8.79,rainy,0.302,middle,18.7,0,Karnataka,2026,7
Bangalore,2W,3.44,92.85,46.95,3,3,home,337.99,0.08,9.83,6.53,extreme_heat,0.315,low,17.54,0,Karnataka,2023,7
Bangalore,2W,2.22,86.28,6.91,1,4,public_fast,47.75,0.13,1.39,10.34,rainy,0.374,low,11.99,0,Karnataka,2026,2
Bangalore,2W,3.38,85.88,43.1,3,2,home,275.61,1.47,5.46,7.8,rainy,0.294,middle,18.28,0,Karnataka,2021,12
Bangalore,2W,3.77,102.05,70.08,2,1,public_slow,186.11,1.91,13.8,5.04,extreme_heat,0.74,high,19.22,0,Karnataka,2020,10
Bangalore,2W,2.9,104.65,2,3,3,public_slow,141.48,3.06,0.29,5.16,extreme_heat,0.368,low,14.78,0,Karnataka,2020,12
Bangalore,2W,2.67,84.7,26.61,3,2,public_fast,40.6,1.97,2.43,8.28,rainy,0.42,low,14.44,0,Karnataka,2022,2
Bangalore,2W,2.7,102.41,59.89,3,2,home,311.32,1.05,9.3,6.39,extreme_heat,0.552,low,13.75,0,Karnataka,2020,12
Bangalore,2W,2.02,89.19,24.03,3,4,public_slow,73.28,2.88,3.97,7.19,clear,0.294,middle,12.15,0,Karnataka,2023,8
Bangalore,2W,3.25,86.41,24.35,4,3.33,public_fast,36.8,1,5.09,6.15,rainy,0.429,low,17.55,0,Karnataka,2020,7
Bangalore,2W,2.99,99.29,34.32,3,3,public_fast,15.43,6.6,7.11,7.01,extreme_heat,0.24,middle,16.84,1,Karnataka,2021,3
Bangalore,2W,3.05,100.35,31.34,2,1,home,288.21,3.53,5.18,7.8,rainy,0.101,low,16.45,1,Karnataka,2019,6
Bangalore,2W,3.78,93.85,2.45,2,3,public_slow,218.25,0.96,0.44,7.98,rainy,0.274,low,20.39,0,Karnataka,2023,5
Bangalore,2W,2.73,87.34,1,2,1,public_slow,160.75,11.95,0.13,8.34,humid,0.385,low,16.36,0,Karnataka,2021,5
Bangalore,2W,2.45,84.79,49.78,3,4,public_fast,59.52,0.39,9.17,8.22,humid,0.15,low,14.72,0,Karnataka,2023,3
Bangalore,2W,2.95,91.04,27.66,3,3,public_fast,91.59,1.38,4.03,8.01,humid,0.133,low,16.84,0,Karnataka,2021,11
Bangalore,2W,3.48,85.55,20.14,2,4,public_slow,149.43,4.42,2.45,8.39,clear,0.126,low,20.86,1,Karnataka,2024,6
Bangalore,2W,2.71,87.68,27.67,3,4,public_fast,178.75,0.12,4.01,7.61,extreme_heat,0.12,low,13.81,0,Karnataka,2022,2
Bangalore,2W,3.27,92.25,8.78,2,5,public_fast,87.79,1.84,1.19,7.85,clear,0.414,middle,19.63,0,Karnataka,2024,8
Bangalore,2W,3.23,87.09,43.22,2,3,home,318.5,0.19,8.22,8.61,extreme_heat,0.234,low,16.48,0,Karnataka,2023,7
Bangalore,2W,2.46,80.63,26.61,3,5,home,352.32,0.02,6.59,9.56,clear,0.729,middle,14.79,1,Karnataka,2026,5
Bangalore,2W,3.27,90.45,26.72,2.52,4,home,178.75,0.09,4.36,7.37,clear,0.667,middle,19.62,0,Karnataka,2022,3
Bangalore,2W,2.97,89.83,13.13,2,4,public_slow,164.49,1.17,2.04,7.34,rainy,0.22,low,16.02,0,Karnataka,2021,12
Bangalore,2W,2.19,80.61,21.68,2,5,public_slow,181.86,0.11,5.32,9.8,clear,0.592,low,13.13,1,Karnataka,2024,10
Bangalore,2W,2.76,84.81,26.61,3,7,public_slow,168.11,1.58,6.17,10.09,rainy,0.213,low,14.92,1,Karnataka,2026,11
Bangalore,2W,2.88,93.03,3,2,2,public_fast,75.18,1.33,0.25,7.37,extreme_heat,0.381,high,14.71,0,Karnataka,2020,2
Bangalore,2W,3.14,86.44,22.37,2,3,home,285.49,1.28,3.38,7.21,rainy,0.258,middle,16.98,0,Karnataka,2022,12
Bangalore,2W,3.4,75.49,32.97,2,4,public_fast,9.31,1.17,4.36,9.05,extreme_heat,0.469,low,17.35,0,Karnataka,2026,10
Bangalore,2W,2.24,75.79,5.13,4,5,public_slow,210.75,1.06,0.68,10.4,extreme_heat,0.147,middle,11.43,0,Karnataka,2026,3
Bangalore,2W,2.35,87.96,23.24,1,3,public_slow,130.84,4.6,3.41,7.64,rainy,0.591,low,16.84,1,Karnataka,2023,7
Bangalore,2W,3.23,97.95,11.09,3,2,public_slow,178.75,1.37,2.89,7.56,rainy,0.719,low,17.44,0,Karnataka,2022,5
Bangalore,2W,3.02,90.34,52.32,2,2,public_slow,158.86,4.39,6.96,8.16,extreme_heat,0.342,low,15.42,1,Karnataka,2021,6
Bangalore,2W,2.99,99.89,26.79,1,3,public_fast,109.59,2.59,4.1,4.63,clear,0.106,middle,17.94,0,Karnataka,2019,9
Bangalore,2W,2.18,93.56,14.1,4,3,public_slow,133.33,0.83,2.08,7.54,rainy,0.29,low,11.76,0,Karnataka,2021,3
Bangalore,2W,3.08,84.64,25,3,3,public_slow,163.14,0.51,4.4,9.19,humid,0.185,high,18.48,0,Karnataka,2024,12
Bangalore,2W,2.73,94.68,25.78,3,3,public_slow,102.86,0.33,4.48,9.56,extreme_heat,0.345,low,16.38,0,Karnataka,2021,11
Bangalore,2W,3.19,91.43,12.63,2.52,5,home,340.04,0.37,2,9.19,clear,0.273,high,19.16,0,Karnataka,2025,6
Bangalore,2W,2.08,86.36,25.2,4,3,public_fast,46.82,4.28,3.8,7.88,extreme_heat,0.224,low,10.59,1,Karnataka,2023,10
Bangalore,2W,4.09,88.67,32.38,4,2,public_fast,85.17,0.43,4.49,7.81,extreme_heat,0.086,low,20.87,0,Karnataka,2022,11
Bangalore,2W,3.38,86.75,29.48,1,5,home,300.12,0.16,6.71,9.45,humid,0.237,middle,20.29,1,Karnataka,2024,2
Bangalore,2W,3.03,91.4,45.55,3,3,home,255.66,0.01,6.63,6.62,extreme_heat,0.493,high,15.45,0,Karnataka,2021,7
Bangalore,2W,3,82.47,33.48,2.52,7,public_fast,73.68,0.22,7.21,8.32,clear,0.135,middle,15.63,1,Karnataka,2024,8
Bangalore,2W,2.82,90.86,23.67,2,5,home,303.69,0.26,4.26,7.32,rainy,0.176,high,15.22,1,Karnataka,2023,1
Bangalore,2W,2.49,90.16,95.24,2,2,home,374.42,1.84,4.59,7.64,humid,0.431,high,14.94,0,Karnataka,2022,4
Bangalore,2W,3.04,97.01,21.68,2,5,public_fast,59.4,0.29,4.3,7.44,rainy,0.24,low,16.42,1,Karnataka,2021,5
Bangalore,2W,3.07,101.36,47.56,4,4,public_fast,41.22,1.97,7.97,7.02,rainy,0.419,high,16.58,0,Karnataka,2022,10
Bangalore,2W,3.47,78.9,22.15,2,2,public_slow,176.62,1.13,4.2,7.23,clear,0.372,low,20.84,0,Karnataka,2025,1
Bangalore,2W,3.2,101.75,37.78,5,3,home,281.2,2.13,5.89,7.11,clear,0.059,low,19.18,0,Karnataka,2020,6
Bangalore,2W,2.58,95.13,6.8,2,2,home,415.7,0.95,1.03,5.53,extreme_heat,0.679,middle,13.14,0,Karnataka,2020,11
Bangalore,2W,3.58,77.99,41.42,4,4,public_slow,236.25,2.81,8.36,10.04,extreme_heat,0.279,low,18.27,0,Karnataka,2025,7
Bangalore,2W,2.67,96.89,17.11,1,4,home,387.84,2.35,2.67,8.04,clear,0.166,high,16,0,Karnataka,2022,11
Bangalore,2W,4.1,86.54,37.39,1,5,public_slow,174.21,0.9,6.83,9.4,clear,0.214,low,24.63,1,Karnataka,2025,7
Bangalore,2W,3.76,89.54,37.11,1,3,public_fast,54.22,3.63,4.78,8,extreme_heat,0.174,middle,19.2,1,Karnataka,2021,12
Bangalore,2W,2.64,89.88,25.23,5,1,public_slow,155.55,9.06,4.28,5.87,extreme_heat,0.144,low,13.47,1,Karnataka,2020,3
Bangalore,2W,3.28,82.19,27.63,3,6,public_slow,248.08,0.33,3.77,9.7,humid,0.356,middle,19.69,1,Karnataka,2025,8
Bangalore,2W,3.23,82.01,47.01,3,3,public_slow,168.67,1.18,2.52,8.88,rainy,0.257,low,17.46,0,Karnataka,2023,12
Bangalore,2W,3.94,79.61,1,2,4,public_slow,204.09,5.06,0.18,9.45,clear,0.207,middle,23.64,0,Karnataka,2026,1
Bangalore,2W,2.76,94.38,18.64,1,5,public_slow,178.75,2.83,2.75,9.78,rainy,0.42,low,14.89,1,Karnataka,2025,9
Bangalore,2W,2.87,94.15,27.7,3,1,public_fast,44.56,0.3,4.52,7.99,rainy,0.157,middle,15.49,0,Karnataka,2022,7
Bangalore,2W,2.67,73.49,5.27,2,5,public_slow,200.76,3.17,0.83,7.63,humid,0.322,middle,16.02,1,Karnataka,2026,11
Bangalore,2W,3.73,89.19,41.51,3,2,public_slow,245.62,0.91,7.87,6.51,clear,0.414,high,22.39,0,Karnataka,2020,12
Bangalore,2W,3.03,87.35,6.12,3,2,public_slow,252.81,1.36,0.89,6.34,extreme_heat,0.387,middle,15.47,0,Karnataka,2020,3
Bangalore,2W,2.39,83.21,2.45,2,5,public_slow,145.24,0.81,0.47,8.62,clear,0.537,low,14.37,0,Karnataka,2025,7
Bangalore,2W,1.68,98.57,35.71,3,2,public_fast,60.5,0.21,4.66,7.23,clear,0.112,low,10.08,0,Karnataka,2019,8
Bangalore,2W,3.03,76.46,21.05,3,4,public_slow,227.86,0.49,3.91,9.98,rainy,0.195,low,16.38,0,Karnataka,2026,1
Bangalore,2W,3.88,72.04,18.15,2,5,public_fast,103.5,1.17,3.16,8.64,extreme_heat,0.622,middle,19.79,1,Karnataka,2026,2
Bangalore,2W,2.67,92.56,11.22,3,5,public_fast,66.88,2.02,1.64,7.05,extreme_heat,0.606,middle,13.61,1,Karnataka,2021,10
Bangalore,2W,2.64,92.03,42.58,2,3.33,home,185.9,1.31,5.94,5.19,extreme_heat,0.47,middle,13.49,0,Karnataka,2020,3
Bangalore,2W,3.01,85.17,34,3,4,public_slow,179.79,1.41,4.39,8.1,extreme_heat,0.126,middle,15.36,0,Karnataka,2026,3
Bangalore,2W,3.13,90.17,9.42,2,2,public_slow,143.72,0.49,1.87,6.55,extreme_heat,0.214,middle,15.95,0,Karnataka,2020,9
Bangalore,2W,2.98,89.19,10.89,2,4,public_fast,51.16,0.57,2.03,10.71,humid,0.137,middle,17.86,0,Karnataka,2025,5
Bangalore,2W,3.65,97.4,44.71,1,4,public_fast,61.15,0.26,6.4,9.11,extreme_heat,0.035,high,18.64,0,Karnataka,2022,8
Bangalore,2W,2.71,96.63,36.98,2,2,home,288.89,1.11,7.96,6.2,humid,0.48,middle,16.28,0,Karnataka,2020,6
Bangalore,2W,2.53,89.99,1,1,4,public_fast,26.51,2.17,0.14,9.89,clear,0.046,low,15.21,0,Karnataka,2023,8
Bangalore,2W,1.94,102.41,16.03,3,2,public_fast,40.25,0.61,2.97,6.01,extreme_heat,0.26,low,9.92,0,Karnataka,2020,10
Bangalore,2W,1.78,98.13,21.06,2,1,public_slow,185.66,1.75,3.65,5.63,rainy,0.569,middle,9.6,0,Karnataka,2020,6
Bangalore,2W,3.16,95.37,26.61,2,3,home,300.18,0.14,3.27,7.89,extreme_heat,0.105,high,16.09,0,Karnataka,2022,11
Bangalore,2W,2.91,93.62,42.59,2,1,home,341.96,0.66,6.07,5.93,extreme_heat,0.282,high,14.84,0,Karnataka,2021,6
Bangalore,2W,2.81,94.78,26.27,2,2,home,361.2,1.84,3.79,7.92,extreme_heat,0.392,middle,16.84,0,Karnataka,2023,6
Bangalore,2W,2.57,91.89,32.49,2,2,public_fast,73.22,0.21,5.62,6.82,rainy,0.106,high,13.88,0,Karnataka,2021,8
Bangalore,2W,2.69,86.5,26.78,3,4,public_slow,180.22,7.37,4.09,6.98,rainy,0.134,low,14.54,1,Karnataka,2023,5
Bangalore,2W,2.58,80.79,34.25,2,5,home,249.08,4.78,5.58,9.44,clear,0.396,low,15.5,1,Karnataka,2026,10
Bangalore,2W,3.4,102.09,35.62,4,1,public_slow,231.59,3.77,5.92,8.03,humid,0.232,middle,20.38,1,Karnataka,2020,4
Bangalore,2W,2.43,82.62,24.52,5,4,home,301.2,1.12,3.55,8.16,humid,0.36,middle,14.57,0,Karnataka,2025,10
Bangalore,2W,3.58,82.29,13.08,3,3,public_fast,52.54,3.05,2.01,8.37,clear,0.463,low,21.47,0,Karnataka,2025,2
Bangalore,2W,2.23,95.16,32.77,3,1,public_slow,84.99,4.28,5.89,5.64,extreme_heat,0.286,low,11.38,1,Karnataka,2019,3
Bangalore,2W,2.76,97.97,8.71,3,2,home,408.43,1.97,1.4,4.07,humid,0.41,low,16.58,0,Karnataka,2019,5
Bangalore,2W,3.91,92.06,33.45,3,2,public_slow,119.65,0.01,5.43,8.19,humid,0.187,high,23.44,0,Karnataka,2022,12
Bangalore,2W,2.69,76.65,39.3,3,4,public_slow,147.02,0.66,7.32,7.44,extreme_heat,0.187,low,13.72,0,Karnataka,2024,12
Bangalore,2W,4.04,99.59,15.59,1,2,public_slow,135.95,1.03,2.51,5.92,rainy,0.42,middle,21.8,0,Karnataka,2020,1
Bangalore,2W,3.45,84.52,26.67,1,3.33,public_fast,91.96,2.98,3.45,10.09,clear,0.329,high,20.69,1,Karnataka,2026,4
Bangalore,2W,1.67,88.48,106.27,2.52,3.33,public_slow,256.13,3.21,6.95,6.84,rainy,0.419,high,9.02,1,Karnataka,2022,2
Bangalore,2W,3.43,83.84,20.28,6,4,public_slow,231.86,0.57,3.89,9.73,clear,0.374,low,20.56,0,Karnataka,2024,11
Bangalore,2W,3.09,92.88,14.49,3,5,home,205.03,0.39,2.95,7.8,humid,0.064,middle,18.55,1,Karnataka,2023,7
Bangalore,2W,3.24,85.21,11.7,1,3,public_slow,169.56,0.65,2.23,7.8,rainy,0.463,middle,17.52,0,Karnataka,2023,5
Bangalore,2W,2.42,97.37,2.32,2,1,home,326.19,7.48,0.54,4.65,extreme_heat,0.26,low,12.35,0,Karnataka,2019,9
Bangalore,2W,3.31,69.41,14.44,2,3,public_fast,60.6,0.23,4.36,11.45,extreme_heat,0.244,low,16.88,1,Karnataka,2026,3
Bangalore,2W,2.84,90.86,43.04,5,3,public_fast,59.38,1.83,8.59,10.8,rainy,0.513,middle,15.36,0,Karnataka,2025,12
Bangalore,2W,2.86,97.67,32.77,3,2,public_fast,53.61,1.99,4.78,6.3,extreme_heat,0.584,middle,14.57,0,Karnataka,2020,3
Bangalore,2W,2.85,80.81,8.15,1,3,public_slow,105.11,1.53,1.22,8.2,rainy,0.513,low,15.39,0,Karnataka,2023,4
Bangalore,2W,2.77,71.58,17.18,2.52,6,public_fast,60.61,3.15,2.73,9.72,extreme_heat,0.321,middle,14.15,1,Karnataka,2026,3
Bangalore,2W,2.25,103.66,32.25,3,3,public_slow,158.68,0.34,5.01,8.33,extreme_heat,0.277,low,11.48,0,Karnataka,2020,3
Bangalore,2W,3.4,87.14,26,4,3.33,public_slow,278.74,0.77,4.66,7.8,humid,0.557,middle,20.41,0,Karnataka,2020,12
Bangalore,2W,2.66,92.73,9.93,2,1,home,206.88,0.18,2.02,5.7,humid,0.144,middle,15.99,0,Karnataka,2021,4
Bangalore,2W,1.92,92.71,44.18,2.52,5,home,356.45,4.65,9.11,9.7,humid,0.417,high,11.5,1,Karnataka,2025,10
Bangalore,2W,3,92.44,35.89,3,3,public_fast,28.47,0.3,5.2,7.48,clear,0.199,high,15.04,0,Karnataka,2021,7
Bangalore,2W,3,81.85,14.83,5,5,home,252.14,1.33,2.41,7.07,humid,0.199,high,16.19,1,Karnataka,2024,10
Bangalore,2W,2.44,96.89,2.19,4,3,home,265.69,0.14,0.46,7.8,extreme_heat,0.179,middle,12.46,0,Karnataka,2019,6
Bangalore,2W,2.76,81.96,38.04,1,5,home,314.61,3.18,4.36,11.3,humid,0.372,high,16.57,1,Karnataka,2026,11
Bangalore,2W,2.57,76.03,1,4,3,public_fast,20.47,4.46,0.14,8.8,extreme_heat,0.132,low,13.12,0,Karnataka,2026,12
Bangalore,2W,3.19,94.57,18.02,2,2,public_fast,60.37,10.57,3.44,6.59,humid,0.457,low,19.13,1,Karnataka,2020,2
Bangalore,2W,2.79,76.28,13.64,3,4,public_fast,75.47,0.73,2.02,8.31,humid,0.348,high,16.73,0,Karnataka,2025,4
Bangalore,2W,3.34,71.67,31.17,3,5,public_slow,210.47,0.04,6.75,9.32,humid,0.357,high,20.01,1,Karnataka,2025,8
Bangalore,2W,2.93,103.64,5.4,2,2,home,376.99,0.59,0.85,4.6,humid,0.319,middle,17.55,0,Karnataka,2020,5
Bangalore,2W,2.69,85.63,10.22,2,3,public_slow,176.89,0.28,2.71,6.88,humid,0.085,high,16.12,0,Karnataka,2022,9
Bangalore,2W,2.51,90.58,21.63,1,3,home,329.29,3.08,3.97,6.6,rainy,0.361,middle,13.55,1,Karnataka,2021,8
Bangalore,2W,2.85,101.68,14.51,3,1,home,240.32,0.56,2.28,6.86,clear,0.29,low,17.12,0,Karnataka,2021,7
Bangalore,2W,3.59,89.19,26.61,3,3,public_fast,61.31,3.6,3.74,8.49,clear,0.046,middle,21.52,1,Karnataka,2023,1
Bangalore,2W,2.53,85.35,27.81,2,4,home,255.72,0.04,4.7,8.26,rainy,0.348,middle,13.68,0,Karnataka,2024,4
Bangalore,2W,2.9,91.59,34.15,3,4,home,269.33,0.06,4.36,6.99,extreme_heat,0.294,low,17.39,0,Karnataka,2022,3
Bangalore,2W,2.68,93.28,2.16,2,6,public_slow,216.5,0.13,0.32,7.83,rainy,0.539,low,14.49,0,Karnataka,2025,2
Bangalore,2W,3.02,77.75,71.97,2,3,public_fast,47.59,1.99,3.69,9.38,rainy,0.365,low,16.28,1,Karnataka,2026,12
Bangalore,2W,2.68,93.32,1,1,1,home,193.43,1.19,0.16,6.69,clear,0.455,middle,16.06,0,Karnataka,2020,9
Bangalore,2W,2.07,95.24,29.66,2,4,public_fast,379.36,2.25,4.22,5.56,rainy,0.441,middle,11.15,0,Karnataka,2022,6
Bangalore,2W,3,108.14,13.97,2.52,3,public_slow,179.14,4.85,2.79,6.92,clear,0.176,high,23.25,0,Karnataka,2020,2
Bangalore,2W,3.15,85.46,8.64,2,4,public_fast,72.36,0.15,1.17,7.32,clear,0.206,low,18.92,0,Karnataka,2023,8
Bangalore,2W,3.17,79,2.49,2.52,5,public_slow,196.59,1.53,4.36,10.83,rainy,0.127,middle,17.13,0,Karnataka,2025,10
Bangalore,2W,2.89,83.41,31.67,2,5,home,143.59,1.22,4.73,7.58,extreme_heat,0.344,high,14.75,1,Karnataka,2024,1
Bangalore,2W,3,87.94,30.97,4,4,public_slow,182.42,0.03,5.63,9.4,extreme_heat,0.43,low,16.42,0,Karnataka,2025,7
Bangalore,2W,2.95,85.22,36.82,3,5,home,219.37,1.05,4.77,7.68,extreme_heat,0.554,low,15.07,1,Karnataka,2023,12
Bangalore,2W,2.09,80.92,35.82,5,4,public_slow,190.06,1.46,5.61,9.82,extreme_heat,0.316,middle,10.67,0,Karnataka,2026,5
Bangalore,2W,2.6,69.68,24.12,2,5,home,399.63,0.22,4.14,8.84,extreme_heat,0.324,high,13.28,1,Karnataka,2026,9
Bangalore,2W,3.11,92.9,23.22,3,2,public_fast,74.19,4.39,4.2,7.76,humid,0.354,high,18.67,1,Karnataka,2022,2
Bangalore,2W,1.78,95.17,13.79,2,4,public_fast,96.47,0.36,2.28,8.49,clear,0.433,high,10.66,0,Karnataka,2022,3
Bangalore,2W,3.52,89.13,26.61,2,2,public_fast,50.31,1.82,0.22,8.15,rainy,0.546,high,19.03,0,Karnataka,2022,6
Bangalore,2W,3,80.68,33.39,1,4,home,413.3,7.18,4.35,7.18,extreme_heat,0.025,low,17.38,1,Karnataka,2026,12
Bangalore,2W,2.91,93.14,1,1,4,public_fast,54.99,5.98,0.2,7.73,clear,0.29,middle,17.49,0,Karnataka,2024,9
Bangalore,2W,3.16,82.48,10.97,5,5,public_fast,44.56,3.5,2.12,7.45,rainy,0.527,low,17.07,1,Karnataka,2025,6
Bangalore,2W,3.25,86.07,40.29,2,5,public_fast,79.08,0.2,8.08,9.94,clear,0.255,low,19.5,1,Karnataka,2026,11
Bangalore,2W,3.65,89.49,16.86,1,4,home,211.01,0.24,2.5,8.1,rainy,0.038,low,19.69,0,Karnataka,2023,7
Bangalore,2W,3.39,85.17,50.08,1,5,public_fast,61.21,0.83,4.36,7.97,rainy,0.404,middle,18.28,1,Karnataka,2024,8
Bangalore,2W,3.46,101.66,45.96,2,2,home,497.17,3.63,7.44,7.8,clear,0.381,middle,20.74,1,Karnataka,2019,2
Bangalore,2W,3.42,79.86,35.18,1,6,public_fast,75.62,2.08,5.73,11.02,extreme_heat,0.313,high,17.43,1,Karnataka,2026,8
Bangalore,2W,3.1,83.28,13.75,2,3,public_slow,272.26,0.19,2.18,7.57,clear,0.549,high,18.59,0,Karnataka,2021,8
Bangalore,2W,3.69,72.97,41.22,2,7,home,240.81,3.73,8.68,9.44,rainy,0.24,low,19.94,1,Karnataka,2026,11
Bangalore,2W,2.33,91.85,11.24,1,1,public_fast,94.06,3.71,2.06,6.29,extreme_heat,0.405,middle,11.9,1,Karnataka,2019,9
Bangalore,2W,3,89.19,29.84,2,4,public_fast,55.51,1.43,4.35,8.75,extreme_heat,0.373,low,11.23,0,Karnataka,2021,8
Bangalore,2W,3.61,78.5,23.61,3,4,public_slow,202.47,0.3,3.88,8.92,extreme_heat,0.113,low,18.4,0,Karnataka,2026,1
Bangalore,2W,2.83,92.59,26.61,3,1,home,308.48,0.44,1.05,7.07,humid,0.237,middle,16.98,0,Karnataka,2020,6
Bangalore,2W,3,82.82,23.59,3,3,public_fast,52.74,4.9,5.27,8.46,humid,0.303,middle,11,1,Karnataka,2024,11
Bangalore,2W,2.7,75.43,25.81,2,4,home,341.39,2.68,3.82,8.15,humid,0.269,middle,16.2,0,Karnataka,2026,3
Bangalore,2W,2.92,86.44,7.04,3,2,public_fast,34.49,0.35,1.12,7.41,humid,0.13,high,17.55,0,Karnataka,2022,9
Bangalore,2W,3.17,93.53,47.67,3,3,public_slow,228.28,0.09,8.07,8.24,humid,0.273,low,19.02,0,Karnataka,2022,5
Bangalore,2W,3.27,76.22,7.02,4,5,public_fast,72.54,2.49,1.03,10.9,extreme_heat,0.422,middle,16.7,0,Karnataka,2026,2
Bangalore,2W,2.5,94.93,53.64,3,1,home,387.93,2.03,14.74,6.88,clear,0.453,low,14.99,0,Karnataka,2022,9
Bangalore,2W,3.34,96.93,41.86,3,1,public_slow,209.08,1.2,7.16,6.65,extreme_heat,0.04,low,18.05,0,Karnataka,2021,6
Bangalore,2W,2.41,108.13,32.64,2,2,public_slow,181.38,0.62,6.4,4.96,humid,0.446,high,14.43,0,Karnataka,2019,2
Bangalore,2W,2.63,87.97,23.7,2,4,public_slow,137.95,1.91,3.03,8.24,rainy,0.201,middle,14.21,0,Karnataka,2026,1
Bangalore,2W,3.09,83.26,13.93,1,3,public_slow,195.29,0.35,1.85,7.94,humid,0.31,high,18.53,0,Karnataka,2022,11
Bangalore,2W,3.55,90.18,43.25,2,3,public_slow,132.78,1.48,7.5,6.25,rainy,0.175,low,19.18,0,Karnataka,2021,2
Bangalore,2W,2.88,89.85,12.18,2,3.33,public_slow,187.76,0.77,1.79,6.01,rainy,0.432,low,15.56,0,Karnataka,2019,3
Bangalore,2W,1.7,74.5,45.42,4,8,public_fast,75.86,1.63,7.02,9.95,rainy,0.158,low,9.16,1,Karnataka,2026,8
Bangalore,2W,2.93,84.2,22.11,4,4,public_slow,155.73,0.89,4.36,9.18,humid,0.12,high,17.58,0,Karnataka,2024,2
Bangalore,2W,3.08,95.24,32.73,3,3,home,409.28,3.07,5.61,7.36,humid,0.146,low,18.5,1,Karnataka,2021,9
Bangalore,2W,2.52,82.25,23.66,1,2,public_fast,68.91,0.81,3.34,8.03,clear,0.553,middle,15.1,0,Karnataka,2023,5
Bangalore,2W,2.25,81.66,33.98,2,5,public_fast,54.85,1.99,7.18,8.39,rainy,0.442,high,12.13,1,Karnataka,2026,3
Bangalore,2W,3.22,80.4,27.86,1,3,home,381.05,0.38,6.71,8.5,extreme_heat,0.21,low,16.43,0,Karnataka,2024,9
Bangalore,2W,3.33,78.23,5.22,2,6,public_fast,84.27,1.03,0.8,9.48,clear,0.152,low,19.96,0,Karnataka,2025,5
Bangalore,2W,3.16,83.57,34.99,1,2,public_fast,178.75,0.21,4.89,9.88,extreme_heat,0.435,high,18.99,0,Karnataka,2025,7
Bangalore,2W,1.95,93.77,33.96,2,3,public_slow,111.88,3.13,4.51,7.34,rainy,0.162,low,10.52,0,Karnataka,2021,5
Bangalore,2W,2.99,83.11,41.99,1,2,public_fast,87.01,5.69,7.65,6.64,humid,0.242,high,17.95,1,Karnataka,2022,1
Bangalore,2W,2.36,85.17,41.27,2,5,home,185.25,4.48,7.88,7.37,humid,0.258,high,14.18,1,Karnataka,2023,12
Bangalore,2W,2.49,96.54,36.42,4,2,public_slow,105,0.36,4.36,7.11,rainy,0.077,middle,13.44,0,Karnataka,2020,4
Bangalore,2W,2.63,81.28,18.8,3,4,public_fast,53.49,2.32,2.81,7.03,rainy,0.575,middle,14.2,0,Karnataka,2024,6
Bangalore,2W,3.16,73.14,16.21,4,5,home,314.56,0.32,3.17,9.43,extreme_heat,0.204,low,16.11,1,Karnataka,2026,1
Bangalore,2W,2.4,102.68,40.7,3,2,public_slow,126.07,1.38,6.55,4.62,extreme_heat,0.204,high,12.23,0,Karnataka,2019,11
Bangalore,2W,2.31,83.01,31.78,2,4,public_fast,48,6.32,5.38,9.13,extreme_heat,0.296,low,11.8,1,Karnataka,2024,11
Bangalore,2W,3.57,96.85,7.82,3,1,home,245.42,2.53,1.6,8.03,extreme_heat,0.303,low,18.2,0,Karnataka,2020,7
Bangalore,2W,2.76,97.4,30.08,3,2,public_slow,204.73,2.14,4.58,4.93,rainy,0.094,high,14.92,0,Karnataka,2020,3
Bangalore,2W,2.57,82.3,23.29,3,3,public_fast,97.48,0.02,4.03,8.53,extreme_heat,0.153,low,13.12,0,Karnataka,2024,1
Bangalore,2W,3.75,105.09,19.71,2.52,1,home,337.2,0.09,6.53,5.71,rainy,0.079,middle,20.23,0,Karnataka,2020,9
Bangalore,2W,2.76,69.76,36.14,4,5,public_slow,116.92,3.39,4.54,8.41,humid,0.063,middle,16.54,1,Karnataka,2025,6
Bangalore,2W,1.89,91.63,22.45,2,2,home,428.07,0.08,4.24,8.57,extreme_heat,0.604,low,9.65,0,Karnataka,2021,6
Bangalore,2W,2.72,97.8,23.52,1,4,public_slow,290.54,1.38,4.27,8.38,clear,0.458,middle,16.35,0,Karnataka,2023,5
Bangalore,2W,3.17,81.99,27.07,2.52,4,public_slow,174.21,1.67,4.38,8.87,extreme_heat,0.245,low,16.16,0,Karnataka,2024,3
Bangalore,2W,4.06,96.83,3.38,2,4,home,266.91,1.14,0.69,8.8,clear,0.201,high,24.38,0,Karnataka,2023,3
Bangalore,2W,2.45,84.72,34.63,2,4,home,247.97,1.6,6.05,9.06,clear,0.41,middle,14.68,0,Karnataka,2024,6
Bangalore,2W,3,93.3,40.24,4,2,home,305.17,3.47,6.11,7.48,rainy,0.364,middle,17.4,1,Karnataka,2023,3
Bangalore,2W,3.09,88.62,36.59,4,5,public_slow,165.71,5.61,6.04,8.87,rainy,0.083,low,16.69,1,Karnataka,2023,5
Bangalore,2W,2.5,99.21,52.74,3,4,public_fast,178.75,0.04,9.24,5.96,clear,0.145,middle,15.01,0,Karnataka,2021,8
Bangalore,2W,3.83,93.83,36.68,4,1,public_slow,197.47,0.17,5.48,5.76,humid,0.17,low,22.99,0,Karnataka,2020,12
Bangalore,2W,2.42,85.82,1,3,3.33,home,219.28,0.86,0.2,8.58,rainy,0.574,middle,13.06,0,Karnataka,2024,6
Bangalore,2W,2.76,93.97,82.05,4,4,public_fast,93.44,2.04,4.61,6.08,clear,0.404,high,16.53,0,Karnataka,2022,7
Bangalore,2W,3,98.5,7.75,2,2,public_fast,60.64,1.37,1.45,6.61,humid,0.328,middle,18.47,0,Karnataka,2019,2
Chennai,2W,3.13,89.19,45.58,3,2,public_fast,53.81,3.94,7.91,6.67,clear,0.257,high,18.77,1,Tamil Nadu,2019,7
Chennai,2W,3.11,88.54,1,3,5,public_slow,190.4,4.36,0.14,9.78,extreme_heat,0.182,low,15.88,1,Tamil Nadu,2025,5
Chennai,2W,2.04,83.71,25.42,3,5,public_fast,52.77,0.67,4.92,9.26,clear,0.249,low,12.26,1,Tamil Nadu,2026,7
Chennai,2W,4.28,90.52,42.24,1,2,public_fast,59.3,3.21,6.1,9.27,humid,0.091,middle,25.68,1,Tamil Nadu,2022,6
Chennai,2W,3.06,79.86,5.83,4,2,public_slow,144.59,0.15,0.83,10.05,extreme_heat,0.081,low,15.61,0,Tamil Nadu,2024,11
Chennai,2W,3.28,79.2,36.3,4,4,public_fast,178.75,2.59,6.51,8.67,clear,0.375,low,19.7,0,Tamil Nadu,2023,11
Chennai,2W,2.87,89.19,21,4,4,public_fast,64.48,0.75,2.87,6.19,rainy,0.337,high,15.51,0,Tamil Nadu,2021,2
Chennai,2W,3.43,99.58,35.73,4,2,home,264.37,1.34,6.12,7.2,humid,0.404,high,20.57,0,Tamil Nadu,2020,3
Chennai,2W,3.68,82.22,25.98,3,3.33,public_fast,77.8,0.76,4.33,6.17,extreme_heat,0.31,high,18.79,0,Tamil Nadu,2023,8
Chennai,2W,3.12,90.7,15.75,2,2,public_fast,53.65,0.98,3.26,7.78,humid,0.316,middle,18.69,0,Tamil Nadu,2020,4
Chennai,2W,3.02,92.07,22.16,1,1,home,178.75,5.85,3.81,8.05,extreme_heat,0.726,low,15.38,1,Tamil Nadu,2022,7
Chennai,2W,3,78.07,15.71,3,5,home,345.99,1.21,3.37,7.78,extreme_heat,0.278,low,19.67,1,Tamil Nadu,2026,12
Chennai,2W,2.6,85.64,5.73,1,3,public_fast,63.54,2.33,0.91,5.32,clear,0.135,low,15.58,0,Tamil Nadu,2023,12
Chennai,2W,2.76,95.48,31.95,4,3,public_fast,66.23,1.28,6.37,8.7,rainy,0.258,low,14.91,0,Tamil Nadu,2021,10
Chennai,2W,2.94,84.5,28.49,3,2,public_fast,16.2,3.96,4.61,8.69,humid,0.404,middle,17.66,1,Tamil Nadu,2022,9
Chennai,2W,3.63,80.96,48.38,5,5,public_fast,62.89,0.73,6.6,10.33,humid,0.246,high,21.76,1,Tamil Nadu,2026,9
Chennai,2W,3.6,82.88,37.25,3,5,public_fast,68.04,0.37,6.37,8.78,humid,0.283,middle,21.61,1,Tamil Nadu,2026,9
Chennai,2W,2.98,94.91,14.95,1,4,public_slow,132.95,0.75,2.04,7.49,humid,0.39,middle,17.87,0,Tamil Nadu,2021,11
Chennai,2W,3,80.53,52.2,2,5,public_slow,191.13,2.98,10.67,8.99,humid,0.185,middle,17.97,1,Tamil Nadu,2026,3
Chennai,2W,3,88.77,19.05,4,2,public_fast,25.58,0.7,3.4,6.08,extreme_heat,0.344,low,18.86,0,Tamil Nadu,2021,6
Chennai,2W,3.97,69.89,16.03,3,5,public_slow,203.37,0.59,2.15,9.4,humid,0.235,low,23.84,1,Tamil Nadu,2026,9
Chennai,2W,2.9,90.95,27.14,4,3,public_fast,86.91,1.06,3.71,6.89,rainy,0.508,low,15.67,0,Tamil Nadu,2021,10
Chennai,2W,2.45,95.73,19.82,2,2,public_fast,73.73,0.02,3.27,5.66,clear,0.171,low,14.72,0,Tamil Nadu,2020,9
Chennai,2W,2.84,71.62,12.73,2,5,public_slow,178.65,3.16,3.26,7.66,humid,0.214,low,17.02,1,Tamil Nadu,2023,8
Chennai,2W,2.16,90.97,15.14,1,3,home,242,0.33,2.28,8.71,rainy,0.197,middle,11.64,0,Tamil Nadu,2022,11
Chennai,2W,3.49,94.48,22.74,2,1,public_fast,232.32,0.98,3.01,6.81,extreme_heat,0.057,middle,17.78,0,Tamil Nadu,2020,8
Chennai,2W,2,93.3,28.4,3,2,public_fast,32.11,1.06,5.29,8.49,clear,0.328,middle,12.01,0,Tamil Nadu,2022,1
Chennai,2W,2.75,76.43,7.02,3,7,home,300.81,3.3,1.07,9.28,extreme_heat,0.083,low,14.01,1,Tamil Nadu,2026,6
Chennai,2W,3.1,91.31,12.81,3,2,public_slow,117.04,0.83,2.21,7.81,humid,0.144,middle,18.59,0,Tamil Nadu,2022,2
Chennai,2W,3.4,79.5,26.61,2,4,home,357.88,1.36,4.15,7.28,extreme_heat,0.127,low,17.31,0,Tamil Nadu,2023,11
Chennai,2W,3.18,83.61,28.96,2,3,public_slow,164.55,2.03,6.05,10.89,rainy,0.11,middle,17.17,0,Tamil Nadu,2024,5
Chennai,2W,2.29,83.48,1,3,5,public_fast,83.34,2.07,0.19,10,humid,0.218,middle,13.76,0,Tamil Nadu,2026,8
Chennai,2W,3.67,90.03,47.07,3,3,public_fast,74.14,6.89,7,8.98,extreme_heat,0.374,low,22.04,1,Tamil Nadu,2022,5
Chennai,2W,3.52,89.19,26.24,2,5,home,355.18,0.14,5.2,8.79,rainy,0.119,high,19,1,Tamil Nadu,2026,12
Chennai,2W,2.33,77.38,35.71,2,4,public_fast,74.13,3.31,6.16,7.8,rainy,0.455,high,12.59,1,Tamil Nadu,2024,5
Chennai,2W,2.59,85.62,10.68,2,6,public_fast,18.74,1.12,2.04,10.95,humid,0.086,high,15.54,0,Tamil Nadu,2026,5
Chennai,2W,3.12,99.92,1,4,2,public_fast,204.44,0.2,4.36,7.65,rainy,0.17,high,16.84,0,Tamil Nadu,2022,4
Chennai,2W,3,89.19,42.84,3,4,home,298.31,4.67,6.29,8.86,humid,0.463,low,16.31,1,Tamil Nadu,2022,3
Chennai,2W,4.36,96.6,28.15,3,3,public_fast,74.19,1.64,4.12,6.86,humid,0.138,low,26.13,0,Tamil Nadu,2021,5
Chennai,2W,2.42,88.63,47.9,2,6,public_fast,117.3,2.77,9.02,7.6,clear,0.686,low,14.53,1,Tamil Nadu,2024,1
Chennai,2W,3.66,102.86,6.15,4,3,public_slow,167.27,0.51,0.97,7.1,humid,0.131,high,21.93,0,Tamil Nadu,2020,7
Chennai,2W,2.75,78.14,35.72,2,6,public_fast,71.41,0.66,7.84,9.6,clear,0.393,high,16.49,1,Tamil Nadu,2026,7
Chennai,2W,2.6,89.64,27.31,2,1,home,368.17,1.58,4.65,6.36,clear,0.363,high,15.62,0,Tamil Nadu,2019,11
Chennai,2W,3.39,113.4,18.63,4,1,public_fast,66.41,2.01,3.37,5.74,extreme_heat,0.522,middle,17.31,0,Tamil Nadu,2019,6
Chennai,2W,3.24,85.92,43.99,3,6,public_fast,72.77,1.36,8.35,11.2,clear,0.256,high,19.44,1,Tamil Nadu,2026,9
Chennai,2W,3.12,95.55,33.22,1,3.33,home,254.73,2.8,5.17,6.19,rainy,0.142,high,16.87,0,Tamil Nadu,2020,12
Chennai,2W,4.29,89.19,34.2,2,4,public_slow,123.15,0.16,5.71,9.25,rainy,0.143,middle,23.18,0,Tamil Nadu,2022,12
Chennai,2W,3.07,81.55,28.03,3,6,public_fast,57.61,3.56,4.09,9.47,extreme_heat,0.545,high,15.68,1,Tamil Nadu,2026,8
Chennai,2W,2.95,96.03,26.61,3,4,public_slow,235.02,0.63,3.39,7.6,rainy,0.362,low,15.91,0,Tamil Nadu,2023,12
Chennai,2W,2.9,88.81,48.06,3,3,home,344.59,3.76,7.35,7.85,humid,0.29,middle,17.38,1,Tamil Nadu,2023,4
Chennai,2W,2.98,82.84,30.89,3,3,home,227.43,0.26,4.68,9.74,rainy,0.251,high,16.08,0,Tamil Nadu,2024,11
Chennai,2W,2.8,95.75,40.76,2,2,home,272.85,3.19,5.98,7.37,extreme_heat,0.547,high,14.29,1,Tamil Nadu,2021,5
Chennai,2W,3.84,84.08,14.25,1,4,public_slow,138.14,2.8,3.62,9.29,rainy,0.45,middle,20.74,0,Tamil Nadu,2024,11
Chennai,2W,3,81.76,7.79,3,4,public_fast,99.48,2.08,1.12,8.62,humid,0.156,low,18.51,0,Tamil Nadu,2025,5
Chennai,2W,3.1,84.56,15.75,3,3,public_fast,35.79,4.29,2.8,8.93,clear,0.063,middle,18.58,1,Tamil Nadu,2022,10
Chennai,2W,3.09,83.47,30.6,2,4,public_fast,85.63,4.48,6.4,7.11,clear,0.171,high,18.55,1,Tamil Nadu,2025,6
Chennai,2W,3.77,77.7,60.26,1,4,home,298.04,0.07,3.44,6.89,rainy,0.173,low,20.34,0,Tamil Nadu,2023,12
Chennai,2W,2.36,89.55,23.89,2.52,4,public_slow,131.05,2.32,3.48,6.02,humid,0.08,low,14.17,0,Tamil Nadu,2024,5
Chennai,2W,2.76,96.74,53.53,3,1,home,297.95,0.02,9.89,6.28,clear,0.412,middle,16.58,0,Tamil Nadu,2019,9
Chennai,2W,4.17,94.48,25.19,4,4,public_slow,114.53,1.53,5.7,10.52,extreme_heat,0.187,high,21.25,0,Tamil Nadu,2023,4
Chennai,2W,3.06,74.94,3,2.52,6,public_slow,183.81,4.31,0.17,10.56,extreme_heat,0.408,high,15.62,1,Tamil Nadu,2025,1
Chennai,2W,3.17,86.81,41.86,2,4,home,153.13,0.81,5.42,8.95,humid,0.206,middle,18.99,0,Tamil Nadu,2024,5
Chennai,2W,3.16,84.09,18.06,1,6,home,366.63,9.12,4.06,10.58,rainy,0.137,low,17.09,1,Tamil Nadu,2026,10
Chennai,2W,3.95,86.87,1,2.52,4,public_slow,162.35,1.66,0.15,6.5,clear,0.122,high,23.69,0,Tamil Nadu,2023,2
Chennai,2W,3.34,98.69,27.43,3,4,public_slow,227.01,3.2,5.75,7.3,rainy,0.424,middle,18.04,1,Tamil Nadu,2020,4
Chennai,2W,3.69,81.85,20.42,3,4,public_slow,158.93,0.53,5.13,8.56,humid,0.472,middle,22.16,0,Tamil Nadu,2024,10
Chennai,2W,2.58,97.59,32.61,2,2,public_fast,45.49,0.94,6.09,6.8,rainy,0.29,low,13.94,0,Tamil Nadu,2019,5
Chennai,2W,2.82,78.55,20.14,3,4,home,257.52,1.58,2.98,9.33,humid,0.553,middle,16.84,0,Tamil Nadu,2026,9
Chennai,2W,3,89.8,24.27,1,3,public_fast,37.16,1.62,3.82,9.35,extreme_heat,0.078,high,12.46,0,Tamil Nadu,2025,9
Chennai,2W,3.41,89.22,29.6,1,2,public_fast,39.47,1.45,4.23,8.67,clear,0.305,low,20.48,0,Tamil Nadu,2024,7
Chennai,2W,2.75,78.69,26.61,4,5,public_slow,192.23,6.33,1.84,10.2,clear,0.29,middle,16.48,1,Tamil Nadu,2026,3
Chennai,2W,3.44,84.2,8.16,2.52,6,public_fast,55.25,0.37,1.1,8.03,extreme_heat,0.049,high,17.55,0,Tamil Nadu,2024,4
Chennai,2W,2.44,98.17,11.8,4,1,public_fast,335.27,6.08,1.8,7.17,humid,0.513,middle,14.64,1,Tamil Nadu,2020,10
Chennai,2W,3.32,86.35,50.65,2.52,6,public_slow,197.59,1.41,8.45,9.9,clear,0.104,middle,19.91,1,Tamil Nadu,2025,2
Chennai,2W,3,96.53,39.67,2,2,public_slow,241.19,4.93,5.87,7.89,rainy,0.566,low,19.71,1,Tamil Nadu,2021,1
Chennai,2W,2.7,95.66,54.51,3,3,home,299.02,0.78,8.02,8.05,extreme_heat,0.287,middle,13.78,0,Tamil Nadu,2022,8
Chennai,2W,3.51,77.39,61.28,5,4,public_fast,84.93,10.29,9.86,7.84,rainy,0.426,low,18.98,1,Tamil Nadu,2025,6
Chennai,2W,2.86,90.64,34.06,3,2,public_slow,183.55,3.35,5.68,10.44,extreme_heat,0.364,low,17.15,1,Tamil Nadu,2023,7
Chennai,2W,2.89,80.66,5.05,3,5,public_fast,67.89,0.63,0.69,7.22,clear,0.291,middle,16.84,0,Tamil Nadu,2026,10
Chennai,2W,2.37,92.67,25,3,3,public_fast,93.99,1.42,6.09,6.56,extreme_heat,0.115,middle,12.1,0,Tamil Nadu,2019,6
Chennai,2W,2.41,80.42,14.44,1,4,public_fast,74.89,1.95,2.98,9.38,extreme_heat,0.083,high,12.3,0,Tamil Nadu,2026,1
Chennai,2W,2.72,101.83,3.29,3,1,home,408.77,0.89,0.42,5.56,clear,0.355,high,16.29,0,Tamil Nadu,2020,1
Chennai,2W,3.18,89.19,1,1,5,public_slow,148.49,1.36,0.23,8.22,humid,0.197,middle,19.09,0,Tamil Nadu,2025,9
Chennai,2W,3.32,82.9,39.66,2,2,public_slow,204.64,1.73,6.32,7.3,rainy,0.307,low,17.93,0,Tamil Nadu,2021,7
Chennai,2W,3.11,89.13,36.68,2,2,public_slow,137.06,1.99,4.36,8.68,extreme_heat,0.193,middle,15.85,1,Tamil Nadu,2022,8
Chennai,2W,3.7,81.28,12.95,3,8,public_fast,61.57,0.21,2.4,8.92,clear,0.532,low,22.2,0,Tamil Nadu,2026,7
Chennai,2W,3,106.37,24.55,2,3,public_fast,48.41,7.06,3.58,6.25,humid,0.331,low,26.81,1,Tamil Nadu,2019,2
Chennai,2W,3.46,94.43,1,2,3,public_fast,30.95,4.73,0.13,5.69,clear,0.367,high,20.77,0,Tamil Nadu,2020,11
Chennai,2W,2.85,88.03,30.9,3,3,public_fast,39.41,4.11,4.45,6.6,clear,0.747,high,17.08,1,Tamil Nadu,2023,10
Chennai,2W,3.52,80.34,4.36,3,5,public_slow,190.7,1.75,0.66,8.95,rainy,0.123,low,16.84,0,Tamil Nadu,2026,12
Chennai,2W,3.12,75.77,40.39,2,5,public_fast,57.31,1.99,6.26,7.8,clear,0.182,low,18.74,1,Tamil Nadu,2026,5
Chennai,2W,3.06,86.56,49.91,2,3,home,305.94,0.16,7.1,8.17,rainy,0.118,low,16.55,0,Tamil Nadu,2023,12
Chennai,2W,2.86,77.38,51.83,1,3,home,206.04,0.96,10.38,10.28,clear,0.258,low,16.84,0,Tamil Nadu,2026,1
Chennai,2W,3.31,87.58,23.38,4,5,public_fast,87.53,1.09,3.94,9.8,extreme_heat,0.353,low,16.86,1,Tamil Nadu,2026,7
Chennai,2W,3.66,99.1,39.95,3,2,public_slow,197.5,0.82,6.95,7.76,humid,0.336,low,21.95,0,Tamil Nadu,2019,1
Chennai,2W,3.36,95.44,22.59,3,2,public_fast,55.84,0.16,3.87,7.4,extreme_heat,0.088,low,20.19,0,Tamil Nadu,2022,12
Chennai,2W,3.52,80.61,13.28,2,6,home,264.58,3.08,1.73,10.25,rainy,0.236,middle,18.98,1,Tamil Nadu,2026,1
Chennai,2W,2.07,87.51,33.45,3,3,public_fast,52.58,1.55,1.47,7.68,clear,0.383,low,12.41,0,Tamil Nadu,2022,12
Chennai,2W,3.35,83.78,9.69,2.52,6,public_fast,78.04,2.23,1.81,8.85,extreme_heat,0.27,low,17.09,0,Tamil Nadu,2026,1
Chennai,2W,2.7,77.54,8.7,3,5,public_slow,200.17,0.9,1.5,9.18,clear,0.621,middle,16.21,0,Tamil Nadu,2026,10
Chennai,2W,2.3,86.41,26.61,2,5,home,235.37,0.64,3.53,8.66,clear,0.243,low,13.78,1,Tamil Nadu,2023,5
Chennai,2W,2.57,93.09,27.34,2,3,public_fast,81.07,1.41,4.04,7.41,extreme_heat,0.121,middle,13.1,0,Tamil Nadu,2020,5
Chennai,2W,2.77,94.01,23.19,2,5,public_slow,202.16,1.4,5.21,9.34,extreme_heat,0.255,middle,14.14,1,Tamil Nadu,2025,3
Chennai,2W,2.94,89.87,10.28,5,4,public_fast,43.05,1.71,1.48,7.52,clear,0.129,middle,17.64,0,Tamil Nadu,2025,9
Chennai,2W,2.7,80.73,26.03,2,7,public_fast,292.48,5.75,3.14,9.48,clear,0.567,low,16.22,1,Tamil Nadu,2026,9
Chennai,2W,2.79,91.16,17.97,4,5,public_slow,216.1,0.11,2.81,9.45,clear,0.366,high,16.76,1,Tamil Nadu,2024,2
Chennai,2W,2.12,103.17,32.32,3,2,public_fast,42.4,1.11,5.8,6.74,rainy,0.262,low,11.47,0,Tamil Nadu,2019,7
Chennai,2W,3.58,80.72,44.69,4,5,public_slow,171.27,1.18,8.54,7.99,rainy,0.189,low,19.34,1,Tamil Nadu,2024,5
Chennai,2W,2.81,85.29,21.39,2,4,public_slow,167.68,0.36,3.87,8.31,clear,0.328,middle,16.84,0,Tamil Nadu,2026,1
Chennai,2W,2.81,89.79,26.61,3,2,public_slow,150.25,1.99,1.85,7.43,extreme_heat,0.035,middle,14.35,0,Tamil Nadu,2023,3
Chennai,2W,3.01,94.11,18.63,3,2,public_slow,138.83,1.29,3.21,5.5,humid,0.195,high,18.07,0,Tamil Nadu,2019,8
Chennai,2W,2.89,84.63,47.43,2.52,5,home,281.94,0.29,2.59,8.31,clear,0.159,low,17.33,1,Tamil Nadu,2024,5
Chennai,2W,2.95,98.57,5.44,2,2,home,312.58,1.99,0.92,7.56,rainy,0.031,middle,15.93,0,Tamil Nadu,2021,8
Chennai,2W,3.89,88.12,15.19,2,3,public_fast,80.61,1.14,2.52,7.8,rainy,0.109,middle,20.99,0,Tamil Nadu,2021,6
Chennai,2W,2.79,83.45,36.98,3,2,public_slow,173.46,2.48,7.08,9.63,humid,0.249,high,16.75,0,Tamil Nadu,2023,3
Chennai,2W,2.08,85.81,8.78,3,1,public_slow,151.22,0.71,1.59,8.19,extreme_heat,0.274,middle,16.84,0,Tamil Nadu,2022,7
Chennai,2W,3.51,70.12,1.81,2,5,public_slow,190.07,2.4,0.32,9.92,rainy,0.251,low,18.96,1,Tamil Nadu,2026,3
Chennai,2W,3.64,86.42,20.65,3,2,public_fast,81.12,1.58,2.65,7.92,humid,0.748,middle,21.86,0,Tamil Nadu,2023,4
Chennai,2W,3.03,95.45,29.27,6,3,home,386.14,2.88,4.73,6.68,humid,0.483,low,18.17,0,Tamil Nadu,2022,1
Chennai,2W,2.69,94.22,26.01,2,3,public_slow,139.42,4.92,4.75,6.97,humid,0.227,middle,16.15,1,Tamil Nadu,2022,7
Chennai,2W,2.93,75.18,20.84,3,4,public_fast,10.73,1.37,4.04,9.53,extreme_heat,0.2,high,14.93,0,Tamil Nadu,2025,6
Chennai,2W,1.74,99.99,19.08,3,2,home,288.38,0.66,3.62,5.91,humid,0.128,low,10.44,0,Tamil Nadu,2019,1
Chennai,2W,3.78,95.43,11.3,2.52,2,public_fast,36.26,3.36,2.24,5.51,rainy,0.518,low,20.39,0,Tamil Nadu,2019,11
Chennai,2W,3.28,85.19,37.59,2,4,public_fast,25.6,0.84,6.23,9.22,extreme_heat,0.134,middle,16.71,0,Tamil Nadu,2023,8
Chennai,2W,3.41,93.71,32.7,3,3,home,334.98,1.52,5,8.46,rainy,0.022,middle,18.41,0,Tamil Nadu,2024,1
Chennai,2W,3.22,92.3,21.57,2,5,public_fast,60.94,3.24,3.54,8.8,clear,0.328,low,19.35,1,Tamil Nadu,2024,12
Chennai,2W,3.05,74.9,19.85,3,5,public_slow,146.27,0.16,3.15,9.27,extreme_heat,0.289,middle,15.58,1,Tamil Nadu,2026,3
Chennai,2W,3.71,81.3,16.48,3,3,public_slow,144.83,1.99,2.97,6.68,humid,0.29,middle,22.27,0,Tamil Nadu,2022,11
Chennai,2W,3.35,87,44.37,2,4,public_slow,304.65,0.14,6.98,9.05,extreme_heat,0.325,low,17.11,0,Tamil Nadu,2024,6
Chennai,2W,2.24,82.44,17.03,3,4,public_fast,55.56,0.48,4.36,7.51,humid,0.327,middle,13.46,0,Tamil Nadu,2023,11
Chennai,2W,2.6,94.96,6.64,2,1,public_slow,215.83,0.71,0.98,7.55,clear,0.32,low,15.57,0,Tamil Nadu,2020,1
Chennai,2W,3.08,98.91,49.34,2,1,public_fast,92.39,0.21,6.14,6.56,humid,0.223,high,18.5,0,Tamil Nadu,2019,4
Chennai,2W,3.13,94.68,41.3,2.52,2,public_slow,232.71,0.31,7.97,6.04,extreme_heat,0.44,middle,15.98,0,Tamil Nadu,2021,10
Chennai,2W,3.23,75.29,10.76,2.52,5,public_fast,46.69,2.47,1.87,8.59,clear,0.655,low,19.37,0,Tamil Nadu,2026,4
Chennai,2W,3.64,92.47,41.08,3,3,home,261.76,2.12,6.09,8.36,extreme_heat,0.108,middle,18.59,0,Tamil Nadu,2022,11
Chennai,2W,2.4,82.12,1,2,4,public_fast,55.51,3.23,0.15,8.75,rainy,0.17,low,12.98,0,Tamil Nadu,2023,2
Chennai,2W,3.03,100.3,13.58,3,1,home,285.94,0.86,2.17,7.26,humid,0.29,low,18.19,0,Tamil Nadu,2021,6
Chennai,2W,3.86,95.46,10.69,3,3,home,343.85,0.35,1.95,6.18,humid,0.164,high,23.15,0,Tamil Nadu,2021,4
Chennai,2W,2.43,96.27,41.67,1,2,home,366.73,4.74,10.39,6.32,extreme_heat,0.367,low,12.38,1,Tamil Nadu,2022,11
Chennai,2W,2.56,75.85,14.1,2,5,public_slow,187.81,4.61,2.54,8.67,humid,0.123,high,15.34,1,Tamil Nadu,2024,1
Chennai,2W,3.17,95.27,4.89,2,1,home,300.34,0.6,1,6.55,rainy,0.236,low,17.12,0,Tamil Nadu,2026,1
Chennai,2W,2.59,98.97,26.61,2,2,public_slow,212.34,0.08,4.36,7.8,clear,0.228,high,15.57,0,Tamil Nadu,2019,5
Chennai,2W,3.56,95.15,26.61,4,1,public_fast,68.99,1.58,4.81,7.23,humid,0.142,middle,21.34,0,Tamil Nadu,2026,1
Chennai,2W,2.93,88.54,33.48,3,4,home,344.44,1.3,5.9,9.52,clear,0.212,low,17.6,0,Tamil Nadu,2025,4
Chennai,2W,3.9,96.61,31.61,1,4,public_slow,104.32,0.86,5.98,8.23,humid,0.583,low,23.38,0,Tamil Nadu,2022,4
Chennai,2W,3.04,76.85,34.28,2.52,5,public_fast,36.06,0.53,6.33,9.03,extreme_heat,0.543,low,16.4,1,Tamil Nadu,2026,1
Chennai,2W,3,80.78,23.37,4,6,public_fast,68.61,10.84,2.98,7.8,rainy,0.074,low,15.47,1,Tamil Nadu,2026,11
Chennai,2W,3.15,92.76,42.93,3,3,home,360.5,0.39,7.66,8.02,extreme_heat,0.357,low,16.09,0,Tamil Nadu,2022,6
Chennai,2W,2.67,92,38.48,3,4,home,361.47,0.71,4.67,6.87,extreme_heat,0.084,low,13.62,0,Tamil Nadu,2024,4
Chennai,2W,3.39,104.24,19.96,3,3,public_fast,76.24,1.05,3.92,5.32,humid,0.329,low,20.36,0,Tamil Nadu,2019,2
Chennai,2W,2.74,86.23,25.03,2.52,3,home,220.54,1.78,5.11,6.53,humid,0.407,low,16.46,0,Tamil Nadu,2021,4
Chennai,2W,3.04,80.07,60.33,3,5,home,415.06,2.38,3.23,10.36,clear,0.29,high,18.24,1,Tamil Nadu,2025,2
Chennai,2W,3.16,91.88,20.02,1,1,public_slow,198.62,1.99,4.36,10.13,clear,0.178,high,18.94,0,Tamil Nadu,2023,3
Chennai,2W,4.07,82.01,12.38,2,1,home,403.37,3.23,2.21,6.87,extreme_heat,0.199,low,20.78,0,Tamil Nadu,2021,10
Chennai,2W,2.81,102.92,49.49,3,2,public_slow,207.79,1.77,7.93,5.03,humid,0.412,middle,16.87,0,Tamil Nadu,2021,11
Chennai,2W,2.8,90.58,41.79,3,6,public_slow,152.41,0.19,6.21,9.81,clear,0.508,low,16.82,1,Tamil Nadu,2025,3
Chennai,2W,3.66,89.38,29.06,2,2,public_slow,170.47,1.18,4.36,4.83,humid,0.232,middle,21.97,0,Tamil Nadu,2022,4
Chennai,2W,2.86,97.49,6.41,3,2,public_fast,81.14,5.16,0.88,6.01,humid,0.262,middle,17.17,0,Tamil Nadu,2019,4
Chennai,2W,2.59,78.8,1,3,6,public_slow,251.26,5.89,0.16,10.53,humid,0.357,high,15.57,0,Tamil Nadu,2026,2
Chennai,2W,3.46,89.24,28.87,2,3,home,246.03,5.1,4.4,9.15,rainy,0.194,low,18.69,1,Tamil Nadu,2022,8
Chennai,2W,3.15,72.22,22.19,1,6,home,353.1,0.62,3.57,10.17,humid,0.146,high,18.91,1,Tamil Nadu,2026,10
Chennai,2W,2.32,84.97,11.37,2,5,public_slow,136.79,0.42,2.04,8.83,extreme_heat,0.264,high,11.85,1,Tamil Nadu,2025,12
Chennai,2W,2.02,80.53,30.04,4,4,public_slow,94.36,1.97,7.29,9.9,extreme_heat,0.079,low,10.91,0,Tamil Nadu,2025,4
Chennai,2W,3.4,81.51,18.88,3,5,public_slow,204.44,0.62,3.17,8.39,rainy,0.392,middle,18.38,1,Tamil Nadu,2023,1
Chennai,2W,3.34,100.73,1,3,2,public_slow,228.76,0.12,0.13,7.07,humid,0.427,low,20.06,0,Tamil Nadu,2019,7
Chennai,2W,2.08,100.42,24.16,4,3,public_fast,68.52,1.02,4.26,6.43,rainy,0.241,middle,11.22,0,Tamil Nadu,2020,7
Chennai,2W,3.41,89.77,27.33,2,4,home,370.38,0.07,6.49,7.94,extreme_heat,0.328,middle,17.39,0,Tamil Nadu,2021,4
Chennai,2W,3.41,95.34,18.47,1,3,public_fast,91.24,7.75,2.87,5.39,rainy,0.356,low,18.44,1,Tamil Nadu,2020,10
Chennai,2W,3.04,99.65,26.61,2,1,public_fast,68.84,0.32,6.99,5.31,rainy,0.406,middle,16.44,0,Tamil Nadu,2026,1
Chennai,2W,3.16,91.71,16.89,1,3,home,178.75,1.18,3.25,9.73,rainy,0.498,middle,17.04,0,Tamil Nadu,2021,9
Chennai,2W,3.59,99.76,15.17,4,2,public_fast,204.67,3.36,3.05,5.79,extreme_heat,0.329,high,18.3,1,Tamil Nadu,2020,7
Chennai,2W,2.79,85.13,19.08,2,4,home,325.39,0.08,2.74,11.38,rainy,0.147,middle,15.08,0,Tamil Nadu,2025,6
Chennai,2W,2.2,86.62,18.6,4,6,home,398.65,3.59,4.03,9.47,clear,0.278,low,13.21,1,Tamil Nadu,2026,6
Chennai,2W,3.52,80.22,32.1,3,5,public_slow,222.09,3.61,6.16,7.9,humid,0.086,low,21.1,1,Tamil Nadu,2026,6
Chennai,2W,2.96,84.06,13.36,3,4,home,382.56,1.32,4.36,10.86,extreme_heat,0.457,middle,15.11,0,Tamil Nadu,2026,1
Chennai,2W,4.04,92.73,42.03,3,3,home,227.91,1.06,6.19,5.24,extreme_heat,0.077,low,20.6,0,Tamil Nadu,2021,7
Chennai,2W,3.15,80.52,10.81,3,2,public_slow,207.5,0.07,1.87,8.38,rainy,0.375,middle,17.03,0,Tamil Nadu,2026,1
Chennai,2W,2.77,74.26,31.5,3,4,public_slow,232.24,1.99,5.47,9.49,clear,0.66,middle,16.6,1,Tamil Nadu,2025,8
Chennai,2W,2.6,106.45,37.48,1,1,public_slow,123.55,1.01,5.4,6.82,humid,0.354,high,15.6,0,Tamil Nadu,2019,9
Chennai,2W,3.91,88.42,34.5,1,4,public_fast,80.7,1.82,6.06,9.43,humid,0.05,middle,23.47,0,Tamil Nadu,2025,3
Chennai,2W,3.24,106.07,37.09,1,2,public_fast,68.3,0.09,6.59,4.85,humid,0.486,high,19.42,0,Tamil Nadu,2019,2
Chennai,2W,2.72,81.92,39.72,2,6,public_slow,184.13,2.82,5.77,9.6,clear,0.093,low,16.34,0,Tamil Nadu,2026,5
Chennai,2W,2.53,107.36,27.62,2,2,public_fast,39.92,0.74,5.44,6.73,humid,0.399,middle,15.15,0,Tamil Nadu,2019,12
Chennai,2W,3.04,82.64,25.25,3,3,home,164.33,3.61,5.35,8.06,rainy,0.183,middle,16.44,1,Tamil Nadu,2025,8
Chennai,2W,3.72,106.5,9.08,3,1,public_fast,62.05,2.3,1.5,4.92,humid,0.26,middle,16.84,0,Tamil Nadu,2021,6
Chennai,2W,3.41,94.7,41.84,3,3,public_slow,121.96,1.76,6.14,5.95,rainy,0.257,low,18.44,0,Tamil Nadu,2019,8
Chennai,2W,3.51,77.97,60.3,5,4,public_fast,67.63,0.42,10.37,7.06,humid,0.29,middle,21.05,0,Tamil Nadu,2024,11
Chennai,2W,3.1,78.5,26.61,3,6,home,255.86,0.56,4.36,10.7,extreme_heat,0.052,low,15.8,1,Tamil Nadu,2026,4
Chennai,2W,3.03,77.18,28.17,3,5,home,282.26,2.39,3.81,9.66,rainy,0.373,low,16.37,1,Tamil Nadu,2026,5
Chennai,2W,3.42,79.71,17.21,1,5,public_slow,141.15,0.71,3.54,9.99,humid,0.129,middle,20.5,1,Tamil Nadu,2024,6
Chennai,2W,3.32,91.84,23.95,4,3,public_fast,60.68,1.51,4.01,6.26,extreme_heat,0.376,low,16.91,0,Tamil Nadu,2023,7
Chennai,2W,2.97,95.96,20.01,2,3,home,301.29,1.99,3.15,8.7,humid,0.309,middle,17.81,0,Tamil Nadu,2024,4
Chennai,2W,3.15,78.19,13.56,1,3.33,home,354.8,1.25,1.64,9.7,humid,0.324,middle,18.91,1,Tamil Nadu,2026,1
Chennai,2W,3.01,101.68,26.49,4,2,public_slow,230.26,3.36,3.02,7.03,extreme_heat,0.33,low,15.36,1,Tamil Nadu,2020,10
Chennai,2W,2.82,81.21,17.11,4,5,home,251.45,0.24,3.21,9.91,clear,0.573,low,16.91,1,Tamil Nadu,2025,6
Chennai,2W,3.12,92.21,20.36,2,3,public_slow,130.59,1,2.95,8.37,humid,0.334,middle,18.74,0,Tamil Nadu,2022,4
Chennai,2W,2.9,83.28,3.09,3,4,home,348.19,1.08,0.44,8.54,clear,0.43,high,17.37,0,Tamil Nadu,2022,2
Chennai,2W,3.33,98.95,6.68,2,1,home,379.38,0.4,1.12,5.99,extreme_heat,0.209,middle,16.96,0,Tamil Nadu,2020,4
Chennai,2W,3.64,87.23,25.13,1,2,public_slow,171.09,1.99,4.21,8.22,clear,0.197,middle,21.83,0,Tamil Nadu,2023,6
Chennai,2W,2.82,102.95,26.61,2,5,public_fast,82.01,1.23,3.63,6.32,extreme_heat,0.082,middle,14.37,0,Tamil Nadu,2020,9
Chennai,2W,3.09,92.17,16.2,1,3,home,265.75,1.3,3.54,6.42,rainy,0.458,middle,16.69,0,Tamil Nadu,2021,1
Chennai,2W,3.47,80.59,41.54,2,3,public_fast,47.92,0.39,8.28,7.82,humid,0.125,low,20.81,0,Tamil Nadu,2024,8
Chennai,2W,3,95.56,7.14,2.52,2,public_fast,49.5,0.5,2.14,7.09,clear,0.093,high,17.11,0,Tamil Nadu,2021,5
Chennai,2W,3.63,78.29,17.1,4,5,public_fast,60.12,2.4,2.97,7.03,rainy,0.127,low,19.58,1,Tamil Nadu,2025,12
Chennai,2W,3.17,81.97,1,2,5,public_slow,231.99,0.13,0.14,11.18,rainy,0.221,middle,16.84,0,Tamil Nadu,2026,4
Chennai,2W,2.84,102.37,34.56,3,1,home,261.04,2.5,4.94,3.05,clear,0.537,low,17.05,0,Tamil Nadu,2019,5
Chennai,2W,3.94,76.2,7.76,1,5,public_fast,54.75,1.23,1.26,9.36,humid,0.645,low,23.64,0,Tamil Nadu,2026,6
Chennai,2W,2.75,88.83,52.73,1,4,home,259.81,2.91,10.09,8.33,extreme_heat,0.424,low,14.01,0,Tamil Nadu,2024,10
Chennai,2W,3.03,96.34,31.39,2,1,home,311.18,0.48,5.17,6.1,extreme_heat,0.049,low,16.36,0,Tamil Nadu,2020,8
Chennai,2W,3.41,102.84,6.39,2,2,public_fast,23.19,2.38,0.88,6.77,humid,0.449,high,20.45,0,Tamil Nadu,2020,7
Chennai,2W,2.8,90.93,38.32,3,3,home,332.27,0.83,5.77,7.85,extreme_heat,0.235,middle,14.3,0,Tamil Nadu,2026,1
Chennai,2W,2.62,96.41,9.99,1,4,public_slow,229.02,1.23,2.23,7.75,humid,0.458,middle,15.75,0,Tamil Nadu,2021,1
Chennai,2W,2.91,90.11,30.48,3,4,public_fast,53.66,1.79,6.77,7.04,extreme_heat,0.237,low,14.84,0,Tamil Nadu,2024,7
Chennai,2W,2.57,104.01,19.84,3,3,public_fast,80.58,0.42,3.4,5.76,rainy,0.219,low,13.87,0,Tamil Nadu,2019,8
Chennai,2W,2.52,97.86,24.34,2,4,public_fast,55.64,2.13,5.44,6.21,clear,0.29,low,16.84,0,Tamil Nadu,2021,1
Chennai,2W,2.74,99.94,11.4,3,1,public_fast,53.36,0.4,2.11,7.43,humid,0.242,low,16.43,0,Tamil Nadu,2019,5
Chennai,2W,2.81,85.72,23.1,3,2,home,288.45,0.21,3.68,10.23,extreme_heat,0.078,middle,16.85,0,Tamil Nadu,2025,1
Chennai,2W,3.06,75.11,53.51,3,5,public_fast,257.89,1.99,8.3,7.88,clear,0.201,middle,18.34,1,Tamil Nadu,2025,7
Chennai,2W,1.82,81.56,24.69,2,5,home,280.24,0.3,3.39,9.44,rainy,0.36,high,9.84,1,Tamil Nadu,2026,10
Chennai,2W,2.71,87.04,51.77,3,4,public_fast,107.61,5.04,11.85,7.66,rainy,0.188,middle,14.65,1,Tamil Nadu,2022,8
Chennai,2W,3.76,100.3,37.45,2,3,home,369.12,2.53,7.46,4.99,rainy,0.555,low,20.31,0,Tamil Nadu,2021,1
Chennai,2W,2.32,86.53,24.27,4,4,public_slow,157.56,0.26,4.69,6.8,extreme_heat,0.143,high,11.84,0,Tamil Nadu,2023,6
Chennai,2W,3.39,99.42,17.16,3,2,public_slow,140.48,2.97,2.38,6.87,extreme_heat,0.451,low,17.27,0,Tamil Nadu,2019,6
Chennai,2W,2.88,92.28,11.43,4,4,home,210.23,0.99,1.81,8.26,rainy,0.214,middle,15.55,0,Tamil Nadu,2023,9
Chennai,2W,3.66,81.21,29.71,2,2,public_fast,69.92,0.69,4.71,7.62,clear,0.117,low,21.96,0,Tamil Nadu,2023,8
Chennai,2W,2.94,103.33,4.85,1,3,home,309.64,4.47,0.8,8.75,extreme_heat,0.27,high,15.01,0,Tamil Nadu,2026,1
Chennai,2W,3.4,78.68,23.04,2,3,public_slow,144.42,0.01,4.81,8.85,clear,0.263,low,20.39,0,Tamil Nadu,2024,12
Chennai,2W,2.86,79.29,1.36,3,4,public_fast,67.27,0.2,0.18,9.98,rainy,0.672,high,15.43,0,Tamil Nadu,2026,5
Chennai,2W,3.75,74.51,1,2.52,4,home,227.45,3.08,0.16,10.47,humid,0.178,middle,22.52,1,Tamil Nadu,2026,6
Chennai,2W,3.25,94.88,18.8,1,5,public_fast,136.64,1.34,3.13,6.24,clear,0.377,high,19.48,1,Tamil Nadu,2023,5
Chennai,2W,3,100.65,53.71,2.52,1,public_fast,51.65,2.99,7.25,7.45,clear,0.275,middle,18.01,0,Tamil Nadu,2019,2
Chennai,2W,3.21,96.14,4.04,3,2,public_fast,73.55,2.34,0.63,5.67,extreme_heat,0.482,middle,16.39,0,Tamil Nadu,2019,4
Chennai,2W,3.37,79.6,25.69,2,4,public_fast,54.27,0.71,4.94,8.11,clear,0.552,low,20.23,0,Tamil Nadu,2026,10
Chennai,2W,1.13,80.1,25.51,2,3.33,public_fast,63.96,0.15,3.86,9.97,humid,0.538,middle,6.8,0,Tamil Nadu,2026,1
Chennai,2W,3.35,77.59,22.41,4,2,public_fast,23.54,1.73,4.37,7.99,humid,0.283,low,20.08,0,Tamil Nadu,2024,4
Chennai,2W,3.58,90.2,33.78,2,3,public_fast,87.4,2.07,6.77,8.17,rainy,0.595,low,19.34,0,Tamil Nadu,2022,4
Chennai,2W,3.17,95.8,30.45,3,4,public_slow,92.13,1.09,5.15,5.5,humid,0.54,middle,19.04,0,Tamil Nadu,2019,6
Chennai,2W,2.46,91.63,10.39,3,3,public_slow,148.64,1.1,1.96,8.6,extreme_heat,0.273,low,12.56,0,Tamil Nadu,2023,8
Chennai,2W,3.16,77.9,14.81,3,3,public_slow,176.84,1.09,2.11,9.48,humid,0.452,high,18.98,0,Tamil Nadu,2025,5
Chennai,2W,3.02,89.56,26.61,3,3,public_fast,20.36,0.81,5.89,7.44,clear,0.333,middle,18.1,0,Tamil Nadu,2022,2
Chennai,2W,2.58,93.61,37.3,1,3,public_fast,72.65,5.75,6.54,8.23,extreme_heat,0.241,low,13.13,1,Tamil Nadu,2022,12
Chennai,2W,2.59,100.97,39.15,2,2,public_fast,106.7,0.88,6.23,6.26,rainy,0.29,middle,14,0,Tamil Nadu,2020,6
Chennai,2W,3.36,86.26,14.45,3,5,home,238.22,2.64,2.4,7.95,humid,0.328,middle,20.16,1,Tamil Nadu,2024,9
Chennai,2W,2.91,91.91,56.49,4,2,public_slow,273.28,3.57,11.09,8.24,extreme_heat,0.272,middle,14.83,1,Tamil Nadu,2022,11
Chennai,2W,3.3,91.69,31.3,3,5,public_fast,56.35,1.61,5.73,8.62,extreme_heat,0.159,middle,16.83,1,Tamil Nadu,2025,12
Chennai,2W,3.14,82.76,12.48,1,5,public_slow,223.56,0.76,1.81,7.25,humid,0.311,middle,18.83,0,Tamil Nadu,2025,11
Chennai,2W,2.76,92.02,21.95,4,6,public_slow,137.71,1.42,3.31,7.51,clear,0.551,low,16.58,1,Tamil Nadu,2025,6
Chennai,2W,2.94,81.87,1,2,3,public_fast,65.19,0.18,0.17,9.51,clear,0.509,low,17.66,0,Tamil Nadu,2026,12
Chennai,2W,2.8,90.55,29.82,2,5,home,178.75,0.15,5.15,7.23,extreme_heat,0.268,low,14.3,1,Tamil Nadu,2022,7
Chennai,2W,2.91,78.76,35.28,2,4,home,262.85,0.55,5.57,8.36,clear,0.292,high,17.47,0,Tamil Nadu,2026,6
Chennai,2W,2.46,106.85,29.64,2,1,public_fast,8.96,2.24,5.68,6.5,humid,0.278,low,14.74,0,Tamil Nadu,2019,4
Chennai,2W,2.86,90.48,32.93,4,4,public_fast,78.05,4.65,4.82,9.26,rainy,0.119,low,15.43,1,Tamil Nadu,2024,8
Chennai,2W,2.34,80.69,10.52,1,3.33,home,304.19,0.76,1.82,7.77,humid,0.105,low,14.02,0,Tamil Nadu,2024,2
Chennai,2W,2.82,87.63,39.97,2,4,public_fast,14.02,0.09,5.79,8.76,rainy,0.102,low,15.25,0,Tamil Nadu,2024,5
Chennai,2W,3.14,101.29,1,2,2,public_fast,70.35,6.13,0.14,6.35,rainy,0.234,middle,16.96,0,Tamil Nadu,2020,11
Chennai,2W,2.93,82.48,7.57,1,1,home,317.65,0.2,1.22,6.92,extreme_heat,0.283,middle,14.95,0,Tamil Nadu,2021,8
Chennai,2W,3,79.73,1,2,3.33,public_fast,302.96,1.61,0.15,6.83,rainy,0.2,low,16.21,0,Tamil Nadu,2026,10
Chennai,2W,4.41,82.69,27.08,4,4,public_fast,51.82,8.49,5.56,9.62,humid,0.368,middle,26.48,1,Tamil Nadu,2025,7
Chennai,2W,2.73,94.77,20.76,4,1,public_fast,107.5,2.49,2.87,6.63,humid,0.218,low,16.38,0,Tamil Nadu,2020,7
Chennai,2W,3.28,93.58,31.46,3,2,home,353.46,0.18,5.96,6.5,clear,0.1,middle,19.67,0,Tamil Nadu,2021,3
Chennai,2W,3,77.42,14.2,2,6,home,293.39,1.5,2.61,11.13,humid,0.241,middle,15.05,1,Tamil Nadu,2025,12
Chennai,2W,3.53,82.14,22.54,5,5,public_fast,75.42,0.11,3.21,8.97,clear,0.454,low,21.18,1,Tamil Nadu,2024,8
Chennai,2W,3.9,95.95,37.36,3,2,home,292.82,1.84,5.5,6.56,extreme_heat,0.179,low,23.37,0,Tamil Nadu,2020,11
Chennai,2W,2.49,90.62,43.12,4,3,public_fast,46.81,4.38,8.6,5.15,extreme_heat,0.535,middle,12.69,1,Tamil Nadu,2021,12
Chennai,2W,2.81,92.44,38.48,4,4,home,232.78,0.14,6.34,7.4,clear,0.268,high,16.86,0,Tamil Nadu,2022,11
Chennai,2W,2.64,84.87,25.44,3,5,public_fast,57.34,0.55,5.07,9.86,humid,0.293,low,15.84,1,Tamil Nadu,2024,1
Chennai,2W,2.78,99.33,123.33,3,1,public_fast,386.61,1.33,5.93,5.56,rainy,0.115,middle,14.99,0,Tamil Nadu,2019,7
Chennai,2W,3.03,87.88,32.5,3,4,public_slow,240.63,2.74,5.28,8.1,extreme_heat,0.165,low,15.44,0,Tamil Nadu,2023,4
Chennai,2W,3.3,100.54,12.13,2,1,home,294.42,1.91,1.79,5.95,clear,0.075,low,19.77,0,Tamil Nadu,2020,1
Chennai,2W,3.09,86.7,24.83,2,3,home,275.51,1.44,4.48,6.12,rainy,0.416,middle,16.68,0,Tamil Nadu,2022,6
Chennai,2W,3.12,97.5,2.69,3,3,home,382.34,10.28,0.42,7.63,extreme_heat,0.456,middle,15.89,0,Tamil Nadu,2021,10
Chennai,2W,3.22,92.06,27.71,2,4,public_fast,57.45,0.06,4.68,6.28,rainy,0.405,low,17.41,0,Tamil Nadu,2022,6
Chennai,2W,2.73,91.17,26.22,3,3,public_fast,71.66,1.7,3.32,6.95,extreme_heat,0.118,middle,13.95,0,Tamil Nadu,2020,7
Chennai,2W,2.96,96.97,27.45,4,2,home,230.68,0.12,4.61,7.8,clear,0.29,middle,17.79,0,Tamil Nadu,2020,11
Chennai,2W,3.56,77.93,28.06,2,5,home,286.72,1.27,5.08,8.36,rainy,0.155,low,19.24,1,Tamil Nadu,2025,5
Chennai,2W,2.72,87.43,49.18,3,1,public_slow,176.65,2.61,7.26,7.59,extreme_heat,0.02,low,13.87,0,Tamil Nadu,2022,2
Chennai,2W,3.03,82.85,22.76,2,2,public_slow,196.22,1.65,3.61,8.34,clear,0.194,low,18.18,0,Tamil Nadu,2023,4
Chennai,2W,2.5,83.11,61.89,3,5,public_slow,204.8,1.15,11.96,10.99,rainy,0.241,low,13.51,1,Tamil Nadu,2025,3
Chennai,2W,2.22,73.92,25.84,2,4,public_fast,78.67,1.99,4.14,9.78,humid,0.226,middle,13.3,1,Tamil Nadu,2026,3
Chennai,2W,2.82,100.64,3.03,2,3,home,227.89,3.62,0.54,8.75,extreme_heat,0.535,low,16.9,0,Tamil Nadu,2022,8
Chennai,2W,2.55,71.04,57.08,3,6,home,279.66,0.1,7.31,11.01,humid,0.518,middle,15.31,1,Tamil Nadu,2026,9
Chennai,2W,2.73,80.29,35,4,5,home,209.53,2.96,7.11,7.8,rainy,0.315,middle,16.84,1,Tamil Nadu,2024,12
Chennai,2W,2.37,89.19,24.62,3,1,home,309.09,0.37,4.46,7.04,humid,0.149,middle,14.24,0,Tamil Nadu,2019,7
Chennai,2W,3.33,90.61,39.88,2,3,public_fast,69.51,0.53,4.84,9.86,clear,0.257,middle,19.96,0,Tamil Nadu,2022,12
Chennai,2W,3.15,71.85,44.87,3,4,public_slow,213.05,4.57,5.92,7.11,rainy,0.492,middle,16.99,1,Tamil Nadu,2024,7
Chennai,2W,3.4,100.15,14.88,4,1,home,326.22,2.97,2.6,5.47,rainy,0.351,middle,18.38,0,Tamil Nadu,2019,9
Chennai,2W,3.02,82.61,58.49,3,3,public_fast,79.06,2.88,9.19,8.6,humid,0.124,low,18.11,0,Tamil Nadu,2023,3
Chennai,2W,2.13,95.35,13.63,2,4,public_fast,50.9,3.06,2.32,7.89,extreme_heat,0.464,middle,10.85,1,Tamil Nadu,2022,11
Chennai,2W,2.86,97.53,9.26,1,1,public_slow,186.31,2.73,1.59,5.59,extreme_heat,0.25,low,14.58,0,Tamil Nadu,2019,11
Chennai,2W,3.21,97.13,32.75,4,2,public_slow,162.74,2.65,5.25,7.28,humid,0.068,high,19.26,0,Tamil Nadu,2021,2
Chennai,2W,3.24,83.02,18.42,2,3,public_fast,41.6,0.32,3.18,7.8,rainy,0.352,low,17.49,0,Tamil Nadu,2024,12
Chennai,2W,3.3,110.58,18.4,2,1,public_fast,102.12,1.42,2.84,7.3,rainy,0.261,high,17.84,0,Tamil Nadu,2019,2
Chennai,2W,2.19,90.54,12.29,3,4,public_slow,261.12,0.96,1.79,5.77,extreme_heat,0.075,low,11.16,0,Tamil Nadu,2022,12
Chennai,2W,2.37,75.22,20.7,3,4,public_fast,84.32,3.59,3.08,8.25,extreme_heat,0.213,middle,12.07,1,Tamil Nadu,2025,5
Chennai,2W,3.07,79.37,43.47,1,3,home,210.9,0.6,9.28,8.6,humid,0.12,high,18.42,0,Tamil Nadu,2025,4
Chennai,2W,2.78,92.23,43.87,3,3,public_fast,42.86,0.65,9.37,7.45,clear,0.496,low,16.68,0,Tamil Nadu,2023,7
Chennai,2W,3.57,105.28,10.84,2,1,public_slow,187.48,2.35,1.99,7.95,humid,0.166,middle,21.4,0,Tamil Nadu,2021,6
Chennai,2W,3.16,85.08,38.84,3,2,public_slow,213.12,0.17,6.16,6.52,rainy,0.434,high,17.08,0,Tamil Nadu,2022,9
Chennai,2W,4.16,89.19,17.64,2,5,public_slow,178.75,1.48,2.71,8.67,rainy,0.285,middle,22.46,1,Tamil Nadu,2025,9
Chennai,2W,3.04,97.19,66.49,2,4,public_fast,64.09,1.33,8.53,8.07,humid,0.143,high,16.84,0,Tamil Nadu,2024,3
Chennai,2W,2.8,80.49,40.85,1,3,home,183.2,2.53,6.95,8.18,extreme_heat,0.328,low,14.3,0,Tamil Nadu,2025,11
Chennai,2W,2.27,76.35,21.12,1,7,home,290.4,1.99,2.98,9.77,clear,0.761,low,13.65,1,Tamil Nadu,2026,5
Chennai,2W,2.85,95.94,37.79,3,3.33,home,321.34,3.51,4.36,7.32,rainy,0.403,low,15.4,1,Tamil Nadu,2022,9
Chennai,2W,2.67,86.43,60.11,2,7,public_slow,175.07,0.33,8.46,8.64,extreme_heat,0.109,low,13.63,1,Tamil Nadu,2025,5
Chennai,2W,2.91,96.85,9.46,5,5,public_slow,169.43,0.26,1.97,8.04,rainy,0.201,low,15.71,0,Tamil Nadu,2022,6
Chennai,2W,2.16,93.88,56.87,1,4,home,239.82,1.44,9.43,6.01,rainy,0.617,high,11.68,0,Tamil Nadu,2023,11
Chennai,2W,3,75.67,27.18,2,4,public_slow,161.81,1.16,4.71,10.71,clear,0.2,low,18.15,0,Tamil Nadu,2025,1
Chennai,2W,3.08,91.86,3.3,2,2,home,327.04,0.1,0.51,7.58,extreme_heat,0.346,middle,15.72,0,Tamil Nadu,2026,1
Chennai,2W,3.05,95.34,18.95,4,3,home,322.15,1.76,2.99,8.61,clear,0.081,low,18.28,0,Tamil Nadu,2026,1
Chennai,2W,3.06,101.05,49.71,4,3,home,396.27,6.02,6.3,5.81,extreme_heat,0.047,middle,15.6,1,Tamil Nadu,2019,1
Chennai,2W,3.55,102.21,27,3,3,home,319.75,0.8,4.74,5.86,clear,0.525,low,21.3,0,Tamil Nadu,2019,12
Chennai,2W,2.94,101.9,38.02,3,1,public_fast,72.95,1.08,6.07,7.05,clear,0.493,low,17.67,0,Tamil Nadu,2019,4
Chennai,2W,2.96,100.27,20.88,3,1,public_slow,168.25,4.36,2.78,4.65,extreme_heat,0.061,low,15.08,1,Tamil Nadu,2019,1
Chennai,2W,3,89.05,20.5,2,4,public_slow,140.89,4.87,2.87,7.2,extreme_heat,0.161,low,15.31,1,Tamil Nadu,2023,12
Chennai,2W,2.56,79.46,44.72,2,5,public_slow,171.39,0.23,4.36,10.05,extreme_heat,0.401,high,13.05,1,Tamil Nadu,2026,11
Chennai,2W,3.14,93.58,18.9,2,2,home,256.98,1.38,3.88,7.53,rainy,0.16,low,16.94,0,Tamil Nadu,2021,2
Chennai,2W,2.67,88.25,13.65,2,5,public_fast,71.16,0.09,2.71,7.21,clear,0.181,low,16.04,1,Tamil Nadu,2022,10
Chennai,2W,2.31,72.6,16.09,2,5,public_fast,61.1,4.85,2.4,8.22,humid,0.457,low,13.87,1,Tamil Nadu,2026,12
Chennai,2W,3.55,88.9,34.21,2,1,home,315.15,1.88,5.08,8.07,extreme_heat,0.108,middle,16.84,0,Tamil Nadu,2021,12
Chennai,2W,2.88,91.17,25.2,1,2,home,224.03,6.73,4.45,6.76,rainy,0.216,middle,15.55,1,Tamil Nadu,2023,8
Chennai,2W,2.92,80.23,29.15,3,5,public_fast,20.67,7.9,5.44,8.18,clear,0.303,middle,17.53,1,Tamil Nadu,2026,2
Chennai,2W,3.32,89.72,18.48,3,3,public_slow,228.49,1.99,4.63,7.93,extreme_heat,0.183,low,16.96,0,Tamil Nadu,2023,8
Chennai,2W,3.29,87.87,46.73,1,4,public_fast,42.9,0.29,8.63,7.56,humid,0.319,low,19.76,0,Tamil Nadu,2023,8
Chennai,2W,2.64,95.7,43.28,5,2,public_slow,152.36,2.03,10.5,7.52,rainy,0.487,middle,14.26,0,Tamil Nadu,2021,3
Chennai,2W,3.48,90.04,51.77,2,2,public_fast,68.99,1.83,7.95,6.12,rainy,0.297,middle,18.8,0,Tamil Nadu,2021,4
Chennai,2W,2.94,86.22,22.76,3,2,public_fast,62.74,3.37,4.43,7.75,extreme_heat,0.123,middle,14.98,1,Tamil Nadu,2023,7
Chennai,2W,1.67,84.04,1,4,5,home,266.83,0.58,0.18,9.97,extreme_heat,0.415,low,8.54,0,Tamil Nadu,2026,6
Chennai,2W,3.45,89.64,27.17,2,3,public_fast,95.33,0.37,5.94,5.18,rainy,0.098,middle,18.64,0,Tamil Nadu,2022,12
Chennai,2W,3.37,90.86,21.07,3,2,public_slow,152.87,3.71,4.12,8.07,extreme_heat,0.431,low,17.21,1,Tamil Nadu,2020,11
Chennai,2W,2.5,107.12,36.55,3,2,home,314.63,0.45,6.29,6.5,rainy,0.556,middle,13.49,0,Tamil Nadu,2020,2
Chennai,2W,2.91,83.75,59.2,3,3,public_fast,68.78,1.79,9.37,8.07,extreme_heat,0.307,middle,14.86,0,Tamil Nadu,2021,7
Chennai,2W,2.42,86.39,4.18,1,3,public_slow,160.75,2.82,0.71,9.09,rainy,0.116,middle,13.06,0,Tamil Nadu,2024,3
Chennai,2W,2.47,92.93,1.57,4,3,public_slow,101.65,3.99,0.22,6.89,extreme_heat,0.179,high,12.57,0,Tamil Nadu,2020,7
Chennai,2W,2.57,78.97,6.79,4,5,public_slow,260.98,1.93,1.01,6.03,humid,0.083,middle,15.4,0,Tamil Nadu,2024,11
Chennai,2W,2.67,73.42,7.74,1,6,home,274.52,8.19,1.43,10.1,extreme_heat,0.154,high,13.6,1,Tamil Nadu,2026,10
Chennai,2W,2.25,96.96,37.21,1,1,public_slow,219.57,1.45,7.41,6.76,clear,0.405,high,13.52,0,Tamil Nadu,2020,9
Chennai,2W,3.01,92.1,18.97,2,3,public_fast,243.7,0.7,2.93,8.19,humid,0.281,high,18.04,0,Tamil Nadu,2024,5
Chennai,2W,3.24,99.1,35.91,4,1,public_slow,193.43,1.25,8.13,5.77,humid,0.54,low,19.44,0,Tamil Nadu,2019,1
Chennai,2W,2.94,82.69,148.9,3,2,public_fast,31.34,1.27,8.68,6.89,humid,0.465,low,17.67,0,Tamil Nadu,2024,4
Chennai,2W,2.78,84.07,1,3,3,public_slow,194.45,3.07,0.18,9.8,humid,0.108,middle,16.84,0,Tamil Nadu,2023,6
Chennai,2W,2.67,76.38,41.15,3,5,public_fast,54.03,5.61,10.81,7.8,clear,0.457,high,16.03,1,Tamil Nadu,2026,3
Chennai,2W,2.66,79.41,20.53,3,3,public_fast,78.11,1.19,3.71,7.87,humid,0.157,low,15.93,0,Tamil Nadu,2025,5
Chennai,2W,3.51,101.26,26.13,2,2,public_fast,76.9,5.46,4.34,6.36,clear,0.421,middle,21.06,1,Tamil Nadu,2019,8
Chennai,2W,2.18,96.04,41.6,2,1,home,416.89,2.9,5.92,7.33,humid,0.303,middle,13.08,0,Tamil Nadu,2020,9
Chennai,2W,2.88,81.13,1,5,5,public_slow,164.76,1.85,0.17,9.53,clear,0.29,low,17.25,0,Tamil Nadu,2026,1
Chennai,2W,2.89,93.86,96.86,3,3,public_slow,175.12,0.58,6.83,6.88,rainy,0.017,middle,15.59,0,Tamil Nadu,2019,3
Chennai,2W,2.59,81.22,30.9,3,4,public_fast,94.2,0.41,5.17,8.4,clear,0.127,middle,15.53,0,Tamil Nadu,2023,9
Chennai,2W,3.24,71.86,16.16,3,5,public_slow,178.75,1.27,2.82,7.73,extreme_heat,0.442,high,16.5,1,Tamil Nadu,2024,6
Chennai,2W,1.95,94.27,78.58,3,3.33,public_fast,55.25,0.11,4.36,8.54,humid,0.51,high,11.7,0,Tamil Nadu,2023,12
Chennai,2W,2.94,89.24,11,3,1,home,287.99,2.85,1.9,5.34,rainy,0.47,low,15.86,0,Tamil Nadu,2019,12
Chennai,2W,3.04,100.53,10.3,1,3.33,public_slow,106.27,2.37,1.46,5.47,humid,0.324,high,18.23,0,Tamil Nadu,2021,10
Chennai,2W,2.73,96.29,46.23,3,2,public_slow,120.75,2.13,7.16,5.69,humid,0.272,low,16.37,0,Tamil Nadu,2019,2
Chennai,2W,1.89,86.02,52.62,4,4,public_fast,31.45,0.64,7.48,7.46,humid,0.318,low,11.34,0,Tamil Nadu,2023,10
Chennai,2W,2.04,108.13,50.17,2,4,public_fast,68.38,0.48,10.33,6.53,clear,0.194,low,12.25,0,Tamil Nadu,2021,2
Chennai,2W,3.07,97.51,19.81,2.52,3.33,public_slow,110.37,1.02,2.69,7.8,clear,0.309,low,18.42,0,Tamil Nadu,2020,3
Chennai,2W,3.36,71.96,21.49,3,5,public_fast,67.22,2.37,3.71,10.22,rainy,0.213,middle,18.14,1,Tamil Nadu,2026,8
Chennai,2W,1.59,84.6,16.66,1,5,public_fast,60.11,0.47,3.2,9.2,clear,0.247,low,9.54,1,Tamil Nadu,2026,3
Chennai,2W,2.68,70.48,42.92,2,6,home,262.14,0.57,6.43,11.74,humid,0.164,low,16.07,1,Tamil Nadu,2026,4
Chennai,2W,3.21,89.19,17.36,1,2,home,296.39,4.43,3.01,8.28,clear,0.112,middle,19.28,1,Tamil Nadu,2022,5
Chennai,2W,3.17,102.53,16.22,1,1,public_fast,66.39,6.43,1.97,6.15,extreme_heat,0.305,high,16.19,1,Tamil Nadu,2019,12
Chennai,2W,2.94,94.69,39.45,2,2,public_fast,178.75,0.69,5.87,8.56,rainy,0.148,low,15.87,0,Tamil Nadu,2023,11
Chennai,2W,2.46,107.08,33.51,2,1,public_slow,168.87,0.13,5.96,6.16,clear,0.174,middle,14.74,0,Tamil Nadu,2019,7
Chennai,2W,3.05,98.71,16.01,2,2,home,318.23,0.14,2.91,7.8,clear,0.197,low,18.27,0,Tamil Nadu,2023,9
Chennai,2W,2.47,113.58,1,3,3,home,280.67,5.65,0.18,7.8,extreme_heat,0.336,low,12.58,0,Tamil Nadu,2021,6
Chennai,2W,3.11,92.6,26.36,3,3,public_slow,178.75,1.43,4.19,6.07,humid,0.387,low,18.64,0,Tamil Nadu,2021,7
Chennai,2W,2.44,83.19,1,3,5,public_fast,49.37,8.73,0.23,9.31,rainy,0.074,low,13.19,1,Tamil Nadu,2023,6
Chennai,2W,3.42,88.8,18.63,2,5,public_slow,184.98,0.03,3.18,8.8,rainy,0.448,middle,18.49,1,Tamil Nadu,2025,8
Chennai,2W,2.8,84.53,33.73,2,3,home,340.06,1.97,5.71,9.46,rainy,0.255,middle,15.1,0,Tamil Nadu,2025,12
Chennai,2W,2.83,95.63,16.51,2,3,home,296.53,0.95,2.68,9.42,extreme_heat,0.126,middle,14.43,0,Tamil Nadu,2023,5
Chennai,2W,2.83,89.85,47.15,4,4,public_fast,47.43,1.59,9.47,8.52,rainy,0.323,middle,15.28,0,Tamil Nadu,2024,4
Chennai,2W,3.37,85.51,33.14,4,4,public_slow,200.02,0.91,4.82,8.31,extreme_heat,0.121,low,17.2,0,Tamil Nadu,2023,10
Chennai,2W,2.94,89.38,22.27,3,3,public_fast,9.8,0.09,2.63,9.41,humid,0.258,low,17.66,0,Tamil Nadu,2025,10
Chennai,2W,3.1,88.75,24.27,3,4,public_fast,12.13,0.58,4.33,7.79,humid,0.426,low,18.62,0,Tamil Nadu,2022,2
Chennai,2W,3.54,89.99,10.51,2,2,public_slow,178.75,1.99,1.89,7.8,clear,0.437,low,21.26,0,Tamil Nadu,2021,2
Chennai,2W,3.17,99.86,31.9,4,2,public_fast,313.72,1.06,4.2,5.38,clear,0.133,middle,19.02,0,Tamil Nadu,2019,7
Chennai,2W,3.62,94.42,65.22,3,2,public_slow,167.08,3.6,13.27,7.36,extreme_heat,0.223,low,16.84,1,Tamil Nadu,2021,11
Chennai,2W,3.05,98.09,26.61,2,4,public_fast,76.86,1.56,6.42,7.24,extreme_heat,0.098,low,15.55,0,Tamil Nadu,2020,3
Chennai,2W,2.75,86.81,38.63,2,2,home,247.97,1.99,5.7,5.54,rainy,0.319,low,14.87,1,Tamil Nadu,2020,5
Chennai,2W,3.37,73.81,15.98,3,7,public_fast,20.76,2.72,2.83,9.76,extreme_heat,0.684,low,17.2,1,Tamil Nadu,2026,8
Chennai,2W,2.32,94.26,36.61,2,2,public_fast,96,0.27,5.75,6.51,extreme_heat,0.347,low,11.83,0,Tamil Nadu,2021,5
Chennai,2W,2.59,77.97,29.66,1,2,home,178.75,1.33,4.48,7.78,clear,0.342,low,15.54,0,Tamil Nadu,2023,1
Chennai,2W,3.18,77.8,3.46,4,6,public_fast,87.11,4.18,0.62,8.8,extreme_heat,0.297,high,16.2,1,Tamil Nadu,2024,1
Chennai,2W,2.37,81.42,33.56,4,7,public_slow,99.05,0,5.81,8.41,extreme_heat,0.342,middle,12.06,1,Tamil Nadu,2025,5
Chennai,2W,3.82,92.73,45.22,2,3,public_slow,130.41,1.91,6.67,6.85,humid,0.22,low,22.92,0,Tamil Nadu,2021,11
Chennai,2W,3.55,96.34,36.45,3,2,public_fast,86.97,1.54,5.31,7.08,extreme_heat,0.476,low,18.1,0,Tamil Nadu,2022,4
Chennai,2W,3.13,85.15,36.82,2,4,public_slow,178.75,1.09,6.42,8.44,extreme_heat,0.189,low,15.95,0,Tamil Nadu,2024,12
Chennai,2W,2.94,89.19,44.09,2,2,home,346.44,2.73,8.26,6.44,extreme_heat,0.291,middle,15,0,Tamil Nadu,2021,6
Chennai,2W,3.71,81.73,26.61,2,4,public_slow,167.08,0.36,4.89,9.73,rainy,0.215,low,20.03,0,Tamil Nadu,2025,3
Chennai,2W,2.34,93.6,26.61,1,3,home,343.12,1.52,0.27,7.33,clear,0.14,middle,14.07,0,Tamil Nadu,2023,8
Chennai,2W,3.07,86.91,1,3,2,home,227.83,0.15,0.16,10.45,clear,0.377,middle,18.41,0,Tamil Nadu,2025,6
Chennai,2W,2.61,80.5,26.61,4,6,home,187.74,1.28,6.65,9.72,clear,0.311,middle,15.66,1,Tamil Nadu,2026,1
Chennai,2W,3.3,76.76,46.19,1,4,public_slow,178.75,2.21,7.64,11.09,clear,0.306,low,19.77,0,Tamil Nadu,2026,8
Chennai,2W,2.9,91.51,20.49,2.52,2,public_fast,54.73,2.13,2.93,7.83,clear,0.137,low,17.42,0,Tamil Nadu,2022,11
Chennai,2W,3,88.89,1,3,2,public_fast,76.8,4.32,0.16,4.79,extreme_heat,0.069,high,19.42,0,Tamil Nadu,2020,7
Chennai,2W,3.8,95.4,18.78,2.52,2,public_fast,68.23,3.22,3.07,7.21,humid,0.24,middle,22.79,1,Tamil Nadu,2021,11
Chennai,2W,2.71,90.62,24.39,2,3,home,199.25,3.69,3.71,7.58,extreme_heat,0.144,middle,13.82,1,Tamil Nadu,2023,11
Chennai,2W,2.06,98.1,26.61,3,3,public_fast,247.1,1.13,7.62,9.3,rainy,0.49,high,11.11,0,Tamil Nadu,2020,9
Chennai,2W,2.28,97.67,1,4,2,public_slow,249.56,3.01,0.13,5.69,clear,0.393,middle,13.67,0,Tamil Nadu,2019,12
Chennai,2W,2.11,84.68,2.76,3,3.33,public_slow,225.26,1.99,0.48,9.82,humid,0.091,middle,12.68,0,Tamil Nadu,2026,1
Chennai,2W,3.01,89.69,13,1,2,home,299.34,0.29,1.51,6.7,humid,0.393,middle,18.06,0,Tamil Nadu,2021,6
Chennai,2W,2.09,72.76,43.94,3,4,public_fast,52.59,1.59,4.36,8.34,rainy,0.202,middle,11.3,1,Tamil Nadu,2025,9
Chennai,2W,2.97,92.29,16.66,2,3,public_slow,177.08,2.21,3.26,7.77,rainy,0.097,middle,16.04,0,Tamil Nadu,2022,8
Chennai,2W,2.71,97.65,1,3,2,public_fast,71.94,2.17,0.18,6.31,rainy,0.1,middle,14.63,0,Tamil Nadu,2019,4
Chennai,2W,2.84,71.42,34.73,4,4,home,270.13,0.77,6.61,8.79,clear,0.51,high,17.03,1,Tamil Nadu,2026,6
Chennai,2W,3.07,86.66,152.91,2,2,home,360.58,2.54,8.91,7.08,extreme_heat,0.352,middle,15.63,0,Tamil Nadu,2022,8
Chennai,2W,3.12,89.23,13.96,3,3,home,280.16,1.96,1.9,7.99,rainy,0.215,middle,16.87,0,Tamil Nadu,2023,10
Chennai,2W,2.29,93.65,1,2,3,home,316.03,0.19,0.16,7.21,extreme_heat,0.103,low,11.7,0,Tamil Nadu,2020,12
Chennai,2W,2.77,92.25,49.3,1,4,public_slow,121.11,7.08,8.56,6.61,rainy,0.098,low,14.98,1,Tamil Nadu,2022,8
Chennai,2W,3.41,80.99,1,2,3,home,178.75,1.44,0.17,9.9,humid,0.121,high,20.47,0,Tamil Nadu,2026,2
Chennai,2W,4.6,97.78,116.51,1,4,public_fast,68.57,0.27,5.76,7.2,extreme_heat,0.532,middle,23.44,0,Tamil Nadu,2022,7
Chennai,2W,2.91,92.92,1,3,3,home,325.52,4.94,0.16,5.27,rainy,0.325,high,15.74,0,Tamil Nadu,2020,2
Chennai,2W,3,94.04,25.97,3,4,public_fast,14.13,0.66,4.88,8.54,rainy,0.137,high,13.55,0,Tamil Nadu,2023,6
Chennai,2W,3,89.63,33.84,4,2,public_fast,58.94,0.81,5,7.44,rainy,0.031,middle,19.66,0,Tamil Nadu,2019,9
Chennai,2W,3.65,97.33,13.38,4,3.33,public_fast,56.43,7.14,2.66,6.09,humid,0.265,middle,21.88,0,Tamil Nadu,2019,7
Chennai,2W,2.6,77.91,39.85,4,5,public_fast,62.56,0.88,8.36,8.41,humid,0.272,middle,15.61,1,Tamil Nadu,2026,10
Chennai,2W,3.81,90.48,11.47,1,5,public_fast,46.08,6.8,1.68,6.84,clear,0.297,low,22.89,1,Tamil Nadu,2024,3
Chennai,2W,3.06,87.98,26.61,4,2,public_fast,82.28,0.15,8.52,7.95,rainy,0.147,high,16.51,0,Tamil Nadu,2021,8
Chennai,2W,2.79,97.42,50.38,1,3,public_slow,191.05,5.04,6.68,7.85,humid,0.423,low,16.73,1,Tamil Nadu,2022,6
Chennai,2W,3.54,77.96,23.54,3,6,home,276.38,0.11,4.36,9.02,clear,0.353,middle,21.22,1,Tamil Nadu,2025,3
Chennai,2W,2.89,87.04,15.15,3,1,home,233.57,0.77,2.85,6.01,rainy,0.207,middle,15.6,0,Tamil Nadu,2020,2
Chennai,2W,2.07,109.03,7.58,2,3,public_fast,99.62,1.99,1.16,6.56,humid,0.439,low,16.84,0,Tamil Nadu,2019,3
Chennai,2W,3.16,101.57,47.35,3,2,public_fast,83.04,2.51,6.4,5.4,extreme_heat,0.038,middle,16.12,0,Tamil Nadu,2021,10
Chennai,2W,3.27,83.94,10.83,1,4,public_slow,197.64,0.3,1.37,9.51,extreme_heat,0.133,low,16.66,0,Tamil Nadu,2026,10
Chennai,2W,2.57,87.66,26.61,3,2,public_fast,64.6,0.1,1.77,7.31,rainy,0.228,middle,13.88,0,Tamil Nadu,2022,2
Chennai,2W,3.43,87.71,1,2,4,home,317.5,0.12,0.12,7.66,rainy,0.318,high,18.5,0,Tamil Nadu,2023,6
Chennai,2W,3.95,75.16,24.35,2,4,public_slow,183.9,0.22,3.04,9,clear,0.489,middle,23.73,0,Tamil Nadu,2023,4
Chennai,2W,2.38,86.58,32.28,3,5,public_slow,159.03,0.25,4.7,9.95,clear,0.045,high,14.26,1,Tamil Nadu,2026,1
Chennai,2W,2.85,85.82,101.03,2,4,public_slow,269.75,1.99,6.41,8.93,rainy,0.165,high,15.38,0,Tamil Nadu,2024,7
Chennai,2W,2.68,88.47,40.84,4,4,home,333.64,0.84,5.7,6.89,rainy,0.147,middle,14.47,0,Tamil Nadu,2023,4
Chennai,2W,3.2,88.18,19.27,2,4,public_fast,91.18,0.08,2.65,7.8,rainy,0.05,low,17.29,0,Tamil Nadu,2026,3
Chennai,2W,3.54,103.8,13.31,1,2,public_fast,84.87,0.92,2.23,6.96,rainy,0.34,middle,19.1,0,Tamil Nadu,2020,5
Chennai,2W,3.17,102.1,33.51,2,3,public_slow,233.52,0.5,7.26,6.82,extreme_heat,0.64,middle,16.18,0,Tamil Nadu,2021,2
Chennai,2W,3.76,95.08,34.21,3,2,public_fast,168.96,0.5,5.81,7.8,extreme_heat,0.29,middle,19.18,0,Tamil Nadu,2021,6
Chennai,2W,1.99,110.07,23.02,3,1,public_slow,223.39,2.34,4.83,5.63,clear,0.246,low,11.95,0,Tamil Nadu,2019,11
Chennai,2W,3.06,85.93,16.24,3,2,home,420.61,11.05,2.88,5.54,humid,0.033,low,18.35,1,Tamil Nadu,2023,1
Chennai,2W,3.06,92.91,30.69,3,4,home,230.61,1.53,4.29,9.26,humid,0.386,middle,18.39,0,Tamil Nadu,2024,1
Chennai,2W,3.77,77.84,10,4,5,public_slow,147.7,2.39,1.51,9.54,extreme_heat,0.252,low,19.22,0,Tamil Nadu,2026,10
Chennai,2W,2.82,80.59,7.66,4,6,home,202.36,1.8,0.93,10.14,extreme_heat,0.161,middle,14.4,0,Tamil Nadu,2026,9
Chennai,2W,2.93,89.49,18.19,3,1,public_fast,322.05,1.39,3.51,6.54,extreme_heat,0.126,low,14.96,0,Tamil Nadu,2021,11
Chennai,2W,2.86,90.9,20.04,1,4,home,320.9,1.85,4.57,7.12,humid,0.143,low,17.17,0,Tamil Nadu,2022,11
Chennai,2W,3.37,98.33,1,2,3,home,336.09,0.13,0.17,6.65,humid,0.104,high,20.25,0,Tamil Nadu,2020,11
Chennai,2W,2.33,100.25,24.53,2,1,public_fast,70.9,1.47,3.61,6.64,humid,0.231,middle,13.97,0,Tamil Nadu,2019,9
Chennai,2W,3.11,96.5,25.57,3,2,public_slow,253.31,0.81,3.94,7.46,clear,0.417,middle,18.68,0,Tamil Nadu,2020,10
Chennai,2W,3.47,89.19,38.13,3,5,public_fast,68.53,2.99,6.53,6.64,humid,0.107,middle,20.82,1,Tamil Nadu,2024,10
Chennai,2W,3,85.4,20.24,2,4,public_fast,79.51,4.37,3.49,8.93,humid,0.02,middle,18.08,1,Tamil Nadu,2023,4
Chennai,2W,3.45,78.87,16.57,1,5,public_fast,51.55,3.17,4.36,9.23,rainy,0.29,middle,18.63,1,Tamil Nadu,2026,1
Chennai,2W,3,99.48,2.44,2,3,public_fast,69.13,0.09,0.42,5.75,humid,0.124,middle,17.98,0,Tamil Nadu,2021,8
Chennai,2W,1.54,79.26,32.82,3,5,public_fast,37.6,0.18,6.07,9.51,extreme_heat,0.522,middle,7.84,1,Tamil Nadu,2026,4
Chennai,2W,3.27,87.75,1,2,7,home,349.01,0.51,0.13,8.64,rainy,0.084,high,17.65,0,Tamil Nadu,2025,1
Chennai,2W,2.23,91.68,34.85,3,2,public_fast,32.65,1.16,6.22,8.98,clear,0.163,low,13.36,0,Tamil Nadu,2022,3
Chennai,2W,2.85,86.43,26.09,2,4,public_slow,212.55,0.06,4.22,7.22,humid,0.086,middle,17.1,0,Tamil Nadu,2022,9
Chennai,2W,2.19,71.62,28.39,2,6,public_fast,55.23,6.55,4.36,9.6,humid,0.224,low,13.17,1,Tamil Nadu,2026,10
Chennai,2W,3.31,82.98,22.47,2,6,home,258.16,1.74,4.03,11.13,clear,0.022,high,19.87,1,Tamil Nadu,2026,11
Chennai,2W,1.79,88.49,14.69,3,5,home,323.17,2.96,3.1,9.39,clear,0.121,middle,10.75,1,Tamil Nadu,2024,12
Chennai,2W,3.53,78.27,28.81,3,5,public_slow,99.68,1.04,5.17,10.27,extreme_heat,0.093,high,18.02,1,Tamil Nadu,2026,2
Chennai,2W,3.17,75.61,51.45,1,5,public_slow,236.44,0.28,10.57,8.13,humid,0.464,low,19,1,Tamil Nadu,2026,9
Chennai,2W,2.54,92.83,26.63,2,3,public_fast,37.13,1.38,3.87,8.35,rainy,0.131,middle,13.74,0,Tamil Nadu,2023,8
Chennai,2W,3.64,91.8,21.16,3,4,public_fast,57.25,5.1,4.33,7.8,rainy,0.465,middle,19.65,1,Tamil Nadu,2024,10
Chennai,2W,3.44,100.65,1,3,3,public_slow,199.12,1,0.15,7.38,rainy,0.3,low,18.6,0,Tamil Nadu,2020,2
Chennai,2W,3.48,90.44,26.61,3,2,public_slow,149.55,1.5,4.36,8.39,clear,0.421,high,20.85,0,Tamil Nadu,2023,8
Chennai,2W,2.63,88.64,22.9,3,5,home,241.03,1.04,4.75,7.6,humid,0.512,low,15.77,1,Tamil Nadu,2025,4
Chennai,2W,2.43,82.8,2.03,1,3.33,public_fast,50.46,0.49,0.47,8.05,humid,0.311,middle,14.56,0,Tamil Nadu,2025,6
Chennai,2W,3.34,87.53,1,4,2,public_slow,202.02,0.21,0.16,6.24,rainy,0.569,low,18.06,0,Tamil Nadu,2021,1
Chennai,2W,3.45,90.72,45.47,1,4,public_fast,53.76,0.21,9.23,9.86,extreme_heat,0.163,high,17.6,0,Tamil Nadu,2026,10
Chennai,2W,2.48,84.13,13.55,1,6,public_slow,173.41,1.99,2.13,7.8,extreme_heat,0.151,low,12.65,1,Tamil Nadu,2025,11
Chennai,2W,2.89,91.58,27.74,3,1,home,362.24,1.71,4.07,6.23,clear,0.029,low,17.33,0,Tamil Nadu,2019,6
Chennai,2W,2.75,86.43,33.34,2,4,public_slow,251.66,1.01,4.86,6.89,humid,0.159,low,16.5,0,Tamil Nadu,2022,8
Chennai,2W,2.2,98.29,29.72,2,3,public_fast,62.73,0.24,6.46,5.09,extreme_heat,0.051,middle,11.22,0,Tamil Nadu,2019,3
Chennai,2W,2.26,95.38,21.64,2.52,2,home,211.3,0.1,4,5.45,clear,0.409,middle,13.56,0,Tamil Nadu,2019,4
Chennai,2W,3.26,98.08,1,1,1,public_slow,226.76,0.35,0.13,5.25,clear,0.185,middle,19.57,0,Tamil Nadu,2019,2
Chennai,2W,2.31,77.49,14.93,1,3.33,public_slow,191.83,2.82,2.3,7.94,rainy,0.251,low,12.46,0,Tamil Nadu,2023,6
Chennai,2W,3.04,78.33,23.35,3,6,public_fast,370.57,4.35,5.05,9.44,humid,0.156,middle,18.23,1,Tamil Nadu,2026,3
Chennai,2W,3.76,89.28,31.97,3,3,public_slow,99.6,1.48,3.98,7.37,extreme_heat,0.56,low,19.17,0,Tamil Nadu,2019,3
Chennai,2W,2.11,90.53,27.09,3,4,public_fast,54.01,1.16,5.37,7.82,clear,0.328,middle,12.63,0,Tamil Nadu,2021,3
Chennai,2W,1.78,98.34,80.42,3,2,public_fast,77.76,0.71,12.89,7.89,extreme_heat,0.29,low,9.1,0,Tamil Nadu,2021,7
Chennai,2W,3.69,97.8,28.85,3,3,public_slow,177.3,7.78,4.44,10.1,extreme_heat,0.31,low,18.83,1,Tamil Nadu,2022,9
Chennai,2W,2.37,93.53,35.49,3,1,public_fast,46.3,1.5,5.06,6.82,extreme_heat,0.096,high,16.84,0,Tamil Nadu,2019,9
Chennai,2W,3.76,79.55,34.85,3,6,home,277.8,4.45,4.63,9.02,humid,0.255,low,22.56,1,Tamil Nadu,2024,11
Chennai,2W,2.99,101.13,10.72,2,1,public_slow,179.2,0.45,1.78,8.67,humid,0.552,middle,17.92,0,Tamil Nadu,2020,1
Chennai,2W,3.44,86.57,18.08,4,3,public_slow,186.42,2.1,2.79,8.97,rainy,0.21,low,18.59,0,Tamil Nadu,2024,6
Chennai,2W,4.35,87.24,35.62,1,4,public_fast,83.96,0.22,5.64,7.49,clear,0.31,high,26.1,0,Tamil Nadu,2023,11
Chennai,2W,2.94,95.14,3.48,2,1,home,429.04,6.76,0.57,5.44,rainy,0.047,middle,15.89,0,Tamil Nadu,2019,8
Chennai,2W,3.22,103.19,30.26,2,3,public_fast,277.32,5.74,6.5,6.4,rainy,0.369,low,17.41,1,Tamil Nadu,2020,7
Chennai,2W,3.22,89.19,40.87,2,4,home,359.57,0.25,7.42,7.97,rainy,0.198,low,17.38,0,Tamil Nadu,2023,5
Chennai,2W,3.96,98.09,43.18,2,1,home,397.23,0.26,9.09,6.76,clear,0.111,middle,23.75,0,Tamil Nadu,2021,10
Chennai,2W,2.78,93.47,18.6,3,1,home,337.96,1.53,3.7,6.05,humid,0.459,middle,16.66,0,Tamil Nadu,2021,9
Chennai,2W,3.63,83.72,30.42,2,2,home,235.8,0.84,5.11,7.27,clear,0.103,low,21.8,0,Tamil Nadu,2022,12
Chennai,2W,3.8,75.2,17.25,2,5,public_slow,178.75,0.4,2.69,8.07,humid,0.551,high,22.8,1,Tamil Nadu,2025,12
Chennai,2W,2.09,75.65,27.02,2,6,public_slow,222.71,0.16,4.36,10.06,clear,0.065,low,12.52,1,Tamil Nadu,2026,2
Chennai,2W,3.13,74.42,37.53,3,4,home,280.9,1.46,11.36,9.79,extreme_heat,0.355,middle,15.96,1,Tamil Nadu,2026,1
Chennai,2W,3.27,88.73,34.1,3,4,public_slow,171.21,0.93,7.03,10,extreme_heat,0.263,high,16.68,0,Tamil Nadu,2026,10
Chennai,2W,3.06,81.4,30.22,3,2,public_slow,157.08,0.18,4.39,7.2,extreme_heat,0.25,middle,15.62,0,Tamil Nadu,2022,5
Chennai,2W,3.99,90.32,14.27,1,2,public_slow,208.89,1.21,2.33,6.79,clear,0.497,middle,23.95,0,Tamil Nadu,2021,2
Chennai,2W,2.6,87.4,22.31,2,4,public_fast,56.27,1.32,3.93,6.94,clear,0.11,middle,15.57,0,Tamil Nadu,2024,3
Chennai,2W,3.51,98.68,1,1,2,public_fast,41.82,1.05,0.18,5.13,extreme_heat,0.154,low,17.91,0,Tamil Nadu,2020,3
Chennai,2W,3.29,78.69,6.66,3,3,public_fast,34.58,2.68,1.18,8.23,clear,0.036,low,19.75,0,Tamil Nadu,2025,8
Chennai,2W,2.59,73.3,26.61,2,4,public_slow,183.83,2.47,3,8.71,clear,0.524,high,15.53,1,Tamil Nadu,2026,1
Chennai,2W,2.72,71.06,36.98,2,3,public_slow,245.12,0.07,6.3,8.84,extreme_heat,0.18,high,13.86,1,Tamil Nadu,2026,7
Chennai,2W,3.47,84.01,19.81,3,6,public_slow,178.75,0.5,2.94,8.23,rainy,0.274,low,18.73,1,Tamil Nadu,2024,6
Chennai,2W,3.05,98.03,26.61,4,2,home,360.58,0.72,4.43,5.57,clear,0.677,low,18.29,0,Tamil Nadu,2020,4
Chennai,2W,2.84,84.72,27.04,2,4,public_fast,35.15,0.08,3.57,10.01,clear,0.067,middle,17.01,0,Tamil Nadu,2026,1
Chennai,2W,3.51,94.95,16.88,2,2,public_slow,165.24,1.99,2.63,5.06,humid,0.085,middle,21.04,1,Tamil Nadu,2019,4
Chennai,2W,3.52,84.59,29.35,2,5,public_slow,238.45,0.93,6.04,8.8,clear,0.233,middle,21.12,1,Tamil Nadu,2025,9
Chennai,2W,3,89.12,1,3,2,home,300.19,3.44,0.18,6.75,extreme_heat,0.178,low,15.84,0,Tamil Nadu,2022,5
Chennai,2W,2.46,75.83,25.95,3,6,public_slow,191.26,0.08,3.69,8.27,extreme_heat,0.113,high,12.53,1,Tamil Nadu,2026,7
Chennai,2W,3.45,85.08,20.9,3,4,public_fast,54.75,2.56,4.95,7.59,rainy,0.231,high,18.64,0,Tamil Nadu,2024,3
Chennai,2W,3.34,97.69,26.61,2,1,home,462.07,2.65,3.49,6.95,rainy,0.202,low,18.06,0,Tamil Nadu,2020,11
Chennai,2W,3.11,94.78,1.62,3,5,home,314.04,4.13,0.26,8.74,extreme_heat,0.312,low,15.84,1,Tamil Nadu,2026,2
Chennai,2W,2.78,82.33,16.62,3,6,public_slow,225.52,0.15,2.41,9.3,clear,0.121,low,16.65,0,Tamil Nadu,2026,10
Chennai,2W,2.62,96.56,1.31,2,5,public_fast,28.73,4.22,0.21,6.51,rainy,0.209,middle,14.16,1,Tamil Nadu,2022,4
Chennai,2W,2.67,97.9,10.9,2.52,2,public_slow,130.49,0.56,1.52,6.23,rainy,0.131,low,14.43,0,Tamil Nadu,2019,1
Chennai,2W,2.54,85.35,31.03,4,4,public_fast,53.63,2.29,6.87,7.84,extreme_heat,0.228,high,12.96,0,Tamil Nadu,2024,4
Chennai,2W,3.59,84.17,31.88,3,4,public_fast,70.22,0.78,6.02,10.2,rainy,0.319,high,19.37,0,Tamil Nadu,2026,11
Chennai,2W,3.26,90.51,13.13,2,4,home,178.75,0.05,2.26,8.58,extreme_heat,0.701,low,16.62,0,Tamil Nadu,2023,8
Chennai,2W,3.2,78.06,50.02,2,6,public_slow,154.74,1.11,7.17,7.66,extreme_heat,0.461,middle,16.31,1,Tamil Nadu,2026,8
Chennai,2W,2.97,101.83,40.09,3,1,public_slow,193.25,8.35,8.56,5.77,rainy,0.207,high,16.02,1,Tamil Nadu,2020,10
Chennai,2W,3.26,88.2,31.25,3,4,public_slow,245.46,0.26,5.55,8.23,clear,0.6,high,19.57,0,Tamil Nadu,2023,11
Chennai,2W,2.73,90.45,22.29,3,3.33,public_fast,67.81,0.01,3.03,6.66,humid,0.29,middle,16.4,1,Tamil Nadu,2024,12
Chennai,2W,3.54,92.9,40.21,3,3,public_slow,188.61,1.59,5.91,4.95,clear,0.137,high,21.22,0,Tamil Nadu,2019,5
Chennai,2W,3.37,96.42,27.91,2,2,public_fast,73.56,2.05,6.06,5.73,extreme_heat,0.338,middle,17.18,0,Tamil Nadu,2022,9
Chennai,2W,2.66,106.51,22.49,3,3,public_fast,49.67,0.81,4.08,6.79,humid,0.346,low,15.96,0,Tamil Nadu,2019,2
Chennai,2W,2.51,75.56,32.54,2,4,public_fast,101.02,0.76,5.71,9.46,clear,0.315,low,15.08,0,Tamil Nadu,2026,1
Chennai,2W,3.35,90.84,39.18,2,2,public_fast,56.59,3.89,4.36,6.23,rainy,0.591,low,18.09,1,Tamil Nadu,2019,2
Chennai,2W,2.69,92.21,13.03,2,3.33,public_fast,49.43,0.93,1.83,7.41,humid,0.344,high,16.17,0,Tamil Nadu,2022,3
Chennai,2W,3.75,88.43,13.95,2.52,3,public_slow,167.79,2.2,2.18,7.28,clear,0.164,middle,22.51,0,Tamil Nadu,2023,5
Chennai,2W,3.37,91.83,33.95,2,4,public_slow,187.67,5.46,5.75,6.47,clear,0.154,high,20.23,1,Tamil Nadu,2023,9
Chennai,2W,2.91,86.45,32.84,1,2,public_slow,136.8,4.71,7.07,7.72,extreme_heat,0.436,middle,17.48,1,Tamil Nadu,2022,1
Chennai,2W,3.33,79.89,37.8,3,4,home,340.1,0.45,7.02,8.27,rainy,0.298,middle,18,0,Tamil Nadu,2024,6
Chennai,2W,3.04,90.27,25.86,1,3,public_slow,184.24,1,4.52,7.17,extreme_heat,0.368,low,15.49,0,Tamil Nadu,2020,9
Chennai,2W,2.76,106.04,19.17,2,1,public_fast,43.19,1.6,3.47,6.93,rainy,0.452,low,14.91,0,Tamil Nadu,2019,6
Chennai,2W,3,94.58,40.92,1,3,public_fast,26.71,4,7.24,7.8,extreme_heat,0.335,high,14.17,1,Tamil Nadu,2023,1
Chennai,2W,3.14,87.25,34.05,3,4,public_fast,65.39,1.49,7.1,8.87,clear,0.288,low,18.87,0,Tamil Nadu,2025,1
Chennai,2W,3.68,98.98,24.55,2,3,public_slow,179.44,1.09,3.94,5.81,rainy,0.141,high,19.88,0,Tamil Nadu,2019,4
Chennai,2W,2.57,88.9,31.64,2,3,public_fast,77.01,6.13,5.69,7.8,extreme_heat,0.26,high,13.1,1,Tamil Nadu,2023,6
Chennai,2W,3.09,94.97,31.88,4,1,home,288.5,4.13,4.36,6.41,clear,0.169,middle,18.57,1,Tamil Nadu,2019,6
Chennai,2W,3.84,95.99,49.97,3,4,home,333.81,0.45,9.08,6.64,humid,0.223,middle,23.03,0,Tamil Nadu,2021,6
Chennai,2W,2.37,82.86,4.71,1,5,public_fast,16.49,1.84,0.93,8.47,humid,0.237,low,14.2,0,Tamil Nadu,2024,5
Chennai,2W,2.42,101.25,25.29,3,2,home,252.53,3.69,5.22,5.26,rainy,0.41,middle,13.08,1,Tamil Nadu,2019,11
Chennai,2W,2.45,87.03,48.47,2,6,public_fast,81.53,1.03,9.28,7.73,rainy,0.658,middle,13.23,1,Tamil Nadu,2026,12
Chennai,2W,2.94,92.68,29.66,2,3,public_fast,53.45,1.45,5.04,7.48,rainy,0.478,high,15.89,0,Tamil Nadu,2022,10
Chennai,2W,3.39,96.77,25.08,2,2,public_slow,152.44,5.47,5.17,6.68,extreme_heat,0.585,high,20.32,1,Tamil Nadu,2020,2
Chennai,2W,3.16,79.89,22.11,3,3,home,282.92,1.54,3.43,7.85,humid,0.292,middle,18.95,0,Tamil Nadu,2025,4
Chennai,2W,3.31,92.67,12.22,3,4,public_fast,78.7,0.45,4.36,7.75,extreme_heat,0.218,middle,16.89,0,Tamil Nadu,2025,9
Chennai,2W,2.16,80.65,16.27,3,3,public_slow,189.7,0.15,5.35,10.77,humid,0.465,middle,12.94,0,Tamil Nadu,2025,5
Chennai,2W,3.48,79.01,1,2,4,home,325.6,2.76,0.16,9.8,humid,0.261,middle,20.91,0,Tamil Nadu,2026,7
Chennai,2W,2.85,87.37,13.6,3,3,public_slow,203.9,4.28,3.13,6.87,rainy,0.521,middle,15.37,1,Tamil Nadu,2021,4
Chennai,2W,3.61,89.45,19.91,3,3,home,359.12,3.77,2.58,7.09,humid,0.189,middle,21.64,1,Tamil Nadu,2022,5
Chennai,2W,2.64,101.87,17.26,2,2,home,274.59,2.04,2.77,7.27,humid,0.249,middle,15.83,0,Tamil Nadu,2019,2
Chennai,2W,4.2,84.03,31.15,5,4,home,447.97,1.99,5.31,8.24,extreme_heat,0.434,low,21.4,0,Tamil Nadu,2022,10
Chennai,2W,2.78,92.78,5.19,2,3,public_fast,22.01,1.51,0.68,6.81,humid,0.155,middle,16.65,0,Tamil Nadu,2022,6
Chennai,2W,2.66,99.03,38.75,1,1,public_fast,71.86,1.5,5.33,7.8,extreme_heat,0.264,low,13.55,0,Tamil Nadu,2019,3
Chennai,2W,3.11,97.39,26.61,2,3,public_fast,42.03,0.27,5.69,6.9,rainy,0.338,low,16.81,0,Tamil Nadu,2021,12
Chennai,2W,3.42,93.79,28.87,3,3,home,413.9,0.32,3.85,5.46,rainy,0.296,middle,18.49,0,Tamil Nadu,2019,12
Chennai,2W,1.68,81.95,26.61,2,5,public_slow,201.6,1.12,8.53,9.11,rainy,0.292,high,9.07,1,Tamil Nadu,2026,10
Chennai,2W,2.72,84.39,42.83,2,5,public_slow,178.75,0.5,7.06,8.04,clear,0.52,middle,16.29,1,Tamil Nadu,2025,3
Chennai,2W,3.76,91.37,12.18,3,4,home,178.75,1.05,1.82,8.65,extreme_heat,0.161,low,19.16,0,Tamil Nadu,2023,2
Chennai,2W,2.78,91.49,40.55,3,5,public_fast,67.92,2.8,7.13,8.16,extreme_heat,0.563,high,14.16,1,Tamil Nadu,2023,4
Chennai,2W,4.33,81.32,20.36,1,5,public_slow,256.66,0.05,3.62,9.74,extreme_heat,0.225,low,22.06,1,Tamil Nadu,2026,11
Chennai,2W,3.6,87.74,35.19,2,4,public_fast,76.43,1.51,5.64,9.49,extreme_heat,0.366,high,18.37,0,Tamil Nadu,2026,8
Chennai,2W,3.38,89.19,47.52,2,6,public_slow,185.32,2.23,5.71,9.4,humid,0.297,low,20.26,1,Tamil Nadu,2025,1
Chennai,2W,2.88,81.66,16.51,1,4,public_fast,59.37,0.9,2.94,7.5,extreme_heat,0.342,low,14.66,0,Tamil Nadu,2026,1
Chennai,2W,3.52,97.1,25.21,3,2,public_fast,26.37,1.48,3.5,7.04,clear,0.399,middle,21.1,0,Tamil Nadu,2020,3
Chennai,2W,3.07,75.66,40.82,2,3,public_fast,66.33,1.4,7.27,9.85,rainy,0.497,low,16.59,0,Tamil Nadu,2024,1
Chennai,2W,3.35,81.68,14.84,3,4,home,294.03,0.76,2.01,9.5,extreme_heat,0.057,low,17.07,0,Tamil Nadu,2025,11
Chennai,2W,2.49,96.65,39.15,3,3,public_slow,175.52,2.52,7.73,8.69,clear,0.235,middle,14.96,0,Tamil Nadu,2022,11
Chennai,2W,3.06,89.12,9.61,3,1,public_fast,41.83,0.95,1.72,5.89,extreme_heat,0.39,low,15.59,0,Tamil Nadu,2023,7
Chennai,2W,2.37,100.59,30.12,3,1,public_fast,34.71,1.24,5.81,5.95,humid,0.451,middle,14.22,0,Tamil Nadu,2019,12
Chennai,2W,2.98,97.33,106.12,3,3,public_slow,186.77,0.45,5.62,7.06,clear,0.098,low,17.86,0,Tamil Nadu,2020,11
Chennai,2W,3.57,84.53,12.64,3,4,home,326.54,0.16,2.18,7.94,humid,0.55,middle,21.42,0,Tamil Nadu,2024,5
Chennai,2W,2.72,77.27,19.82,2,3,public_fast,82.48,0.05,3.91,6.73,extreme_heat,0.29,middle,13.87,0,Tamil Nadu,2023,5
Chennai,2W,3.32,77.49,22.49,3,6,public_slow,195.65,0.91,3.62,7.99,extreme_heat,0.31,low,16.92,1,Tamil Nadu,2025,9
Chennai,2W,3.46,84.06,1,4,5,home,330.75,1.99,0.17,9.43,extreme_heat,0.29,low,17.64,0,Tamil Nadu,2026,5
Chennai,2W,3.01,101.41,25.93,2,1,public_slow,165.7,1.12,4.19,6.01,clear,0.24,high,18.06,0,Tamil Nadu,2019,1
Chennai,2W,3.27,78.35,29.83,2,6,public_slow,204.07,1.26,3.91,9.11,clear,0.161,low,19.64,1,Tamil Nadu,2026,5
Chennai,2W,2.57,87.96,8.76,4,3,home,352.59,5.18,1.26,8.55,extreme_heat,0.468,low,13.09,0,Tamil Nadu,2025,10
Chennai,2W,3,90.91,34.36,3,2,home,206.48,2.2,6.07,6.93,clear,0.229,middle,14.54,0,Tamil Nadu,2021,2
Chennai,2W,3.19,82.55,16.66,3,2,public_slow,195.27,0.61,2.68,7.53,extreme_heat,0.281,low,16.25,0,Tamil Nadu,2023,11
Chennai,2W,2.27,96.19,1,1,1,public_slow,178.75,0.15,0.15,5.13,extreme_heat,0.303,middle,11.55,0,Tamil Nadu,2019,3
Chennai,2W,3.32,84.48,45.43,3,3,public_fast,89.52,3.09,8.47,6.37,rainy,0.379,middle,17.92,1,Tamil Nadu,2023,11
Chennai,2W,1.72,95.13,50.59,3,1,public_slow,132.35,1.57,8.85,7.19,humid,0.104,middle,10.33,0,Tamil Nadu,2019,5
Chennai,2W,2.83,94.32,28.96,3,3,public_fast,88.96,6.67,3.81,7.8,humid,0.315,low,17,1,Tamil Nadu,2023,8
Chennai,2W,2.85,92.25,24.41,3,5,public_slow,147.73,0.74,3.54,6.85,humid,0.408,middle,17.09,1,Tamil Nadu,2021,9
Chennai,2W,3.69,93.09,37.51,2,3,public_slow,164.29,1.41,7.02,7.74,extreme_heat,0.279,low,18.8,0,Tamil Nadu,2020,12
Chennai,2W,1.7,96.36,18.65,2.52,1,public_slow,169.08,1.45,2.57,5.85,extreme_heat,0.148,middle,8.69,0,Tamil Nadu,2020,5
Chennai,2W,2.16,89.19,30.59,2,2,public_slow,182,1.99,6.46,6.77,clear,0.188,high,12.96,0,Tamil Nadu,2022,8
Chennai,2W,3.15,98.13,28.24,1,3,home,192.94,0.51,4.73,8.54,extreme_heat,0.128,low,16.05,0,Tamil Nadu,2020,4
Chennai,2W,3.23,92.62,26.61,2,1,public_slow,139.09,1.99,3.27,6.83,rainy,0.216,high,17.45,0,Tamil Nadu,2019,5
Chennai,2W,3.22,100.64,44.61,2,1,public_fast,52.95,0.77,6.6,6.2,extreme_heat,0.245,low,16.44,0,Tamil Nadu,2019,12
Chennai,2W,3.75,86.68,33.56,1,4,public_slow,273.25,0.67,6.77,9.46,humid,0.645,low,22.51,0,Tamil Nadu,2025,1
Chennai,2W,3.48,88.67,44.37,2,3,public_slow,131.08,0.8,5.72,8.64,humid,0.041,high,20.9,0,Tamil Nadu,2024,9
Chennai,2W,2.96,98.46,25.43,3,1,public_fast,60.8,2.92,4.36,5.99,rainy,0.287,low,15.99,0,Tamil Nadu,2019,12
Chennai,2W,3.5,96.59,38.89,1,3,home,359.65,1.55,6.08,9.18,rainy,0.648,low,18.89,0,Tamil Nadu,2023,7
Chennai,2W,1.91,79.55,32.06,1,5,public_fast,58.78,1.95,4.99,7.29,humid,0.114,low,11.49,1,Tamil Nadu,2024,7
Chennai,2W,2.41,86.91,29.17,4,4,home,327.88,4.01,5.6,10.4,extreme_heat,0.29,low,12.29,1,Tamil Nadu,2023,6
Chennai,2W,2.9,84.58,26.61,3,3,public_slow,249.26,0.69,4.24,8.1,rainy,0.541,low,15.67,0,Tamil Nadu,2023,7
Chennai,2W,2.81,87.31,59.14,3,6,home,289.86,4.22,9.18,9.53,clear,0.265,low,16.87,1,Tamil Nadu,2026,8
Chennai,2W,3.18,87.38,16.85,1,4,public_slow,156,4.84,3.19,8.24,extreme_heat,0.554,high,16.24,1,Tamil Nadu,2023,8
Chennai,2W,2.71,85.69,54.01,3,1,public_slow,181.54,0.58,7.54,5.4,humid,0.498,high,16.23,0,Tamil Nadu,2026,1
Chennai,2W,3.15,83.25,27.02,3,3,public_slow,163.13,0.76,5.19,8.37,humid,0.393,low,18.89,0,Tamil Nadu,2023,4
Chennai,2W,3.58,83.94,38.28,3,5,public_fast,17.54,3.12,8.97,8.21,rainy,0.188,low,19.33,1,Tamil Nadu,2026,9
Chennai,2W,3.04,84.55,3.13,2,3,public_fast,69.07,1.23,0.43,9,extreme_heat,0.061,middle,15.52,0,Tamil Nadu,2024,11
Chennai,2W,3.6,79.03,35.29,1,5,public_slow,162.75,1.62,7.02,9.67,clear,0.311,middle,21.63,1,Tamil Nadu,2026,4
Chennai,2W,2.6,81.75,36.68,3,5,public_fast,23.56,1.27,4.84,10.08,extreme_heat,0.116,middle,13.27,1,Tamil Nadu,2024,1
Chennai,2W,2.92,81.34,2.07,3,3,home,268.96,0.03,0.31,7.8,clear,0.553,high,17.54,0,Tamil Nadu,2024,12
Chennai,2W,1.85,74.88,22.01,1,4,home,402.29,1.11,3.84,10.3,humid,0.252,middle,11.12,1,Tamil Nadu,2026,9
Chennai,2W,2.65,88.02,16.79,1,3,public_fast,57.62,0.35,2.67,6.93,extreme_heat,0.481,low,13.52,0,Tamil Nadu,2020,4
Chennai,2W,3.08,102.51,22.55,3,4,public_fast,108.55,0.15,3.1,5.57,humid,0.116,middle,18.48,0,Tamil Nadu,2021,6
Chennai,2W,3.42,92.73,29.69,1,3,public_slow,186.63,8.81,3.6,5.2,humid,0.281,low,20.5,1,Tamil Nadu,2021,12
Chennai,2W,2.85,81.73,44.85,2.52,4,public_slow,192.29,2.75,5.69,8.38,clear,0.245,high,17.08,0,Tamil Nadu,2024,4
Chennai,2W,2.99,73.72,28.07,2,2,home,341,1.43,4,7.92,rainy,0.28,middle,16.14,1,Tamil Nadu,2023,9
Chennai,2W,3.14,97.26,22.4,4,3,public_fast,57.83,1.65,3.52,6.07,clear,0.285,low,18.83,0,Tamil Nadu,2026,1
Chennai,2W,3.53,81.54,40.81,4,6,home,319.83,0.7,6,9.21,clear,0.115,high,21.19,1,Tamil Nadu,2025,10
Chennai,2W,3.53,87.43,13.78,1,4,public_fast,71.29,4.86,2.15,7.53,rainy,0.392,low,19.06,1,Tamil Nadu,2022,3
Chennai,2W,3.53,94.2,43.67,2,3,public_slow,121.72,2.39,7.13,7.48,clear,0.264,low,21.18,0,Tamil Nadu,2021,2
Chennai,2W,3.5,76.06,55.77,1,6,home,430.09,1.28,8.66,10.75,clear,0.168,middle,20.98,1,Tamil Nadu,2026,9
Chennai,2W,3.43,91.11,15.74,3,5,public_fast,69.57,7.34,2.99,9.86,clear,0.177,middle,20.56,1,Tamil Nadu,2024,2
Chennai,2W,3.15,100.79,14.56,2,1,home,318.33,1.93,2.6,5.06,extreme_heat,0.363,low,16.07,0,Tamil Nadu,2020,3
Chennai,2W,3.2,81.33,26.49,1,5,public_slow,154.97,0.18,3.81,9.81,clear,0.587,low,19.19,1,Tamil Nadu,2025,3
Chennai,2W,2.42,93.99,17,2,1,public_fast,52.07,1.61,2.87,6.02,extreme_heat,0.094,low,12.36,0,Tamil Nadu,2021,1
Chennai,2W,3.39,98.93,46.75,1,2,public_slow,182.99,0.45,7.21,6.04,clear,0.078,middle,20.31,0,Tamil Nadu,2019,11
Chennai,2W,2.96,79.27,22.92,1,6,public_slow,167.11,0.21,3.76,9.04,clear,0.191,low,17.75,1,Tamil Nadu,2026,2
Chennai,2W,2.79,95.59,7.93,2,4,home,224.53,1.19,1.55,10.94,humid,0.113,low,16.76,0,Tamil Nadu,2025,1
Chennai,2W,2.58,71.86,16.6,2,4,home,302.09,0.1,2.67,9.83,humid,0.134,middle,15.46,1,Tamil Nadu,2026,10
Chennai,2W,2.77,76.19,33.16,4,4,public_fast,51.97,0.77,4.53,9.74,clear,0.162,middle,16.64,0,Tamil Nadu,2026,1
Chennai,2W,1.87,71.69,13.38,1,6,public_slow,163.14,0.67,0.61,9.87,clear,0.287,low,11.2,1,Tamil Nadu,2026,8
Chennai,2W,3.54,87.41,9.67,2,4,public_slow,231.14,1.54,1.35,8.82,clear,0.048,low,21.22,0,Tamil Nadu,2023,7
Chennai,2W,2.44,96.22,35.36,2,4,home,250.99,1.65,5.48,8.11,humid,0.15,middle,14.63,0,Tamil Nadu,2024,10
Chennai,2W,3.76,75.42,25.65,4,6,public_fast,46.7,1.31,4.05,8.65,clear,0.207,low,22.56,1,Tamil Nadu,2025,1
Chennai,2W,2.85,80.77,28.71,3,5,home,360.48,2.55,5.27,9.28,humid,0.29,middle,17.12,1,Tamil Nadu,2026,6
Chennai,2W,3.63,86.77,52.87,4,4,home,201.32,0.35,8.93,7.8,rainy,0.118,low,19.59,0,Tamil Nadu,2024,3
Chennai,2W,3.05,95.47,19.84,3,2,public_fast,4.79,1.95,2.31,9.4,extreme_heat,0.172,middle,15.54,0,Tamil Nadu,2022,11
Chennai,2W,3,98.7,9.83,3,3,home,375.56,0.49,1.64,7.76,extreme_heat,0.29,low,14.36,0,Tamil Nadu,2021,11
Chennai,2W,1.99,99.21,17.44,2,3,home,272.26,0.86,4.42,6.88,rainy,0.493,high,10.77,0,Tamil Nadu,2022,9
Chennai,2W,2.85,80.33,15.31,4,4,home,369.43,3.99,2.23,10.24,rainy,0.371,high,15.41,1,Tamil Nadu,2024,10
Chennai,2W,2.79,97.08,17.14,2,1,home,347.17,2.71,2.75,6.93,rainy,0.18,middle,15.05,0,Tamil Nadu,2019,10
Chennai,2W,2.72,95.26,22,3,2,public_fast,74.4,2.31,5.07,7.61,clear,0.526,low,16.29,0,Tamil Nadu,2023,11
Chennai,2W,2.41,86.85,40.04,2,6,public_slow,156.29,0.78,6.87,8.43,rainy,0.512,low,13.01,1,Tamil Nadu,2025,9
Chennai,2W,3.2,88.76,11.45,1,4,home,330.93,1.87,1.5,7.06,extreme_heat,0.2,middle,16.31,0,Tamil Nadu,2023,11
Chennai,2W,3.76,97.28,46.8,3,4,public_fast,39.34,2.47,7.43,9.04,rainy,0.159,low,16.84,0,Tamil Nadu,2022,4
Chennai,2W,3.31,93.51,42.78,2.52,3,home,373.84,3.96,6.96,5.83,rainy,0.006,low,17.89,1,Tamil Nadu,2020,1
Chennai,2W,2.58,88.32,22.31,3,2,public_fast,68.1,2.58,3.74,6.76,extreme_heat,0.384,low,13.18,0,Tamil Nadu,2023,5
Chennai,2W,2.77,79.61,38.5,2,5,public_fast,37.26,0.26,4.56,10.5,clear,0.527,low,16.59,0,Tamil Nadu,2025,10
Chennai,2W,3.83,97.65,1,1,3,public_fast,62.12,3.8,0.22,7.8,clear,0.434,middle,22.95,0,Tamil Nadu,2025,7
Chennai,2W,2.71,86.88,22.93,2,5,public_slow,147.39,0.84,1.27,8.27,extreme_heat,0.162,low,13.84,1,Tamil Nadu,2025,7
Chennai,2W,3.11,88.24,39.78,2,4,home,288.22,0.97,7.84,9.07,humid,0.219,low,18.65,0,Tamil Nadu,2025,6
Chennai,2W,3.45,84.61,11.85,2,3.33,home,304.18,1.99,2.26,7.8,humid,0.529,middle,20.68,0,Tamil Nadu,2025,3
Chennai,2W,3.3,77.23,40.21,4,5,home,291.6,5.55,7.93,8.89,extreme_heat,0.6,middle,16.82,1,Tamil Nadu,2024,12
Chennai,2W,2.5,86.47,7.37,2,2,public_fast,83.92,2.7,1.26,5.91,extreme_heat,0.408,low,12.75,0,Tamil Nadu,2021,6
Chennai,2W,3.26,98.34,21.24,2,3,public_fast,82.01,2.24,3.08,6.09,extreme_heat,0.154,low,16.64,0,Tamil Nadu,2020,12
Chennai,2W,3.16,99.7,39.81,3,3,public_fast,49.63,1.49,6.61,8.75,clear,0.117,middle,18.98,0,Tamil Nadu,2022,9
Chennai,2W,2.67,106.97,17.73,4,1,public_fast,76.1,1.53,3.04,5.59,clear,0.301,middle,16.05,0,Tamil Nadu,2020,2
Chennai,2W,3.46,100.91,40.55,3,2,public_fast,42.13,0.47,5.73,3.81,extreme_heat,0.013,high,17.67,0,Tamil Nadu,2019,6
Chennai,2W,3.04,96.61,47.45,3,1,public_slow,122.53,0.11,9.52,5.66,clear,0.171,middle,18.26,0,Tamil Nadu,2020,2
Chennai,2W,2.64,93.8,53.16,1,3,home,246.37,3.56,7.15,6.14,extreme_heat,0.323,low,13.44,1,Tamil Nadu,2020,7
Chennai,2W,2.38,74.07,29.83,3,4,public_fast,31.6,0.27,6.15,10.2,clear,0.184,low,14.28,1,Tamil Nadu,2025,10
Chennai,2W,2.85,80.22,8.49,3,5,public_fast,178.75,2.76,1.6,7.56,extreme_heat,0.234,low,14.52,0,Tamil Nadu,2022,1
Chennai,2W,2.85,92.03,28.07,4,3,public_fast,29.73,1.93,5.69,7.39,extreme_heat,0.29,low,14.55,0,Tamil Nadu,2021,2
Chennai,2W,3.33,73.35,32.68,3,5,public_fast,69.74,0.83,5.63,8.65,rainy,0.204,high,17.96,1,Tamil Nadu,2026,6
Chennai,2W,2.95,104.23,31.74,4,3.33,public_slow,161.97,0.25,5.81,6.15,clear,0.726,low,17.68,0,Tamil Nadu,2020,9
Chennai,2W,3.54,79.39,17.87,3,5,home,339.53,2.63,2.94,9.35,clear,0.376,low,21.25,1,Tamil Nadu,2025,7
Chennai,2W,2.77,104.22,23.27,4,1,public_fast,47.56,3.75,4.4,6.11,extreme_heat,0.283,middle,14.13,1,Tamil Nadu,2020,7
Chennai,2W,2.14,77.17,17.7,2,3,public_fast,61.23,0.1,2.9,7.8,rainy,0.511,middle,11.54,0,Tamil Nadu,2025,5
Chennai,2W,3.75,89.19,26.61,4,1,public_fast,39.16,0.7,4.85,5.55,humid,0.303,middle,22.5,0,Tamil Nadu,2020,6
Chennai,2W,3.1,87.19,12.21,4,4,public_fast,69.54,2.38,1.56,8.18,extreme_heat,0.327,high,15.82,0,Tamil Nadu,2021,5
Chennai,2W,3.48,95,2.13,3,2,public_fast,62.11,6.21,0.48,7.46,humid,0.141,low,20.86,0,Tamil Nadu,2020,12
Chennai,2W,3.4,78.24,35.95,3,4,public_fast,42.02,4.84,5.5,10.8,clear,0.298,middle,20.42,1,Tamil Nadu,2026,6
Chennai,2W,3.2,90.48,36.38,3,6,public_fast,52.13,9.62,5.47,8.2,extreme_heat,0.443,middle,16.3,1,Tamil Nadu,2024,2
Chennai,2W,3.29,80.31,27.71,1,3.33,public_fast,44.12,3.31,4.64,9.3,extreme_heat,0.111,low,16.77,1,Tamil Nadu,2025,7
Chennai,2W,3.48,81.67,36.4,2,4,public_slow,114.93,1.99,7.4,9.53,humid,0.29,high,20.86,1,Tamil Nadu,2024,11
Chennai,2W,3.07,97.85,43.17,4,3,public_fast,49.57,2.54,8.14,9.02,humid,0.497,low,18.43,0,Tamil Nadu,2022,10
Chennai,2W,3,98.88,52.03,2,2,public_slow,128,0.24,7.35,7.51,extreme_heat,0.358,middle,15.29,0,Tamil Nadu,2022,2
Chennai,2W,3.15,82.39,6.48,2,6,home,308.16,0.47,1.6,8.03,clear,0.286,high,18.92,0,Tamil Nadu,2026,1
Chennai,2W,3.81,87.28,51.65,2,1,public_slow,159.05,0.09,8.53,8.36,humid,0.089,middle,22.87,0,Tamil Nadu,2021,10
Chennai,2W,2.36,81.47,24.17,2,3,public_slow,172.59,2.96,4.04,5.51,rainy,0.248,low,12.75,0,Tamil Nadu,2024,9
Chennai,2W,3.53,78.24,29.44,2,3.33,public_fast,51.55,2.43,5.03,8.62,extreme_heat,0.331,middle,17.99,1,Tamil Nadu,2026,1
Chennai,2W,3.2,84.43,8.27,1,4,public_fast,67.05,0.47,1.37,9.01,extreme_heat,0.183,low,16.32,0,Tamil Nadu,2026,8
Chennai,2W,3.24,86.98,53.72,2,5,home,191.39,0.86,12.23,8.15,clear,0.296,middle,19.45,1,Tamil Nadu,2024,5
Chennai,2W,3.29,80.1,3.29,3,3,home,388.27,6.09,0.6,7.12,clear,0.445,middle,19.72,0,Tamil Nadu,2023,6
Chennai,2W,2.87,88.47,24.55,2,7,home,286,0.15,3.6,7.8,extreme_heat,0.35,middle,14.66,1,Tamil Nadu,2024,2
Chennai,2W,2.87,89.19,24.65,3,4,home,297.6,6.95,4.06,8.59,clear,0.222,middle,17.23,1,Tamil Nadu,2024,1
Chennai,2W,2.51,88.7,12,4,2,public_slow,224.8,2.54,1.98,6.88,rainy,0.141,middle,13.56,0,Tamil Nadu,2021,2
Chennai,2W,3.53,92.33,8.8,3,3,public_fast,66.64,2.74,1.26,6.98,extreme_heat,0.435,low,21.18,0,Tamil Nadu,2022,10
Chennai,2W,3.27,84.84,26.61,2,3,public_fast,71.94,0.72,0.17,9.07,clear,0.517,low,19.6,0,Tamil Nadu,2022,12
Chennai,2W,3.15,79.54,18.85,2,3,public_slow,194.79,2.48,2.8,9.29,clear,0.181,low,18.88,0,Tamil Nadu,2025,9
Chennai,2W,3.61,80.52,44.67,5,6,public_fast,218.17,0.52,6.59,8.42,humid,0.633,low,21.64,1,Tamil Nadu,2026,8
Chennai,2W,2.66,91.89,17.84,2,4,public_fast,77.1,4.08,2.83,8,humid,0.224,middle,15.95,1,Tamil Nadu,2024,9
Chennai,2W,3.45,97.84,37.06,4,3,public_fast,48.89,8.11,5.21,5.45,clear,0.326,middle,20.69,1,Tamil Nadu,2021,8
Chennai,2W,2.95,80.77,4.05,1,4,home,305.84,1.35,0.6,10.57,extreme_heat,0.29,middle,15.91,0,Tamil Nadu,2026,9
Chennai,2W,2.49,78.71,10.19,4,4,public_slow,134.98,4.04,2.01,8.01,rainy,0.444,low,13.46,1,Tamil Nadu,2024,5
Chennai,2W,3.97,84.07,33.27,1,3,home,355.34,0.28,4.94,9.02,rainy,0.423,low,21.46,0,Tamil Nadu,2026,12
Chennai,2W,2.99,102.91,25.08,3,1,home,274.35,0.04,4.36,7.04,humid,0.384,high,17.93,0,Tamil Nadu,2019,4
Chennai,2W,2.51,74.7,16.78,3,3,home,377.3,0.91,1.06,10.82,extreme_heat,0.28,middle,16.84,0,Tamil Nadu,2026,1
Chennai,2W,2.94,79.37,37.31,3,4,public_fast,315.49,1.03,5.93,7.85,humid,0.575,low,17.66,0,Tamil Nadu,2023,4
Chennai,2W,2.26,100.5,1,1,2,public_slow,161.84,1.23,0.16,7.03,clear,0.493,middle,13.57,0,Tamil Nadu,2021,12
Chennai,2W,3.35,80.64,21.73,3,5,public_slow,234.65,1.08,3.6,8.5,clear,0.171,low,20.07,1,Tamil Nadu,2025,7
Chennai,2W,1.96,90.07,36.59,2.52,2,public_fast,95.71,1.15,5.21,7.18,extreme_heat,0.343,low,9.97,0,Tamil Nadu,2022,12
Chennai,2W,3.04,71.91,18.92,2,4,home,260.86,2.89,3.81,9.57,clear,0.012,middle,18.25,1,Tamil Nadu,2025,11
Chennai,2W,2.84,77.45,26.61,3,3.33,home,397.11,2.46,4.36,8.7,extreme_heat,0.491,low,14.48,0,Tamil Nadu,2025,10
Chennai,2W,2.22,83.55,50.88,4,1,public_slow,115.96,2.65,8.64,9.33,humid,0.557,low,13.34,0,Tamil Nadu,2022,10
Chennai,2W,3.38,91.95,26.8,2,7,home,178.75,0.93,3.54,8.8,extreme_heat,0.164,high,17.23,1,Tamil Nadu,2023,2
Chennai,2W,3.66,99.83,22.67,3,2,public_fast,91.45,1.09,3.76,5.31,humid,0.269,low,21.94,0,Tamil Nadu,2026,1
Chennai,2W,2.88,87.74,4.55,3,1,home,295.6,1.55,0.59,7.84,humid,0.121,low,17.29,0,Tamil Nadu,2024,7
Chennai,2W,2.77,89.19,17.59,3,3,public_slow,194.65,4,3.3,4.65,rainy,0.203,high,14.97,1,Tamil Nadu,2020,4
Chennai,2W,2.57,88.58,22.46,3,3,public_slow,241.36,1.82,3.52,8.46,clear,0.29,middle,16.84,0,Tamil Nadu,2023,7
Chennai,2W,3.33,79.25,10.69,2,5,public_fast,83.28,3.64,1.98,9.67,clear,0.396,low,19.98,1,Tamil Nadu,2025,12
Chennai,2W,3.39,80.11,24.71,4,5,public_slow,215.44,1.31,3.95,11.04,clear,0.629,middle,20.32,1,Tamil Nadu,2025,12
Chennai,2W,3.61,78.31,11.48,1,6,home,278.56,2.56,2.19,8.05,clear,0.24,middle,21.67,0,Tamil Nadu,2025,5
Chennai,2W,2.95,97.67,28.23,3,1,public_fast,178.75,0.43,4.36,6.23,humid,0.127,low,17.7,0,Tamil Nadu,2021,1
Chennai,2W,4.04,79.48,14.79,3,3,public_fast,171.36,4.44,3.16,7.13,clear,0.448,middle,24.24,0,Tamil Nadu,2022,1
Chennai,2W,3.43,102.21,24.61,5,1,public_slow,219.2,4.13,3.63,9.42,extreme_heat,0.645,low,17.47,1,Tamil Nadu,2021,7
Chennai,2W,3.58,97.47,56.4,1,2,public_slow,177.91,1.86,9.48,7.88,rainy,0.261,low,19.31,0,Tamil Nadu,2021,10
Chennai,2W,2.72,78.3,34.74,4,5,home,326.07,1.76,5.22,7.59,extreme_heat,0.096,low,13.87,1,Tamil Nadu,2024,5
Chennai,2W,2.62,87.94,5.08,1,5,public_fast,43.95,1.85,0.98,8.79,clear,0.29,high,15.69,0,Tamil Nadu,2023,3
Chennai,2W,3.79,83.15,26.61,2,2,public_fast,81.4,0.47,0.84,6,extreme_heat,0.616,high,19.31,0,Tamil Nadu,2021,9
Chennai,2W,3.24,79.34,20.74,3,5,home,389.12,3.41,3.97,8.39,rainy,0.334,low,17.47,1,Tamil Nadu,2025,6
Chennai,2W,2.17,100.4,9.42,1,3,public_slow,214.47,4.59,1.54,7.64,extreme_heat,0.207,middle,11.06,1,Tamil Nadu,2022,11
Chennai,2W,2.51,80.69,40.54,2,5,public_fast,55.54,0.18,7.47,7.34,humid,0.162,middle,15.06,1,Tamil Nadu,2024,10
Chennai,2W,2.81,99.48,19.75,3,4,public_fast,69.42,2.56,2.98,6.72,humid,0.233,middle,16.88,0,Tamil Nadu,2023,11
Chennai,2W,2.82,103.68,5.68,2,2,public_slow,160.32,0.6,0.93,6.29,rainy,0.282,low,15.25,0,Tamil Nadu,2019,4
Chennai,2W,2.68,82.78,11.63,1,5,public_slow,259.49,1.75,2.45,8.87,rainy,0.58,middle,16.84,1,Tamil Nadu,2026,5
Chennai,2W,3.09,84.32,20.01,2,3,home,368.45,0.9,3.39,7.68,humid,0.498,low,18.51,0,Tamil Nadu,2024,9
Delhi,2W,2.37,93.46,66.67,3,5,public_fast,64.37,0.88,15.74,8.88,clear,0.251,middle,14.2,1,Delhi,2023,9
Delhi,2W,3,89.45,46.04,3,1,public_fast,71.74,2.26,8.17,9.19,rainy,0.162,middle,18.34,0,Delhi,2021,9
Delhi,2W,3.11,89.24,27.62,3,3,home,362.96,2.74,4.31,9.83,humid,0.492,middle,18.68,0,Delhi,2024,2
Delhi,2W,2.11,90.9,14.96,3,3,public_fast,91.06,3.5,4.36,6.06,clear,0.185,middle,12.64,1,Delhi,2020,5
Delhi,2W,2.04,86.81,33.57,4,5,public_fast,74.84,0.05,6.07,9.98,extreme_heat,0.385,low,10.42,1,Delhi,2024,1
Delhi,2W,2.03,87.96,8.94,3,3,home,290.06,0.53,1.38,6.17,extreme_heat,0.668,middle,16.84,0,Delhi,2021,3
Delhi,2W,3.4,93.24,30.15,2,3,public_slow,151.79,4.2,5.37,7.3,clear,0.498,high,20.39,1,Delhi,2023,6
Delhi,2W,3.48,84.01,44.76,2,4,public_fast,103.65,0.49,6.86,8.13,humid,0.29,low,20.85,0,Delhi,2024,3
Delhi,2W,3.61,99.12,1.95,4,3,home,387.57,1.04,0.36,5.81,humid,0.311,middle,21.67,0,Delhi,2022,4
Delhi,2W,3.27,74.4,27.54,2,4,public_slow,175.55,5.24,6,8.6,extreme_heat,0.101,low,16.67,1,Delhi,2026,9
Delhi,2W,3.07,98.31,15.8,3,1,public_slow,164.47,0.73,1.91,6.17,humid,0.287,low,18.45,0,Delhi,2019,8
Delhi,2W,3.03,81.76,24.12,4,3,home,336.15,4.2,4.22,7.79,extreme_heat,0.181,low,15.45,1,Delhi,2024,4
Delhi,2W,3.63,71.41,43.66,4,5,home,373.51,0.14,6.95,9.54,rainy,0.42,middle,19.59,1,Delhi,2026,4
Delhi,2W,3.33,72.94,37.51,2,5,public_fast,73.01,0.96,6.86,8.53,humid,0.2,middle,20,1,Delhi,2026,5
Delhi,2W,1.97,96.26,6.4,2,2,public_slow,153.22,1.7,1.55,6.8,extreme_heat,0.294,middle,10.03,0,Delhi,2021,1
Delhi,2W,3.02,74.48,42.59,3,6,public_slow,257.65,2.61,7.58,8.62,humid,0.276,high,18.14,1,Delhi,2026,12
Delhi,2W,3.39,93.05,13.3,3,3,public_fast,33.01,3.05,1.89,6.08,extreme_heat,0.258,low,17.29,1,Delhi,2020,3
Delhi,2W,2.08,93.86,1,2,1,home,290.98,0.26,0.16,5.67,clear,0.202,high,12.51,0,Delhi,2019,6
Delhi,2W,3.35,89.74,47.7,4,3,public_slow,158.35,5.66,7.11,7.8,humid,0.464,middle,20.09,1,Delhi,2022,6
Delhi,2W,2.91,91.81,27.51,3,3,public_slow,202.35,5.3,5.08,7.33,clear,0.23,low,17.46,1,Delhi,2022,11
Delhi,2W,3.15,75.12,27.36,4,5,home,259.99,5.73,4.29,9.7,extreme_heat,0.206,low,18.89,1,Delhi,2026,1
Delhi,2W,3.18,92.78,26.54,3,2,public_slow,108.75,1.09,6,4.27,humid,0.357,high,19.05,0,Delhi,2020,9
Delhi,2W,3.12,73.08,21.21,3,6,public_fast,75.93,1.53,3,9.52,clear,0.129,high,18.75,1,Delhi,2026,12
Delhi,2W,2.83,112.07,34.4,6,1,home,286.52,2.73,6.17,5.62,extreme_heat,0.014,middle,14.45,0,Delhi,2020,4
Delhi,2W,3,100.94,26.94,2,2,public_fast,69.88,1.27,3.26,7.17,clear,0.259,high,18.07,0,Delhi,2020,7
Delhi,2W,2.38,79.84,18.4,3,5,public_fast,178.75,0.06,3.2,7.26,extreme_heat,0.427,middle,12.15,1,Delhi,2024,6
Delhi,2W,2.25,85.82,20.45,4,5,public_slow,243.56,0.54,3.5,8.26,extreme_heat,0.118,middle,12.16,1,Delhi,2026,4
Delhi,2W,2.91,99.45,44.38,2,1,public_fast,86.31,0.67,5.77,6.21,clear,0.349,middle,17.46,0,Delhi,2019,8
Delhi,2W,2.85,99.47,1,1,1,public_slow,214.93,1.05,0.15,5.61,extreme_heat,0.299,high,17.11,0,Delhi,2019,8
Delhi,2W,3.25,88.28,8.19,2,3,public_fast,45.24,1.42,1.29,6.28,rainy,0.156,middle,17.57,0,Delhi,2023,2
Delhi,2W,3.98,97.95,29.58,3,3,public_slow,174.62,1.95,7.33,6.92,rainy,0.548,low,21.48,0,Delhi,2021,8
Delhi,2W,3.36,101.14,39.54,4,2,public_fast,101.06,0.65,5.36,6.15,humid,0.279,high,20.19,0,Delhi,2020,12
Delhi,2W,2.56,94.62,31.73,3,3,home,244.92,1.06,5.63,7.59,extreme_heat,0.18,high,13.08,0,Delhi,2022,4
Delhi,2W,2.63,87.08,42.51,1,4,home,376.71,1.06,7.74,9.58,rainy,0.12,low,14.18,0,Delhi,2024,7
Delhi,2W,2.88,98.73,1.83,1,2,public_fast,30.02,0.92,0.45,8.9,extreme_heat,0.368,middle,16.84,0,Delhi,2023,2
Delhi,2W,3.3,96.82,17.34,1,3,public_fast,69.26,0.35,3.04,5.12,extreme_heat,0.273,middle,16.81,0,Delhi,2020,1
Delhi,2W,2.34,87.05,35,3,3,public_slow,161.79,0.98,5.88,7.15,rainy,0.199,middle,12.63,0,Delhi,2024,2
Delhi,2W,3.11,87.46,48.18,3,3,home,185.52,0.38,9.13,9.52,clear,0.276,middle,18.63,0,Delhi,2026,1
Delhi,2W,2.23,91.62,48.63,3,3,public_slow,182.76,0.04,4.36,9.21,extreme_heat,0.217,low,11.36,0,Delhi,2024,8
Delhi,2W,2.14,79.61,31.78,3,4,home,385.22,5.5,5.67,8.68,clear,0.018,low,12.83,1,Delhi,2026,4
Delhi,2W,3.33,77.02,48.89,1,6,public_slow,144.34,4.15,7.02,9.57,humid,0.194,low,19.97,1,Delhi,2026,9
Delhi,2W,2.79,88.57,41.74,1,5,home,399.27,7.68,5.68,9.51,extreme_heat,0.47,middle,14.23,1,Delhi,2025,3
Delhi,2W,3.16,91.69,1,3,3,home,348.33,1.43,0.2,8.68,humid,0.378,low,18.94,0,Delhi,2024,9
Delhi,2W,2.9,90.14,10.94,1,3,public_slow,147.68,7.66,1.93,7.57,clear,0.07,low,17.41,0,Delhi,2022,4
Delhi,2W,3.59,76.27,64.06,1,6,public_fast,66.83,0.1,11.04,9.89,clear,0.403,middle,21.51,1,Delhi,2026,5
Delhi,2W,3.51,78.85,2.19,2,2,public_slow,253.68,1.17,0.27,9.11,clear,0.203,high,16.84,0,Delhi,2025,8
Delhi,2W,2.86,99.75,21.72,2,2,home,178.75,0.73,3.69,6.07,clear,0.292,low,17.15,0,Delhi,2019,11
Delhi,2W,2.45,98.5,13.55,2,2,home,240.53,0.46,2.57,7.33,extreme_heat,0.053,low,12.48,0,Delhi,2019,2
Delhi,2W,3.04,86.83,45.48,3,5,public_slow,187.94,1.07,6.52,6.66,extreme_heat,0.18,middle,15.52,1,Delhi,2024,6
Delhi,2W,2.58,98.02,33.44,3,2,public_slow,109.81,6.37,6.44,7.51,rainy,0.353,low,13.96,1,Delhi,2020,10
Delhi,2W,2.23,98.02,27.89,4,4,public_fast,28.7,0.31,4.38,5.9,rainy,0.354,low,12.02,0,Delhi,2020,1
Delhi,2W,2.85,84.61,21.92,3,4,home,309.5,0.79,4.42,8.05,rainy,0.14,low,15.42,0,Delhi,2024,11
Delhi,2W,3.92,90.46,29.1,2,4,home,335.95,0.39,7.78,6.68,clear,0.236,middle,16.84,0,Delhi,2020,4
Delhi,2W,2.57,89.19,33.44,2,2,public_slow,176.93,2.38,5.02,7.81,humid,0.084,middle,15.43,0,Delhi,2020,6
Delhi,2W,2.89,71.88,1.17,3,5,home,201.77,1.44,0.24,9.75,extreme_heat,0.298,low,17.36,1,Delhi,2025,9
Delhi,2W,3.35,82.76,3.73,2,6,home,289.98,1.45,0.81,7.34,clear,0.297,middle,20.08,0,Delhi,2024,4
Delhi,2W,2.72,86.05,15.19,2,5,public_fast,84.45,1.03,2.42,7.33,clear,0.252,middle,16.3,1,Delhi,2025,11
Delhi,2W,2.74,93.99,11.63,2,2,public_fast,99.63,0.46,1.9,4.96,clear,0.032,middle,16.47,0,Delhi,2020,6
Delhi,2W,3.41,87.77,41.78,3,5,home,282.89,1.02,7.89,7.8,extreme_heat,0.449,low,17.37,1,Delhi,2026,8
Delhi,2W,1.85,73.46,1.45,1,5,home,268.91,0.95,0.21,8.96,humid,0.541,low,11.13,1,Delhi,2026,3
Delhi,2W,2.65,79.91,8.27,4,4,public_slow,153.79,4.84,1.67,8.19,rainy,0.277,low,14.32,0,Delhi,2023,9
Delhi,2W,3.93,90.91,14.18,2,4,public_slow,216.96,1.23,2.04,6.28,humid,0.309,middle,23.57,0,Delhi,2022,3
Delhi,2W,2.97,81.01,30.71,1,5,public_slow,185.71,5.49,4.57,10.1,extreme_heat,0.252,middle,15.12,1,Delhi,2024,12
Delhi,2W,2.73,75.11,24.7,1,3,public_slow,203.9,0.47,4.16,8.96,rainy,0.517,high,14.74,0,Delhi,2025,10
Delhi,2W,2.95,85.2,42.98,2,3,public_fast,178.75,4.26,6.11,7.38,rainy,0.397,low,15.95,1,Delhi,2024,9
Delhi,2W,2.68,96.11,34.66,2,2,public_fast,58.46,2.28,4.3,7.8,extreme_heat,0.266,middle,14.48,0,Delhi,2019,7
Delhi,2W,2.94,98.17,19.8,2,2,public_slow,194.61,1.88,3.08,6.29,rainy,0.278,low,15.87,0,Delhi,2019,8
Delhi,2W,4.64,100.92,20.99,1,3,public_slow,175.02,0.46,4.11,7.37,rainy,0.279,middle,25.07,0,Delhi,2020,4
Delhi,2W,2.95,99.55,43.56,4,1,public_slow,160.16,0.07,7.71,4.9,clear,0.216,middle,17.71,0,Delhi,2020,7
Delhi,2W,3.08,90.27,9.72,2,4,home,286.31,0.7,1.48,8.28,rainy,0.137,high,16.65,0,Delhi,2023,9
Delhi,2W,2.52,89.44,29.73,4,4,public_fast,54.92,0.29,4.71,7.42,rainy,0.378,low,13.59,0,Delhi,2026,1
Delhi,2W,2.55,82.28,52.25,1,6,home,354.53,2.99,8.21,9.8,rainy,0.264,high,13.8,1,Delhi,2025,5
Delhi,2W,2.66,94,16.76,2,3,public_slow,191.85,1.99,2.51,9.22,extreme_heat,0.459,low,13.54,0,Delhi,2024,1
Delhi,2W,2.4,98.53,15.25,2,2,public_fast,60.82,0.14,1.84,5.36,humid,0.277,high,14.38,0,Delhi,2019,6
Delhi,2W,2.98,89.98,11.17,2,4,public_fast,79.12,2.22,1.66,8.94,rainy,0.347,middle,16.1,0,Delhi,2021,7
Delhi,2W,2.17,87.37,4.86,3,3,public_slow,206.78,1.59,0.93,6.12,extreme_heat,0.138,high,13.02,0,Delhi,2021,2
Delhi,2W,1.39,72.73,30.88,1,6,home,381.81,1.31,5.18,8.04,humid,0.306,middle,8.32,1,Delhi,2025,1
Delhi,2W,4.13,100.8,16.74,4,4,public_slow,196.55,0.45,2.45,6.99,rainy,0.29,high,22.29,0,Delhi,2019,9
Delhi,2W,3.01,84.64,26.61,1,1,public_slow,113.51,0.27,6.07,7.4,clear,0.32,high,18.04,0,Delhi,2023,5
Delhi,2W,2.71,93.99,26.61,2,3,home,407.78,0.52,6.51,5.42,clear,0.328,low,16.26,0,Delhi,2023,12
Delhi,2W,2.99,87.07,3.05,2,4,public_fast,72.13,10.92,0.46,8.8,rainy,0.291,low,16.13,0,Delhi,2022,3
Delhi,2W,2.03,96.16,42.13,3,2,public_fast,9.8,0.61,7.26,6.96,clear,0.208,low,12.21,0,Delhi,2021,1
Delhi,2W,3.34,97.04,41.81,3,1,public_fast,82.88,5.92,4.78,5.58,extreme_heat,0.29,high,17.05,1,Delhi,2019,5
Delhi,2W,2.59,95.13,30.03,4,1,public_fast,93.47,3.23,5.69,7.47,extreme_heat,0.507,low,13.22,1,Delhi,2026,1
Delhi,2W,3.24,94.38,155.54,3,4,public_fast,35.8,1.81,7.87,6.59,rainy,0.561,low,17.49,0,Delhi,2023,11
Delhi,2W,3.33,102.47,52.3,3,2,public_slow,159.16,0.85,9.24,7.11,extreme_heat,0.148,low,17,0,Delhi,2020,2
Delhi,2W,2.17,93.57,32.88,1,2,public_fast,30.4,1.03,4.9,7.8,clear,0.662,high,13.03,0,Delhi,2021,9
Delhi,2W,2.84,95.09,32.98,3,4,home,323.71,2.71,6.95,7.62,humid,0.095,middle,17.02,0,Delhi,2023,5
Delhi,2W,3.35,100.88,2.4,3,1,home,249.42,1.26,0.38,5.54,humid,0.3,low,20.07,0,Delhi,2019,2
Delhi,2W,2.7,92.78,59.35,3,3,home,321.79,0.82,10.14,8.39,clear,0.201,high,16.22,0,Delhi,2026,1
Delhi,2W,2.56,80.26,40.77,3,4,public_slow,197.7,1.15,7.3,10.37,rainy,0.126,low,13.81,0,Delhi,2026,8
Delhi,2W,3.94,83.57,25.41,4,4,home,270,0.11,5.49,10.21,clear,0.066,middle,23.67,0,Delhi,2026,11
Delhi,2W,3.07,98.11,56.28,4,1,home,343.86,2.29,10.52,8.06,rainy,0.312,low,16.59,0,Delhi,2021,1
Delhi,2W,3.7,89.41,49.65,3,3,public_slow,172.45,0.47,8.59,8.3,extreme_heat,0.414,low,18.85,0,Delhi,2024,9
Delhi,2W,3.93,74.18,1,2,4,public_slow,208.42,5.07,0.19,7.94,extreme_heat,0.09,low,20.06,1,Delhi,2025,8
Delhi,2W,2.31,88.13,1,2,4,public_slow,202.38,2.36,0.18,9.36,clear,0.221,low,13.85,0,Delhi,2025,2
Delhi,2W,3.08,97.39,43.29,3,1,home,278.89,0.4,6.89,7.8,humid,0.121,high,18.46,0,Delhi,2026,1
Delhi,2W,3,77.4,24.17,4,3,public_fast,60.19,3.52,4.02,9.23,rainy,0.441,middle,16.2,1,Delhi,2024,11
Delhi,2W,2.58,86.48,31.9,3,3.33,public_slow,140.72,0.01,4.34,8.13,extreme_heat,0.195,low,13.17,0,Delhi,2023,12
Delhi,2W,3.83,96.81,31.82,4,2,public_slow,202.89,1.99,5.09,5.54,clear,0.415,middle,22.99,0,Delhi,2019,3
Delhi,2W,2.59,95.61,26.04,2,2,public_slow,207.28,1.14,4.35,7.79,rainy,0.365,low,13.97,0,Delhi,2021,2
Delhi,2W,2.88,83.98,36.97,2,2,public_fast,61.98,1.12,8.86,8.13,humid,0.29,low,17.29,0,Delhi,2023,10
Delhi,2W,3.85,86.81,29.25,3,4,home,295.36,0.91,5.05,7.31,rainy,0.29,middle,20.76,0,Delhi,2022,2
Delhi,2W,2.84,91.99,28.89,4,3,home,369.62,0.98,4.07,7.54,clear,0.628,low,17.02,0,Delhi,2023,10
Delhi,2W,3.12,84.66,31.25,2,4,public_slow,173.33,0.16,5.73,8.52,clear,0.338,high,18.69,0,Delhi,2023,5
Delhi,2W,3.85,110.32,20.82,2,2,public_fast,66.3,1.06,3.54,6,clear,0.251,low,23.11,0,Delhi,2019,12
Delhi,2W,2.82,82.31,19.37,3,4,public_slow,223.07,1.26,2.54,7.8,humid,0.438,low,16.94,0,Delhi,2025,11
Delhi,2W,3.78,89.66,26.53,3,2,home,344.86,0.16,4.53,6.86,humid,0.287,low,22.71,0,Delhi,2023,1
Delhi,2W,2.66,100.5,12.08,3,4,home,284.3,5.46,1.66,7.43,clear,0.174,low,15.97,1,Delhi,2020,3
Delhi,2W,2.79,98.72,31.99,3,1,home,178.75,4.07,4.61,7.69,clear,0.407,low,16.72,1,Delhi,2020,10
Delhi,2W,3.08,85.13,16.29,3,2,public_fast,55.7,1.84,2.67,8.43,extreme_heat,0.283,low,15.69,0,Delhi,2022,8
Delhi,2W,3.41,95.74,26.24,2,3,public_fast,53.23,4.64,3.64,7.97,rainy,0.049,low,18.4,1,Delhi,2020,3
Delhi,2W,3.83,102.57,15.31,2,1,public_fast,56.13,0.24,2.67,6.4,rainy,0.404,high,20.66,0,Delhi,2020,11
Delhi,2W,2.75,81.72,24.9,3,6,home,386.14,0.45,3.81,8.32,humid,0.178,middle,16.51,1,Delhi,2026,9
Delhi,2W,2.75,79.49,13.03,2,6,public_fast,74.17,1.83,1.88,9.96,humid,0.467,middle,16.51,1,Delhi,2025,2
Delhi,2W,3.34,89.19,23.77,2,2,home,254.81,5.89,4.19,5.93,extreme_heat,0.284,high,17.06,1,Delhi,2020,10
Delhi,2W,3.21,111.65,1,2,2,public_slow,228.71,0.03,0.13,6.21,clear,0.167,low,19.25,0,Delhi,2019,8
Delhi,2W,2.69,78.13,42.07,3,5,public_slow,208.92,0.16,5.81,7.05,rainy,0.293,low,14.55,1,Delhi,2024,11
Delhi,2W,4.07,82.61,23.86,2,5,public_fast,53.4,5.67,4.69,8,rainy,0.451,middle,22,1,Delhi,2025,10
Delhi,2W,3.01,95.67,2.6,3,1,public_slow,208.32,0.76,0.38,6.12,rainy,0.329,middle,16.27,0,Delhi,2020,12
Delhi,2W,3.02,92.84,20.54,2,2,public_slow,237.57,1.38,3.34,7.53,rainy,0.293,low,16.3,0,Delhi,2021,8
Delhi,2W,3.21,93.76,41.33,3,4,public_fast,51.91,4.55,6.98,7.92,extreme_heat,0.349,middle,16.35,1,Delhi,2022,11
Delhi,2W,3.15,102.57,4.6,3,1,public_slow,134.69,0.93,0.83,6.5,rainy,0.277,low,17.01,0,Delhi,2019,2
Delhi,2W,2.85,80.35,13.33,3,4,public_slow,188.6,3.39,2.6,7.08,clear,0.365,low,17.09,1,Delhi,2024,7
Delhi,2W,3.12,88.7,40.72,4,4,public_slow,170.44,0.06,5.3,8.16,humid,0.354,low,18.74,0,Delhi,2022,3
Delhi,2W,3,93.64,38.53,4,3.33,home,296.73,3.35,7.8,7.48,clear,0.053,middle,22.55,1,Delhi,2026,1
Delhi,2W,2.73,94.77,29.23,2,6,public_fast,57.6,1.73,6.42,8.24,humid,0.127,middle,16.37,1,Delhi,2024,4
Delhi,2W,2.82,94.72,29.5,2,4,public_fast,83.16,1.08,6.23,6.76,clear,0.216,middle,16.92,0,Delhi,2021,12
Delhi,2W,2.49,81.61,26.06,2,4,public_slow,137.94,0.84,5.09,8.57,extreme_heat,0.35,low,12.68,0,Delhi,2023,12
Delhi,2W,3.06,81.3,27.95,1,6,home,350.75,3.68,4.94,9.03,clear,0.62,low,18.35,1,Delhi,2025,1
Delhi,2W,3.14,74.55,38.91,2,5,public_slow,170.65,1.99,6.65,9.02,humid,0.269,low,18.85,1,Delhi,2026,11
Delhi,2W,2.65,88.1,28.18,3,3,public_slow,178.75,0.57,4.8,10.38,extreme_heat,0.083,low,13.52,0,Delhi,2024,6
Delhi,2W,2.78,104.65,30.42,3,2,public_fast,47.52,4.92,6.98,4.44,extreme_heat,0.172,low,14.17,1,Delhi,2019,4
Delhi,2W,2.86,90.09,16.36,3,3,public_slow,160.26,3.32,2.45,6.52,clear,0.415,middle,17.17,1,Delhi,2022,6
Delhi,2W,2.41,94.73,14.84,2,4,home,290.32,0.17,2.25,7.8,rainy,0.196,low,13.04,0,Delhi,2021,3
Delhi,2W,3.4,92.72,1,2,3,home,315.95,0.7,0.21,8.95,extreme_heat,0.184,middle,17.35,0,Delhi,2021,9
Delhi,2W,4.06,87.13,23.48,3,4,public_fast,111.76,0.71,3.28,8.21,rainy,0.25,middle,21.92,0,Delhi,2024,9
Delhi,2W,2.09,90.13,58.85,2,4,public_fast,39.45,0.21,9.56,8.42,clear,0.302,low,12.56,0,Delhi,2025,5
Delhi,2W,2.48,87.98,37.75,2,4,home,331,0.49,4.61,6.86,rainy,0.305,middle,13.38,0,Delhi,2022,8
Delhi,2W,2.93,89.19,5.61,2,6,public_slow,229.8,2.39,1.06,8.84,rainy,0.218,middle,15.81,0,Delhi,2026,1
Delhi,2W,2.45,70.53,24.53,4,4,public_fast,78.56,3.74,3.5,9.22,clear,0.201,high,14.72,1,Delhi,2026,12
Delhi,2W,3.2,104.73,29.78,2,1,home,337.61,4.63,4.82,5.21,rainy,0.424,middle,17.29,1,Delhi,2026,1
Delhi,2W,2.42,95.98,65.28,4,2,public_fast,63.82,4.28,14.14,5.88,extreme_heat,0.226,middle,12.32,1,Delhi,2019,10
Delhi,2W,2.47,103.18,1,2,2,public_fast,70.39,1.98,0.15,5.91,rainy,0.606,low,13.33,0,Delhi,2019,2
Delhi,2W,2.89,86.89,34.76,1,5,public_slow,196.61,0.72,7.92,8.81,extreme_heat,0.321,low,14.72,1,Delhi,2026,1
Delhi,2W,2.61,81.39,6.5,2,6,public_slow,128.94,1.56,1.24,7.16,clear,0.327,middle,15.67,0,Delhi,2026,12
Delhi,2W,2.82,95.46,13.32,4,2,public_slow,191.7,2.23,1.96,6.88,humid,0.389,middle,16.91,0,Delhi,2021,7
Delhi,2W,3,77.1,2.97,2,4,home,178.75,0.3,0.61,7.8,humid,0.14,low,18.01,0,Delhi,2024,4
Delhi,2W,3.33,89.07,9.78,1,3,public_slow,219.62,0.72,1.91,7.14,clear,0.053,low,19.97,0,Delhi,2021,12
Delhi,2W,3.77,91.28,14.46,3,1,public_slow,248.15,0.64,2.5,6.16,extreme_heat,0.136,middle,19.21,0,Delhi,2026,1
Delhi,2W,2.23,82.54,34.98,2,4,public_fast,59.73,1.54,4.98,9.23,rainy,0.29,middle,12.06,0,Delhi,2025,5
Delhi,2W,2.92,98.88,26.61,3,3,public_fast,132.65,0.05,5.98,9.89,extreme_heat,0.473,low,14.89,0,Delhi,2021,1
Delhi,2W,4.09,83.99,21.52,2,6,public_fast,49.56,2.93,5.01,10.31,humid,0.148,high,24.51,1,Delhi,2026,1
Delhi,2W,3.05,78.46,20.93,3,4,home,256.43,1.84,3,7.68,humid,0.172,low,18.31,0,Delhi,2022,10
Delhi,2W,2.42,103.26,12.11,2,3,public_fast,46.41,7.19,2.4,5.23,clear,0.329,low,14.54,1,Delhi,2020,5
Delhi,2W,3.53,99.19,9.96,2,3,home,193.42,1.97,1.71,6.8,extreme_heat,0.216,low,17.98,0,Delhi,2021,9
Delhi,2W,3.24,85.95,1,2,3,public_fast,256.87,1.51,0.16,7.4,rainy,0.307,middle,17.51,0,Delhi,2024,9
Delhi,2W,3.73,96.8,1.79,4,2,public_slow,132.32,0.68,0.28,7.8,rainy,0.444,middle,20.16,0,Delhi,2019,2
Delhi,2W,3.25,79.67,26.65,2,2,public_fast,64.53,1.99,4.36,10.47,humid,0.123,middle,19.5,1,Delhi,2024,8
Delhi,2W,2.28,78.4,15.54,3,3,public_fast,64.26,2.19,2.84,10.51,rainy,0.272,high,12.31,0,Delhi,2026,2
Delhi,2W,2.95,74.13,119.04,2,5,public_fast,62.44,0.2,7.16,10.12,extreme_heat,0.244,low,15.06,0,Delhi,2026,1
Delhi,2W,3.38,85.51,55.38,1,4,home,208.32,1.33,10.16,8.3,extreme_heat,0.141,middle,17.25,0,Delhi,2024,3
Delhi,2W,2.77,89.14,43.72,2,3.33,home,289.3,2.59,8.65,9.23,extreme_heat,0.247,low,14.1,0,Delhi,2023,11
Delhi,2W,3.28,99.3,21.07,2,1,public_fast,75.18,0.41,3.09,7.39,extreme_heat,0.115,low,16.72,0,Delhi,2021,3
Delhi,2W,3.44,97.8,22.68,4,4,public_fast,45.38,0.36,3.73,7.73,humid,0.354,middle,20.61,0,Delhi,2021,3
Delhi,2W,1.45,89.19,23.54,1,3,home,309.63,1.45,3.2,4.96,rainy,0.195,middle,7.81,0,Delhi,2020,7
Delhi,2W,3.25,90.12,24.71,4,3,home,334.61,0.21,4.01,6.18,humid,0.219,low,19.48,0,Delhi,2021,5
Delhi,2W,2.33,95.46,15.89,3,1,public_fast,178.75,5.8,2.35,6.76,extreme_heat,0.454,high,11.86,1,Delhi,2019,3
Delhi,2W,3.21,103.52,27.43,2,2,public_fast,87.21,1.28,3.29,6.2,clear,0.306,low,19.25,0,Delhi,2019,11
Delhi,2W,2.94,80.01,1,2,2,public_slow,201.42,0.95,0.15,8.07,clear,0.204,low,17.62,0,Delhi,2024,12
Delhi,2W,3.02,92.18,24.04,2,3.33,home,326.36,4.89,4.52,8.24,rainy,0.109,middle,16.33,1,Delhi,2022,1
Delhi,2W,3.39,96.82,6.12,3,4,public_fast,55.48,2.2,1.09,7.85,clear,0.328,middle,16.84,0,Delhi,2023,10
Delhi,2W,3.79,92.14,16.31,2,5,public_fast,58.51,1.66,3.13,6.89,clear,0.421,middle,22.74,1,Delhi,2022,8
Delhi,2W,3,96.41,34.06,2.52,4,public_fast,71.47,5.31,4.16,5.4,extreme_heat,0.073,middle,16.9,1,Delhi,2022,10
Delhi,2W,3.14,86.94,43.17,1,5,home,297.38,0.77,7.53,7.09,humid,0.3,low,18.83,1,Delhi,2024,2
Delhi,2W,2.81,94.4,25.61,4,4,public_slow,280.76,0.63,3.07,8.78,humid,0.494,low,16.84,0,Delhi,2022,7
Delhi,2W,2.19,75.62,4.48,1,5,public_fast,127.07,1.99,0.97,7.52,extreme_heat,0.375,low,11.19,0,Delhi,2026,5
Delhi,2W,3.5,93.2,36.86,1,3,public_fast,42.43,2.16,7.37,6.12,clear,0.2,high,21.01,0,Delhi,2021,12
Delhi,2W,2.82,89.41,46.72,3,4,home,289.26,7.48,8.61,7.21,humid,0.146,low,16.89,1,Delhi,2023,1
Delhi,2W,3.25,94.41,36.88,3,2,public_slow,135.16,1.18,4.85,6.52,rainy,0.316,low,17.54,0,Delhi,2022,9
Delhi,2W,2.11,96.72,25.15,2,4,public_fast,45.5,1.12,4.36,5.39,extreme_heat,0.317,low,10.75,0,Delhi,2019,10
Delhi,2W,2.71,86.9,21.3,2,5,public_slow,124.16,10.19,4.54,9.92,extreme_heat,0.162,middle,13.81,1,Delhi,2026,1
Delhi,2W,4.2,100.73,30.01,3,1,home,269.92,0.95,4.05,5.86,clear,0.559,middle,25.19,0,Delhi,2019,9
Delhi,2W,3.06,84.65,2.86,4,4,home,114.99,2.22,0.54,7.82,humid,0.331,middle,18.38,0,Delhi,2025,3
Delhi,2W,1.86,89.52,28.2,3,2,public_fast,39.67,1.06,4.36,6.17,rainy,0.113,low,10.05,0,Delhi,2020,4
Delhi,2W,2.52,78.81,15.08,3,3,home,247.65,1.99,2.63,6.04,extreme_heat,0.443,low,15.12,0,Delhi,2024,10
Delhi,2W,3.57,95.59,48.44,3,2,home,281.41,2.32,7.5,6.37,extreme_heat,0.068,high,19.3,0,Delhi,2020,12
Delhi,2W,3.78,84.42,1,2,6,public_fast,61.12,0.94,0.14,8.84,clear,0.113,middle,22.69,0,Delhi,2026,5
Delhi,2W,2.79,73.79,6.42,1,7,home,367.56,0.77,1.22,8.76,extreme_heat,0.457,low,14.22,1,Delhi,2026,1
Delhi,2W,2.49,82.1,36.95,3,4,public_slow,191.48,0.35,5.05,9.9,humid,0.229,low,14.92,0,Delhi,2026,4
Delhi,2W,4.3,88.73,30.07,1,4,public_fast,39.99,2.9,10.82,9.23,rainy,0.264,low,23.21,0,Delhi,2026,2
Delhi,2W,3.3,90.77,34.1,4,3,public_slow,166.29,2.7,5.91,5.64,extreme_heat,0.401,low,16.85,0,Delhi,2020,7
Delhi,2W,2.54,101.83,19.78,3,1,home,266.76,0,3.05,7.07,clear,0.369,low,15.24,0,Delhi,2021,5
Delhi,2W,3,77.13,21.34,2,6,home,218.91,0.44,3.76,7.88,extreme_heat,0.316,middle,15,1,Delhi,2026,11
Delhi,2W,3.2,104.13,22.5,1,1,public_slow,202.24,5.72,4.09,6.8,humid,0.583,low,19.21,1,Delhi,2019,5
Delhi,2W,2.52,82.96,42.94,2,4,home,315.29,6.87,7.05,8.92,extreme_heat,0.072,low,12.87,1,Delhi,2024,2
Delhi,2W,2.95,100.57,11.84,4,1,public_fast,50.17,0.04,2.73,4.67,clear,0.209,middle,17.68,0,Delhi,2019,11
Delhi,2W,2.27,87.2,37.77,3,4,home,340.25,2.36,6.28,8.92,clear,0.096,low,13.61,0,Delhi,2022,12
Delhi,2W,3.56,100.84,6.47,1,2,home,274.01,0.05,0.92,7.31,rainy,0.023,low,19.23,0,Delhi,2021,12
Delhi,2W,2.77,95.15,18.76,1,2,home,235.51,0.2,3.9,7.24,rainy,0.316,middle,16.84,0,Delhi,2020,1
Delhi,2W,2.58,79.62,20.66,3,5,public_fast,76.98,4.17,4.36,9.85,rainy,0.254,low,13.96,1,Delhi,2025,10
Delhi,2W,3.4,91.04,31.57,2,2,home,243.94,2.69,5.34,5.45,clear,0.306,low,20.42,0,Delhi,2020,8
Delhi,2W,3.37,98.64,30.57,2,1,public_slow,229.24,0.45,5.17,6.45,humid,0.398,low,20.25,0,Delhi,2026,1
Delhi,2W,2.28,85.35,5.12,3,5,home,328.07,2.2,4.36,7.8,extreme_heat,0.406,middle,11.63,0,Delhi,2025,10
Delhi,2W,2.99,88.59,30.1,2,5,public_slow,133.11,1.64,4.34,7.8,humid,0.371,middle,17.96,1,Delhi,2022,7
Delhi,2W,3.16,83.88,13.27,4,1,home,391.72,3.14,2.24,8.55,rainy,0.323,middle,17.09,1,Delhi,2023,4
Delhi,2W,3.21,79.01,22.9,1,5,home,228.85,4.35,3.81,7.53,clear,0.318,low,19.27,1,Delhi,2026,4
Delhi,2W,2.84,84.68,52.84,1,4,home,300.94,0.7,9.7,7.17,humid,0.638,low,17.05,0,Delhi,2024,7
Delhi,2W,3.31,95.83,55.4,3,2,home,238.03,0.42,9.17,6.95,extreme_heat,0.342,low,16.89,0,Delhi,2020,6
Delhi,2W,1.91,87.74,34.84,2,2,home,311.44,0.68,6.41,9.02,rainy,0.29,middle,10.29,0,Delhi,2024,4
Delhi,2W,2.71,88.38,27.73,4,5,public_fast,51.81,1.99,4.68,8.94,clear,0.243,middle,16.24,1,Delhi,2023,5
Delhi,2W,2.88,83.24,43.98,2,3,public_fast,75.5,0.15,7.65,10.69,clear,0.374,middle,17.26,0,Delhi,2024,12
Delhi,2W,3,92.11,26.75,3,2,public_fast,48.84,0.56,4.43,6.88,rainy,0.107,low,20.3,0,Delhi,2020,5
Delhi,2W,2.94,80.53,9.44,2,2,public_slow,178.75,4.29,1.27,6.78,humid,0.413,middle,17.63,0,Delhi,2026,1
Delhi,2W,3.87,100.1,33.2,4,1,public_fast,18.22,1.23,6.18,6.68,humid,0.097,low,23.21,0,Delhi,2019,6
Delhi,2W,3.29,86.58,27.42,2,6,public_slow,190.79,0.8,4.21,8.08,extreme_heat,0.291,low,16.78,1,Delhi,2024,7
Delhi,2W,3.31,103.35,41.07,3,1,public_fast,67.46,1.31,5.86,4.6,clear,0.325,low,19.86,0,Delhi,2019,2
Delhi,2W,2.39,95.65,8.78,3,2,public_fast,284.86,3.4,1.81,7.13,clear,0.309,low,14.36,0,Delhi,2022,10
Delhi,2W,3.03,95.17,16.28,3,1,home,283.39,0.66,2.48,4.34,humid,0.431,high,16.84,0,Delhi,2019,2
Delhi,2W,2.79,98.43,28.17,5,2,public_fast,46.28,0.05,4.36,5.26,extreme_heat,0.398,middle,14.21,0,Delhi,2019,3
Delhi,2W,2.61,83.82,35.6,3,4,home,254.62,1,6.83,10.15,clear,0.293,high,15.65,0,Delhi,2026,3
Delhi,2W,2.47,86.59,7.36,2,6,public_slow,146.04,2.16,1.97,10.4,extreme_heat,0.404,high,13.34,0,Delhi,2025,10
Delhi,2W,4.12,102.63,39.76,3,1,home,269.78,0.19,8.61,5.79,clear,0.336,middle,24.71,0,Delhi,2019,3
Delhi,2W,3.41,88.66,38.56,2,5,public_fast,28.22,2.38,7.9,7.88,humid,0.33,middle,20.49,1,Delhi,2023,7
Delhi,2W,3.03,86.53,23.09,1,4,public_fast,70.57,8.07,4.16,8.38,rainy,0.155,middle,16.34,1,Delhi,2026,1
Delhi,2W,3.25,81.4,14.1,3,4,public_fast,34.51,10.68,1.88,8.09,clear,0.213,middle,19.52,1,Delhi,2025,3
Delhi,2W,1.4,93.33,15.85,2,3.33,public_fast,40.02,5.46,2.25,6.29,clear,0.188,low,8.4,1,Delhi,2021,3
Delhi,2W,3.34,85.02,25.98,3,6,home,230.12,1.02,3.93,9.98,clear,0.541,middle,20.05,1,Delhi,2025,8
Delhi,2W,2.66,76.6,8.12,4,6,public_slow,199.88,0.38,1.02,9.5,clear,0.516,low,15.97,0,Delhi,2024,12
Delhi,2W,2.87,104.11,26.61,4,1,home,294.74,2.2,8.04,5.01,extreme_heat,0.302,low,14.63,0,Delhi,2019,6
Delhi,2W,3.54,96.57,49.48,3,3,public_fast,77.71,1.76,8.69,7.08,humid,0.525,middle,21.25,0,Delhi,2019,2
Delhi,2W,2.41,89.05,28.69,2,5,public_slow,208.71,2.02,5.09,6.84,humid,0.282,low,14.47,1,Delhi,2022,1
Delhi,2W,2.84,79.71,38.74,1,5,public_fast,178.75,0.94,7.4,10.66,rainy,0.094,low,15.35,1,Delhi,2026,12
Delhi,2W,3.08,80.11,26.34,1,6,home,290.13,6.88,4.4,6.19,extreme_heat,0.174,low,15.69,1,Delhi,2025,5
Delhi,2W,2.51,89.39,34.19,2.52,4,home,385.52,3.44,5.64,8.73,rainy,0.512,high,13.55,1,Delhi,2023,5
Delhi,2W,3.07,82.84,21.35,2,4,home,364.93,0.41,2.87,7.28,clear,0.412,high,18.4,0,Delhi,2023,3
Delhi,2W,3.24,91.56,52.64,2,2,public_fast,32.93,4.43,9.75,7.51,extreme_heat,0.234,high,16.55,1,Delhi,2020,6
Delhi,2W,2.48,71.71,44.33,2,3,public_fast,74.48,2.05,5.28,8.61,extreme_heat,0.518,low,12.66,1,Delhi,2025,12
Delhi,2W,2.91,84.17,26.61,1,4,public_fast,52.95,0.5,8.45,7.76,rainy,0.384,low,15.73,0,Delhi,2024,11
Delhi,2W,2.62,89.49,19.73,2,3,home,293.52,0.32,2.72,7.22,humid,0.412,middle,15.7,0,Delhi,2021,3
Delhi,2W,2.55,78.37,1,2,5,home,285.84,0.76,0.19,9.66,rainy,0.06,low,13.79,0,Delhi,2026,4
Delhi,2W,3.4,83.57,14.2,4,4,public_fast,47.74,5.67,2.51,8.43,extreme_heat,0.127,low,18.37,1,Delhi,2024,9
Delhi,2W,3.71,76.23,9.13,2,4,public_slow,126.15,2.02,1.22,9.58,extreme_heat,0.205,middle,18.94,0,Delhi,2026,2
Delhi,2W,3.05,81.27,18.57,3,5,public_slow,140.93,2.16,2.75,7.64,humid,0.406,high,18.29,1,Delhi,2023,7
Delhi,2W,2.65,91.46,27.48,3,1,public_slow,63.81,1.16,3.8,6.01,humid,0.172,middle,15.87,0,Delhi,2020,3
Delhi,2W,2.78,106.81,28.41,4,2,public_slow,163.81,2.52,4.42,7.53,rainy,0.173,high,15.02,0,Delhi,2020,10
Delhi,2W,2.83,94.36,7.63,2,2,home,311.02,5.19,1.55,6.64,extreme_heat,0.348,high,14.44,0,Delhi,2021,7
Delhi,2W,2.46,76.06,32.76,3,4,public_fast,37.87,0.94,5.22,8.81,extreme_heat,0.29,low,12.53,0,Delhi,2025,4
Delhi,2W,3.41,81.75,33.24,1,3,home,196.6,0.43,5.55,8.91,rainy,0.054,middle,18.42,0,Delhi,2023,6
Delhi,2W,2.84,93.54,45.43,4,2,public_fast,48.76,1.44,6.77,6.2,clear,0.202,middle,17.07,0,Delhi,2020,11
Delhi,2W,3,74.63,14.97,2,2,home,363.65,1.57,2.06,9.36,extreme_heat,0.062,low,18,1,Delhi,2023,4
Delhi,2W,3.83,83.34,9.19,3,4,public_fast,53.74,2.29,1.55,9.31,extreme_heat,0.026,high,19.54,0,Delhi,2026,3
Delhi,2W,2.53,100.63,18.8,2,2,public_fast,55.29,0.75,2.88,8.98,humid,0.034,low,15.21,0,Delhi,2021,9
Delhi,2W,2.86,75.13,33.95,1,6,public_slow,278.12,0.77,5.6,11.47,extreme_heat,0.342,high,14.6,1,Delhi,2026,3
Delhi,2W,2.86,89.19,10.52,2,4,public_slow,147.18,0.69,1.74,6.58,humid,0.522,low,17.16,0,Delhi,2021,5
Delhi,2W,2.21,82.08,48.57,2,2,public_slow,148.46,1.76,8.59,7.8,clear,0.11,middle,13.26,0,Delhi,2023,10
Delhi,2W,2.78,90.96,6.6,2,2,public_fast,75.78,3.29,1.14,7.23,extreme_heat,0.119,middle,14.18,0,Delhi,2022,12
Delhi,2W,3.44,85.73,17.93,4,4,home,327.17,5.37,2.76,7.89,clear,0.095,middle,20.67,1,Delhi,2023,5
Delhi,2W,3.19,78.44,13.73,1,4,home,364.22,3.03,2.37,10.18,humid,0.641,middle,19.17,1,Delhi,2025,2
Delhi,2W,2.59,76.5,45.53,3,3.33,public_fast,70.08,0.25,7.26,9.28,rainy,0.537,middle,13.99,0,Delhi,2025,1
Delhi,2W,2.88,97.23,13.22,2,3.33,public_fast,49.1,0.56,1.78,6.73,rainy,0.069,middle,16.84,0,Delhi,2021,7
Delhi,2W,3.42,95.13,41.13,2,2,public_fast,76.14,0.08,5.65,7.55,extreme_heat,0.296,high,17.46,0,Delhi,2022,10
Delhi,2W,2.54,87.27,32.38,2,3,public_slow,200.37,0.52,5.22,9.07,humid,0.29,high,15.23,0,Delhi,2023,7
Delhi,2W,2.35,98.19,27.55,4,1,home,313.81,1.06,3.37,6.49,humid,0.092,low,16.84,0,Delhi,2020,4
Delhi,2W,3.56,88.06,104.25,1,2,public_slow,224.38,0.6,7.61,6.2,extreme_heat,0.559,high,19.23,0,Delhi,2023,12
Delhi,2W,3.85,82.52,33.46,2,5,public_fast,77.04,3.09,2,8.31,clear,0.118,low,23.11,1,Delhi,2025,12
Delhi,2W,2.93,103.88,5.88,2,3,public_fast,85.95,4.76,1.26,4.43,humid,0.221,middle,17.6,0,Delhi,2019,10
Delhi,2W,3.78,79.62,26.61,4,7,public_fast,46.43,1.93,0.64,9.11,humid,0.205,middle,22.68,0,Delhi,2026,10
Delhi,2W,2.83,76.43,4.96,1,7,public_fast,74.77,3.12,0.81,8.14,humid,0.464,middle,16.99,1,Delhi,2025,1
Delhi,2W,2.79,76.89,26.69,1,6,public_slow,190.93,0.05,5.35,8.5,extreme_heat,0.45,low,14.25,1,Delhi,2026,5
Delhi,2W,2.75,86.48,46.43,2,4,public_slow,127.56,4.64,8.98,7.11,humid,0.35,middle,16.51,1,Delhi,2022,2
Delhi,2W,2.41,87.08,7.3,2,4,public_fast,36.81,0.26,4.36,8.12,rainy,0.331,middle,13.03,0,Delhi,2026,3
Delhi,2W,2.63,89.97,16.08,2,4,public_fast,94.47,0.76,2.08,10.56,humid,0.477,low,15.79,0,Delhi,2024,7
Delhi,2W,2.56,90.64,23.99,3,5,public_slow,180.4,0.03,4.56,10.08,clear,0.256,middle,15.35,1,Delhi,2023,9
Delhi,2W,3.64,79.55,33.38,4,6,public_fast,84.68,0.23,7.61,7.88,clear,0.2,high,21.83,1,Delhi,2025,10
Delhi,2W,3.48,89.38,29.31,2.52,1,home,331.33,5.35,6.61,6.24,rainy,0.41,low,18.8,1,Delhi,2020,10
Delhi,2W,3.77,84.41,18.58,3,6,home,252.48,0.56,2.77,9.16,clear,0.55,middle,22.62,1,Delhi,2026,3
Delhi,2W,2.49,89.66,34.76,2,4,home,347.37,0.01,6.96,9.18,humid,0.074,middle,14.95,0,Delhi,2024,1
Delhi,2W,3.06,76.12,27.82,4,5,home,365.04,2.41,4.71,11.54,rainy,0.286,low,16.84,1,Delhi,2026,10
Delhi,2W,3.37,98.11,1,2,1,home,294.99,1.32,0.14,6.33,humid,0.439,middle,20.24,0,Delhi,2019,8
Delhi,2W,1.93,88.88,1,3,5,public_slow,249.51,0.26,0.18,10.47,rainy,0.215,middle,10.42,0,Delhi,2026,12
Delhi,2W,2.64,89.81,16.45,3,4,home,272.61,0.47,2.38,12.13,extreme_heat,0.422,low,13.48,0,Delhi,2026,7
Delhi,2W,2.85,88.92,20.02,2,2,public_slow,193.79,1.14,2.95,6.65,rainy,0.127,low,15.38,0,Delhi,2022,6
Delhi,2W,2.4,82.57,38.4,4,4,public_slow,145.86,1.24,5.55,8.11,rainy,0.347,middle,16.84,0,Delhi,2025,4
Delhi,2W,3.09,84.28,20.86,4,5,public_fast,86.29,2.55,3.39,9.27,humid,0.291,low,18.54,1,Delhi,2026,4
Delhi,2W,3.34,83.65,20.33,1,6,public_fast,41.45,2.96,3.12,9.63,humid,0.126,low,20.03,1,Delhi,2026,7
Delhi,2W,3.23,89.28,33.94,1,5,home,335,2.13,5.2,8.74,clear,0.206,middle,19.37,1,Delhi,2025,12
Delhi,2W,2.86,82.66,5.07,2,5,public_slow,231.22,0.34,1.08,8.71,humid,0.403,middle,17.13,0,Delhi,2025,5
Delhi,2W,3.36,86.7,10.39,2.52,2,public_fast,17.57,0.82,1.59,6.99,humid,0.256,middle,20.16,0,Delhi,2021,11
Delhi,2W,3.52,82.45,20.2,4,5,public_fast,49.67,9.65,3.61,8.65,rainy,0.101,middle,19,1,Delhi,2026,11
Delhi,2W,2.22,97.38,44.32,1,1,public_fast,64.71,0.69,10.53,7.6,clear,0.271,middle,13.33,0,Delhi,2019,12
Delhi,2W,2.48,91.39,31.47,4,5,public_fast,32.83,1.59,4.81,8.21,humid,0.358,high,14.87,1,Delhi,2024,11
Delhi,2W,2.56,88.66,47,3,1,public_slow,148.89,0.47,2.39,6.52,rainy,0.117,high,13.81,0,Delhi,2020,3
Delhi,2W,3,79.62,42.53,2,3.33,public_fast,87.72,3.87,7.44,8.05,humid,0.333,low,20.45,1,Delhi,2026,7
Delhi,2W,2.46,84.93,24.66,3,3,home,389.73,1.51,3.84,7.92,extreme_heat,0.235,middle,12.52,0,Delhi,2022,9
Delhi,2W,2.33,92.89,26.56,2.52,3,public_fast,178.75,1.59,3.41,10.05,rainy,0.719,low,12.61,0,Delhi,2022,10
Delhi,2W,3.81,90.19,27.63,1,3,public_fast,95.87,3.73,3.78,8.84,humid,0.251,high,22.84,1,Delhi,2022,3
Delhi,2W,3.14,74.4,21.71,1,3,public_fast,67.9,1.56,3.62,9.46,humid,0.372,high,18.86,1,Delhi,2025,6
Delhi,2W,2.82,96.4,14.02,1,2,public_fast,36.9,1.59,3.69,9.19,extreme_heat,0.086,middle,14.38,0,Delhi,2023,7
Delhi,2W,2.97,89.19,1,3,2,public_fast,74.81,1.69,0.21,8.67,clear,0.468,middle,17.82,0,Delhi,2025,8
Delhi,2W,2.67,89.19,5.92,4,4,public_slow,157.71,0.93,1.24,6.02,clear,0.278,low,16.05,0,Delhi,2022,10
Delhi,2W,3.34,91.15,30.16,2,3,home,288.42,0.28,4.81,7.67,extreme_heat,0.562,middle,17.05,0,Delhi,2022,5
Delhi,2W,2.33,100.89,122.32,1,1,home,301.1,2.33,12.11,5.9,clear,0.521,middle,13.98,0,Delhi,2019,2
Delhi,2W,2.95,86.87,21.17,3,2,public_fast,24.78,1.83,2.94,3.78,clear,0.2,low,17.67,0,Delhi,2020,9
Delhi,2W,3.46,92.31,26.61,3,3,public_fast,58.01,0.02,4.96,8.3,rainy,0.122,middle,18.67,0,Delhi,2022,6
Delhi,2W,2.85,92.2,25.26,2,1,home,241.67,6.02,4.05,7.46,humid,0.088,middle,17.13,1,Delhi,2020,11
Delhi,2W,3.27,66.75,22.92,1,3,public_fast,258.45,0.44,3.87,9.29,rainy,0.16,high,17.66,1,Delhi,2026,10
Delhi,2W,2.75,104.19,48.93,3,2,public_fast,45.87,0.58,7.74,6.58,rainy,0.326,low,14.87,0,Delhi,2020,2
Delhi,2W,3.59,82.41,17.92,4,6,home,220.82,3.29,2.97,7.48,extreme_heat,0.171,low,18.33,1,Delhi,2026,8
Delhi,2W,2.27,94.24,34.23,3,2,home,327.12,0.44,6.78,6.33,rainy,0.167,high,12.25,0,Delhi,2020,2
Delhi,2W,2.43,97.76,21.39,4,4,public_slow,152.24,2.96,4.17,8.16,humid,0.134,middle,14.6,0,Delhi,2022,4
Delhi,2W,2.54,89.74,25.72,2,4,public_fast,48.25,0.7,4.47,6.43,humid,0.16,middle,15.23,0,Delhi,2020,10
Delhi,2W,3.09,94.55,19.39,3,2,home,376.27,0.06,3.76,6.64,rainy,0.385,high,16.69,0,Delhi,2020,11
Delhi,2W,2.6,95.88,39.19,3,3,home,312.6,1.99,5.29,6.08,extreme_heat,0.289,high,13.27,1,Delhi,2021,8
Delhi,2W,3.33,86.38,51.31,3,3,home,436.86,2.5,7.71,8.45,clear,0.297,low,19.98,0,Delhi,2023,6
Delhi,2W,2.44,79.56,28.37,1,4,home,243.13,1.56,5.34,9.01,extreme_heat,0.394,low,12.45,0,Delhi,2023,5
Delhi,2W,2.24,92.62,79.64,2,4,home,364.04,2.52,3.87,9.63,rainy,0.12,middle,12.1,0,Delhi,2026,12
Delhi,2W,3.69,83.86,47.28,4,4,public_slow,129.95,2.22,6.66,10.98,clear,0.279,low,22.12,0,Delhi,2026,10
Delhi,2W,3.82,82.92,18.44,3,3,public_slow,157.08,0.15,3.1,9.2,humid,0.367,high,22.93,0,Delhi,2025,10
Delhi,2W,2.53,99.53,28.73,4,1,home,290.09,1.56,4.19,6.39,rainy,0.35,low,13.64,0,Delhi,2020,11
Delhi,2W,3.61,96.07,24.18,2,2,home,322,3.09,4.36,8.17,extreme_heat,0.126,low,18.43,1,Delhi,2021,2
Delhi,2W,3.85,67.6,34.63,2,5,public_slow,201.4,0.23,8,9.43,clear,0.084,low,23.1,1,Delhi,2024,1
Delhi,2W,3.72,102.89,15.38,2,1,public_fast,34.87,0.34,2.72,6.31,clear,0.315,middle,22.34,0,Delhi,2019,6
Delhi,2W,3.21,75.08,13.2,4,5,public_slow,195.2,2.59,2.03,9.31,clear,0.181,high,19.24,0,Delhi,2026,2
Delhi,2W,2.84,93.25,1,2,2,home,369.6,2.4,0.29,5.65,extreme_heat,0.312,middle,14.49,0,Delhi,2022,11
Delhi,2W,3.05,84.39,30.66,2,3,home,357.02,3.03,6.14,7.74,rainy,0.55,middle,16.45,1,Delhi,2022,6
Delhi,2W,3.01,89.19,26.61,2,4,public_fast,77.11,0.96,3.1,11.37,clear,0.095,middle,18.04,0,Delhi,2026,1
Delhi,2W,2.8,89.19,51.28,3,3,public_slow,111.2,1.87,9.45,7.13,humid,0.254,middle,16.83,0,Delhi,2022,11
Delhi,2W,2.58,107.33,34.13,1,1,public_slow,206.22,3.77,5.36,4.68,extreme_heat,0.19,low,13.14,1,Delhi,2019,11
Delhi,2W,2.63,92.92,21.93,3,4,public_fast,41.68,3.78,3.05,7.5,rainy,0.214,low,14.18,1,Delhi,2021,12
Delhi,2W,3.82,77.43,25.47,3,4,public_fast,58.1,0.04,3.32,9.84,rainy,0.648,low,20.63,0,Delhi,2026,12
Delhi,2W,2.88,77.99,1.2,2,5,public_fast,93.3,2.52,0.14,12.17,humid,0.542,middle,17.29,0,Delhi,2026,4
Delhi,2W,3.76,86.17,29.29,3,4,public_slow,122.92,4.24,3.95,9.56,rainy,0.272,high,20.28,0,Delhi,2023,10
Delhi,2W,2.02,96.87,29.73,1,3,public_slow,160.34,2.34,4.44,8.15,humid,0.367,high,12.12,0,Delhi,2023,9
Delhi,2W,2.39,92.07,13.29,3,2,public_fast,58.36,4.24,2.67,8.35,humid,0.458,middle,14.33,1,Delhi,2026,6
Delhi,2W,2.81,73.2,6.84,3,4,public_slow,209.87,2.94,1.02,8.52,extreme_heat,0.196,low,14.32,0,Delhi,2024,8
Delhi,2W,3.25,101.22,26.61,2,1,public_slow,206.18,5.55,6.03,5.3,clear,0.142,middle,19.52,1,Delhi,2020,1
Delhi,2W,2.67,100.87,25.82,2,2,public_slow,234.95,1.61,3.88,6.26,extreme_heat,0.215,middle,13.6,0,Delhi,2019,8
Delhi,2W,3.26,91.52,27.62,4,3,public_fast,47.83,0.91,4.47,7.8,extreme_heat,0.319,low,16.64,0,Delhi,2021,11
Delhi,2W,2.91,75.91,27.87,4,4,home,218.65,0.18,4.33,7.72,extreme_heat,0.237,middle,14.86,0,Delhi,2026,1
Delhi,2W,3,81.66,1,2,4,home,250.19,2.08,0.16,8.19,rainy,0.625,middle,18.95,0,Delhi,2025,7
Delhi,2W,1.81,86.51,36.37,1,3,public_fast,73,0.67,5.59,8.52,rainy,0.521,middle,9.76,0,Delhi,2024,3
Delhi,2W,2.05,71.69,29.83,4,5,home,396.79,1.99,6.17,10.12,humid,0.093,middle,12.31,1,Delhi,2026,3
Delhi,2W,3.14,95.94,27.84,2,3.33,public_slow,215.14,0.04,3.99,7.39,extreme_heat,0.429,middle,16,0,Delhi,2021,5
Delhi,2W,1.99,95.25,29.19,2,3,public_slow,176.59,6.71,5.37,6.65,extreme_heat,0.29,low,16.84,0,Delhi,2026,1
Delhi,2W,1.89,95.82,30.54,2.52,3,public_fast,62.5,3.37,5.23,9.74,humid,0.382,middle,11.33,1,Delhi,2022,11
Delhi,2W,2.24,84.17,21.2,2,4,home,347.02,1.18,2.97,8.5,extreme_heat,0.286,middle,11.41,0,Delhi,2024,12
Delhi,2W,2.88,93.19,29.5,1,2,home,158.87,0.37,3.98,5.95,rainy,0.256,low,15.57,0,Delhi,2019,7
Delhi,2W,3.12,81.67,32.74,2,5,public_slow,172.59,0.13,6.85,6.4,rainy,0.287,middle,16.82,1,Delhi,2023,12
Delhi,2W,3.55,90.96,31.19,4,2,public_fast,84.03,1.99,4.26,6.97,rainy,0.41,low,19.17,1,Delhi,2022,5
Delhi,2W,3.11,89.77,1,5,2,public_slow,215.76,12.25,0.16,9.29,humid,0.188,high,18.65,0,Delhi,2023,5
Delhi,2W,3.31,81.14,29.97,2,6,home,323.46,0.72,6.04,8.56,extreme_heat,0.092,low,16.89,1,Delhi,2026,9
Delhi,2W,2.42,104.91,24.35,2,3,public_slow,182.4,0.42,5.68,8.5,extreme_heat,0.34,low,12.34,0,Delhi,2021,4
Delhi,2W,3.39,95.65,17.28,1,1,public_slow,192.36,0.39,2.84,5.19,clear,0.117,low,20.35,0,Delhi,2019,6
Delhi,2W,3.76,91.25,39.92,4,7,public_slow,214.79,0.57,5.7,8.9,extreme_heat,0.368,high,19.2,1,Delhi,2025,7
Delhi,2W,2.8,93.2,22.19,4,2,public_fast,59.4,2.52,3.98,7.77,humid,0.318,low,16.8,0,Delhi,2021,4
Delhi,2W,3.48,83.76,15.83,3,4,home,237.6,0.52,3.58,8.63,humid,0.244,middle,20.89,0,Delhi,2023,8
Delhi,2W,3.33,100.83,30.67,2,1,public_fast,51.12,0.17,4.19,6.01,clear,0.222,high,20.01,0,Delhi,2019,6
Delhi,2W,3.01,82.21,32.78,4,6,public_fast,87.12,2.97,5.38,10,humid,0.423,middle,18.07,1,Delhi,2025,10
Delhi,2W,3.1,86.49,16.63,4,4,public_slow,231.26,0.02,2.77,10.7,clear,0.18,middle,18.58,0,Delhi,2025,2
Delhi,2W,2.77,78.88,42.19,4,3,public_slow,228.89,0.68,7.36,8.92,extreme_heat,0.29,middle,14.12,0,Delhi,2025,1
Delhi,2W,3.59,92.52,6.41,2,3,home,326.97,3.38,0.99,8.09,extreme_heat,0.63,low,21.54,0,Delhi,2022,9
Delhi,2W,3.12,85.97,45.08,2,4,public_fast,74.74,5.1,7.72,5.91,clear,0.26,middle,18.71,1,Delhi,2024,2
Delhi,2W,2.78,87.71,48.55,3,4,public_fast,62.41,1.06,7.5,9.23,extreme_heat,0.245,low,16.7,0,Delhi,2026,7
Delhi,2W,2.84,87.3,33.97,1,5,public_slow,169.19,0.24,6.51,8.1,clear,0.17,middle,17.02,1,Delhi,2025,8
Delhi,2W,3,96.37,20.73,1,2,public_slow,221.58,2.21,3.29,6.33,humid,0.155,middle,16,0,Delhi,2019,6
Delhi,2W,3.5,81.2,23.37,3,3,public_fast,59.11,1.47,3.8,9.09,clear,0.37,high,21.02,0,Delhi,2023,10
Delhi,2W,2.54,92.38,1,2.52,2,public_fast,39.39,1.55,0.15,7.17,extreme_heat,0.287,high,12.97,0,Delhi,2026,1
Delhi,2W,3.05,94.41,18.31,2,3,public_fast,132.92,0.71,3.03,7.58,humid,0.198,low,18.3,0,Delhi,2022,12
Delhi,2W,3.12,85.03,18.37,2,4,public_fast,67.52,1.63,4.88,8.83,extreme_heat,0.334,middle,15.91,0,Delhi,2024,3
Delhi,2W,2.64,94.2,28.98,4,1,public_slow,188.26,5.27,4.92,6.54,humid,0.513,middle,15.82,1,Delhi,2021,2
Delhi,2W,3.18,100.66,1,3,3,public_fast,-1.53,3.99,0.16,8.01,extreme_heat,0.465,middle,16.24,0,Delhi,2022,4
Delhi,2W,3.34,87.33,70.39,3,2,home,376.58,3.3,11.03,6.5,rainy,0.075,middle,18.06,1,Delhi,2019,8
Delhi,2W,2.74,88.23,15.33,3,3,home,322.68,2.58,2.15,6.64,clear,0.487,middle,16.44,0,Delhi,2020,4
Delhi,2W,3.46,87.62,47.78,5,3,public_slow,178.72,0.15,6.39,7.52,rainy,0.404,middle,18.68,0,Delhi,2025,9
Delhi,2W,3.35,98.01,13.39,1,3,public_slow,129.11,4.07,2.25,5.07,extreme_heat,0.026,low,17.08,1,Delhi,2020,9
Delhi,2W,3.44,80.12,31.63,2.52,5,home,213.91,1.99,4.17,8.52,extreme_heat,0.232,low,17.53,1,Delhi,2026,1
Delhi,2W,3.64,83.39,34.37,2,4,public_fast,22.55,3.22,6.1,7.01,rainy,0.413,middle,19.63,1,Delhi,2024,5
Delhi,2W,2.5,91.13,24.08,2,4,public_fast,41.12,0.29,2.92,8.24,humid,0.61,middle,15.02,0,Delhi,2023,11
Delhi,2W,3.74,78.36,46.89,3,5,public_slow,183.09,1.65,7.05,7.65,rainy,0.605,low,20.21,1,Delhi,2024,11
Delhi,2W,2.9,89.36,9.76,1,4,public_slow,170.37,1.62,1.67,8.05,clear,0.603,high,17.39,0,Delhi,2024,4
Delhi,2W,1.96,94.53,33.88,2,3,public_fast,77.55,0.24,5.61,7.3,humid,0.112,low,11.75,0,Delhi,2021,10
Delhi,2W,2.27,85.03,11.73,4,5,public_fast,178.75,0.31,1.74,10.04,rainy,0.239,low,12.25,1,Delhi,2025,9
Delhi,2W,2.3,99.92,13.81,3,5,home,292.5,0.81,2.13,5.99,humid,0.162,low,13.82,1,Delhi,2024,7
Delhi,2W,2.31,94.98,9.64,2,4,public_slow,171.04,2.98,2.03,7.26,humid,0.102,low,13.89,0,Delhi,2021,1
Delhi,2W,3.36,95.53,7.62,4,3,public_slow,222.47,0.61,1.05,6.11,extreme_heat,0.534,low,17.15,0,Delhi,2022,6
Delhi,2W,3.59,77.02,19.74,1,5,public_slow,209.68,1.27,3.61,8.49,rainy,0.223,low,19.37,1,Delhi,2026,1
Delhi,2W,2.39,85.11,52.35,1,4,public_slow,203.23,0.39,9.84,9.48,humid,0.376,low,14.32,0,Delhi,2025,10
Delhi,2W,2.25,101.13,24.65,2,1,home,329.64,3.81,4.5,8.08,rainy,0.09,high,12.17,1,Delhi,2020,9
Delhi,2W,2.9,87.58,32.99,1,2,home,375.02,1.62,6.17,7.94,rainy,0.11,middle,15.66,0,Delhi,2024,6
Delhi,2W,3.17,81.35,19.38,3,3,public_slow,166.46,4.27,3.32,8.22,humid,0.128,low,19.05,1,Delhi,2025,2
Delhi,2W,4.08,102.76,19.44,2,3,public_slow,215.74,0.04,2.46,6.06,humid,0.347,low,24.46,0,Delhi,2019,3
Delhi,2W,3.26,89.19,26.61,3,5,public_fast,106.04,2.55,8.09,6.67,extreme_heat,0.582,low,16.64,1,Delhi,2023,12
Delhi,2W,4,85.95,36.53,3,3,public_fast,74.23,1.29,4.9,6.68,rainy,0.18,low,21.58,0,Delhi,2022,6
Delhi,2W,2.92,74.21,39.73,4,6,public_slow,209.39,2.49,7.43,7.74,rainy,0.415,high,15.75,1,Delhi,2025,4
Delhi,2W,3.37,92.55,14.77,3,2,home,321.33,4.55,2.61,5.53,extreme_heat,0.446,low,18.2,1,Delhi,2020,3
Delhi,2W,3.12,79.97,3.21,2,3,public_fast,54.71,0.12,0.57,8.65,extreme_heat,0.375,middle,15.93,0,Delhi,2022,4
Delhi,2W,2.68,75.82,19.14,1,6,public_fast,51.66,3.45,3.77,10.61,humid,0.499,low,16.08,0,Delhi,2026,8
Delhi,2W,2.41,97.73,18.06,2,3,public_fast,75.27,0.8,2.46,6.46,clear,0.104,middle,14.45,0,Delhi,2022,5
Delhi,2W,2.79,83.06,38.96,2,4,home,340.46,0.38,6.9,8.05,rainy,0.29,low,15.04,0,Delhi,2023,3
Delhi,2W,2.42,97.38,51.7,3,3,public_slow,237.38,2.73,6.94,7.73,clear,0.108,low,14.55,0,Delhi,2022,8
Delhi,2W,3.2,90.17,14.47,2,2,home,353.56,3.48,1.9,9.1,extreme_heat,0.487,middle,16.3,1,Delhi,2026,1
Delhi,2W,3.07,92.63,27.13,4,1,public_fast,62.81,4.32,4.18,6.15,clear,0.307,low,18.41,1,Delhi,2021,2
Delhi,2W,2.89,84.54,26.61,4,3,home,280.7,9.75,1.94,10.12,humid,0.06,middle,17.32,0,Delhi,2024,4
Delhi,2W,3.15,92.31,16.21,2,2,public_slow,169.55,0.9,2.94,5.8,extreme_heat,0.499,low,16.09,0,Delhi,2019,10
Delhi,2W,3.6,78,39.78,2,5,public_slow,182.58,7.17,9.31,10.85,clear,0.385,high,21.63,1,Delhi,2026,2
Delhi,2W,3.24,79.73,30.39,3,3,public_slow,148.28,1.35,4.72,9.43,rainy,0.08,high,17.48,0,Delhi,2025,1
Delhi,2W,2.71,78.38,26.61,2,5,home,324.99,0.26,2.46,9.23,extreme_heat,0.29,low,13.82,1,Delhi,2026,6
Delhi,2W,2.69,75.42,9.28,4,3,public_slow,200.04,0.59,1.37,6.52,clear,0.686,middle,16.12,0,Delhi,2023,10
Delhi,2W,2.47,101.64,31.93,3,3,public_fast,46.44,2.73,5.68,7.19,clear,0.208,low,14.8,0,Delhi,2021,1
Delhi,2W,3.12,85.53,24.31,3,5,public_fast,52.88,2.45,3.64,9.62,rainy,0.203,middle,16.86,1,Delhi,2026,12
Delhi,2W,2.9,79.52,26.61,3,5,public_fast,73.66,0.25,2.2,6.83,clear,0.355,low,17.4,1,Delhi,2023,3
Delhi,2W,3,89.05,17.48,1,3,public_slow,191.16,0.41,2.98,9.56,humid,0.206,low,19.71,0,Delhi,2026,3
Delhi,2W,4.02,88.72,30.38,1,4,home,355.6,0.84,4.46,8.86,extreme_heat,0.06,high,20.48,0,Delhi,2023,9
Delhi,2W,3.49,86.38,47.49,2,5,public_slow,216.87,5.45,6.66,9.9,humid,0.444,high,20.95,1,Delhi,2026,5
Delhi,2W,2.58,77.95,8.36,3,4,public_fast,61.04,0.53,4.36,8.81,extreme_heat,0.386,low,13.16,0,Delhi,2025,5
Delhi,2W,2.96,85.5,22.36,3,2,public_slow,175.21,0.3,4.7,8.9,rainy,0.391,middle,15.98,0,Delhi,2023,11
Delhi,2W,2.66,92.07,17.46,3,3,public_fast,26.5,1.1,2.94,7.69,extreme_heat,0.598,low,13.59,0,Delhi,2021,6
Delhi,2W,2.64,100.69,34.58,3,1,public_fast,39.03,0.22,6.02,8.3,rainy,0.116,middle,16.84,0,Delhi,2019,1
Delhi,2W,3.14,86.02,24.64,1,6,home,260.12,1.99,3.64,10.73,extreme_heat,0.436,low,16.01,1,Delhi,2025,11
Delhi,2W,2.88,80.73,30.4,1,4,public_slow,140.09,0.67,5.37,8.97,humid,0.206,middle,17.25,0,Delhi,2023,12
Delhi,2W,2.97,95.88,25.06,3,2,public_fast,40.54,1.03,4.07,5.63,rainy,0.38,low,16.03,0,Delhi,2021,6
Delhi,2W,3.38,100.65,20.03,4,3,home,339.99,1.7,3.48,7.55,extreme_heat,0.121,middle,17.25,0,Delhi,2022,12
Delhi,2W,2.6,87.99,15.53,1,6,public_fast,65.82,0.75,1.91,10,extreme_heat,0.124,low,13.27,1,Delhi,2026,4
Delhi,2W,3.3,92.44,42.94,3,3,home,328,1.58,6.91,7.04,humid,0.061,high,19.79,0,Delhi,2022,2
Delhi,2W,2.78,92.48,18.73,4,3,public_fast,42.2,1.52,4.03,6.04,rainy,0.332,middle,15.03,0,Delhi,2021,10
Delhi,2W,2.44,100.22,19.07,1,3.33,public_fast,86.09,4.94,3.49,5.72,rainy,0.456,high,13.16,0,Delhi,2021,4
Delhi,2W,3.06,95.52,12.6,3,2,public_slow,150.89,0.44,2.34,7.05,rainy,0.668,middle,16.53,0,Delhi,2026,1
Delhi,2W,3.23,93.69,26.61,3,1,public_fast,52.74,1.53,4.97,5.93,rainy,0.436,high,17.44,0,Delhi,2022,8
Delhi,2W,3.18,98.67,21.97,2,3,home,320.36,2.15,3.64,6.77,humid,0.132,middle,19.1,0,Delhi,2022,11
Delhi,2W,2.75,86.79,66.96,4,5,public_slow,187.05,5.63,12.39,10.02,extreme_heat,0.119,high,14.05,1,Delhi,2026,7
Delhi,2W,3.42,86.48,31.75,3,4,public_slow,35.61,1.88,4.91,9.92,rainy,0.144,low,18.47,0,Delhi,2023,11
Delhi,2W,2.11,93.31,20.5,2,2,home,313.14,0.03,3.13,6.7,humid,0.601,high,12.64,0,Delhi,2021,9
Delhi,2W,3.44,79.1,17.61,3,4,home,333.2,0.28,3.52,11.73,clear,0.284,middle,20.62,0,Delhi,2025,4
Delhi,2W,2.69,97.71,23.76,2,3,home,415.98,0.99,4.05,6.09,clear,0.073,middle,16.12,0,Delhi,2020,5
Delhi,2W,2.05,74.68,35.97,2,4,public_fast,80.39,2.24,7,9.99,humid,0.309,low,12.31,1,Delhi,2026,1
Delhi,2W,3.26,90.27,23.29,3,1,public_fast,59.7,2.95,2.95,8.28,humid,0.174,low,19.57,0,Delhi,2022,4
Delhi,2W,3.13,81.1,26.61,2,5,home,246.21,1.27,0.88,9.41,humid,0.117,low,18.8,0,Delhi,2024,4
Delhi,2W,2.38,80.25,44.21,2,4,public_fast,178.75,0.95,7.97,7.8,rainy,0.502,low,12.87,0,Delhi,2023,2
Delhi,2W,2.47,93.4,19.74,2,4,public_fast,67.41,0.93,3.24,7.67,extreme_heat,0.085,high,12.6,0,Delhi,2025,11
Delhi,2W,3.19,91.86,14.78,2,3,public_slow,258.73,1.27,2.67,7.39,clear,0.51,high,19.14,0,Delhi,2022,1
Delhi,2W,3.12,92.55,25.71,3,3,public_fast,61.72,0.68,4.8,6.73,humid,0.163,middle,18.69,0,Delhi,2022,1
Delhi,2W,2.96,85.31,56.03,3,3,public_slow,202.22,0.03,9.01,8.14,extreme_heat,0.441,high,15.12,0,Delhi,2025,3
Delhi,2W,3.25,89.19,40.49,1,4,public_slow,142.09,4.01,6.43,6.27,extreme_heat,0.529,high,16.58,1,Delhi,2020,5
Delhi,2W,3.41,82.74,27.98,2,5,home,325.74,2.95,7.29,7.71,humid,0.172,low,20.46,1,Delhi,2025,11
Delhi,2W,2.68,92.18,2.98,2,3,home,384.82,0.39,0.55,5.8,rainy,0.412,low,14.46,0,Delhi,2020,6
Delhi,2W,2.83,86.13,31.77,3,5,home,367.87,1.41,8.03,9.44,extreme_heat,0.383,low,14.43,1,Delhi,2024,11
Delhi,2W,3.32,100.77,38.6,2,2,public_fast,51,0.49,6.17,8.03,humid,0.252,high,19.9,0,Delhi,2021,3
Delhi,2W,2.46,109.22,1,2,1,public_slow,226.26,2.31,0.15,6.13,rainy,0.314,low,13.28,0,Delhi,2019,10
Delhi,2W,3,93.21,5.64,3,1,public_fast,63.12,0.09,1.16,7.07,extreme_heat,0.178,high,8.86,0,Delhi,2022,7
Delhi,2W,3,106.26,22.58,2,2,public_fast,178.75,0.13,3.17,5.59,humid,0.199,middle,22.89,0,Delhi,2019,1
Delhi,2W,3.2,86.67,51.87,1,1,public_slow,239.76,0.86,4.36,6.31,humid,0.249,high,19.22,0,Delhi,2020,9
Delhi,2W,2.82,85.75,12.32,2,5,public_fast,216.18,0.86,2.11,9.47,extreme_heat,0.254,middle,14.38,1,Delhi,2026,11
Delhi,2W,2.13,96.09,20.04,1,1,public_fast,45.76,0.06,3.28,6.78,clear,0.254,low,12.77,0,Delhi,2019,8
Delhi,2W,3.35,90.28,29.9,2,4,public_fast,64.76,0.81,4.65,8.77,clear,0.506,middle,20.09,0,Delhi,2024,9
Delhi,2W,3,96.19,35.42,1,2,public_fast,36.23,1.73,5.8,6.83,extreme_heat,0.228,low,15.29,0,Delhi,2020,7
Delhi,2W,2.48,105.76,13.81,3,1,public_slow,150.49,6.99,1.88,7.45,rainy,0.633,middle,13.37,1,Delhi,2020,11
Delhi,2W,2.91,80.25,27.19,2,6,public_slow,132.87,2.33,4.36,8.23,clear,0.365,low,17.46,1,Delhi,2026,2
Delhi,2W,3.06,99.3,8.31,3,3,home,347.42,3.41,1.51,7.26,clear,0.475,middle,18.35,0,Delhi,2020,2
Delhi,2W,2.71,89.94,28.21,3,3,public_fast,20.72,1.2,3.32,10.2,extreme_heat,0.073,middle,13.83,0,Delhi,2025,6
Delhi,2W,2.72,77.05,27.69,4,6,home,314.26,0.49,5.16,8.69,extreme_heat,0.2,low,13.88,1,Delhi,2026,9
Delhi,2W,3.52,89.39,11.46,3,6,home,367.99,1.46,2.56,10.26,clear,0.293,middle,21.13,0,Delhi,2025,4
Delhi,2W,3.19,88.96,11.55,3,2,home,330.69,0.5,1.6,7.22,humid,0.267,low,19.13,0,Delhi,2023,4
Delhi,2W,2.76,87.02,52.18,5,5,public_fast,50.84,2.7,6.96,7.7,humid,0.272,middle,16.55,1,Delhi,2023,9
Delhi,2W,3.13,80.58,20.2,3,5,public_slow,272.78,1.99,3.8,9.8,clear,0.328,middle,16.84,1,Delhi,2026,1
Delhi,2W,2.21,96.16,120.94,3,1,public_slow,183.52,2.43,5.46,5.49,clear,0.341,middle,13.26,0,Delhi,2019,5
Delhi,2W,2.69,96.26,92.33,2,2,public_fast,54.61,3.03,5.08,7.95,rainy,0.05,high,14.51,1,Delhi,2020,11
Delhi,2W,2.12,89.07,29.45,2,1,public_slow,109.61,0.1,4.43,4.8,humid,0.249,low,12.7,0,Delhi,2019,1
Delhi,2W,2.65,96.25,22.23,4,1,home,320.78,1.68,3.37,7.63,extreme_heat,0.075,low,15.88,0,Delhi,2021,6
Delhi,2W,3.39,79.39,31.61,2,4,home,201.85,2.86,5.17,8.83,clear,0.213,low,20.34,0,Delhi,2025,12
Delhi,2W,2.76,90.69,22.97,3,5,home,269.72,4.75,4.3,8.92,extreme_heat,0.063,high,14.09,1,Delhi,2024,9
Delhi,2W,2.89,102.04,54.37,4,2,public_slow,226.8,0.97,3.37,6.07,extreme_heat,0.263,middle,14.73,0,Delhi,2020,2
Delhi,2W,3.63,85.44,32.21,1,4,home,240.16,0.12,4.88,8.56,humid,0.162,high,21.78,0,Delhi,2024,11
Delhi,2W,3.68,87.21,7.88,1,3,public_slow,131.1,0.18,1.4,9.18,extreme_heat,0.29,middle,18.79,0,Delhi,2023,5
Delhi,2W,3,91.36,24.26,3,4,home,382.19,0.81,4.71,8.02,rainy,0.169,low,18.76,0,Delhi,2023,3
Delhi,2W,3.52,87.75,26.71,2,4,public_fast,57.58,1.29,3.67,8.66,clear,0.377,middle,21.1,0,Delhi,2025,8
Delhi,2W,2.72,96.98,15.67,1,3,home,396.75,1.33,4.23,9.64,extreme_heat,0.22,high,13.85,0,Delhi,2022,9
Delhi,2W,2.41,110.61,7.9,1,3,public_slow,178.75,0.55,1.55,4.9,extreme_heat,0.494,low,12.3,0,Delhi,2020,11
Delhi,2W,2.22,84.87,18.74,3,3,public_fast,51.46,3.15,2.93,7.97,humid,0.462,middle,13.31,1,Delhi,2023,9
Delhi,2W,2.92,78.18,22.21,2,3,public_fast,69.01,2.65,3.45,7.8,rainy,0.211,middle,15.78,0,Delhi,2025,10
Delhi,2W,2.86,97.16,39.04,3,1,public_slow,205.76,2.15,7.18,7.25,rainy,0.269,middle,15.46,0,Delhi,2020,1
Delhi,2W,2.35,104.06,17.24,2,1,public_fast,44.44,0.04,2.61,5.14,humid,0.233,middle,14.1,0,Delhi,2019,8
Delhi,2W,3.75,94.29,22.28,1,2,public_fast,38.35,2.93,3.93,7.3,humid,0.409,high,22.47,0,Delhi,2020,9
Delhi,2W,3.42,90.21,17.41,3,1,public_slow,192.55,1.44,2.4,5.97,extreme_heat,0.454,low,17.43,0,Delhi,2020,11
Delhi,2W,3.62,106.15,38.11,4,2,home,275.79,3.82,7.12,5.45,extreme_heat,0.082,middle,21.73,1,Delhi,2019,8
Delhi,2W,3.16,83.22,11.46,3,6,home,281.29,2.54,2.3,10.73,rainy,0.073,low,17.05,0,Delhi,2026,1
Delhi,2W,3.2,98.14,1,4,2,public_slow,192.14,1.19,0.17,7.02,rainy,0.3,low,17.29,0,Delhi,2026,1
Delhi,2W,2.95,108.12,36.81,2,2,public_slow,185.55,2.14,4.76,7.8,extreme_heat,0.29,middle,15.03,0,Delhi,2019,2
Delhi,2W,3.34,91.33,28.46,3,3,public_slow,142.17,0.29,5.3,7.78,rainy,0.168,high,18.06,0,Delhi,2022,9
Delhi,2W,3.36,83.54,4.14,2,3.33,public_fast,46.44,1.93,0.59,7.43,clear,0.29,low,20.16,0,Delhi,2024,4
Delhi,2W,2.67,106.41,14.17,2,2,public_slow,201.62,3.72,1.84,5.45,clear,0.312,middle,16.01,1,Delhi,2020,4
Delhi,2W,2.33,85.63,3.53,3,5,public_fast,71.97,1.7,0.62,6.56,rainy,0.295,low,12.57,0,Delhi,2024,8
Delhi,2W,3.5,82,7.64,3,4,public_fast,66.27,1.92,1.74,7.36,rainy,0.29,high,18.9,0,Delhi,2023,12
Delhi,2W,3.72,82.68,19.74,2,3,public_slow,242.45,2.54,4.08,8.22,clear,0.298,middle,22.33,0,Delhi,2024,10
Delhi,2W,3.7,94.42,18.8,2,2,public_slow,238.47,0.65,3.63,8.02,extreme_heat,0.133,high,18.85,0,Delhi,2022,6
Delhi,2W,3.52,77.04,16.87,4,5,public_slow,170.6,0.79,2.38,9.78,humid,0.582,middle,21.13,1,Delhi,2026,5
Delhi,2W,2.95,91.59,31.38,2,3,public_fast,80.83,0.55,5.62,9.82,extreme_heat,0.135,middle,16.84,0,Delhi,2022,6
Delhi,2W,2.87,95.4,1,3,1,home,404.84,0.08,0.15,6.96,rainy,0.195,middle,15.5,0,Delhi,2019,2
Delhi,2W,2.42,78.67,24.81,3,4,public_fast,103.14,1.71,3.97,8.34,clear,0.098,low,14.55,0,Delhi,2024,6
Delhi,2W,3.5,95.7,34.87,3,4,home,311.57,1.26,6.45,6.95,rainy,0.501,middle,18.91,0,Delhi,2022,1
Delhi,2W,3.37,88.6,36.44,2,4,public_fast,35.15,0.46,6.94,8.67,clear,0.404,low,20.22,0,Delhi,2024,1
Delhi,2W,3.04,85.56,21.96,2,6,public_slow,139.96,0.73,4.69,7.63,extreme_heat,0.109,middle,15.51,1,Delhi,2026,8
Delhi,2W,1.97,93.45,17.68,4,5,public_fast,73.72,0.24,2.85,7.7,rainy,0.196,low,10.65,1,Delhi,2022,12
Delhi,2W,3.04,84.13,13.02,2,2,public_fast,68.83,0.25,2.54,8.76,clear,0.464,low,18.26,0,Delhi,2020,8
Delhi,2W,3.92,74.6,55.82,2.52,6,public_fast,85.04,1.04,13.93,10.17,humid,0.29,low,23.55,1,Delhi,2026,12
Delhi,2W,2.65,98.26,15.57,1,2,home,327.16,2.31,2.48,7.69,humid,0.155,low,15.89,0,Delhi,2021,8
Delhi,2W,3.07,89.19,39.85,1,2,public_slow,137.56,0.47,5.62,6.64,humid,0.29,low,18.42,0,Delhi,2020,8
Delhi,2W,1.83,94.18,43.71,2,3,home,354.85,0.47,5.92,6.37,humid,0.62,high,10.96,0,Delhi,2021,8
Delhi,2W,3.23,73.43,4.99,2,6,public_fast,53.33,3.11,0.75,10.99,rainy,0.308,middle,17.45,1,Delhi,2026,1
Delhi,2W,3.29,87.42,21.77,3,5,public_fast,93.27,1.3,4.66,10.19,rainy,0.561,high,17.77,1,Delhi,2024,10
Delhi,2W,3.26,93.47,39.56,1,3,public_fast,96.09,0.48,7.99,6.64,clear,0.302,middle,19.53,0,Delhi,2021,5
Delhi,2W,3.6,103.81,37.76,3,1,public_fast,53.3,1.11,7.92,7.51,extreme_heat,0.304,middle,18.37,0,Delhi,2021,1
Delhi,2W,2.84,89.19,7.01,1,3,public_slow,95.39,1.67,1.32,7.09,humid,0.44,middle,17.01,0,Delhi,2021,5
Delhi,2W,2.38,97.35,3.68,4,2,public_slow,153.59,3.98,0.59,5.68,extreme_heat,0.168,low,12.13,0,Delhi,2021,8
Delhi,2W,2.66,94.49,51.01,3,2,public_fast,46.79,0.86,8.88,7.84,extreme_heat,0.155,low,13.57,0,Delhi,2020,2
Delhi,2W,2.84,92.74,25.71,4,4,public_slow,132.9,1.82,4.57,6.29,extreme_heat,0.269,middle,14.51,0,Delhi,2020,3
Delhi,2W,3.05,94.32,44.49,3,4,home,350.02,0.96,10.06,7.77,humid,0.146,high,18.3,0,Delhi,2023,3
Delhi,2W,2.74,91.32,13.08,3,6,home,401.92,0.34,2.05,7.84,rainy,0.373,low,14.78,0,Delhi,2024,2
Delhi,2W,3.21,80.16,46.59,3,4,home,351.32,5.39,7.19,8.01,extreme_heat,0.014,high,16.36,1,Delhi,2025,1
Delhi,2W,3.81,99.53,25.28,2,3,home,253.63,2.35,4.42,5.93,extreme_heat,0.697,low,19.41,0,Delhi,2021,3
Delhi,2W,2.96,79.06,11.38,3,5,home,318.67,0.4,1.87,9.97,extreme_heat,0.376,middle,15.11,1,Delhi,2026,2
Delhi,2W,2.33,78.87,30.09,2,3.33,home,187.01,5.84,6.27,7.96,extreme_heat,0.205,low,11.87,1,Delhi,2026,6
Delhi,2W,1.71,79.57,39.83,3,6,home,259.34,5.61,7.69,9.05,extreme_heat,0.474,middle,8.71,1,Delhi,2026,12
Delhi,2W,2.53,102.71,51.93,3,3,public_fast,159.29,4.87,4.36,5.35,extreme_heat,0.698,high,12.88,1,Delhi,2019,11
Delhi,2W,3.48,85.06,32.88,2,1,public_slow,207.04,4.63,6.04,8.36,extreme_heat,0.493,middle,17.74,1,Delhi,2020,4
Delhi,2W,3.01,78.8,17.36,4,4,public_fast,35.26,1.43,3.59,8.35,extreme_heat,0.144,low,15.33,0,Delhi,2025,10
Delhi,2W,3.01,84.53,9.79,2,3,home,345.17,1.6,1.51,7.84,rainy,0.217,middle,16.27,0,Delhi,2022,4
Delhi,2W,2.77,85.14,35.74,2,3,public_slow,165.87,0.18,4.87,6.79,clear,0.305,low,16.61,0,Delhi,2022,3
Delhi,2W,2.58,99.69,37.79,3,2,public_slow,258.16,5.87,6.88,5.8,extreme_heat,0.29,middle,13.16,1,Delhi,2021,8
Delhi,2W,2.34,97.03,1,3,2,public_fast,183.45,0.14,0.16,6.1,rainy,0.486,low,12.62,0,Delhi,2022,6
Delhi,2W,2.84,93.81,31.65,1,2,home,326.78,1.28,4.36,4.98,rainy,0.299,low,15.32,0,Delhi,2020,10
Delhi,2W,2.84,82.77,7.73,4,6,public_fast,53.81,2.46,1.05,9.44,rainy,0.053,middle,15.35,0,Delhi,2024,4
Delhi,2W,2.3,90.97,10.06,3,4,public_fast,70.6,1.93,1.74,9.11,rainy,0.052,high,12.44,0,Delhi,2024,2
Delhi,2W,3.5,96.54,40.59,2,2,public_slow,229.64,0.98,6.52,6.74,humid,0.257,low,20.98,0,Delhi,2020,7
Delhi,2W,3.39,82.8,30.72,2,3,public_slow,90.51,8.6,5.82,7.8,extreme_heat,0.153,high,17.28,1,Delhi,2022,4
Delhi,2W,2.34,71.29,6.86,1,5,public_slow,210.35,0.04,1.02,6.28,humid,0.245,low,14.02,1,Delhi,2026,5
Delhi,2W,2.69,91.69,26.61,1,5,home,234.19,7.03,1.47,8.48,extreme_heat,0.397,low,13.7,1,Delhi,2022,5
Delhi,2W,2.65,94.49,9.7,1,1,public_slow,137.49,0.23,1.71,7.01,clear,0.297,low,15.89,0,Delhi,2021,10
Delhi,2W,2.89,86.29,42.85,2,3,public_fast,275.09,1.23,7.14,7.42,rainy,0.523,high,15.59,0,Delhi,2024,1
Delhi,2W,2.9,81.62,20.45,1,3,public_fast,91.19,0.09,2.91,7.18,rainy,0.287,high,15.68,0,Delhi,2022,1
Delhi,2W,2.55,79.01,23.57,3,4,public_fast,64.07,0.41,4.5,9.8,rainy,0.084,low,13.77,0,Delhi,2026,1
Delhi,2W,2.56,89.12,22.34,3,3,public_slow,231.37,0.09,3.86,7.51,extreme_heat,0.337,low,13.07,0,Delhi,2022,12
Delhi,2W,2.51,89.19,39.05,3,2,public_fast,49.67,1.99,5.35,7.8,rainy,0.295,low,13.58,0,Delhi,2023,2
Delhi,2W,3.65,89.19,27.65,1,2,home,252.99,0.21,5.17,5.08,rainy,0.177,high,19.72,0,Delhi,2021,8
Delhi,2W,3.24,96.46,31.08,1,4,public_fast,73.43,6.97,9.15,7.82,humid,0.588,low,19.44,1,Delhi,2024,8
Delhi,2W,3.41,91.19,47.07,2,2,home,253.54,1.99,8.1,5.78,clear,0.168,low,20.45,0,Delhi,2022,5
Delhi,2W,3,76.25,35.18,2,4,public_slow,176.61,2.38,4.9,8.64,rainy,0.266,high,16.73,0,Delhi,2024,4
Delhi,2W,3.35,94.71,41.94,5,1,home,396.09,0.7,8.01,4.84,rainy,0.422,low,18.07,0,Delhi,2020,9
Delhi,2W,3.07,95.37,3.48,3,4,public_fast,64.76,3.31,0.72,6.35,extreme_heat,0.29,low,15.63,0,Delhi,2022,4
Delhi,2W,2.83,92.23,1,3,1,public_slow,146.13,0.08,0.31,3.65,extreme_heat,0.334,middle,16.97,0,Delhi,2020,3
Delhi,2W,2.78,88.1,26.7,3,5,public_slow,222.98,2.56,4.9,10.11,extreme_heat,0.222,middle,16.84,1,Delhi,2024,12
Delhi,2W,3.67,89.19,8.97,2,4,home,255.32,3.75,1.62,8.22,clear,0.075,high,22.02,0,Delhi,2023,8
Delhi,2W,3.72,96.14,53.9,1,1,public_fast,85.8,1.6,3.84,6.11,extreme_heat,0.093,low,18.97,0,Delhi,2019,6
Delhi,2W,3,103.3,47.08,1,2,public_fast,42.09,2.01,8.81,7.41,clear,0.506,low,9.3,0,Delhi,2022,10
Delhi,2W,2.18,101.59,32.57,2,2,public_slow,183.43,0.24,4.55,6.65,humid,0.239,middle,13.1,0,Delhi,2021,8
Delhi,2W,2.49,99.47,4.84,3,2,public_slow,186.27,3.96,0.9,6.93,humid,0.29,low,14.94,0,Delhi,2020,2
Delhi,2W,2.8,91.84,32.99,3,2,home,259.71,4.26,5.28,8.11,extreme_heat,0.168,high,14.27,1,Delhi,2021,1
Delhi,2W,2.86,90.93,34.57,2,3,public_fast,61.1,0.19,5.58,8.1,humid,0.287,low,17.14,0,Delhi,2023,7
Delhi,2W,3.03,82.69,40.51,4,5,public_fast,60,0.22,7.69,7.43,extreme_heat,0.233,middle,18.21,1,Delhi,2024,7
Delhi,2W,2.95,91.6,43.94,2,2,public_slow,185.68,0.72,7.73,8.09,rainy,0.255,middle,15.9,0,Delhi,2023,10
Delhi,2W,2.59,91.32,12.98,4,2,home,348.15,0.71,2.2,6.64,humid,0.384,high,15.57,0,Delhi,2021,5
Delhi,2W,2.99,89.95,30.83,4,2,public_fast,63.06,0.69,5.19,7.12,humid,0.134,middle,17.96,0,Delhi,2022,5
Delhi,2W,3.59,71.65,19.71,5,5,home,313.81,1.59,5.36,10.34,rainy,0.076,middle,19.41,1,Delhi,2026,12
Delhi,2W,3.31,102.17,16.25,3,2,home,206.89,2.47,2.39,8.2,clear,0.107,middle,19.86,0,Delhi,2019,6
Delhi,2W,2.96,100.75,21.86,3,3,public_slow,200.39,0.88,2.75,5.5,rainy,0.325,low,16,0,Delhi,2021,2
Delhi,2W,2.75,84.76,1,3,4,public_fast,25.64,2.38,0.14,10.07,clear,0.093,low,16.51,0,Delhi,2024,1
Delhi,2W,3.52,89.29,62.99,4,2,home,243.49,4.32,8.74,10.28,clear,0.088,middle,21.13,1,Delhi,2021,5
Delhi,2W,3.13,96.74,44.15,5,3,public_slow,171.5,0.03,8.46,6.84,clear,0.526,high,18.81,0,Delhi,2021,11
Delhi,2W,2.86,87.52,12.84,4,4,home,198.97,0.12,1.62,8.96,rainy,0.541,high,15.45,0,Delhi,2023,5
Delhi,2W,3.21,88.49,23.19,3,3,public_fast,354.03,4.32,4.79,9.01,extreme_heat,0.144,middle,16.38,1,Delhi,2023,3
Delhi,2W,2.44,88.64,45.55,3,3,home,357.17,0.23,4.36,7.4,rainy,0.73,low,13.18,0,Delhi,2022,12
Delhi,2W,2.62,106.52,7.68,2,2,home,362.11,2.54,1.15,5.05,extreme_heat,0.119,middle,13.34,0,Delhi,2020,12
Delhi,2W,2.32,93.64,32.84,5,3,home,256.61,0.81,6.46,5.99,extreme_heat,0.268,high,11.86,0,Delhi,2019,12
Delhi,2W,3.3,78.66,48.39,2.52,4,public_slow,144.49,1.77,10.75,11.36,rainy,0.199,high,16.84,0,Delhi,2026,7
Delhi,2W,2.45,104.78,10.59,3,1,public_slow,124.67,1.16,1.65,5.33,extreme_heat,0.28,low,12.48,0,Delhi,2019,9
Delhi,2W,2.44,94.91,7.74,3,1,public_fast,74.45,3.63,1.22,6.84,clear,0.223,low,14.62,0,Delhi,2021,1
Delhi,2W,2.44,77.67,48.5,3,3,public_slow,187.03,1.13,7.19,8.76,extreme_heat,0.248,middle,12.46,0,Delhi,2024,5
Delhi,2W,3.69,90.66,34.9,2,5,public_fast,98.63,1.41,6.88,7.8,humid,0.146,low,22.15,1,Delhi,2022,2
Delhi,2W,2.09,96.55,37.12,1,3,public_fast,57.08,2.33,7.44,7.77,rainy,0.224,low,11.28,0,Delhi,2021,2
Delhi,2W,3.44,80.02,18.47,2,4,public_slow,89.89,5.67,3.52,9.42,rainy,0.261,middle,18.57,1,Delhi,2025,3
Delhi,2W,2.85,106.69,14.42,3,3,public_slow,294.4,0.67,2.5,7.85,rainy,0.157,low,15.4,0,Delhi,2019,7
Delhi,2W,3.64,80.57,26.61,4,2,home,305.6,3.15,2.92,8,humid,0.027,middle,21.83,1,Delhi,2026,1
Delhi,2W,2.8,90.72,32.89,3,2,home,345.31,1.27,5.2,7.05,rainy,0.256,low,15.14,0,Delhi,2020,6
Delhi,2W,2.96,92.04,39.23,2,3.33,public_slow,198.36,1.89,5.14,8.36,extreme_heat,0.264,high,15.12,0,Delhi,2023,7
Delhi,2W,2.33,72.72,31.52,3,4,public_slow,232.85,3.95,5.66,7.8,rainy,0.236,middle,12.58,1,Delhi,2026,12
Delhi,2W,3.64,86.94,1,3,2,public_fast,23.63,5.45,0.18,6.86,humid,0.409,high,21.83,0,Delhi,2022,8
Delhi,2W,3.53,98.88,40.03,1,2,public_slow,172.96,1.43,1.91,6.03,humid,0.364,middle,21.21,0,Delhi,2019,1
Delhi,2W,2.99,75.28,33.1,2.52,5,public_fast,195.39,1.76,4.85,9.27,rainy,0.083,low,16.84,1,Delhi,2026,2
Delhi,2W,1.73,94.72,36.65,2,1,public_slow,173.16,1.67,5,6.54,rainy,0.205,low,9.36,0,Delhi,2019,10
Delhi,2W,2.41,94.87,27.44,2,4,home,265.73,1.23,4.78,7.91,humid,0.288,middle,14.49,0,Delhi,2022,3
Delhi,2W,3.53,97.4,24.92,3,2,public_slow,195.26,4.28,3.62,5.75,clear,0.371,high,21.16,1,Delhi,2020,6
Delhi,2W,2.85,86.18,15.43,2,4,public_fast,56.5,2.39,2.64,8.95,clear,0.291,low,17.09,0,Delhi,2024,1
Delhi,2W,2.73,87.6,44.26,3,2,public_slow,206.15,2.28,5.5,7.94,extreme_heat,0.155,high,13.9,0,Delhi,2021,5
Delhi,2W,2.96,78.31,37.53,2,6,home,259.8,0.41,6.37,8.39,clear,0.214,low,17.79,1,Delhi,2026,1
Delhi,2W,3.05,92.81,37.32,4,4,public_fast,63.05,2.44,5.77,6.91,rainy,0.668,middle,16.44,0,Delhi,2023,3
Delhi,2W,2.37,78.01,36.03,4,4,home,234.96,0.32,6.54,7.76,extreme_heat,0.157,low,14.25,0,Delhi,2026,6
Delhi,2W,3.35,105.66,19.82,1,2,public_fast,166.94,1.42,2.49,7.68,clear,0.629,middle,20.11,0,Delhi,2021,1
Delhi,2W,3.13,82.28,48.44,1,6,public_fast,3.55,5.49,10.31,11.56,humid,0.235,high,18.79,1,Delhi,2026,7
Delhi,2W,2.71,84.36,1.59,1,4,public_slow,249.48,1.68,0.28,10.31,rainy,0.352,high,14.66,0,Delhi,2025,4
Delhi,2W,2.56,91.89,21.84,2,5,public_fast,76.69,0.02,3.46,9.14,clear,0.498,middle,15.36,1,Delhi,2023,5
Delhi,2W,2.96,96.59,45.08,3,1,public_slow,203.17,1.18,6.31,5.48,humid,0.294,middle,17.74,0,Delhi,2019,11
Delhi,2W,2.19,93.9,24.33,2,2,public_fast,15.08,7.85,3.72,7.07,humid,0.33,low,13.12,1,Delhi,2019,3
Delhi,2W,3,77.77,28.77,5,5,home,299.18,2.49,4.36,8.64,humid,0.251,low,20.44,1,Delhi,2026,2
Delhi,2W,3,99.75,24.73,2,2,home,328.71,0.78,5.83,6.94,extreme_heat,0.331,low,16.85,0,Delhi,2019,1
Delhi,2W,2.87,93.42,43.2,1,2,public_fast,69.05,1.07,8.67,7.69,clear,0.253,middle,17.24,0,Delhi,2022,1
Delhi,2W,2.2,88.18,5.73,2,5,public_fast,47.7,0.79,0.77,9.42,clear,0.206,low,13.23,0,Delhi,2025,12
Delhi,2W,3.19,99.01,17.39,3,2,public_fast,66.23,2.94,3.44,6.47,rainy,0.179,middle,17.25,0,Delhi,2020,3
Delhi,2W,3.64,99.01,19.25,3,1,public_slow,199.31,3.89,2.85,8.11,extreme_heat,0.286,high,18.57,1,Delhi,2020,12
Delhi,2W,3.68,89.19,42.11,2,4,home,245.7,6.06,5.83,10.04,humid,0.113,low,22.11,1,Delhi,2025,3
Delhi,2W,3.51,88.35,23.23,2,7,public_fast,35.65,3.51,4.01,8.18,rainy,0.367,high,16.84,1,Delhi,2026,2
Delhi,2W,4.03,79.06,20.5,5,3,public_slow,98.84,0.5,3.49,9.41,humid,0.094,middle,24.16,0,Delhi,2025,5
Delhi,2W,2.44,71.17,32.97,3,7,public_fast,46.15,1.75,5.18,11.35,humid,0.388,low,14.62,1,Delhi,2026,8
Delhi,2W,2.73,84.91,19.76,1,5,home,313.31,1.54,3.31,7.22,humid,0.025,low,16.4,1,Delhi,2023,5
Delhi,2W,2.48,87.69,35.34,5,4,public_fast,68.12,1.64,4.52,6,extreme_heat,0.234,high,12.64,0,Delhi,2020,1
Delhi,2W,3.08,99.69,16.89,1,2,home,244.1,1.32,2.8,6.45,humid,0.277,low,18.48,0,Delhi,2019,10
Delhi,2W,2.64,85.14,31.6,3,4,public_fast,57.09,0.61,5.85,8.32,humid,0.373,low,15.86,0,Delhi,2025,1
Delhi,2W,2.92,82.16,26.61,4,2,public_fast,76.18,6.35,2.64,5.99,clear,0.506,high,17.51,1,Delhi,2022,4
Delhi,2W,4.06,93.26,50.44,1,3,public_slow,153.29,2.45,10.64,8.47,humid,0.18,low,24.38,0,Delhi,2021,7
Delhi,2W,2.71,70.83,15.69,2,5,public_slow,180.91,3.56,3.98,8.8,clear,0.231,high,16.29,1,Delhi,2026,8
Delhi,2W,1.54,87.69,30.68,2,3,public_slow,190.56,0.13,4.55,8.27,clear,0.092,middle,9.26,0,Delhi,2023,11
Delhi,2W,2.86,93.35,38.73,4,3,home,297.9,3.85,6.02,7.38,rainy,0.086,middle,15.43,1,Delhi,2021,3
Delhi,2W,3.09,91.13,27.91,2,2,public_slow,162.76,0.22,5.36,6.38,extreme_heat,0.243,low,18.51,0,Delhi,2020,10
Delhi,2W,3.32,83.29,27.81,3,4,home,388.81,0.52,3.49,8.94,extreme_heat,0.458,high,16.92,0,Delhi,2024,9
Delhi,2W,2.27,81.01,37.13,4,2,home,363.01,7.56,6,11.06,clear,0.628,low,13.59,1,Delhi,2026,5
Delhi,2W,3.63,91.17,36.02,1,3,public_fast,102.08,3.6,5.61,9.65,clear,0.566,low,21.78,1,Delhi,2022,3
Delhi,2W,2.78,100.21,22.09,3,1,public_fast,76.58,1.99,4.05,8.11,rainy,0.172,low,14.99,0,Delhi,2020,4
Delhi,2W,3.49,76.07,31.61,2,5,public_slow,172.65,2.98,4.22,10.32,extreme_heat,0.129,high,20.92,1,Delhi,2025,9
Delhi,2W,2.98,85.21,31.09,4,4,public_slow,201.99,2.11,5.67,9.71,rainy,0.167,low,16.1,0,Delhi,2026,1
Delhi,2W,2.3,97.17,40.21,2,4,public_fast,131.5,0.08,6.65,7.4,humid,0.424,high,13.77,0,Delhi,2022,4
Delhi,2W,3.05,82.43,28.97,3,6,public_fast,78.27,4.55,5.61,9.99,humid,0.211,high,18.32,1,Delhi,2025,12
Delhi,2W,2.65,93.26,27.83,5,5,public_fast,85.5,0.14,5.7,8.05,humid,0.537,low,15.91,1,Delhi,2024,9
Delhi,2W,3.18,78.18,19.05,1,4,home,335.16,2.32,4.78,7.78,clear,0.056,low,19.1,0,Delhi,2025,11
Delhi,2W,3.1,82.66,29.1,1,6,public_fast,75.92,0.73,5.27,8.8,extreme_heat,0.394,high,15.83,1,Delhi,2024,6
Delhi,2W,3.44,80.2,24.78,3,5,public_fast,48.14,1.17,4.51,8.55,extreme_heat,0.406,middle,17.53,1,Delhi,2025,7
Delhi,2W,3.9,96.92,23.22,2,2,public_fast,58.51,3.93,3.46,9.1,humid,0.224,middle,23.41,1,Delhi,2021,6
Delhi,2W,3.44,75.61,29.94,2.52,3,public_slow,178.75,5.1,5.88,8.88,humid,0.207,high,20.66,1,Delhi,2024,6
Delhi,2W,2.65,83.43,25.9,2,5,public_fast,82.04,2.17,3.52,9.09,extreme_heat,0.107,middle,13.52,1,Delhi,2025,12
Delhi,2W,3.74,96.49,33.23,3,4,public_fast,64.99,2.96,5.75,7.02,clear,0.526,middle,22.44,0,Delhi,2021,9
Delhi,2W,3.51,80.59,32.32,2,4,public_fast,54.6,6.3,6.54,8.87,extreme_heat,0.227,low,17.9,1,Delhi,2024,9
Delhi,2W,3.47,107.02,46.26,1,1,public_fast,78.92,3.47,6.53,7,rainy,0.08,high,18.73,1,Delhi,2019,4
Delhi,2W,3.05,95.15,35.4,2,4,public_fast,85.57,1.99,6.33,8.65,clear,0.416,middle,18.33,1,Delhi,2024,10
Delhi,2W,2.13,86.62,17.12,2,3,public_fast,83.22,0.86,3.55,7.8,humid,0.116,low,12.76,0,Delhi,2025,4
Delhi,2W,3,67.03,1,2,4,public_fast,48.17,1.93,0.18,8.83,clear,0.274,low,18.95,0,Delhi,2026,7
Delhi,2W,3.39,93.57,30.56,1,2,home,359.82,1.99,6.35,6.49,extreme_heat,0.042,middle,17.27,0,Delhi,2026,1
Delhi,2W,3.71,96.46,32.79,3,2,home,294.11,1.23,5.81,7.23,humid,0.214,middle,22.27,0,Delhi,2022,1
Delhi,2W,3.27,99.14,51.44,3,3,home,308.51,3.79,8.8,7.91,rainy,0.595,low,17.65,1,Delhi,2022,5
Delhi,2W,2.59,99.07,25.54,2,3,public_slow,215.91,1.85,4.16,4.65,humid,0.433,low,15.54,0,Delhi,2021,7
Delhi,2W,2.88,84.59,35.19,2,3,home,437.61,3.22,5.23,9.19,clear,0.382,middle,17.3,1,Delhi,2023,3
Delhi,2W,3.49,102.34,11.94,2,1,public_slow,133.71,8.62,2.04,6.89,rainy,0.693,low,18.86,0,Delhi,2020,9
Delhi,2W,2.61,91.12,8.66,4,1,home,206.73,7.41,1.85,6.62,clear,0.678,high,15.63,0,Delhi,2019,9
Delhi,2W,3.28,85.9,33.32,2,3,home,379.54,3.05,5.82,6.64,humid,0.106,low,19.69,1,Delhi,2022,9
Delhi,2W,3.26,97.84,31.04,3,2,home,178.75,0.03,5.38,7.17,humid,0.342,high,19.53,0,Delhi,2020,12
Delhi,2W,2.93,86.26,21.65,3,3.33,home,286.12,2.71,4.36,9.06,extreme_heat,0.273,low,14.94,0,Delhi,2023,11
Delhi,2W,3.23,81.76,26.34,1,4,public_slow,161.01,0.13,3.55,9.53,humid,0.458,middle,19.36,0,Delhi,2025,9
Delhi,2W,2.52,97.56,25.78,4,1,public_slow,200.51,4.7,4.85,7.8,rainy,0.066,low,13.61,1,Delhi,2019,5
Delhi,2W,2.6,89.19,5.11,2,4,home,289.02,0.8,0.7,8.62,extreme_heat,0.303,low,13.25,0,Delhi,2023,9
Delhi,2W,1.75,91.07,40.23,4,5,public_fast,171.68,3.36,4.36,9.29,humid,0.344,high,10.52,1,Delhi,2023,6
Delhi,2W,2.76,91,32.3,1,5,public_slow,178.75,0.5,4.9,6.63,rainy,0.13,high,14.89,1,Delhi,2022,3
Delhi,2W,2.54,76.15,38.77,1,5,public_slow,201.68,3.45,6.36,10.47,humid,0.32,low,15.22,1,Delhi,2026,1
Delhi,2W,1.95,90.3,15.82,1,2,public_slow,158.84,0.42,2.97,7.21,extreme_heat,0.083,low,9.96,0,Delhi,2020,11
Delhi,2W,3.58,83.62,1,1,5,home,324.67,4.89,0.13,9.92,humid,0.307,low,21.47,1,Delhi,2025,3
Delhi,2W,3.29,95.75,32.95,2,1,public_slow,156.25,4.9,4.99,5.25,extreme_heat,0.856,low,16.8,1,Delhi,2019,11
Delhi,2W,3.19,90.88,27.77,4,6,public_slow,178.75,1.56,4.43,9.03,clear,0.086,high,19.16,1,Delhi,2026,8
Delhi,2W,3.07,93.61,14.62,3,2,public_fast,59.62,0.44,2.38,6.43,clear,0.078,low,18.4,0,Delhi,2022,2
Delhi,2W,2.85,86.27,1,2,6,home,288.54,0.98,0.13,8.57,extreme_heat,0.235,high,14.53,0,Delhi,2025,2
Delhi,2W,3.55,77,6.87,3,4,public_fast,51.35,2.67,0.94,9.46,clear,0.27,low,21.28,0,Delhi,2026,2
Delhi,2W,1.73,98.14,3.14,3,1,public_slow,178.75,3.88,0.62,9.03,clear,0.651,high,10.4,0,Delhi,2024,10
Delhi,2W,2.99,95.57,24.14,2,2,home,407.32,0.78,4.15,5.45,rainy,0.337,low,16.14,0,Delhi,2019,1
Delhi,2W,2.4,76.61,21.91,3,5,public_fast,178.75,3.28,3.38,10.74,humid,0.201,high,14.42,1,Delhi,2025,1
Delhi,2W,2.82,92.68,10.97,4,4,home,408.17,1.45,1.57,6.9,humid,0.217,high,16.91,0,Delhi,2023,3
Delhi,2W,2.51,89.5,22.74,2.52,2,public_fast,63.85,1.51,6.24,10.68,humid,0.239,middle,15.07,0,Delhi,2023,3
Delhi,2W,3.41,77.86,13.53,3,5,public_slow,200.67,3.08,2.25,10.65,extreme_heat,0.491,middle,17.41,1,Delhi,2026,9
Delhi,2W,2.72,89.19,40.98,3,2,public_fast,82.07,0.02,8.16,8.19,rainy,0.38,low,14.71,0,Delhi,2022,6
Delhi,2W,2.32,83.07,19.98,4,5,public_slow,210.29,0.9,3.74,8.62,extreme_heat,0.112,middle,13.91,1,Delhi,2025,4
Delhi,2W,2.83,88.25,1,2,3,public_fast,57.09,1.67,0.15,7.99,clear,0.151,middle,16.96,0,Delhi,2024,7
Delhi,2W,2.81,110.16,31.12,4,2,public_fast,68.26,0.01,5.23,7.8,extreme_heat,0.525,low,14.32,0,Delhi,2019,6
Delhi,2W,2.73,87.76,7.06,2,1,home,136.7,0.76,1.29,6.48,humid,0.353,middle,16.38,0,Delhi,2020,1
Delhi,2W,2.93,78.91,8.2,3,5,home,284.32,1,1.13,10.2,rainy,0.551,low,15.8,0,Delhi,2026,12
Delhi,2W,3.36,106.12,32.67,5,2,public_slow,170.38,2.62,4.88,6.69,rainy,0.661,low,18.13,0,Delhi,2019,10
Delhi,2W,3.13,88.55,33.74,3,5,public_fast,161.12,0.81,7.16,7.98,extreme_heat,0.136,low,15.97,1,Delhi,2024,2
Delhi,2W,2.96,96.94,50.7,3,2,public_fast,26.12,1.87,10.99,7.8,extreme_heat,0.236,high,15.08,0,Delhi,2021,4
Delhi,2W,2.82,89.79,19.74,4,3.33,public_slow,195.48,0.07,4.26,6.97,humid,0.443,middle,16.93,0,Delhi,2022,3
Delhi,2W,3.74,95.93,10.15,2,2,home,272.28,0.96,1.94,8.07,extreme_heat,0.305,low,16.84,0,Delhi,2021,10
Delhi,2W,3.46,91.96,31.68,2,4,public_slow,138.33,0.6,4.31,7.93,extreme_heat,0.243,middle,17.63,0,Delhi,2024,1
Delhi,2W,3.62,97.06,15.61,2,2,public_fast,104.32,0.9,3.42,8.28,clear,0.202,low,21.73,0,Delhi,2021,3
Delhi,2W,2.9,89.19,63.51,2,4,public_fast,103.92,3.6,3.12,8.59,clear,0.334,low,17.38,1,Delhi,2024,6
Delhi,2W,3.35,93.65,46.6,2,3,public_slow,196.92,1.96,7.94,8.68,clear,0.377,low,20.1,0,Delhi,2021,1
Delhi,2W,3.54,96.27,37.12,3,3,public_fast,44.19,5.09,5.78,5.6,clear,0.304,low,21.25,1,Delhi,2020,5
Delhi,2W,3.82,108.46,20.64,3,3.33,public_slow,166.36,2.67,2.99,6.59,rainy,0.712,middle,20.64,0,Delhi,2021,9
Delhi,2W,2.98,92.6,29.26,3,2,public_slow,154.94,0.77,4.93,6,extreme_heat,0.613,low,15.18,0,Delhi,2020,2
Delhi,2W,3.23,89.19,18.4,3,3,public_slow,178.11,3.88,2.86,6.1,rainy,0.349,low,17.46,1,Delhi,2022,1
Delhi,2W,2.54,84.37,24.93,1,3,public_fast,79.73,0.33,4.09,8.93,rainy,0.191,middle,13.74,0,Delhi,2023,7
Delhi,2W,3.28,70.26,17.28,2,6,public_slow,204.23,0.12,3.57,11.65,extreme_heat,0.551,low,16.73,1,Delhi,2026,6
Delhi,2W,2.89,101.12,1,3,1,home,293.79,1.12,0.16,5.87,rainy,0.3,high,15.63,0,Delhi,2019,4
Delhi,2W,3.59,85.19,24.25,3,5,public_slow,190.12,3.37,5.53,9.94,humid,0.225,middle,21.52,1,Delhi,2026,9
Delhi,2W,3.53,98.71,35.82,2,1,home,297.15,0.88,6.05,6.16,humid,0.473,high,21.21,0,Delhi,2019,6
Delhi,2W,3.15,83.26,2.26,4,6,public_slow,151.95,1.39,0.38,9.33,rainy,0.316,low,17.01,0,Delhi,2025,5
Delhi,2W,3.61,69.25,43.85,2,4,public_slow,280.89,3.71,6.88,7.13,clear,0.573,middle,21.64,1,Delhi,2024,3
Delhi,2W,2.54,102.28,1,1,4,home,275.17,1.41,0.15,7.25,rainy,0.55,middle,13.72,0,Delhi,2022,4
Delhi,2W,2.44,85.75,15.64,4,2,public_fast,55.95,4.47,2.07,8.99,rainy,0.29,low,13.19,1,Delhi,2023,2
Delhi,2W,3.6,71.85,26,2,5,public_fast,17.45,0.82,7.99,11.76,humid,0.092,middle,21.58,1,Delhi,2026,1
Delhi,2W,3.54,81.08,35.93,3,6,public_fast,39.3,1.23,5.04,10.31,rainy,0.526,middle,19.12,1,Delhi,2026,9
Delhi,2W,4.05,94.06,26.61,2,1,public_fast,72.9,1.25,14.62,5.4,rainy,0.316,low,21.86,0,Delhi,2020,8
Delhi,2W,3.87,78.12,49.02,2,4,home,240.16,0.84,7.96,9.85,extreme_heat,0.106,high,19.74,0,Delhi,2024,1
Delhi,2W,2.42,101.28,52.21,3,1,public_fast,64.21,2.47,7.21,5.11,clear,0.501,low,14.53,0,Delhi,2019,11
Delhi,2W,2.8,99.32,6.2,2,2,public_fast,49.91,1.18,1.11,8.38,rainy,0.323,middle,15.12,0,Delhi,2021,4
Delhi,2W,3.36,73.59,33.6,3,4,home,302.41,0.1,6.64,9.3,clear,0.495,middle,20.15,1,Delhi,2026,7
Delhi,2W,2.24,96.29,37.72,3,4,public_slow,154.6,1.74,6.37,9.58,extreme_heat,0.301,low,11.4,0,Delhi,2022,1
Delhi,2W,3.12,80.1,26.04,1,5,public_slow,183.65,1.61,3.63,11.06,rainy,0.401,low,16.82,1,Delhi,2026,3
Delhi,2W,3.63,73.61,6.89,1,4,home,361.3,1.78,1.29,9.81,extreme_heat,0.594,high,18.49,0,Delhi,2026,5
Delhi,2W,3.12,99.4,1.16,2,1,public_fast,81.44,0.31,4.36,6.94,humid,0.29,high,18.7,0,Delhi,2021,5
Delhi,2W,3,84.01,34.04,2,3,public_fast,51.52,0.03,5.77,6.38,humid,0.35,low,19.19,0,Delhi,2022,9
Delhi,2W,2.63,72.59,20.85,4,3,home,417.38,1.97,3.95,9.63,extreme_heat,0.534,low,13.41,1,Delhi,2026,5
Delhi,2W,2.47,96.7,16.53,3,3,public_slow,192.55,0.03,2.14,6.52,extreme_heat,0.503,high,12.59,0,Delhi,2021,4
Delhi,2W,2.77,86.5,13.29,2,1,public_fast,74.24,0.31,2.51,6.77,extreme_heat,0.198,middle,14.13,0,Delhi,2021,9
Delhi,2W,3.57,82.16,34.03,1,4,home,309.02,0.25,5.32,8.39,humid,0.45,middle,21.43,0,Delhi,2024,6
Delhi,2W,2.72,85.96,17.04,1,4,public_slow,139.9,0.25,3.38,8.19,clear,0.378,middle,16.34,0,Delhi,2024,12
Delhi,2W,3.17,89.39,32.89,1,4,public_fast,87.25,3.4,6.28,5.79,clear,0.5,high,19.02,1,Delhi,2022,7
Delhi,2W,2.66,81.49,1,2,3,public_fast,45.09,1.76,0.15,8.39,extreme_heat,0.13,middle,13.57,0,Delhi,2024,4
Delhi,2W,3.75,77.4,43.2,3,5,public_fast,77.33,0.16,6.55,8.95,rainy,0.193,low,20.26,1,Delhi,2026,4
Delhi,2W,2.43,76.17,25.96,2,5,home,278.73,0.93,5.24,9.59,humid,0.089,middle,14.6,1,Delhi,2025,5
Delhi,2W,2.9,72.9,21.31,3,6,public_slow,109.04,4.25,2.99,9.26,clear,0.204,low,17.41,1,Delhi,2024,6
Delhi,2W,3.42,97.47,22.3,2,3,public_slow,187.25,0.7,4.5,6.98,clear,0.34,low,20.55,0,Delhi,2020,7
Delhi,2W,2.91,76.91,16.4,2,4,public_slow,229.14,5.85,3.03,11.38,humid,0.347,high,17.46,1,Delhi,2026,12
Delhi,2W,2.72,96.17,25.91,3,3,public_slow,110.81,0.46,4.36,5.63,humid,0.204,low,16.31,0,Delhi,2019,9
Delhi,2W,3.03,98.08,18.63,2,1,home,279.54,0.01,3.46,6.93,humid,0.042,middle,18.19,0,Delhi,2019,5
Delhi,2W,4.02,79.78,21.62,3,5,public_slow,150.44,2.72,4.03,9.25,clear,0.255,high,24.09,1,Delhi,2026,9
Delhi,2W,2.96,79.31,31.55,2,5,public_fast,50.68,0.14,5.46,7.59,extreme_heat,0.376,middle,15.08,1,Delhi,2026,1
Delhi,2W,3.03,82.71,19.99,1,5,public_fast,87.29,5.95,2.99,8.1,humid,0.106,high,18.17,1,Delhi,2024,7
Delhi,2W,2.82,98.32,26.37,3,1,public_slow,265.19,0.91,5.18,7.39,extreme_heat,0.206,high,14.41,0,Delhi,2020,2
Delhi,2W,3.3,105.77,1,5,3,home,401.19,1.42,0.19,7.79,humid,0.183,low,19.78,0,Delhi,2020,9
Delhi,2W,2.13,101.92,2.97,2,1,public_fast,17.02,0.07,0.42,4.82,clear,0.112,high,12.78,0,Delhi,2019,12
Delhi,2W,2.02,87.77,25.77,5,3,public_fast,47.12,1.65,3.76,9.12,rainy,0.44,middle,10.91,0,Delhi,2024,9
Delhi,2W,2.2,81.86,34.96,1,5,public_fast,44.59,1.4,5.61,9.05,rainy,0.581,middle,11.87,1,Delhi,2026,7
Delhi,2W,3.8,90.44,26.61,2,2,public_fast,72.12,1.34,3.87,7.4,extreme_heat,0.339,low,19.39,0,Delhi,2022,1
Delhi,2W,2.89,75.71,17.49,3,6,public_slow,229.52,0.56,2.89,10.72,extreme_heat,0.415,middle,14.72,1,Delhi,2026,1
Delhi,2W,2.24,71.01,24.19,2,5,public_fast,82.17,2.41,3.93,9.47,humid,0.326,high,13.47,1,Delhi,2026,8
Delhi,2W,3.53,88.51,30.87,2,5,home,324.9,0.02,6.32,8.72,clear,0.242,low,21.19,1,Delhi,2022,11
Delhi,2W,2.97,77.43,55.22,3,4,public_slow,211.68,1.14,7.36,9.53,rainy,0.213,low,16.05,0,Delhi,2024,3
Delhi,2W,3.73,97.12,15.41,3,4,public_fast,98.44,0.74,2.62,8.46,clear,0.464,low,22.41,0,Delhi,2023,8
Delhi,2W,3.64,88.97,14.44,2,3.33,public_slow,128.41,3.61,2.33,9.51,extreme_heat,0.429,middle,18.56,1,Delhi,2023,9
Delhi,2W,3,99.7,14.51,2,3.33,home,310,1.48,2.21,6.09,rainy,0.301,high,15.33,0,Delhi,2026,1
Hyderabad,2W,2.64,80.93,29.66,4,6,public_fast,77.15,0.12,4.38,8.84,extreme_heat,0.368,low,13.47,1,Telangana,2025,5
Hyderabad,2W,3.01,86.84,10.42,2,5,home,391.43,0.78,2.12,6.54,extreme_heat,0.217,middle,15.37,0,Telangana,2025,6
Hyderabad,2W,2.36,82.5,1,3,5,public_slow,260.22,4.61,0.14,9.72,rainy,0.161,low,12.72,1,Telangana,2025,10
Hyderabad,2W,2.48,100.39,21.08,3,3,public_slow,196.5,1.91,2.98,5.07,rainy,0.116,middle,13.39,0,Telangana,2021,5
Hyderabad,2W,2.71,91.32,32.08,1,3,home,372.37,1.06,6.04,7.88,clear,0.192,low,16.26,0,Telangana,2022,2
Hyderabad,2W,3.28,90.14,19.31,2,4,public_slow,156.73,0.14,2.88,7.99,humid,0.278,low,19.71,0,Telangana,2026,1
Hyderabad,2W,3.04,88.9,26.13,2,5,home,255.05,2.47,5.6,8.73,rainy,0.164,low,16.4,1,Telangana,2024,11
Hyderabad,2W,3.34,89.19,57.36,3,1,home,344.53,0.33,7.43,6.8,extreme_heat,0.308,middle,17.03,0,Telangana,2020,12
Hyderabad,2W,3.29,79.7,7.97,3,6,public_slow,111.2,1.75,1.2,8.4,extreme_heat,0.39,low,16.78,0,Telangana,2025,6
Hyderabad,2W,2.81,96.75,9.73,3,3,home,178.75,0.68,1.98,8.54,extreme_heat,0.098,low,14.34,0,Telangana,2023,11
Hyderabad,2W,3.55,89.06,121.07,2,5,public_slow,221.8,0.52,6.02,9.64,extreme_heat,0.15,middle,18.08,1,Telangana,2026,9
Hyderabad,2W,2.44,103.71,26.71,2,1,public_slow,173.35,2.2,4.54,7.53,extreme_heat,0.303,low,12.45,0,Telangana,2019,1
Hyderabad,2W,3.08,91.07,28.36,4,3,home,177,0.22,5.75,8.16,clear,0.383,low,18.47,0,Telangana,2021,1
Hyderabad,2W,3.22,92.76,9.68,2,4,public_fast,54.65,0.51,1.46,8.85,extreme_heat,0.019,low,16.43,0,Telangana,2023,5
Hyderabad,2W,3.14,72.51,13.63,3,5,public_slow,167.98,0.98,2.4,10.11,humid,0.858,middle,18.83,1,Telangana,2026,2
Hyderabad,2W,3.2,80.86,9.98,2,4,public_slow,234.72,1.71,2.1,7.33,rainy,0.015,low,17.28,0,Telangana,2024,4
Hyderabad,2W,2.87,97.21,57.08,3,3,public_slow,252.38,0.67,3.11,7.03,humid,0.046,low,17.21,0,Telangana,2024,9
Hyderabad,2W,3.96,89.19,26.07,2,3,home,258.26,2.21,3.72,8.08,extreme_heat,0.29,low,20.2,0,Telangana,2025,6
Hyderabad,2W,1.96,92.4,49.65,2,3,public_fast,42.73,1.32,4.36,6.97,humid,0.227,middle,11.77,0,Telangana,2021,6
Hyderabad,2W,2.74,80.22,24.09,1,6,public_fast,61.72,1.63,3.94,8.75,humid,0.439,low,16.46,1,Telangana,2026,5
Hyderabad,2W,2.56,86.74,23.12,3,5,home,293.09,1.11,3.89,8.12,humid,0.265,middle,15.36,1,Telangana,2024,12
Hyderabad,2W,2.38,82.38,32.08,1,4,home,388.01,1.66,5.08,10.04,clear,0.283,middle,14.29,0,Telangana,2026,10
Hyderabad,2W,3.59,82.61,26.68,2,6,public_fast,70.36,1.4,4.51,9.53,rainy,0.292,middle,19.4,1,Telangana,2026,4
Hyderabad,2W,2.81,83.96,15.09,3,5,public_slow,147.52,4.14,3.01,10.18,clear,0.295,high,16.89,1,Telangana,2025,8
Hyderabad,2W,3.46,88.52,7.7,3,3,public_fast,43.53,0.95,1.2,6.98,extreme_heat,0.451,middle,18.71,0,Telangana,2022,9
Hyderabad,2W,2.93,90.48,1,3,6,home,367.34,3.7,0.16,8.04,rainy,0.366,low,15.81,1,Telangana,2024,1
Hyderabad,2W,3,98.55,16.09,1,1,public_slow,231.34,0.43,2.58,8.21,rainy,0.536,low,16.2,0,Telangana,2019,9
Hyderabad,2W,2.69,78.71,42.76,1,5,home,296.4,1.91,6.4,8.9,humid,0.203,high,16.16,1,Telangana,2026,2
Hyderabad,2W,2.85,74.9,5.64,4,4,public_slow,94.77,0.71,1.18,9.18,extreme_heat,0.344,middle,14.55,0,Telangana,2023,6
Hyderabad,2W,3,84.49,36.31,1,5,public_fast,35.54,1.96,7.43,9.31,rainy,0.064,low,20.91,1,Telangana,2025,5
Hyderabad,2W,3.3,80.46,24.41,1,5,public_fast,76.52,2.27,3.17,7.37,clear,0.093,low,19.81,1,Telangana,2024,7
Hyderabad,2W,2.93,89.16,18.1,4,3,public_slow,152.9,7.47,2.62,7.9,clear,0.301,low,16.84,1,Telangana,2022,1
Hyderabad,2W,2.81,87.01,3.21,1,5,home,139.46,0.81,0.62,8.99,rainy,0.131,high,15.15,0,Telangana,2024,11
Hyderabad,2W,2.14,89.19,23.59,3,3,public_slow,189.87,1.44,4.41,9.32,clear,0.36,middle,12.81,0,Telangana,2023,8
Hyderabad,2W,3.08,95.41,47.34,3,1,public_fast,83.09,0.88,10.82,9.37,clear,0.114,high,18.47,0,Telangana,2021,1
Hyderabad,2W,3.06,82.76,16.32,3,4,home,273.08,2.53,2.51,9.23,rainy,0.275,middle,16.52,0,Telangana,2025,1
Hyderabad,2W,3.42,88.66,13.74,1,3,public_fast,30.47,1.5,2.04,8.06,clear,0.216,low,20.51,0,Telangana,2021,5
Hyderabad,2W,2.77,85.03,1.7,2,4,home,281,4.41,0.21,7.62,humid,0.478,low,16.62,0,Telangana,2024,4
Hyderabad,2W,2.69,96.09,13.44,2,3.33,home,311.09,0.32,1.71,8.25,humid,0.029,low,16.15,1,Telangana,2023,7
Hyderabad,2W,3.41,89.69,17.64,2,3,public_fast,82.95,2.53,2.87,7.78,extreme_heat,0.364,high,17.37,0,Telangana,2024,5
Hyderabad,2W,3,95.25,7.64,2,3,public_slow,305.99,4.15,1.6,8.11,rainy,0.173,high,13.81,0,Telangana,2021,1
Hyderabad,2W,3.28,90.76,1,3,2,public_fast,79.62,0.8,0.17,6.61,rainy,0.473,low,17.73,0,Telangana,2021,8
Hyderabad,2W,3.38,81.24,47.99,3,5,public_slow,253.92,1.8,7.36,10.04,extreme_heat,0.463,middle,17.24,1,Telangana,2026,10
Hyderabad,2W,3.04,98.2,20.17,2,3,home,230.79,0.37,3.59,9.07,humid,0.126,low,18.22,0,Telangana,2022,4
Hyderabad,2W,3.13,80.5,56.39,2,4,public_slow,172.46,1.4,3.54,9.44,extreme_heat,0.094,low,15.99,0,Telangana,2024,2
Hyderabad,2W,2.97,95.53,42.96,1,1,home,354.06,5.24,7.18,7.47,humid,0.418,low,17.83,1,Telangana,2019,7
Hyderabad,2W,2.88,80.04,4.8,2.52,7,public_fast,83.81,0.64,0.88,9.3,rainy,0.103,middle,15.53,0,Telangana,2026,11
Hyderabad,2W,3.7,96.35,26.55,1,2,public_slow,200.67,0.3,3.83,9.16,rainy,0.245,middle,19.95,0,Telangana,2021,6
Hyderabad,2W,3.2,90.08,7.42,4,5,public_fast,47.04,1.92,1.19,8.86,humid,0.387,middle,19.22,0,Telangana,2024,12
Hyderabad,2W,3.78,101.96,4.83,1,1,home,237.18,1.13,0.76,7.18,clear,0.111,middle,16.84,0,Telangana,2020,1
Hyderabad,2W,3.89,83.54,35.53,1,4,home,278.35,9.64,8.38,10.27,extreme_heat,0.106,middle,19.83,1,Telangana,2025,9
Hyderabad,2W,3.34,77.69,18.46,3,5,public_fast,60.81,0.91,3.92,10.39,humid,0.37,middle,20.06,1,Telangana,2026,10
Hyderabad,2W,2.7,80.16,17.07,2,3,public_fast,63.66,0.17,2.52,9.12,rainy,0.273,low,14.57,0,Telangana,2023,12
Hyderabad,2W,2.21,89.46,30.85,2,3,home,225.21,1.27,4.39,5.87,clear,0.117,middle,13.28,0,Telangana,2022,10
Hyderabad,2W,3.72,86.42,16.58,2,4,public_slow,245.81,9.31,2.55,8.26,extreme_heat,0.217,low,18.96,1,Telangana,2024,3
Hyderabad,2W,2.11,83.71,8.02,2,3,home,303.59,2.61,1.26,8.83,extreme_heat,0.644,middle,10.78,0,Telangana,2025,2
Hyderabad,2W,2.85,100.1,1,3,2,public_slow,161.62,3.2,0.16,5.44,rainy,0.229,middle,15.38,0,Telangana,2020,4
Hyderabad,2W,2.95,87.61,71.38,3,3,public_slow,132.63,2.97,4.16,6.5,rainy,0.37,low,15.92,0,Telangana,2021,3
Hyderabad,2W,2.86,82.32,27.98,3,5,home,321.2,0.19,4.61,7.66,clear,0.114,middle,17.13,1,Telangana,2026,1
Hyderabad,2W,2.79,95.75,29.12,4,2,public_fast,11.4,4.55,5.81,7.13,humid,0.276,low,16.76,1,Telangana,2022,7
Hyderabad,2W,2.83,85.15,22.04,2.52,3,home,334.03,0.44,4.07,6,extreme_heat,0.257,high,14.46,0,Telangana,2020,10
Hyderabad,2W,3.07,85.53,24.89,2,5,home,355.87,2.97,4.28,8.81,humid,0.324,middle,18.44,1,Telangana,2025,8
Hyderabad,2W,3.33,85.64,45,3,4,public_fast,60.41,2.28,7.77,7.5,humid,0.343,middle,19.96,0,Telangana,2022,3
Hyderabad,2W,2.98,88.32,31.44,3,1,public_slow,166.55,1.16,4.26,6.22,rainy,0.22,middle,16.08,0,Telangana,2019,11
Hyderabad,2W,3.52,101.27,33.2,3,2,public_fast,31,0.96,4.56,6.3,humid,0.159,low,21.11,0,Telangana,2020,11
Hyderabad,2W,3.08,88.34,36.16,1,4,home,256.24,0.21,6.12,8.22,rainy,0.29,middle,16.63,0,Telangana,2022,2
Hyderabad,2W,2.38,85.06,32.91,2,3.33,public_fast,41.6,0.72,4.85,8.35,clear,0.164,high,14.31,0,Telangana,2024,7
Hyderabad,2W,3,103.05,29.21,1,3,public_fast,23.79,0.26,5.65,6.04,rainy,0.153,low,14.89,0,Telangana,2019,9
Hyderabad,2W,3.1,97.2,11.79,3,3.33,home,313.84,1.31,1.54,6.38,extreme_heat,0.272,high,15.83,0,Telangana,2019,6
Hyderabad,2W,3.13,90.79,42.53,2,4,public_fast,67.83,0.03,6.62,7.73,extreme_heat,0.122,middle,15.96,0,Telangana,2023,2
Hyderabad,2W,3.35,89.19,7.79,4,1,public_fast,107.62,1.2,1.64,4.79,rainy,0.413,middle,18.08,0,Telangana,2019,6
Hyderabad,2W,2.54,97.12,19.25,3,4,home,332.15,0.88,3.37,6.64,clear,0.133,middle,15.27,0,Telangana,2022,4
Hyderabad,2W,3.02,91.67,28.54,2,2,public_slow,162.06,0.18,4.74,5.64,clear,0.442,middle,18.11,0,Telangana,2020,10
Hyderabad,2W,2.73,100.39,41.63,3,3,public_slow,203.97,0.69,6.43,7.18,rainy,0.419,middle,14.74,0,Telangana,2020,4
Hyderabad,2W,2.15,86.77,27.91,2,3,public_slow,159.95,0.1,5.9,7.7,extreme_heat,0.379,high,10.98,0,Telangana,2022,1
Hyderabad,2W,3.29,94.96,1,2,2,public_slow,178.75,4.01,0.18,5.02,extreme_heat,0.092,middle,16.77,0,Telangana,2019,11
Hyderabad,2W,1.58,90.02,34.38,3,2,public_slow,178.75,1.48,6.84,8.05,humid,0.299,middle,9.47,0,Telangana,2020,11
Hyderabad,2W,2.96,95.93,18.38,2,4,public_slow,209.48,1.71,2.97,7.2,clear,0.515,low,17.75,0,Telangana,2022,1
Hyderabad,2W,2.48,86.29,28.04,3,3,public_slow,193.32,0.54,5.35,7.42,clear,0.179,middle,14.86,0,Telangana,2023,12
Hyderabad,2W,2.78,95.05,86.72,2.52,3.33,public_slow,137.15,1.71,5.18,6.46,extreme_heat,0.29,low,14.19,0,Telangana,2022,6
Hyderabad,2W,3.78,74.85,31.93,2,6,public_slow,180.45,0.7,5.01,7.22,clear,0.236,high,22.69,1,Telangana,2026,7
Hyderabad,2W,3.36,91.94,1,3,3,home,178.75,0.03,0.15,7.03,humid,0.519,middle,20.15,0,Telangana,2021,9
Hyderabad,2W,3.23,81.15,24.9,3,5,public_fast,95.23,0.65,3.68,7.87,clear,0.423,low,19.37,1,Telangana,2023,4
Hyderabad,2W,3.65,95.66,47.53,2,3,public_fast,75.15,6.72,7.55,8.51,extreme_heat,0.2,low,18.62,1,Telangana,2023,9
Hyderabad,2W,3.44,83.58,34.19,4,4,home,289.68,3.54,6.14,9.04,clear,0.33,high,20.64,1,Telangana,2024,4
Hyderabad,2W,3.31,96.71,3,4,3,public_fast,4.84,2.07,0.16,4.52,extreme_heat,0.402,middle,16.91,0,Telangana,2020,4
Hyderabad,2W,2.36,87.83,56.74,3,3,public_slow,187.79,0.78,13.14,8.91,rainy,0.336,low,12.73,0,Telangana,2026,1
Hyderabad,2W,3.36,93.18,46.18,1,2,home,357.56,0.85,7.99,5.35,humid,0.085,low,20.18,0,Telangana,2019,9
Hyderabad,2W,2.57,74.52,1,4,4,public_slow,243.76,3.11,0.17,9.04,extreme_heat,0.463,high,13.11,1,Telangana,2025,2
Hyderabad,2W,4.11,99.19,30.03,3,2,home,355.47,1.76,5.01,6.23,rainy,0.325,high,22.22,0,Telangana,2019,7
Hyderabad,2W,2.96,96.2,114.14,1,2,public_fast,70.16,1.2,4.17,5.3,clear,0.429,low,17.77,0,Telangana,2019,2
Hyderabad,2W,2.76,89.19,26.61,2,5,home,330.58,0.14,5.49,9.61,extreme_heat,0.36,high,14.08,1,Telangana,2025,6
Hyderabad,2W,2.87,79.51,24.49,3,4,public_fast,22.48,0.86,3.24,7.8,clear,0.193,low,17.25,0,Telangana,2025,5
Hyderabad,2W,3.68,86.82,37.44,3,4,home,297.63,0.72,4.36,6.51,clear,0.127,low,22.06,0,Telangana,2026,1
Hyderabad,2W,3.26,98.94,55.76,3,2,home,323.09,1.61,8.74,8.85,rainy,0.242,low,17.59,0,Telangana,2020,10
Hyderabad,2W,3,81.75,1,1,6,public_fast,54.58,0.45,0.17,11.56,clear,0.118,middle,21.68,0,Telangana,2025,12
Hyderabad,2W,2.92,99.59,31.16,2,3,public_slow,117.74,3.32,4.9,5.91,extreme_heat,0.186,high,14.9,1,Telangana,2020,6
Hyderabad,2W,2.34,99.99,15.94,2,2,public_slow,139.4,2.83,2.31,6.48,rainy,0.373,high,12.66,0,Telangana,2019,11
Hyderabad,2W,3.23,97.77,26.61,3,2,public_fast,38,0.35,2.35,7.71,humid,0.565,low,19.39,0,Telangana,2021,9
Hyderabad,2W,2.25,89.39,23.86,2,4,public_fast,178.75,0.39,5.59,7.13,clear,0.462,middle,13.52,0,Telangana,2023,6
Hyderabad,2W,2.27,103.27,38.47,2,2,public_fast,63.1,1.3,6.48,6.77,clear,0.296,middle,13.6,0,Telangana,2019,2
Hyderabad,2W,2.69,105.31,4.34,4,1,public_slow,256.06,0.7,0.59,5.99,extreme_heat,0.114,low,13.73,0,Telangana,2019,2
Hyderabad,2W,2.87,72.38,46.46,2,5,home,325.23,2.35,8.09,10.15,extreme_heat,0.052,middle,14.65,1,Telangana,2026,3
Hyderabad,2W,3.76,100.99,21.52,3,1,public_slow,203.63,2.07,3.54,5.39,humid,0.684,low,22.58,0,Telangana,2019,10
Hyderabad,2W,2.89,89.19,24.92,3,5,home,297.94,2.23,3.33,8.47,rainy,0.478,high,15.59,1,Telangana,2025,1
Hyderabad,2W,2.4,82.57,35.36,1,4,home,268.5,0.47,4.91,9.06,rainy,0.298,low,12.97,0,Telangana,2026,11
Hyderabad,2W,2.23,92.26,1,3,2,public_fast,77.93,0.06,0.15,5.24,rainy,0.291,middle,12.02,0,Telangana,2020,5
Hyderabad,2W,3.22,90.8,24.53,3,4,public_fast,22.82,2.21,4.53,8.7,clear,0.036,middle,19.32,0,Telangana,2022,1
Hyderabad,2W,3.48,81.11,30.35,3,5,home,280.4,2.4,5.37,8.61,extreme_heat,0.255,high,17.73,0,Telangana,2023,1
Hyderabad,2W,3,81.62,26.61,4,4,public_fast,56.77,1.79,2.75,8.22,humid,0.175,low,19.39,0,Telangana,2026,1
Hyderabad,2W,2.61,106.13,29.52,1,1,home,224.19,2.52,5.38,8.15,clear,0.142,low,15.67,0,Telangana,2019,9
Hyderabad,2W,3.22,78.14,89.44,2,6,public_slow,153.91,0.24,4.99,9.46,extreme_heat,0.083,low,16.41,1,Telangana,2025,8
Hyderabad,2W,3,86.82,33.48,2,5,public_slow,253.86,0.35,6.21,8.2,rainy,0.061,low,16.19,1,Telangana,2026,3
Hyderabad,2W,2.84,96.29,19.15,2,3,public_slow,196.17,0.35,3.43,9.17,extreme_heat,0.329,low,14.49,0,Telangana,2023,3
Hyderabad,2W,3.44,80.88,14.33,3,6,public_slow,173.66,3.5,4.36,8.61,rainy,0.153,low,18.56,1,Telangana,2026,10
Hyderabad,2W,4.09,72.65,26.61,1,5,public_slow,202.26,2.18,3.88,9.7,extreme_heat,0.208,middle,20.84,1,Telangana,2026,12
Hyderabad,2W,3.45,84.01,4.45,4,3,public_fast,229.24,1.82,0.77,7.89,humid,0.103,low,20.69,0,Telangana,2024,11
Hyderabad,2W,2.38,99.29,19.58,2,1,home,376.56,2.27,3.88,5.52,extreme_heat,0.518,middle,12.11,0,Telangana,2020,3
Hyderabad,2W,3.33,95.05,28.08,3,3,public_slow,153.15,2.89,5.52,6.29,clear,0.3,middle,20.01,0,Telangana,2021,5
Hyderabad,2W,3,79.36,39,3,6,public_slow,149.78,0.67,7.18,7.31,extreme_heat,0.501,high,15.29,1,Telangana,2026,4
Hyderabad,2W,2.81,93.36,9.51,4,1,home,313.71,0.37,1.37,6.22,humid,0.638,low,16.87,0,Telangana,2021,12
Hyderabad,2W,3.15,88.07,24.35,1,3,public_fast,28.51,0.58,5.87,7.8,clear,0.408,low,18.91,0,Telangana,2023,5
Hyderabad,2W,2.56,71.19,35.95,4,4,public_slow,112,1.99,5.2,8.55,extreme_heat,0.262,low,16.84,1,Telangana,2026,1
Hyderabad,2W,2.9,96.34,11.11,2,3,public_slow,224.56,3.85,1.89,7.78,clear,0.237,high,17.41,0,Telangana,2019,4
Hyderabad,2W,3.18,79.51,1,2,3,home,302.93,8.1,0.16,9.08,clear,0.493,middle,19.11,0,Telangana,2026,8
Hyderabad,2W,3.26,80.42,19.32,2,5,home,355.64,5.61,3.59,9.03,humid,0.127,low,19.54,1,Telangana,2026,7
Hyderabad,2W,2.44,82.77,22.13,1,5,public_fast,62.2,0.02,4.17,9.33,clear,0.062,high,14.67,1,Telangana,2026,7
Hyderabad,2W,3,100.81,24.75,3,2,public_fast,41.69,2.38,5.35,7.88,rainy,0.433,low,15.14,0,Telangana,2020,7
Hyderabad,2W,2.29,83.8,13.93,2,4,public_fast,53.1,0.8,2.63,7.69,humid,0.154,low,13.74,0,Telangana,2023,3
Hyderabad,2W,2.82,92.96,29.92,3,1,public_fast,37.26,3.23,6.12,8.01,extreme_heat,0.48,low,14.39,1,Telangana,2020,7
Hyderabad,2W,2.96,82.82,42.78,1,5,public_fast,62.98,0.7,8.04,8.87,rainy,0.264,low,15.98,0,Telangana,2025,2
Hyderabad,2W,3.37,86.69,12.57,3,5,home,231.49,0.13,2.24,9.36,rainy,0.268,high,18.2,0,Telangana,2025,3
Hyderabad,2W,3.1,89.19,42.21,4,5,home,217.01,1.22,2.96,8.63,rainy,0.29,low,16.74,1,Telangana,2024,2
Hyderabad,2W,3.04,86.07,39.33,2,3,public_fast,48.47,0.37,7.24,10.53,clear,0.221,middle,18.24,0,Telangana,2023,5
Hyderabad,2W,2.25,79.11,1,2,5,public_slow,103.07,2.28,0.19,11.19,extreme_heat,0.447,middle,16.84,0,Telangana,2026,4
Hyderabad,2W,2.97,94.2,15.02,2,5,public_slow,236.3,1.99,2.42,7.76,extreme_heat,0.386,middle,15.14,1,Telangana,2023,1
Hyderabad,2W,3.07,83.34,7.19,1,3,public_fast,34.43,0.14,1.27,8.21,extreme_heat,0.081,middle,16.56,0,Telangana,2024,10
Hyderabad,2W,3.13,102.22,147.13,1,2,home,409.49,1.29,7.14,7.38,clear,0.123,high,18.77,0,Telangana,2020,4
Hyderabad,2W,2.5,107.47,34.53,3,2,home,259.47,2.19,4.36,7.81,rainy,0.423,low,13.47,0,Telangana,2021,7
Hyderabad,2W,2.92,96.96,19.85,2,2,public_slow,241.61,0.35,3.66,7.56,rainy,0.139,low,15.79,0,Telangana,2026,1
Hyderabad,2W,2.31,92.91,40.05,3,5,public_fast,70.01,1.99,6.64,7.73,humid,0.052,middle,13.84,1,Telangana,2022,1
Hyderabad,2W,2.74,73.23,21.91,4,3,home,270.36,2.04,4.06,7.45,rainy,0.084,low,14.78,1,Telangana,2024,2
Hyderabad,2W,3,99.98,1,3,3,public_slow,203.09,2.85,0.14,6.62,extreme_heat,0.501,middle,16.22,0,Telangana,2021,10
Hyderabad,2W,3.85,80.52,47.17,4,2,home,178.75,2.24,8.24,8.42,rainy,0.461,low,20.77,0,Telangana,2023,6
Hyderabad,2W,3.68,86.96,17.03,2,4,home,268.23,8.43,2.74,8.31,rainy,0.181,high,19.89,1,Telangana,2023,5
Hyderabad,2W,3.58,81.14,31.84,1,5,public_fast,72.99,0.69,5.97,8.59,rainy,0.304,high,19.31,1,Telangana,2026,9
Hyderabad,2W,3,89.19,31.43,2,5,public_fast,24.53,4.21,5.22,8.24,clear,0.279,middle,17.48,1,Telangana,2022,9
Hyderabad,2W,2.4,77.94,23.34,2,3,home,407.42,2.08,3.05,9.18,extreme_heat,0.12,low,12.25,0,Telangana,2025,2
Hyderabad,2W,2.1,104.73,11.75,3,1,public_fast,54.08,0.45,1.74,7.22,extreme_heat,0.178,low,10.69,0,Telangana,2021,8
Hyderabad,2W,2.84,74.74,52.04,3,4,public_slow,186.24,0.35,8.11,8.79,clear,0.147,low,17.02,1,Telangana,2026,3
Hyderabad,2W,2.59,87.75,6.31,4,4,public_slow,174.83,2.87,1.08,5.46,rainy,0.086,low,13.98,0,Telangana,2026,1
Hyderabad,2W,3.22,72.69,42.63,4,4,public_fast,178.75,1.23,5.61,8.33,extreme_heat,0.192,low,16.43,1,Telangana,2025,7
Hyderabad,2W,2.86,103.24,39.21,3,1,home,303.93,0.39,7.84,8.16,clear,0.346,low,17.14,0,Telangana,2019,8
Hyderabad,2W,2.22,99.71,24.67,3,2,public_fast,39.93,5.9,5.21,5.2,clear,0.562,low,16.84,1,Telangana,2019,1
Hyderabad,2W,4,87.1,11.95,3,3,public_fast,68.14,5.06,1.96,7.36,rainy,0.248,low,21.58,0,Telangana,2022,8
Hyderabad,2W,2.94,92.09,48.04,4,3,public_fast,62.01,0.91,10.33,6.89,humid,0.43,low,17.62,0,Telangana,2022,6
Hyderabad,2W,2.71,93.7,20.97,3,1,public_fast,67.42,0.92,3.72,6.32,humid,0.073,middle,16.28,0,Telangana,2019,3
Hyderabad,2W,2.81,86.96,22.19,2,2,public_fast,65.69,2.49,4.36,7.83,extreme_heat,0.06,middle,14.31,0,Telangana,2021,12
Hyderabad,2W,3.25,98.79,42.81,2,1,public_slow,124.93,1.39,9.05,7.04,rainy,0.29,middle,17.56,0,Telangana,2021,12
Hyderabad,2W,2.93,91.3,47.62,1,2,public_slow,152.46,3.8,8.13,6.32,rainy,0.636,low,15.8,1,Telangana,2020,5
Hyderabad,2W,2.7,89.6,30.17,1,3,home,278.1,2.79,4.96,6.59,clear,0.314,low,16.2,0,Telangana,2022,7
Hyderabad,2W,2.35,93.48,23.27,2,3,home,294.93,2.55,3.19,5.49,clear,0.233,middle,14.13,0,Telangana,2020,10
Hyderabad,2W,3,76.31,42.07,3,4,public_slow,181.01,0.01,6.64,9.6,rainy,0.124,middle,16.18,0,Telangana,2024,11
Hyderabad,2W,2.17,91.83,31.13,2,2,public_slow,174.94,0.1,7.7,4.6,extreme_heat,0.408,low,11.06,0,Telangana,2022,4
Hyderabad,2W,2.61,108.79,31.88,2,1,public_fast,48.45,0.27,4.9,5.86,clear,0.758,middle,15.67,0,Telangana,2019,3
Hyderabad,2W,2.59,81.24,41.32,3,6,public_slow,199.13,0.16,9.94,10.36,rainy,0.168,high,14,1,Telangana,2025,5
Hyderabad,2W,3.02,90.15,53.89,4,3.33,public_fast,43.42,0.36,8.65,7.04,clear,0.183,middle,18.14,0,Telangana,2020,6
Hyderabad,2W,2.41,101.34,21.84,3,2,public_slow,149.67,3.09,3.23,5.99,extreme_heat,0.549,middle,12.29,1,Telangana,2022,1
Hyderabad,2W,3.03,97.9,31.26,3,1,home,412.54,2.99,5.07,6.43,humid,0.434,middle,18.21,0,Telangana,2026,1
Hyderabad,2W,3.39,86.31,40.76,3,3,public_slow,167.81,2.76,7.12,9.99,humid,0.07,middle,20.31,0,Telangana,2025,3
Hyderabad,2W,3.07,84.07,45.21,3,5,home,228.49,4.13,6.83,9.67,clear,0.185,middle,18.45,1,Telangana,2025,11
Hyderabad,2W,3.34,108.78,27.3,1,3,home,271.43,2.35,6.73,7.25,humid,0.092,middle,20.06,0,Telangana,2021,7
Hyderabad,2W,3.24,84.74,41.7,3,3,public_slow,97.12,3.08,5.84,8.92,extreme_heat,0.443,low,16.53,1,Telangana,2024,1
Hyderabad,2W,3.18,85.22,26.61,1,3,home,295.61,1.99,6.8,7.07,rainy,0.416,low,17.19,0,Telangana,2020,1
Hyderabad,2W,3.75,80.07,34.35,2,6,home,336.34,0.66,5.38,10.13,humid,0.104,low,22.48,1,Telangana,2026,12
Hyderabad,2W,3.28,96.35,25.69,4,3,public_fast,48.36,0.69,3.65,6.81,rainy,0.16,middle,17.69,0,Telangana,2020,10
Hyderabad,2W,4.05,94.24,8.55,2,2,public_slow,177.31,4.28,1.8,8.5,rainy,0.309,middle,21.89,0,Telangana,2022,6
Hyderabad,2W,2.84,88.53,21.01,5,3,public_slow,190.65,3.68,4.61,7.62,extreme_heat,0.137,middle,14.5,1,Telangana,2022,9
Hyderabad,2W,2.7,85.23,40.29,3,3.33,public_fast,59.94,6.14,8.23,7.13,humid,0.214,low,16.21,1,Telangana,2023,1
Hyderabad,2W,2.84,72.88,39.03,1,5,public_slow,223.91,1.87,5.13,9.7,clear,0.428,middle,17.01,1,Telangana,2026,9
Hyderabad,2W,3.52,98.23,15.99,1,3,home,356.85,0.67,3.42,6.08,humid,0.078,middle,21.11,0,Telangana,2021,7
Hyderabad,2W,3.19,81.81,13.66,2,4,home,288.73,0.48,1.9,7.29,clear,0.622,high,19.17,0,Telangana,2023,11
Hyderabad,2W,2.51,83.42,43.26,3,5,public_slow,143.17,5.11,6.26,9.86,humid,0.254,low,15.07,1,Telangana,2025,1
Hyderabad,2W,2.84,97.72,9.28,3,4,public_slow,173.48,0.85,1.45,6.5,humid,0.354,middle,17.07,0,Telangana,2021,11
Hyderabad,2W,2.42,80.29,26.61,3,5,public_slow,239.94,2.53,8.77,7.82,extreme_heat,0.391,low,12.34,1,Telangana,2025,1
Hyderabad,2W,3.29,91.91,23.07,2,3,home,306.53,5.39,3.85,6.15,clear,0.464,low,19.75,1,Telangana,2020,3
Hyderabad,2W,3.51,100.57,28.11,4,4,home,251.6,0.37,4.81,7.73,humid,0.343,low,21.04,0,Telangana,2022,8
Hyderabad,2W,4.22,89.94,25.65,2,3.33,public_slow,135.63,1.17,3.02,9.65,humid,0.397,high,25.34,1,Telangana,2025,1
Hyderabad,2W,2.98,78.96,14.01,3,6,public_fast,97.64,0.7,2.27,9.27,humid,0.407,high,17.88,1,Telangana,2025,7
Hyderabad,2W,3.46,101.3,26.94,2,4,public_slow,175.91,0.45,5.31,6.73,humid,0.096,high,20.74,0,Telangana,2019,6
Hyderabad,2W,2.46,78.73,33.63,1,5,home,294.31,0.95,4.7,9.54,rainy,0.254,middle,13.28,1,Telangana,2026,8
Hyderabad,2W,3.34,102.77,43.52,1,3,public_slow,237.4,1.99,11.14,7.27,humid,0.215,middle,20.02,1,Telangana,2019,12
Hyderabad,2W,3.11,85.38,25.16,2,4,public_slow,190.5,0.67,3.14,8,extreme_heat,0.383,high,15.86,0,Telangana,2023,4
Hyderabad,2W,2.91,82.18,33.7,3,2,public_fast,249.93,2.38,5.55,7.04,rainy,0.419,high,15.72,0,Telangana,2021,5
Hyderabad,2W,2.91,83.75,42,5,4,public_slow,202.34,0.86,7.28,9.72,humid,0.356,high,17.44,0,Telangana,2025,10
Hyderabad,2W,2.32,106.85,51.18,1,1,home,365.56,0.08,8.49,6.1,clear,0.259,high,13.93,0,Telangana,2019,11
Hyderabad,2W,3.04,94.88,14.49,3,1,public_fast,76.29,3.11,2.12,6.07,rainy,0.28,low,16.39,1,Telangana,2020,5
Hyderabad,2W,2.72,79.6,33.97,1,1,home,258.05,4.12,7.25,8.32,clear,0.28,low,16.32,1,Telangana,2022,4
Hyderabad,2W,3.87,85.64,59.77,4,4,home,280.45,0.03,13.19,7.8,extreme_heat,0.147,low,19.74,0,Telangana,2021,7
Hyderabad,2W,2.79,103.49,10.83,5,3,public_fast,76.81,2.51,1.74,7.19,extreme_heat,0.642,middle,14.21,0,Telangana,2020,10
Hyderabad,2W,2.96,82.2,18.24,3,2,public_fast,117.76,0.09,3.38,9.17,rainy,0.336,low,15.98,0,Telangana,2023,10
Hyderabad,2W,3.55,97.81,33.77,2,3.33,home,320.86,0.59,5.89,5.83,humid,0.053,high,21.29,0,Telangana,2019,5
Hyderabad,2W,2.98,95.28,12.53,5,2,home,348.41,0.32,2.58,6.47,clear,0.351,low,17.89,0,Telangana,2020,10
Hyderabad,2W,4.04,92.95,15.48,1,4,home,178.75,1.64,2.83,8.86,clear,0.464,low,24.22,0,Telangana,2025,9
Hyderabad,2W,2.61,82.01,33.5,2,3,home,355,0.07,7.66,8.39,humid,0.502,middle,15.67,0,Telangana,2020,3
Hyderabad,2W,1.95,77.6,26.57,2,5,home,391.57,5.15,4.52,8.36,humid,0.601,high,11.69,1,Telangana,2025,1
Hyderabad,2W,3.41,85.89,33.87,3,4,public_fast,2.09,1.81,4.63,7,clear,0.279,middle,20.44,0,Telangana,2023,5
Hyderabad,2W,4.19,87.69,26.61,1,2,public_slow,186.58,1.99,1.2,6.35,clear,0.432,high,25.14,0,Telangana,2021,10
Hyderabad,2W,2.95,96.39,24.44,2,1,public_slow,200.57,2.94,3.49,6.95,humid,0.294,middle,17.73,0,Telangana,2019,1
Hyderabad,2W,2.99,89.19,19.75,3,1,public_slow,238.9,9.18,3.13,5.14,clear,0.182,high,17.93,1,Telangana,2019,12
Hyderabad,2W,3.18,74.53,33.99,3,4,home,421.31,0.06,7.3,7.8,humid,0.441,middle,19.11,1,Telangana,2026,4
Hyderabad,2W,2.1,101.38,28.34,3,1,public_fast,95.8,3.05,4.36,6.08,humid,0.29,low,12.61,1,Telangana,2019,1
Hyderabad,2W,2.98,108.65,27.26,2,2,public_slow,222.35,2.44,4.43,7.8,extreme_heat,0.123,low,15.21,0,Telangana,2019,9
Hyderabad,2W,3.98,87.23,16.22,3,5,public_fast,77.2,0.71,2.69,10.92,rainy,0.481,middle,21.49,1,Telangana,2025,10
Hyderabad,2W,3.1,95.05,25.84,4,4,public_fast,101.16,0.42,4.78,8.44,extreme_heat,0.312,high,15.83,0,Telangana,2024,9
Hyderabad,2W,2.41,87.54,32.18,2,4,public_slow,174.99,0.35,4.98,10.77,clear,0.27,low,14.44,0,Telangana,2026,1
Hyderabad,2W,2.05,80.51,32.14,1,3,home,254.84,0.15,4.16,11,humid,0.349,low,12.28,0,Telangana,2025,5
Hyderabad,2W,2.25,87.69,17.45,2,4,home,209.43,3.36,2.67,6.61,clear,0.215,middle,16.84,1,Telangana,2023,7
Hyderabad,2W,3.04,79.49,17.39,3,3,home,292.62,2.01,2.98,11.17,rainy,0.21,low,16.4,0,Telangana,2025,10
Hyderabad,2W,3.49,89.19,29.86,3,5,public_fast,89.16,1.35,5.04,9.24,extreme_heat,0.22,low,20.93,1,Telangana,2025,3
Hyderabad,2W,3.57,83.65,29.32,3,2,home,256.54,0.27,5.4,7.83,rainy,0.49,low,19.28,0,Telangana,2023,12
Hyderabad,2W,3.77,95.7,16.83,5,3,public_fast,34.18,3.83,2.51,7.65,humid,0.068,low,22.6,1,Telangana,2021,10
Hyderabad,2W,2.92,93.06,26.61,3,2,public_slow,190.6,0.73,3.55,7.27,extreme_heat,0.199,low,14.88,0,Telangana,2024,3
Hyderabad,2W,3.28,102.28,44.99,2.52,1,public_fast,52.78,1.92,7.03,7.21,extreme_heat,0.236,low,16.71,0,Telangana,2020,5
Hyderabad,2W,3.36,88.83,13.41,3,2,home,259.94,0.12,2.1,7.8,clear,0.141,middle,20.16,0,Telangana,2019,12
Hyderabad,2W,2.86,79.37,40.66,2,5,public_slow,170.83,1.33,7.15,9.51,clear,0.328,middle,17.13,1,Telangana,2025,8
Hyderabad,2W,2.5,81.91,29.27,2,4,public_slow,162.88,0.55,3.95,9.98,rainy,0.137,high,13.47,0,Telangana,2026,3
Hyderabad,2W,3.1,101.45,88.48,2,3,public_fast,95.98,2.03,4.36,7.37,rainy,0.161,low,16.75,0,Telangana,2022,9
Hyderabad,2W,3.02,105.09,18.39,1,3,public_slow,170.56,3.09,3.5,5.78,rainy,0.064,middle,16.29,1,Telangana,2019,2
Hyderabad,2W,3.27,81.76,1.42,3,3,public_fast,63.36,1.81,0.18,6.86,rainy,0.445,middle,17.63,0,Telangana,2022,4
Hyderabad,2W,2.37,95.22,30.51,2.52,2,public_slow,186.24,1.47,5.18,7.93,extreme_heat,0.106,middle,12.09,0,Telangana,2021,5
Hyderabad,2W,3.01,100.21,1,3,1,public_slow,226.35,9.23,0.13,5.74,humid,0.009,middle,18.07,0,Telangana,2019,10
Hyderabad,2W,2.55,95.05,37.41,3,3.33,home,326.91,1.76,7.67,7.79,extreme_heat,0.51,low,13,0,Telangana,2023,1
Hyderabad,2W,2.99,97.4,115.86,2,2,public_fast,83.85,0.9,4.36,6.45,humid,0.567,high,17.93,0,Telangana,2021,1
Hyderabad,2W,3.85,94.71,51.95,3,5,home,294.52,7.43,11.11,7.01,rainy,0.024,low,20.78,1,Telangana,2022,5
Hyderabad,2W,3.14,81.91,23.04,3,6,home,360.88,0.4,4.61,7.6,clear,0.302,low,18.82,1,Telangana,2025,5
Hyderabad,2W,2.48,92.34,1,1,3,public_fast,51.09,0.05,0.18,6.59,extreme_heat,0.219,middle,12.66,0,Telangana,2019,3
Hyderabad,2W,2.64,91.04,6.19,2,3,public_slow,170.33,0.42,0.87,8.35,humid,0.182,low,15.81,0,Telangana,2023,6
Hyderabad,2W,1.88,80.08,25.72,4,1,home,345.94,2.96,4.36,5.3,clear,0.222,middle,11.3,0,Telangana,2020,7
Hyderabad,2W,3.31,96.77,7.19,3,1,public_slow,165.09,2.48,1.03,5.36,humid,0.242,middle,19.85,0,Telangana,2020,10
Hyderabad,2W,2.92,91.36,43.72,2,3,public_fast,88.66,1.47,7.51,7.98,rainy,0.338,low,15.76,0,Telangana,2023,12
Hyderabad,2W,3.92,98.16,27.49,3,5,public_slow,196.96,0.32,6.21,7.78,humid,0.182,high,23.5,1,Telangana,2023,11
Hyderabad,2W,3.03,90.91,41.22,1,1,public_slow,178.75,5.3,11.85,4.57,humid,0.21,high,18.18,1,Telangana,2021,4
Hyderabad,2W,2.82,83.77,22.03,3,3.33,home,229.74,2.19,4.61,8.97,extreme_heat,0.155,middle,14.41,0,Telangana,2024,9
Hyderabad,2W,2.64,92.8,49.96,1,1,home,253.85,6.01,9.19,7.68,humid,0.055,low,15.86,1,Telangana,2021,1
Hyderabad,2W,3.16,83.39,27.43,3,7,public_slow,192.69,0.3,4.75,8.86,rainy,0.464,high,17.08,1,Telangana,2024,3
Hyderabad,2W,2.09,91.62,40.19,3,2,public_fast,81.99,3.89,6.24,7.66,rainy,0.112,middle,11.27,1,Telangana,2020,10
Hyderabad,2W,3.08,102.39,36.36,2,2,home,351.83,0.03,5.05,7.97,clear,0.19,middle,18.46,0,Telangana,2019,1
Hyderabad,2W,3.79,94.57,16.25,4,4,public_slow,204.5,1.74,2.8,7.84,extreme_heat,0.638,high,19.32,0,Telangana,2022,9
Hyderabad,2W,2.24,73.28,26.61,2,6,public_slow,192.26,9.04,5.14,8.89,humid,0.279,low,13.44,1,Telangana,2026,10
Hyderabad,2W,2.62,82.92,17.04,1,4,public_slow,172.1,0.76,3.57,7.34,humid,0.414,low,15.75,0,Telangana,2026,4
Hyderabad,2W,3.32,99.43,63.59,3,1,public_fast,66.27,3.11,10.05,7.13,humid,0.368,low,19.93,1,Telangana,2020,1
Hyderabad,2W,3.38,105.16,24.07,4,1,public_fast,80.62,5.19,3.71,6.55,humid,0.581,low,20.3,1,Telangana,2019,6
Hyderabad,2W,2.64,95.53,21.28,2,3,public_fast,54.29,1.66,3.12,7.29,extreme_heat,0.346,high,13.46,0,Telangana,2023,11
Hyderabad,2W,3.81,76.5,7.39,2.52,5,public_fast,77.26,1.03,1.52,7.33,extreme_heat,0.359,low,19.43,0,Telangana,2025,1
Hyderabad,2W,3.11,77.94,9.44,1,4,public_fast,57.59,1.99,1.67,9.19,humid,0.099,middle,18.64,0,Telangana,2025,3
Hyderabad,2W,3.19,96.91,5.91,3,2,public_fast,55.2,1.32,0.89,7.68,rainy,0.248,high,17.21,0,Telangana,2023,3
Hyderabad,2W,2.93,97.81,26.61,3,2,home,252.6,3.86,1.35,9.89,humid,0.427,low,17.59,0,Telangana,2022,3
Hyderabad,2W,3.7,99.79,38.53,3,3,public_fast,67.26,7.11,5.27,6.91,extreme_heat,0.392,high,18.87,1,Telangana,2021,3
Hyderabad,2W,2.72,104.29,42.43,1,2,home,218.82,0.35,7.42,8.16,humid,0.492,low,16.33,0,Telangana,2020,3
Hyderabad,2W,3.18,78.18,30.04,2,2,public_slow,211.26,0.97,4.49,9.87,humid,0.064,middle,19.1,0,Telangana,2024,9
Hyderabad,2W,3.03,73.47,28.58,1,6,public_fast,49.98,1.53,4.23,8.61,extreme_heat,0.208,middle,15.47,1,Telangana,2026,6
Hyderabad,2W,3.17,86.12,1,2,3,public_fast,178.75,0.25,0.17,8.39,clear,0.294,low,19.01,0,Telangana,2023,11
Hyderabad,2W,3.08,81.71,15.77,1,4,public_fast,29.68,0.7,2.25,9.03,clear,0.121,low,18.5,0,Telangana,2024,4
Hyderabad,2W,2.51,102.2,53.72,4,2,public_slow,97.42,3.76,8.05,7.58,humid,0.352,low,15.07,1,Telangana,2020,3
Hyderabad,2W,3.02,89.17,38.29,2,5,home,300.47,0.11,4.92,7,humid,0.169,high,18.13,1,Telangana,2023,10
Hyderabad,2W,3.08,106.27,1,2.52,2,public_fast,59.11,1.14,0.15,5.93,humid,0.088,middle,18.48,0,Telangana,2019,1
Hyderabad,2W,2.33,97.29,9.1,3,2,public_slow,186.93,5.72,1.39,6.79,rainy,0.437,low,12.56,1,Telangana,2020,2
Hyderabad,2W,2.72,95.74,24.7,4,2,home,369.9,7.35,5.63,7.8,extreme_heat,0.14,low,13.85,0,Telangana,2020,8
Hyderabad,2W,2.47,92.29,1,1,3,public_slow,229.13,2.36,0.24,5.62,humid,0.323,high,14.82,0,Telangana,2021,4
Hyderabad,2W,3.61,100.39,38.63,2,5,home,178.75,1.26,5.9,7.27,rainy,0.331,middle,19.48,1,Telangana,2023,12
Hyderabad,2W,3.8,104.12,26.22,3,1,public_slow,141.83,1.58,4.68,8.07,extreme_heat,0.202,middle,19.38,0,Telangana,2020,3
Hyderabad,2W,3.01,96.87,54.44,2,4,public_slow,172.04,0.95,11.91,8.83,extreme_heat,0.162,low,15.35,0,Telangana,2024,3
Hyderabad,2W,2.66,86.49,26.19,2,4,public_fast,68.18,0.4,4.6,8.79,clear,0.38,low,15.96,0,Telangana,2025,8
Hyderabad,2W,3.56,101.25,14.35,3,3,public_slow,118.91,2.81,2.13,6.82,clear,0.415,middle,16.84,0,Telangana,2021,6
Hyderabad,2W,3.02,85.78,1,4,4,public_fast,32.96,0.63,0.21,9.58,extreme_heat,0.555,middle,15.4,0,Telangana,2024,11
Hyderabad,2W,2.43,89.19,28.41,2,3,public_slow,204.93,0.91,5.17,7.41,rainy,0.151,low,13.13,0,Telangana,2025,11
Hyderabad,2W,2.59,82.66,1,4,4,public_fast,61.51,2.69,0.24,8.5,clear,0.192,middle,15.52,0,Telangana,2024,10
Hyderabad,2W,2.95,92.66,22.64,4,4,home,356.08,0.05,3.7,9.02,humid,0.278,middle,17.73,0,Telangana,2023,5
Hyderabad,2W,3.61,71.7,56.65,4,3.33,home,307.74,1.01,8.72,10.02,rainy,0.122,low,19.49,1,Telangana,2026,1
Hyderabad,2W,2.76,94.87,30.59,1,3,home,294.82,1.26,6.98,8.1,clear,0.285,middle,16.84,0,Telangana,2026,1
Hyderabad,2W,2.97,100.78,39.61,4,1,public_fast,17.3,0.23,6.34,4.85,rainy,0.366,low,16.05,0,Telangana,2019,3
Hyderabad,2W,2.87,80.87,47.89,2,2,home,293.17,1.99,8.51,9.63,extreme_heat,0.423,low,14.61,0,Telangana,2024,11
Hyderabad,2W,2.59,96.49,19.13,2,1,home,368.03,10.94,3.96,4.5,clear,0.228,low,15.54,1,Telangana,2019,1
Hyderabad,2W,2.74,88.25,27.01,2,3,public_slow,178.35,5.09,4.92,8.84,rainy,0.278,low,14.79,1,Telangana,2021,8
Hyderabad,2W,2.94,78.15,36.64,3,5,public_slow,204.12,2.24,5.73,8.27,rainy,0.493,low,15.85,1,Telangana,2024,9
Hyderabad,2W,2.52,83.47,26.61,2,5,home,296.89,3.18,2.61,8.27,rainy,0.472,high,13.61,1,Telangana,2026,12
Hyderabad,2W,3.75,86.11,26.57,2,3,public_slow,125.05,2.61,4.95,9.64,humid,0.29,middle,22.51,0,Telangana,2025,8
Hyderabad,2W,1.97,105.73,11.32,3,1,public_fast,56.1,1.64,4.36,6.55,humid,0.135,low,11.79,0,Telangana,2019,5
Hyderabad,2W,2.22,99.63,27,3,1,public_slow,174.37,1.88,4.54,7.11,rainy,0.165,middle,11.96,0,Telangana,2019,4
Hyderabad,2W,3.14,79.91,19.34,2,6,home,339.88,1.18,4.78,8.93,humid,0.043,low,18.84,0,Telangana,2026,4
Hyderabad,2W,2.91,95.48,36.6,2,4,public_slow,150.85,2.22,6.33,7.31,rainy,0.431,middle,15.69,0,Telangana,2023,12
Hyderabad,2W,3.8,87.99,26.61,1,3.33,home,258.92,1.34,4.36,9.35,humid,0.238,high,22.78,0,Telangana,2024,10
Hyderabad,2W,3.83,100.43,40.52,2,2,public_fast,79.53,0.57,6.53,7.9,rainy,0.092,low,20.69,0,Telangana,2021,10
Hyderabad,2W,3.15,88.59,41,4,3,public_fast,55.97,3.36,8.2,6.7,extreme_heat,0.085,middle,16.04,1,Telangana,2021,8
Hyderabad,2W,3.09,77.27,53.71,3,5,home,206.66,0.62,9.59,9.37,extreme_heat,0.14,middle,15.78,1,Telangana,2026,1
Hyderabad,2W,1.94,92.68,13.13,3,4,home,323.43,2.25,1.92,8.63,extreme_heat,0.174,low,9.92,0,Telangana,2023,10
Hyderabad,2W,3,92.05,28.21,2.52,4,public_slow,156.13,2.37,6.17,6.55,clear,0.246,middle,12.8,0,Telangana,2022,6
Hyderabad,2W,3.94,93.45,15.37,2,5,public_slow,217.61,0.29,2.06,9.37,clear,0.479,middle,23.64,0,Telangana,2024,10
Hyderabad,2W,3.01,96.23,10.58,3,2,public_slow,141.3,1.97,1.62,7.07,extreme_heat,0.464,high,15.38,0,Telangana,2021,10
Hyderabad,2W,3.04,86.66,35.81,3,5,home,404.2,0.23,6.3,11.13,clear,0.297,high,18.24,1,Telangana,2025,6
Hyderabad,2W,2.85,86.29,35.6,2,3,public_slow,145.01,0.98,4.4,10.16,clear,0.546,high,17.11,0,Telangana,2024,10
Hyderabad,2W,2.92,83.77,12.34,1,4,public_slow,159.8,1.73,1.88,8.66,clear,0.214,low,17.55,0,Telangana,2024,11
Hyderabad,2W,2.76,88.75,25.89,2,4,public_fast,93.71,4.18,3.53,9.65,humid,0.112,low,16.56,1,Telangana,2025,1
Hyderabad,2W,2.79,89.44,42.77,3,2,public_fast,46.99,0.84,6.86,7.3,extreme_heat,0.09,high,15.05,0,Telangana,2021,10
Hyderabad,2W,2.45,91.7,24.79,4,3.33,public_fast,82.86,0.46,4.43,9.76,humid,0.048,middle,14.68,0,Telangana,2024,11
Hyderabad,2W,3.13,90.8,27.19,4,3,public_slow,242.6,0.46,4.05,7.35,clear,0.377,low,18.79,0,Telangana,2020,1
Hyderabad,2W,2.7,97.83,15.66,3,2,home,346.85,1.4,2.81,5.87,rainy,0.643,low,14.57,0,Telangana,2020,2
Hyderabad,2W,2.96,85.14,18.84,3,3,public_fast,29.49,1.8,3.21,4.92,clear,0.255,low,17.78,0,Telangana,2021,11
Hyderabad,2W,3.37,93.38,32.17,3,4,public_slow,133.37,1.9,4.55,6.39,extreme_heat,0.503,high,20.21,0,Telangana,2022,10
Hyderabad,2W,3.78,88.87,29.67,3,5,public_fast,57.08,0.23,5.27,7.9,extreme_heat,0.086,middle,19.28,1,Telangana,2026,1
Hyderabad,2W,3.97,91.59,21.95,3,2,public_fast,73.67,1.86,5.79,6.61,rainy,0.656,middle,21.42,0,Telangana,2020,8
Hyderabad,2W,3.09,81.73,1,3,7,public_fast,40,2.58,4.36,8.97,rainy,0.347,high,16.67,0,Telangana,2026,8
Hyderabad,2W,2.43,105.33,15.1,3,2,public_slow,180.81,1.24,2.9,6.61,extreme_heat,0.286,low,12.38,0,Telangana,2019,7
Hyderabad,2W,3,104.69,32.12,2,3,public_slow,248.98,0.59,6.64,6.3,clear,0.228,high,19.41,0,Telangana,2019,10
Hyderabad,2W,2.53,100.82,31.11,2,4,public_fast,40.37,2.91,6.31,7.45,humid,0.344,middle,16.84,0,Telangana,2022,12
Hyderabad,2W,3.65,87.19,32.47,1,4,home,252.23,1.57,6.31,9.65,humid,0.207,low,16.84,0,Telangana,2024,11
Hyderabad,2W,3.09,93.57,14.19,2,3.33,public_slow,199.46,0.26,2.03,7.16,clear,0.758,low,18.52,0,Telangana,2023,7
Hyderabad,2W,2.28,90.37,43.1,1,4,home,183.96,0.57,6.56,7.8,clear,0.457,middle,13.7,0,Telangana,2024,4
Hyderabad,2W,1.93,88.47,31.78,3,3,home,256.18,0.83,5.49,8.28,rainy,0.541,middle,10.44,0,Telangana,2024,8
Hyderabad,2W,3.7,85.02,1,2,6,public_fast,93.32,4.29,0.17,9.43,extreme_heat,0.345,middle,18.89,1,Telangana,2024,1
Hyderabad,2W,2.44,79.22,62.43,3,4,public_slow,159.44,0.47,10.69,10.43,rainy,0.339,middle,13.2,0,Telangana,2026,4
Hyderabad,2W,3.01,80.38,10.14,1,5,home,322.23,4.76,1.95,7.36,humid,0.288,high,18.09,1,Telangana,2023,5
Hyderabad,2W,2.69,95.52,22.95,2,3,public_fast,178.75,3.4,4.96,6.59,clear,0.528,high,16.84,1,Telangana,2021,4
Hyderabad,2W,2.76,97.83,4.89,4,2,public_fast,55.14,0.07,1,5.28,humid,0.436,middle,16.53,0,Telangana,2020,6
Hyderabad,2W,1.96,86.37,23.79,1,2,home,341.09,0.25,4.04,7.78,extreme_heat,0.235,middle,11.77,0,Telangana,2022,10
Hyderabad,2W,2.94,98.03,13.17,2.52,3,public_slow,202.23,0.76,1.87,6.36,clear,0.557,low,16.84,0,Telangana,2020,3
Hyderabad,2W,2.81,90.55,38.1,3,4,home,286.63,1.38,7.81,7.3,humid,0.196,middle,16.85,0,Telangana,2023,3
Hyderabad,2W,2.72,103.19,38.23,1,2,public_slow,223.53,0.79,8.07,7.55,extreme_heat,0.44,middle,13.88,0,Telangana,2020,11
Hyderabad,2W,3.57,81.58,29.25,3,3,public_slow,190.41,0.15,4.49,9.52,humid,0.307,middle,21.44,0,Telangana,2024,1
Hyderabad,2W,2.88,78.93,31.07,3,6,home,257.66,0.01,4.03,9.27,humid,0.175,high,17.28,1,Telangana,2025,6
Hyderabad,2W,3.23,92.85,41.36,2.52,1,home,355.12,0.03,6.62,6.36,rainy,0.179,low,17.44,0,Telangana,2019,9
Hyderabad,2W,2.88,87.76,37.07,2,5,home,187.16,0.61,5.17,7.98,extreme_heat,0.048,low,14.68,1,Telangana,2023,2
Hyderabad,2W,3.11,89.19,54.83,3,2,public_slow,172.08,0.07,9.4,5.82,clear,0.154,low,18.65,0,Telangana,2021,6
Hyderabad,2W,3.77,88.47,17.93,4,5,home,296.24,2.88,2.63,7.44,rainy,0.439,middle,20.35,1,Telangana,2022,6
Hyderabad,2W,3,84.82,14.73,2,3,home,318.46,1.99,2.81,6.33,humid,0.174,middle,23.05,0,Telangana,2021,3
Hyderabad,2W,3.37,96.49,1,2,1,public_slow,165.93,1.47,0.16,6.4,humid,0.48,high,20.23,0,Telangana,2019,9
Hyderabad,2W,3.89,68.44,18.22,3,6,public_slow,212.28,0.64,3.07,10.56,extreme_heat,0.051,high,19.83,1,Telangana,2026,6
Hyderabad,2W,2.74,93.37,29.77,1,4,public_slow,145.17,0.74,4.75,5.61,humid,0.268,low,16.44,0,Telangana,2021,4
Hyderabad,2W,2.66,82.12,11.31,2,5,public_slow,143.55,5.8,1.92,8.95,extreme_heat,0.321,low,13.54,1,Telangana,2025,5
Hyderabad,2W,3.68,89.89,1,1,6,public_slow,172.46,1.78,0.14,9.11,humid,0.172,high,22.08,0,Telangana,2026,4
Hyderabad,2W,3.4,87.83,8.87,4,4,public_fast,51.17,1.99,1.3,6.39,clear,0.205,low,20.38,0,Telangana,2023,12
Hyderabad,2W,3.16,92.4,42.95,1,6,public_slow,137.46,1.92,7.16,9.06,humid,0.148,middle,18.96,1,Telangana,2025,8
Hyderabad,2W,2.66,93.52,22.27,3,4,public_slow,240.22,3.03,4.7,6.15,extreme_heat,0.145,low,13.56,1,Telangana,2023,5
Hyderabad,2W,2.73,88.78,36.58,3,3,home,260.18,1.23,7.17,7.69,extreme_heat,0.424,middle,13.91,0,Telangana,2026,1
Hyderabad,2W,3.24,83.82,23.49,2,4,public_slow,116.91,1.02,5.74,6.88,extreme_heat,0.155,high,16.53,0,Telangana,2024,7
Hyderabad,2W,3.38,96.58,3.93,2,2,public_slow,178.87,0.16,0.6,5.65,humid,0.173,low,20.26,0,Telangana,2020,11
Hyderabad,2W,3.32,93.54,19.29,2,2,public_slow,231.12,1.5,4.1,6.38,extreme_heat,0.168,low,16.95,0,Telangana,2021,1
Hyderabad,2W,2.56,93.72,29.11,2,3,public_fast,88.58,2.09,5.06,5.9,clear,0.689,high,15.36,0,Telangana,2020,6
Hyderabad,2W,3.5,90.21,1,2,3,home,262.11,0.4,0.17,7.04,humid,0.356,high,20.98,0,Telangana,2022,8
Hyderabad,2W,3.05,85.59,8.45,5,3,public_fast,85.12,1.99,1.53,9.05,rainy,0.407,low,16.45,0,Telangana,2026,9
Hyderabad,2W,2.98,77.11,19.92,1,4,public_slow,223.52,2.04,3.15,8.88,rainy,0.186,high,16.08,0,Telangana,2025,4
Hyderabad,2W,3.03,99.36,34.92,2,2,public_fast,29.96,0.22,6.75,5.93,rainy,0.279,middle,16.34,0,Telangana,2021,2
Hyderabad,2W,2.85,85.24,23.02,2,2,public_fast,47.18,1.59,4.92,7.33,clear,0.22,low,17.13,0,Telangana,2022,10
Hyderabad,2W,3.13,85.14,59.95,2,4,public_slow,172.02,6.81,11.52,7.65,clear,0.453,low,18.76,1,Telangana,2023,4
Hyderabad,2W,2.71,83.15,21.51,5,5,public_slow,172.89,1.08,3.97,9.1,humid,0.328,middle,16.29,1,Telangana,2026,5
Hyderabad,2W,2.78,79.77,45.43,1,2,home,345.05,0.13,6.75,8.04,clear,0.172,middle,16.7,0,Telangana,2022,1
Hyderabad,2W,1.83,87.13,22.45,3,5,home,271.45,7.4,2.87,8.13,rainy,0.253,low,9.9,1,Telangana,2024,12
Hyderabad,2W,2.1,92.78,33.11,3,2,home,207.56,1.37,8.6,6.64,humid,0.223,high,12.58,0,Telangana,2021,7
Hyderabad,2W,2.95,98.8,16.18,3,2,home,303.43,0.63,3.08,6.24,extreme_heat,0.285,middle,15.05,0,Telangana,2019,9
Hyderabad,2W,3.32,100.13,8.32,2,1,public_fast,71.04,4.57,1.44,5.69,humid,0.639,high,19.92,0,Telangana,2020,8
Hyderabad,2W,2.95,108.47,45.17,3,1,public_slow,166.68,0.56,6.91,6.45,humid,0.294,low,17.72,0,Telangana,2020,3
Hyderabad,2W,4.08,79.04,26.61,1,6,public_slow,159.71,4.28,4.22,7.17,humid,0.454,middle,24.5,1,Telangana,2023,10
Hyderabad,2W,3.35,83.85,7.62,2,4,public_fast,60.79,1.68,1.24,9.11,extreme_heat,0.209,middle,17.11,0,Telangana,2023,5
Hyderabad,2W,3.31,79.38,31.21,3,6,home,267.73,1.68,6.06,6.95,humid,0.493,low,19.85,1,Telangana,2024,7
Hyderabad,2W,3.29,83.71,46.43,1,5,public_fast,108.15,0.02,7.39,7.99,rainy,0.158,high,17.74,1,Telangana,2025,9
Hyderabad,2W,2.56,87.1,23.08,2,3.33,home,219.42,1.38,4.23,7.15,humid,0.204,high,15.37,0,Telangana,2023,12
Hyderabad,2W,2.43,92.91,116.47,3,4,public_fast,61.28,0.33,6.62,8.19,humid,0.112,middle,14.6,0,Telangana,2021,10
Hyderabad,2W,3.36,90.47,21.79,1,3,public_fast,41.12,5.09,3.94,9.89,humid,0.088,low,16.84,1,Telangana,2024,4
Hyderabad,2W,2.91,93.5,42.72,3,3,public_fast,59.49,7.95,6.86,8.1,rainy,0.246,middle,15.69,1,Telangana,2024,10
Hyderabad,2W,3.58,103.74,26.61,3,3,public_slow,192.2,6.83,4.48,6.51,extreme_heat,0.684,high,16.84,1,Telangana,2019,9
Hyderabad,2W,3.54,100.2,31.44,3,1,public_fast,40.39,1.61,6.05,6.56,humid,0.218,low,21.24,0,Telangana,2020,8
Hyderabad,2W,2.61,85.85,126.23,4,3,public_fast,65.73,4.5,8.31,9.47,humid,0.142,high,15.67,1,Telangana,2024,11
Hyderabad,2W,3,85.52,38.08,3,3,public_fast,421.21,0.25,6.21,5.66,extreme_heat,0.665,middle,17.84,0,Telangana,2023,5
Hyderabad,2W,2.84,78.77,163.25,5,5,public_slow,163.55,0.17,9.02,8.18,humid,0.259,middle,17.06,1,Telangana,2025,7
Hyderabad,2W,2.86,100.44,33.98,3,2,public_fast,66.64,0.87,6.25,6.52,rainy,0.195,middle,15.46,0,Telangana,2020,3
Hyderabad,2W,3.16,92.67,1,3,4,public_slow,133.52,0.29,0.16,8.25,clear,0.054,low,18.97,0,Telangana,2023,9
Hyderabad,2W,3.43,81.98,38.71,1,4,public_fast,48.53,0.01,5.07,10.45,rainy,0.343,middle,18.52,0,Telangana,2026,4
Hyderabad,2W,3.68,79.75,14.66,4,5,public_fast,48.51,0.23,2.37,9.09,extreme_heat,0.126,middle,18.76,1,Telangana,2025,8
Hyderabad,2W,2.92,99.58,46.68,2,3.33,public_slow,131.37,2.58,7.29,5.87,extreme_heat,0.624,high,14.87,0,Telangana,2020,5
Hyderabad,2W,3.51,87.87,14.47,1,3,home,275.44,1.5,2.18,6.77,extreme_heat,0.148,low,17.92,0,Telangana,2022,7
Hyderabad,2W,3.34,85.36,56.17,2,4,public_fast,19.83,1.9,9.07,8.27,rainy,0.262,low,18.03,0,Telangana,2024,4
Hyderabad,2W,2.82,81.24,17.35,4,5,home,330.53,4.63,2.72,8.83,clear,0.231,middle,16.92,1,Telangana,2025,2
Hyderabad,2W,1.6,85.36,9.63,3,1,public_fast,77.42,2.34,1.43,8.56,extreme_heat,0.398,high,8.18,0,Telangana,2023,4
Hyderabad,2W,3.24,101.13,19.37,3,4,public_fast,23.42,2.7,3.01,5.31,extreme_heat,0.374,low,16.52,0,Telangana,2020,7
Hyderabad,2W,2.96,86.45,32.81,4,5,public_slow,234.07,0.78,5.27,9.24,extreme_heat,0.428,middle,15.08,1,Telangana,2026,3
Hyderabad,2W,3.93,84.96,16.44,3,4,home,413.87,2.45,2.61,8.6,rainy,0.314,middle,21.22,0,Telangana,2026,1
Hyderabad,2W,3.18,77,22.63,3,4,public_fast,39.31,1.99,4.71,8.3,rainy,0.138,low,17.15,0,Telangana,2026,12
Hyderabad,2W,4.12,100.35,28.02,3,2,public_fast,65.6,1.99,4.24,8.24,clear,0.231,middle,24.69,0,Telangana,2022,8
Hyderabad,2W,2.85,95.41,34.12,4,3,home,358.77,3.39,5.29,6.78,clear,0.567,high,17.1,1,Telangana,2020,9
Hyderabad,2W,3.39,90.91,50.54,4,2,home,238.4,1.17,8.55,6.58,extreme_heat,0.456,middle,17.3,0,Telangana,2022,8
Hyderabad,2W,3.64,93.66,42.22,4,1,home,218.41,2.36,7.71,8.48,extreme_heat,0.198,low,18.56,0,Telangana,2022,12
Hyderabad,2W,2.8,90.54,30.96,2,2,public_slow,144.02,0.56,5.62,7.28,clear,0.518,middle,16.81,0,Telangana,2022,7
Hyderabad,2W,3.19,68.78,45.22,2,6,public_fast,56.2,0.19,8.22,10.9,rainy,0.105,middle,17.21,1,Telangana,2026,7
Hyderabad,2W,3.38,103.31,34.14,3,2,home,335.02,1.26,6.44,6.3,extreme_heat,0.283,middle,17.22,0,Telangana,2020,5
Hyderabad,2W,2.62,82.93,20.01,3,5,public_fast,38.36,5.2,2.93,9.91,humid,0.401,middle,15.73,1,Telangana,2026,7
Hyderabad,2W,3.04,92.48,52.82,4,2,public_fast,76.75,1.99,7.04,6.62,extreme_heat,0.165,low,15.5,1,Telangana,2022,5
Hyderabad,2W,3.3,79.15,41.32,3,5,public_slow,229.37,1.99,6.59,9.66,extreme_heat,0.056,middle,16.81,1,Telangana,2026,1
Hyderabad,2W,3.11,85.32,40.07,4,4,home,301.18,2.82,6.52,8.97,clear,0.298,low,18.65,0,Telangana,2026,1
Hyderabad,2W,3.23,80.7,27.94,2,5,public_slow,274.34,4.49,6.34,7.14,extreme_heat,0.238,high,16.48,1,Telangana,2024,3
Hyderabad,2W,2.73,77.13,11.52,3,4,home,365.9,1.99,1.97,9.33,rainy,0.176,middle,14.73,1,Telangana,2025,10
Hyderabad,2W,4.01,101.82,26.41,3,1,home,363.59,0.9,5.03,6.33,rainy,0.364,middle,21.67,0,Telangana,2019,2
Hyderabad,2W,3.2,81.29,54.12,2,4,public_slow,137.66,2.37,8.94,8.97,clear,0.111,low,19.22,0,Telangana,2025,11
Hyderabad,2W,3.19,96.8,22.05,2.52,2,public_fast,78.46,3.37,4.02,9.58,clear,0.114,high,19.12,1,Telangana,2023,9
Hyderabad,2W,2.51,91.07,30.87,2,1,home,326.18,2.72,7.71,5.99,clear,0.117,low,15.08,0,Telangana,2021,9
Hyderabad,2W,2.84,92.67,42.96,3,3,home,234.14,0.69,8.11,6.63,clear,0.092,low,17.01,0,Telangana,2023,9
Hyderabad,2W,3.07,92.81,48.87,2.52,3,home,247.27,5.85,7.09,7.76,rainy,0.249,middle,16.56,1,Telangana,2023,9
Hyderabad,2W,3.57,86.71,30.28,3,2,home,264.1,1.45,4.9,6.68,rainy,0.346,low,19.25,0,Telangana,2023,6
Hyderabad,2W,3.01,82.77,63.17,2,6,public_fast,64.95,0.65,10.82,10.92,rainy,0.099,middle,16.24,1,Telangana,2026,12
Hyderabad,2W,2.14,70.45,37.84,3,4,public_slow,180.47,5.92,8.05,7.99,extreme_heat,0.169,low,10.9,1,Telangana,2026,1
Hyderabad,2W,2.79,89.29,7.28,2,5,home,369.41,2.77,1.25,9.82,humid,0.279,low,16.75,0,Telangana,2023,2
Hyderabad,2W,3.14,80.89,2.86,3,4,public_fast,52.49,1.8,0.41,6.6,humid,0.325,low,18.83,0,Telangana,2026,1
Hyderabad,2W,3.25,84.9,33.86,3,5,public_slow,253.94,1.5,8.29,9.04,clear,0.1,high,19.49,1,Telangana,2026,6
Hyderabad,2W,3.55,96.91,60.58,2,2,public_fast,72.46,1.29,9.39,7.11,humid,0.188,low,21.33,0,Telangana,2022,8
Hyderabad,2W,3.54,90.53,45,3,4,public_fast,53.43,0.31,5.63,9.74,extreme_heat,0.355,high,18.03,0,Telangana,2025,1
Hyderabad,2W,3.03,76.75,13.18,1,4,public_fast,206.54,0.88,2.23,8.76,humid,0.137,middle,18.17,0,Telangana,2025,12
Hyderabad,2W,2.79,95.19,43.97,2,4,public_slow,222.13,0.11,8.39,7.87,extreme_heat,0.202,low,14.22,0,Telangana,2023,8
Hyderabad,2W,2.98,86.07,19.7,1,4,public_fast,31.22,1.75,2.91,9.96,rainy,0.664,middle,16.12,0,Telangana,2023,10
Hyderabad,2W,1.52,92.56,58.39,4,3,public_slow,160.43,8.46,12.74,8.99,humid,0.293,high,9.14,1,Telangana,2024,4
Hyderabad,2W,4.15,96.89,11.52,2,2,home,177.11,4.76,3.28,8.03,rainy,0.285,middle,22.4,0,Telangana,2023,1
Hyderabad,2W,2.75,99.63,24.66,3,2,public_fast,24.68,4.44,3.8,6.55,humid,0.29,low,16.52,1,Telangana,2019,9
Hyderabad,2W,2.7,80.85,24.98,2,3,public_fast,67.54,0.94,6.58,7.18,extreme_heat,0.291,low,13.79,0,Telangana,2024,12
Hyderabad,2W,3.63,93.84,31.67,1,3,public_slow,144.32,0.4,5.5,7.72,humid,0.582,middle,21.76,0,Telangana,2022,5
Hyderabad,2W,1.91,74.71,26.61,4,5,public_fast,89.43,6.31,6.59,8.87,extreme_heat,0.197,low,9.75,1,Telangana,2025,7
Hyderabad,2W,1.98,93.26,28.44,3,1,public_slow,192.74,2.4,6.33,7.39,extreme_heat,0.49,high,10.09,0,Telangana,2022,7
Hyderabad,2W,3.16,88.38,28.13,3,6,public_fast,51.88,7.8,4.39,7.8,clear,0.134,low,18.96,1,Telangana,2024,11
Hyderabad,2W,2.67,81.67,33.17,2,4,public_fast,53.14,1.78,4.92,9.52,rainy,0.201,low,14.42,0,Telangana,2025,6
Hyderabad,2W,3.46,85.59,29.21,3,4,public_fast,53.48,0.26,4.89,7.53,clear,0.394,low,20.79,0,Telangana,2024,4
Hyderabad,2W,3.21,86.6,5.75,2,3,home,325.87,1.47,0.9,7.52,rainy,0.247,middle,17.32,0,Telangana,2023,12
Hyderabad,2W,3.58,81.91,36.02,2.52,5,home,319.3,2.17,5.25,9.95,clear,0.675,low,21.46,1,Telangana,2026,8
Hyderabad,2W,3.5,96.64,31.88,2,3,public_slow,243.38,2.41,5.88,8.92,rainy,0.234,middle,18.88,0,Telangana,2021,4
Hyderabad,2W,3.16,88.67,41.88,1,4,home,420.46,1.53,7.07,7.11,extreme_heat,0.095,low,16.12,0,Telangana,2024,9
Hyderabad,2W,2.32,88.29,37.27,2,3.33,public_slow,203.17,1.4,5.44,5.21,rainy,0.571,low,12.54,0,Telangana,2021,11
Hyderabad,2W,3.5,90.18,27.97,4,4,public_slow,194.64,0.92,4.73,8.21,clear,0.162,low,20.98,0,Telangana,2022,11
Hyderabad,2W,2.37,96.43,1,2,3,public_fast,178.75,0.56,0.19,6.9,humid,0.417,middle,14.19,0,Telangana,2020,10
Hyderabad,2W,2.61,89.19,36.61,4,4,public_fast,63.8,3.89,6.16,8.88,clear,0.059,middle,15.67,1,Telangana,2024,6
Hyderabad,2W,3.01,94.81,29.38,1,5,home,178.75,0.34,5.32,7.73,rainy,0.252,low,16.24,1,Telangana,2026,1
Hyderabad,2W,2.4,106.58,10.74,2,2,public_slow,200.07,1,1.68,6.3,clear,0.306,middle,14.4,0,Telangana,2020,2
Hyderabad,2W,3.63,88.8,24.88,3,4,public_slow,194.41,0.43,4.58,9.68,humid,0.484,middle,21.8,0,Telangana,2024,1
Hyderabad,2W,2.27,83.93,47.82,2,4,public_slow,207.28,1.6,6.7,7.38,clear,0.278,middle,13.63,0,Telangana,2023,7
Hyderabad,2W,2.91,94.87,7.14,1,2,home,178.75,1.84,1.08,7.81,clear,0.184,middle,17.46,0,Telangana,2021,10
Hyderabad,2W,2.29,94.01,23.06,3,2,public_fast,102.36,0.56,3.63,7.17,extreme_heat,0.213,middle,12.38,0,Telangana,2021,11
Hyderabad,2W,3.08,79.63,36.88,2,2,home,238.92,0.21,5.36,7.79,humid,0.264,middle,18.47,0,Telangana,2024,10
Hyderabad,2W,3,83.82,12.2,3,4,public_slow,167.24,7.86,1.57,10.2,rainy,0.436,middle,16.96,1,Telangana,2024,6
Hyderabad,2W,2.02,95.41,9.98,2,2,public_slow,189.4,0.54,1.69,8.47,humid,0.299,middle,12.11,0,Telangana,2022,8
Hyderabad,2W,3.31,88.7,19.23,2,4,home,290.84,0.75,3.41,8.08,clear,0.257,middle,19.85,0,Telangana,2021,11
Hyderabad,2W,2.22,82.68,1,2,1,public_fast,68.77,1.99,0.18,9.52,clear,0.333,low,13.31,0,Telangana,2023,6
Hyderabad,2W,3.98,94.69,16.44,1,3,home,369.99,4.54,2.62,7.8,rainy,0.171,middle,21.51,1,Telangana,2021,2
Hyderabad,2W,2.7,100.76,33.12,3,2,public_slow,255.17,0.3,4.92,5.66,clear,0.495,low,16.18,0,Telangana,2020,2
Hyderabad,2W,3.69,77.36,32.16,2,5,home,197.66,2.35,5.14,9.32,extreme_heat,0.504,low,18.84,1,Telangana,2026,10
Hyderabad,2W,3.64,85.36,15.81,2,4,public_fast,63.16,0.93,2.59,7.79,extreme_heat,0.29,low,18.56,0,Telangana,2023,5
Hyderabad,2W,3.13,64.94,1,4,5,public_fast,36.38,6.32,0.17,9.55,humid,0.29,low,18.75,1,Telangana,2026,1
Hyderabad,2W,2.96,78.22,41.78,3,3,home,392.22,1.49,8.26,9.57,rainy,0.276,high,16,0,Telangana,2025,1
Hyderabad,2W,3.4,98.47,30.79,1,1,public_slow,128.23,2.52,5.61,5.03,clear,0.244,middle,20.4,0,Telangana,2019,2
Hyderabad,2W,3.16,74.66,4.7,2,4,home,261.14,0.03,0.94,6.53,rainy,0.072,middle,17.09,0,Telangana,2025,6
Hyderabad,2W,2.95,83.81,30.63,3,5,public_fast,50.72,1.2,6.01,9.33,rainy,0.277,low,15.93,1,Telangana,2026,6
Hyderabad,2W,2.75,75.7,3,2,6,public_fast,71.83,4.18,0.57,9.1,humid,0.315,high,16.49,1,Telangana,2026,5
Hyderabad,2W,2.65,112.3,19.55,4,3,public_slow,257.6,5.34,3.13,4.62,clear,0.169,low,15.91,1,Telangana,2019,5
Hyderabad,2W,3.08,92.69,14.41,3,6,public_fast,178.75,0.72,1.82,8.41,humid,0.317,low,16.84,1,Telangana,2023,8
Hyderabad,2W,4.33,93.48,33.04,3,2,public_slow,141.37,0.43,8.82,7.03,rainy,0.17,middle,23.39,0,Telangana,2021,4
Hyderabad,2W,3.42,101.23,1,3,2,home,351.62,3.26,0.15,5.47,rainy,0.234,low,18.46,0,Telangana,2020,9
Hyderabad,2W,3.27,79.36,10.99,2,5,public_fast,96.28,0.28,2,9,extreme_heat,0.098,low,16.66,0,Telangana,2025,2
Hyderabad,2W,3.44,85.38,44.57,2,4,home,362.87,1.16,6.91,7.01,humid,0.084,middle,20.65,0,Telangana,2021,12
Hyderabad,2W,2.92,75.98,19.91,4,5,home,328.16,1.75,3.46,10,clear,0.41,low,17.55,1,Telangana,2026,1
Hyderabad,2W,3.2,97.98,16.79,3,2,public_fast,60.59,4.13,3.5,7.13,humid,0.256,low,19.19,1,Telangana,2026,1
Hyderabad,2W,3.54,98.4,1,2,1,public_fast,34.83,0.11,0.23,5.46,humid,0.089,low,21.26,0,Telangana,2019,12
Hyderabad,2W,2.69,77.89,12.24,4,3,public_fast,178.75,3.57,1.87,6.4,rainy,0.191,low,14.55,1,Telangana,2024,3
Hyderabad,2W,3.55,79.84,36.43,2,3,home,264.93,10.72,6.74,8.31,clear,0.357,low,21.32,1,Telangana,2024,11
Hyderabad,2W,3.24,99.13,5.6,2,1,public_fast,75.72,4.66,0.74,6.93,clear,0.214,middle,19.44,0,Telangana,2020,9
Hyderabad,2W,2.2,82.23,50.16,3,4,public_slow,193.6,0.94,8.92,10.08,humid,0.13,low,13.18,0,Telangana,2026,9
Hyderabad,2W,3.57,89.19,1,4,6,home,224.91,3.44,0.15,8.99,extreme_heat,0.281,low,18.21,1,Telangana,2026,4
Hyderabad,2W,2.51,76.09,20.73,3,3,home,281.22,4.99,2.89,7.01,rainy,0.417,high,13.55,1,Telangana,2024,2
Hyderabad,2W,2.62,77.63,26.39,2,4,home,264.07,1.5,6.6,9.33,extreme_heat,0.482,low,14.17,0,Telangana,2025,9
Hyderabad,2W,3,78.57,27.53,3,4,home,354.38,0.08,5.81,8.69,rainy,0.434,low,15.9,0,Telangana,2026,6
Hyderabad,2W,3.67,88.21,43.54,2,3,public_slow,221.45,2.58,6.48,7.28,rainy,0.351,middle,19.8,0,Telangana,2023,2
Hyderabad,2W,3.16,89.19,13.83,2,3,home,255.06,0.84,2.72,6.13,clear,0.274,low,18.93,0,Telangana,2019,8
Hyderabad,2W,3.3,87.48,35.46,1,3.33,home,260.06,5.11,4.6,9.11,humid,0.522,high,19.78,1,Telangana,2026,1
Hyderabad,2W,3.44,79.23,40,3,5,home,201.43,2.16,7.35,9.72,extreme_heat,0.246,high,20.66,1,Telangana,2025,5
Hyderabad,2W,2.7,80.43,30.18,2,4,home,271.34,0.91,5.5,8.7,extreme_heat,0.29,low,13.77,0,Telangana,2026,6
Hyderabad,2W,2.9,78.54,10.19,2.52,5,public_fast,71.98,2.52,4.36,10.21,clear,0.187,low,17.4,0,Telangana,2026,7
Hyderabad,2W,2.78,84.24,41.74,3,4,public_fast,60.71,3.82,6.66,7.82,humid,0.381,low,16.65,1,Telangana,2024,7
Hyderabad,2W,2.49,97.78,34.19,2,3,public_slow,187.67,1.21,6.71,7.8,rainy,0.249,middle,13.42,0,Telangana,2022,12
Hyderabad,2W,3.27,83.62,13.53,4,4,public_slow,165.27,0.96,2.05,9.38,clear,0.032,middle,19.63,0,Telangana,2023,6
Hyderabad,2W,3.72,81.1,30.6,2,6,home,394.22,0.8,5.28,10.02,rainy,0.598,low,20.09,1,Telangana,2026,9
Hyderabad,2W,2.92,88.72,21.66,2,3,public_slow,228.57,0.97,3.22,7.37,extreme_heat,0.03,low,14.87,0,Telangana,2024,3
Hyderabad,2W,2.75,86.78,52.08,3,3,public_slow,148.67,3.21,6.62,10.55,humid,0.752,low,16.49,1,Telangana,2025,7
Hyderabad,2W,2.4,88.29,32.86,2,3,home,256,2.56,6.25,8.97,rainy,0.403,low,12.98,0,Telangana,2023,8
Hyderabad,2W,3.87,74.33,28.98,3,4,public_fast,89.24,2.79,4.53,7.8,rainy,0.358,high,20.88,1,Telangana,2024,6
Hyderabad,2W,2.15,98.23,57.39,2.52,3,public_fast,49.74,1.79,8.9,8.52,clear,0.144,middle,12.93,0,Telangana,2021,3
Hyderabad,2W,3.56,108.31,33.57,3,1,public_fast,86.9,0.91,5.77,7.96,rainy,0.174,low,19.25,0,Telangana,2019,5
Hyderabad,2W,3.15,80.75,26.61,2,3.33,public_slow,170.65,2.43,7.28,10.13,extreme_heat,0.075,low,16.05,1,Telangana,2026,10
Hyderabad,2W,2.55,97.22,21.42,4,1,home,338.33,0.36,4.44,7.8,rainy,0.356,low,16.84,0,Telangana,2019,8
Hyderabad,2W,3.72,77.4,7.66,2,4,public_fast,27.89,0.05,1.01,8.77,extreme_heat,0.294,high,18.95,0,Telangana,2025,1
Hyderabad,2W,2.8,93.6,11.82,2,3,public_fast,55.64,1.27,2.28,8.28,clear,0.328,middle,16.77,0,Telangana,2022,11
Hyderabad,2W,2.89,85.22,26.61,3,4,public_fast,54.82,0.35,2.01,6.76,rainy,0.169,middle,15.59,0,Telangana,2023,3
Hyderabad,2W,2.85,86.36,32.18,3,5,home,178.75,0.59,4.94,8.58,extreme_heat,0.176,low,14.55,1,Telangana,2025,12
Hyderabad,2W,3.92,87.85,42.81,4,4,public_fast,31.28,1.67,7.78,7.85,clear,0.03,high,23.51,0,Telangana,2023,3
Hyderabad,2W,3.7,97.95,16.55,3,3,public_slow,134.51,2.97,2.8,8.09,humid,0.372,low,22.2,0,Telangana,2021,1
Hyderabad,2W,4.61,99.17,43.66,2.52,2,home,267.57,2.6,6.41,5.56,extreme_heat,0.39,low,23.52,0,Telangana,2020,5
Hyderabad,2W,2.62,83.85,20.53,2,5,public_slow,227.61,0.17,2.85,9.24,rainy,0.143,low,14.14,1,Telangana,2024,4
Hyderabad,2W,2,91.24,31.47,3,3.33,public_fast,85.02,0.99,4.87,7.8,rainy,0.468,middle,10.83,0,Telangana,2022,11
Hyderabad,2W,2.16,90.71,23.41,2,4,home,288.55,0.83,4.11,9.55,humid,0.672,low,12.98,0,Telangana,2025,4
Hyderabad,2W,3.19,77.43,38.15,3,3,public_fast,214.37,1.28,8.34,7.62,clear,0.268,middle,19.14,0,Telangana,2025,3
Hyderabad,2W,2.74,75.89,1,4,3,public_slow,226.36,2.16,4.36,10.45,clear,0.07,middle,16.45,0,Telangana,2025,9
Hyderabad,2W,3.42,91.43,26.61,2,1,public_fast,64.1,3.29,5.13,4.88,extreme_heat,0.171,low,17.44,1,Telangana,2020,9
Hyderabad,2W,2.77,84.32,30.61,4,5,home,300.09,1.04,5.21,10.04,clear,0.169,middle,16.6,1,Telangana,2025,5
Hyderabad,2W,2.24,81.53,5.63,3,5,public_slow,179.83,5.47,1.76,9.76,clear,0.066,middle,13.43,1,Telangana,2026,11
Hyderabad,2W,3.37,104.58,1.41,3,3,home,257.53,7.23,0.27,8.54,extreme_heat,0.204,middle,17.16,0,Telangana,2022,5
Hyderabad,2W,2.49,77.11,54.04,4,4,home,275.92,6.62,7.37,9.74,rainy,0.218,high,13.46,1,Telangana,2025,3
Hyderabad,2W,3.2,86.7,22.65,3,2,public_fast,37.35,1.72,4.36,7.01,humid,0.305,low,19.21,0,Telangana,2022,12
Hyderabad,2W,2.4,85.65,35.65,1,4,home,214.08,0.45,5.81,8.31,rainy,0.038,middle,12.96,0,Telangana,2023,11
Hyderabad,2W,2.31,88.56,28.69,4,2,public_slow,172.98,0.71,6.57,5.44,rainy,0.146,high,12.48,0,Telangana,2021,3
Hyderabad,2W,4.7,89.19,25.52,2,2,home,247.33,7.94,4.28,8.06,rainy,0.25,middle,25.38,1,Telangana,2020,5
Hyderabad,2W,2.73,108.45,15.48,2,2,public_slow,197.36,1.34,2.39,9.18,rainy,0.39,low,14.73,0,Telangana,2026,1
Hyderabad,2W,2.61,95.3,42.45,2,4,public_fast,30.81,2.36,13.07,7.85,clear,0.439,low,16.84,0,Telangana,2022,3
Hyderabad,2W,3.36,90.21,33.72,3,3,public_slow,181.66,0.65,5.09,6.42,rainy,0.166,middle,18.13,0,Telangana,2023,7
Hyderabad,2W,2.54,86.16,32.71,3,4,public_fast,42.36,0.36,8.29,8.39,humid,0.712,middle,15.24,0,Telangana,2024,7
Hyderabad,2W,3.84,76.68,37.26,2,5,home,367.31,1.92,4.41,7.34,clear,0.2,low,23.02,1,Telangana,2026,8
Hyderabad,2W,2.86,85,14.56,2,5,public_slow,227.53,0.28,2.31,10.32,extreme_heat,0.43,middle,14.6,1,Telangana,2026,5
Hyderabad,2W,3.53,97.53,16.42,2,3.33,public_slow,148.6,3.31,3.25,9.07,extreme_heat,0.305,middle,17.99,1,Telangana,2025,3
Hyderabad,2W,3.83,87.88,40.41,5,3,public_slow,184.85,1.51,4.36,8.25,extreme_heat,0.195,low,19.54,0,Telangana,2023,3
Hyderabad,2W,3.27,82.05,22.81,2,3.33,public_slow,164.34,1.34,4.01,9.48,humid,0.362,middle,19.64,0,Telangana,2026,11
Hyderabad,2W,3.89,92.81,15.75,3,3,public_slow,178.27,0.21,2.24,7.51,rainy,0.314,high,21.01,0,Telangana,2022,11
Hyderabad,2W,3.55,89.68,13.37,2,6,home,286.86,0.43,1.93,9.57,extreme_heat,0.576,low,16.84,1,Telangana,2023,11
Hyderabad,2W,2.77,96.36,4.72,3,4,public_slow,121.79,3.8,0.7,6.33,extreme_heat,0.574,low,14.14,0,Telangana,2020,3
Hyderabad,2W,3.2,88.17,28.77,1,5,public_fast,31.26,1.39,3.46,5.47,clear,0.362,low,19.19,1,Telangana,2023,4
Hyderabad,2W,3.67,82.52,25.36,3,3.33,public_slow,203.58,0,4.57,8.85,clear,0.29,middle,22,0,Telangana,2026,1
Hyderabad,2W,3.26,85.9,17.85,4,4,public_slow,213.91,1.03,2.92,10.02,humid,0.043,high,19.57,0,Telangana,2025,10
Hyderabad,2W,3.08,87.89,37.97,2,5,public_fast,79.97,1.86,5.91,7.8,clear,0.141,middle,18.5,1,Telangana,2025,4
Hyderabad,2W,3.99,75.65,1,2,3.33,public_slow,164.07,11.68,0.16,10,extreme_heat,0.172,middle,20.37,0,Telangana,2026,7
Hyderabad,2W,3.2,89.19,19.81,4,4,public_slow,195.61,0.04,3.17,7.8,humid,0.112,low,19.19,0,Telangana,2022,3
Hyderabad,2W,3.03,106.58,26.61,2,1,public_slow,217.25,2.9,5.27,5.29,rainy,0.562,low,16.37,0,Telangana,2019,1
Hyderabad,2W,2.29,88.88,41.84,1,3,public_slow,296.82,0.05,6.65,6.82,humid,0.346,low,13.71,0,Telangana,2022,10
Hyderabad,2W,3.02,104.16,40.99,3,1,home,293.56,1.76,6.19,7.24,rainy,0.428,low,16.29,0,Telangana,2019,7
Hyderabad,2W,2.73,82.99,11.01,2,4,public_slow,164.78,2.37,2.3,9.74,rainy,0.096,high,14.75,0,Telangana,2026,1
Hyderabad,2W,3.89,82.76,19.33,2,3,public_slow,188.98,0.03,3.29,8.91,humid,0.587,middle,23.33,0,Telangana,2025,9
Hyderabad,2W,2.44,98.23,29.12,2,1,public_fast,84.74,1.44,3.64,5.42,extreme_heat,0.542,middle,12.47,0,Telangana,2026,1
Hyderabad,2W,2.57,88.87,18.45,5,4,public_fast,63.52,0.26,3.29,10.02,humid,0.29,middle,15.4,0,Telangana,2025,3
Hyderabad,2W,3.13,86.95,27.28,1,3,public_slow,220.75,0.56,4.43,9.33,rainy,0.114,middle,16.9,0,Telangana,2025,1
Hyderabad,2W,3.65,75.64,3.68,3,5,home,318.63,0.24,0.5,9.17,extreme_heat,0.252,middle,16.84,0,Telangana,2026,10
Hyderabad,2W,2.37,78.69,33.7,2,5,public_fast,60.35,0.54,6.16,8.3,clear,0.225,low,14.25,1,Telangana,2024,5
Hyderabad,2W,3.63,87.98,47.01,1,3,public_slow,177.11,0.44,9.03,7.8,extreme_heat,0.241,middle,18.5,0,Telangana,2024,6
Hyderabad,2W,3.02,102.26,30.26,2,3,public_fast,35.17,1.7,4.93,6.67,rainy,0.405,low,16.28,0,Telangana,2021,11
Hyderabad,2W,2.86,91.69,57.12,1,1,public_slow,160.71,0.47,11.95,6.76,humid,0.175,middle,17.16,0,Telangana,2019,11
Hyderabad,2W,2.77,94.16,15.78,2,2,public_fast,93.43,0.32,2.82,6.67,extreme_heat,0.288,low,14.1,0,Telangana,2021,2
Hyderabad,2W,2.78,94.64,25.73,4,3,public_fast,60.56,0.57,3.8,5.89,clear,0.349,middle,16.67,0,Telangana,2020,4
Hyderabad,2W,2.77,81.25,32.96,2,5,public_fast,178.75,1.01,5.16,6.9,humid,0.314,middle,16.62,1,Telangana,2023,6
Hyderabad,2W,2.86,82.1,40.34,2,6,public_slow,98.5,2.23,8.24,8.92,extreme_heat,0.466,middle,14.6,1,Telangana,2026,1
Hyderabad,2W,2.58,85.17,28.06,3,4,public_fast,60.21,0.46,5.01,9.55,clear,0.362,middle,15.5,0,Telangana,2026,5
Hyderabad,2W,3.7,89.19,23.75,3,6,public_fast,63.43,0.22,3.4,8.36,extreme_heat,0.488,low,18.85,0,Telangana,2023,4
Hyderabad,2W,2.98,85.06,41.1,3,3,public_fast,66.43,1.62,5.17,10.66,rainy,0.348,low,16.08,0,Telangana,2025,10
Hyderabad,2W,3,107.19,18.2,2.52,2,public_fast,58.6,4.61,2.87,7,extreme_heat,0.305,low,16.16,1,Telangana,2019,3
Hyderabad,2W,2.85,88.18,32.97,2,3,home,305.3,1.51,4.31,9.85,clear,0.037,high,16.84,0,Telangana,2023,12
Hyderabad,2W,3.22,91.84,26.61,1,2,public_slow,136.05,1.02,1.97,7.4,humid,0.368,middle,19.35,0,Telangana,2022,3
Hyderabad,2W,3,93.25,26.61,4,2,public_fast,70.53,2.26,5.55,6.41,humid,0.481,low,13.1,0,Telangana,2022,12
Hyderabad,2W,2.84,86.66,41.08,2,3,public_slow,132.68,1.16,7.02,9.53,rainy,0.593,high,15.34,0,Telangana,2025,12
Hyderabad,2W,3.75,82.48,1,4,4,public_slow,197.67,5.11,0.22,7.97,rainy,0.348,low,20.28,0,Telangana,2024,3
Hyderabad,2W,4.3,78.8,34.11,2,5,home,339.76,0.54,5.88,9.47,clear,0.25,low,25.8,1,Telangana,2025,8
Hyderabad,2W,2.66,93.74,8.4,3,3,home,137.9,0.31,2.31,6.97,clear,0.101,middle,15.95,0,Telangana,2022,1
Hyderabad,2W,3.12,80.27,31.35,2,4,public_slow,182.67,0.24,4.96,8.72,rainy,0.139,high,16.84,0,Telangana,2025,4
Hyderabad,2W,2.65,103.99,17.17,4,3,public_fast,85.68,0.34,2.29,7.18,rainy,0.195,low,14.33,0,Telangana,2021,1
Hyderabad,2W,2.87,85.21,28.35,4,4,home,320.62,0.58,6.05,9.7,humid,0.394,low,17.24,0,Telangana,2024,1
Hyderabad,2W,2.86,100.42,26.61,2,2,public_slow,251.15,3.89,1.96,6.47,rainy,0.351,middle,15.45,1,Telangana,2020,7
Hyderabad,2W,2.36,76.51,12.89,2,5,public_fast,96.94,1.69,2.42,7.16,extreme_heat,0.25,middle,12.02,1,Telangana,2026,11
Hyderabad,2W,2.95,84.42,24.44,3,6,public_slow,175.89,0.16,3.63,9.29,clear,0.176,high,17.68,1,Telangana,2026,2
Hyderabad,2W,3.11,90.26,51.12,1,4,public_slow,195.62,0.76,9.76,8.7,rainy,0.358,high,16.79,0,Telangana,2026,4
Hyderabad,2W,3.1,84.43,18.47,1,5,home,221.91,1.62,3.06,8.62,rainy,0.154,low,16.73,1,Telangana,2026,12
Hyderabad,2W,2.88,79.87,25.31,1,6,public_slow,193.42,2.03,3.73,9.48,clear,0.049,middle,17.3,1,Telangana,2026,12
Hyderabad,2W,3.65,83.3,1.98,2,6,public_fast,84.26,1.92,0.35,9.73,extreme_heat,0.502,middle,21.9,0,Telangana,2026,3
Hyderabad,2W,2.28,109.86,37.5,1,2,public_slow,195.65,0.74,6.53,6.29,rainy,0.29,low,12.31,0,Telangana,2019,9
Hyderabad,2W,3.12,81.18,6.83,2,5,home,294.28,2.14,1.42,7.92,rainy,0.59,middle,16.86,0,Telangana,2024,4
Hyderabad,2W,3.18,83.09,57.56,1,5,public_slow,191.89,2.45,3.61,6.72,humid,0.562,low,19.07,1,Telangana,2023,5
Hyderabad,2W,2.15,95.02,118.83,4,1,public_fast,5.71,1.09,10.93,6.43,clear,0.089,middle,12.9,0,Telangana,2020,2
Hyderabad,2W,2.84,92.31,34.84,1,2,public_fast,70.84,3.42,6.94,6.4,humid,0.421,high,17.02,1,Telangana,2021,2
Hyderabad,2W,1.93,94.17,3,3,3,public_slow,212.34,0.1,0.15,6.14,humid,0.556,low,11.58,0,Telangana,2021,1
Hyderabad,2W,2.45,96.26,26.61,2,3.33,public_fast,43.99,4.72,4.36,7.77,rainy,0.068,low,13.24,1,Telangana,2022,3
Hyderabad,2W,2.79,100.49,18.45,3,3,public_slow,181.8,5.62,2.77,5.24,extreme_heat,0.11,low,14.24,1,Telangana,2020,8
Hyderabad,2W,3.53,98.51,12.07,2,3,public_slow,148.18,2.68,1.94,7.59,extreme_heat,0.289,middle,17.99,0,Telangana,2021,6
Hyderabad,2W,3.05,101.29,25.96,2,2,public_slow,135.73,0.3,3.58,8.57,extreme_heat,0.228,middle,15.54,0,Telangana,2022,5
Hyderabad,2W,1.85,89.05,16.8,2,2,home,196.71,0.49,2.9,8.42,rainy,0.474,low,9.98,0,Telangana,2022,7
Hyderabad,2W,3.14,90.83,40.2,3,2,home,275.4,0.95,6.53,7.54,clear,0.493,middle,18.86,0,Telangana,2022,5
Hyderabad,2W,3.1,93.15,2.74,2,4,public_fast,46.29,0.81,0.43,8.24,extreme_heat,0.197,high,15.79,0,Telangana,2023,9
Hyderabad,2W,3.27,94.67,40.06,3,3,home,324.28,4.78,7.94,6.85,extreme_heat,0.22,high,16.66,1,Telangana,2021,6
Hyderabad,2W,3.42,87.7,44.3,1,3,public_fast,64.19,0.53,8.1,11.24,clear,0.214,low,20.54,0,Telangana,2025,5
Hyderabad,2W,2.5,94.04,43.03,2,4,home,345.35,0.21,6.83,7.13,rainy,0.29,high,13.51,0,Telangana,2021,7
Hyderabad,2W,2.45,93.64,1,3,2,home,345.02,1.99,0.18,7,extreme_heat,0.259,middle,12.47,0,Telangana,2021,10
Hyderabad,2W,2.61,100.31,40.39,3,1,public_fast,38.48,0.4,8.16,6.44,extreme_heat,0.131,low,13.3,0,Telangana,2019,11
Hyderabad,2W,3.07,92.43,17.97,2,3,home,322.15,0.3,3.55,5.99,clear,0.023,low,18.43,0,Telangana,2022,8
Hyderabad,2W,3.31,86.57,21.96,3,3.33,home,264.25,0.35,4.37,7.8,rainy,0.158,low,17.85,0,Telangana,2026,1
Hyderabad,2W,2.27,95.16,36.55,3,2,public_slow,252.96,1.99,5.46,7.8,humid,0.114,middle,13.63,0,Telangana,2019,6
Hyderabad,2W,2.27,83.97,10.14,3,6,public_fast,41.19,1.26,1.67,8.93,humid,0.528,middle,13.6,1,Telangana,2024,8
Hyderabad,2W,2.19,86.72,15.92,2,3,public_fast,204.21,4.53,2.57,6.61,humid,0.208,low,16.84,1,Telangana,2022,5
Hyderabad,2W,3.04,92.36,22.13,3,3.33,public_slow,69.12,1.5,4.48,7.57,clear,0.113,high,18.27,0,Telangana,2026,1
Hyderabad,2W,2.64,90.04,35.15,2,4,public_slow,167.87,4.17,6.33,7.53,humid,0.324,middle,15.84,1,Telangana,2021,12
Hyderabad,2W,2.91,96.4,1,3,4,home,340.58,0.97,0.13,7.61,humid,0.34,low,17.47,0,Telangana,2022,11
Hyderabad,2W,3,84.32,20.86,2,4,home,226.73,1.99,2.91,9.15,humid,0.43,middle,19.66,1,Telangana,2025,6
Hyderabad,2W,3.36,95.47,16.05,2,4,home,280.78,6.57,3.37,6.44,clear,0.098,middle,20.18,1,Telangana,2023,8
Hyderabad,2W,2.85,103.65,3.54,3,3,public_fast,69.43,0.77,0.6,7.37,rainy,0.309,middle,15.39,0,Telangana,2020,6
Hyderabad,2W,3.06,88.05,34.14,3,3.33,public_fast,43.45,1.12,4.61,10.33,extreme_heat,0.782,high,16.84,1,Telangana,2024,4
Hyderabad,2W,3.88,84.1,18.28,4,3,public_fast,56.4,0.03,2.76,9.13,clear,0.17,low,23.26,0,Telangana,2024,12
Hyderabad,2W,3.32,97.95,31.76,1,2,public_slow,160.63,5.72,5.96,5.4,clear,0.709,low,19.89,1,Telangana,2020,6
Hyderabad,2W,3.32,100.46,12.63,3,1,home,258.5,0.47,2.64,4.62,rainy,0.083,low,17.94,0,Telangana,2019,5
Hyderabad,2W,3.81,86.97,8.3,3,3,public_fast,60.53,2.48,0.44,7.53,extreme_heat,0.338,middle,19.45,0,Telangana,2024,6
Hyderabad,2W,2.99,91.35,1,3,3,home,292.35,1.88,0.15,8.25,clear,0.423,high,17.94,0,Telangana,2023,9
Hyderabad,2W,2.79,80.53,43.22,3,4,public_fast,50.58,0.19,7.93,11.47,humid,0.077,high,16.77,0,Telangana,2026,7
Hyderabad,2W,3.18,71.85,37.06,3,4,public_slow,96.06,1.18,6.56,10.32,humid,0.288,low,19.11,1,Telangana,2026,3
Hyderabad,2W,4.1,97.62,11.12,2,2,home,190.83,0.38,1.81,6.84,extreme_heat,0.5,high,16.84,0,Telangana,2021,1
Hyderabad,2W,3.14,109.27,3.34,2,2,public_fast,83.07,4.77,0.67,5.08,extreme_heat,0.509,middle,16.01,0,Telangana,2019,1
Hyderabad,2W,2.88,77.2,21.17,4,5,public_fast,266.99,3.95,3.73,11.06,rainy,0.364,high,15.55,1,Telangana,2026,9
Hyderabad,2W,3,92.81,36.37,1,3.33,public_slow,167.54,4.82,6.11,5.85,clear,0.41,middle,20.14,1,Telangana,2019,11
Hyderabad,2W,2.73,84.06,5.66,4,4,public_fast,54.44,0.24,1.22,9.26,clear,0.383,low,16.39,0,Telangana,2024,1
Hyderabad,2W,2.46,101.22,10.54,4,3,public_fast,34.34,0.15,2,7.55,clear,0.427,low,14.75,0,Telangana,2021,1
Hyderabad,2W,2.84,82.04,12.01,2,5,public_slow,83.86,1.27,1.85,7.73,clear,0.452,low,16.84,1,Telangana,2024,4
Hyderabad,2W,2.45,68.35,18.19,2.52,4,public_fast,17.15,4.96,2.32,9.94,extreme_heat,0.253,middle,12.48,1,Telangana,2026,3
Hyderabad,2W,3.04,89.19,1,2,3,home,337.25,2.58,4.36,7.17,extreme_heat,0.174,low,15.53,0,Telangana,2021,1
Hyderabad,2W,2.87,93.8,11.21,3,4,public_fast,72.29,0.76,2.11,6.32,clear,0.114,low,17.23,0,Telangana,2023,6
Hyderabad,2W,2.17,85.75,40.53,4,7,public_slow,150.72,0.72,6.93,9.63,humid,0.435,low,13,1,Telangana,2025,5
Hyderabad,2W,2.76,93.35,23.4,2,6,home,336.35,5.92,4.18,5.15,clear,0.109,low,16.56,1,Telangana,2022,2
Hyderabad,2W,2.53,95.34,12.94,2,2,public_slow,163.45,0.57,1.79,9.11,rainy,0.356,low,13.65,0,Telangana,2022,4
Hyderabad,2W,3.06,78.86,29.08,3,4,public_slow,168.19,1.88,4.19,8.63,extreme_heat,0.373,low,15.6,0,Telangana,2026,1
Hyderabad,2W,2.86,81.38,17.86,2,5,public_slow,191.17,1.96,3.09,8.64,extreme_heat,0.102,middle,14.59,1,Telangana,2025,2
Hyderabad,2W,2.63,84.11,1,1,4,home,391.73,0.23,0.19,8.5,rainy,0.177,low,14.22,0,Telangana,2023,4
Hyderabad,2W,2.81,90.69,49.25,2.52,3,home,248.05,3.74,10.38,5.92,extreme_heat,0.29,high,14.33,1,Telangana,2020,7
Hyderabad,2W,3.21,86.34,40.95,2,4,public_slow,194.28,1.47,7.88,10.77,clear,0.378,high,19.27,0,Telangana,2025,8
Hyderabad,2W,2.52,97.03,21.85,2,1,public_slow,246.57,1.28,4.27,5.93,rainy,0.27,high,13.63,0,Telangana,2019,5
Hyderabad,2W,2.49,76.23,14.84,2,6,public_fast,79.82,0.69,2.55,8.23,clear,0.269,high,14.93,1,Telangana,2026,8
Hyderabad,2W,3.98,94.31,26.61,5,3,home,178.75,1.16,3.59,7.09,rainy,0.42,low,21.5,0,Telangana,2022,4
Hyderabad,2W,3.82,95.81,59.22,2,2,home,271.33,1.1,11.85,6.81,extreme_heat,0.348,middle,19.47,0,Telangana,2020,3
Hyderabad,2W,2.99,94.29,17.68,2,3,public_slow,143.34,2.89,2.59,8.34,humid,0.269,high,17.92,0,Telangana,2023,1
Hyderabad,2W,2.77,92.97,22.7,3,3,public_slow,158.5,0.28,4.68,7.61,clear,0.103,middle,16.61,0,Telangana,2022,11
Hyderabad,2W,3.41,89.19,22.93,2,1,public_slow,175.92,0.14,5.14,7.22,humid,0.054,low,20.48,0,Telangana,2020,10
Hyderabad,2W,2.7,93.16,42.85,3,5,home,273.01,1.5,6.9,8.47,extreme_heat,0.746,high,16.84,1,Telangana,2023,2
Hyderabad,2W,3,102.15,37.71,4,2,public_fast,84.88,0.6,6.23,6.36,extreme_heat,0.395,middle,16.63,0,Telangana,2020,11
Hyderabad,2W,2.58,101.55,5.42,1,1,public_slow,210.76,0.33,0.76,3.14,humid,0.196,low,15.48,0,Telangana,2019,12
Hyderabad,2W,2.4,113.3,1,3,1,public_slow,159.15,1.77,0.18,5.54,rainy,0.478,middle,12.97,0,Telangana,2019,2
Hyderabad,2W,2.68,101.51,4.81,3,3,public_slow,157.71,3.36,0.64,6.59,clear,0.495,low,16.1,0,Telangana,2021,7
Hyderabad,2W,2.45,107.48,175.35,3,1,public_fast,80.83,2.84,10.75,6.8,rainy,0.169,high,13.25,0,Telangana,2019,11
Hyderabad,2W,3.08,89.01,16.55,4,2,public_fast,16.7,2.09,4.43,6.79,humid,0.302,low,18.5,0,Telangana,2020,8
Hyderabad,2W,2.86,99.8,32.37,3,1,public_slow,143.48,6.07,5.73,5.57,rainy,0.249,middle,15.46,1,Telangana,2019,12
Hyderabad,2W,3.99,88.18,13.68,4,2,public_fast,196.27,1.36,2.75,6.16,humid,0.233,high,23.92,0,Telangana,2022,1
Hyderabad,2W,4.16,77.57,10.03,3,5,public_fast,75.62,1.21,1.74,8.82,rainy,0.387,middle,22.46,0,Telangana,2026,6
Hyderabad,2W,3.22,104.19,31.56,2,2,home,330.35,1.57,4.97,8.03,rainy,0.228,high,17.36,0,Telangana,2020,4
Hyderabad,2W,2.68,82.75,37.64,2,3,home,346.2,0.08,6.11,6.65,extreme_heat,0.331,low,13.69,0,Telangana,2021,12
Hyderabad,2W,2.69,89.43,31.11,2.52,4,home,340.59,0.61,6.65,6.98,clear,0.283,middle,16.14,0,Telangana,2021,2
Hyderabad,2W,2.72,94.74,18.38,1,5,home,231.62,4.85,2.87,7.76,rainy,0.281,low,14.66,1,Telangana,2024,2
Hyderabad,2W,2.86,105.89,114.86,2,1,public_slow,211.76,0.13,5.37,4.75,clear,0.275,middle,17.15,0,Telangana,2019,10
Hyderabad,2W,3.09,86.05,7.64,2,4,public_slow,152.13,0.63,1.04,7.27,extreme_heat,0.356,low,15.74,0,Telangana,2025,9
Hyderabad,2W,3.62,88.78,29.55,3,1,home,306.17,5.44,5.13,7.8,rainy,0.126,middle,19.54,1,Telangana,2022,6
Hyderabad,2W,3.03,81.31,1,3,4,public_slow,204.72,5.67,0.2,6.84,extreme_heat,0.212,middle,15.43,0,Telangana,2023,4
Hyderabad,2W,4.13,81.31,31.33,2,4,home,274.48,0.47,5.9,10.02,humid,0.515,low,24.78,0,Telangana,2026,6
Hyderabad,2W,3.63,81.27,26.63,4,3,public_slow,236.71,1.38,4.02,8.46,extreme_heat,0.201,low,18.52,0,Telangana,2026,7
Hyderabad,2W,3.09,81.44,37.95,3,5,home,256.39,0.8,6.77,7.92,clear,0.594,middle,18.52,0,Telangana,2023,10
Hyderabad,2W,2.16,98.63,3,3,3.33,home,440.18,0.46,4.36,6.77,extreme_heat,0.209,low,11.03,0,Telangana,2020,6
Hyderabad,2W,2.61,79.77,28.52,2,3,public_fast,60.68,0.34,5.17,8.62,clear,0.473,low,15.65,0,Telangana,2024,7
Hyderabad,2W,3.2,94.94,18.98,3,2,public_slow,199.68,1.28,2.53,8.64,clear,0.338,middle,19.17,0,Telangana,2021,12
Hyderabad,2W,2.86,81.05,45.56,3,4,home,135.05,0.44,4.36,6.41,extreme_heat,0.29,low,16.84,0,Telangana,2024,1
Hyderabad,2W,2.47,88.29,10.85,2,3,home,281.74,0.05,1.4,9.1,extreme_heat,0.101,high,16.84,0,Telangana,2026,1
Hyderabad,2W,3.32,84.96,24.1,1,6,public_fast,42.45,2.19,5.82,9.06,clear,0.2,low,19.94,1,Telangana,2024,8
Hyderabad,2W,3.33,79.71,17.88,3,6,home,309.96,9.04,1.13,8.32,clear,0.052,low,20,1,Telangana,2025,8
Hyderabad,2W,2.2,97.53,21.64,3,2,public_slow,169.87,4.34,4.12,7.11,humid,0.139,low,13.18,1,Telangana,2020,5
Hyderabad,2W,2.33,91.67,28.34,3,2,public_slow,183.19,0.39,4.82,7.24,extreme_heat,0.308,low,11.88,0,Telangana,2021,7
Hyderabad,2W,2.65,99.15,43.63,3,1,public_fast,51.46,0.71,6.48,6.39,humid,0.173,low,15.89,0,Telangana,2021,4
Hyderabad,2W,3.18,83.86,26.61,4,4,public_slow,171.46,0.46,5.39,8.69,extreme_heat,0.177,low,16.19,0,Telangana,2024,9
Hyderabad,2W,2.99,88.49,13.84,2,3,home,287.24,0.14,2.65,8.27,extreme_heat,0.274,low,17.94,0,Telangana,2024,6
Hyderabad,2W,2.68,87.57,32.52,2,3,public_slow,169.37,0.21,7.28,8.63,extreme_heat,0.23,low,16.08,0,Telangana,2023,10
Hyderabad,2W,3,86.68,24.46,2,2,home,393.94,1.66,3.89,8.64,clear,0.29,high,21.98,0,Telangana,2022,11
Hyderabad,2W,3,86.67,43.55,4,4,public_fast,85.57,1.99,7.17,10.08,clear,0.439,low,16.78,0,Telangana,2024,10
Hyderabad,2W,3,85.76,34.93,2.52,5,home,208.01,2.04,4.62,7.8,clear,0.115,middle,21.78,1,Telangana,2024,6
Hyderabad,2W,2.74,86.05,16.42,3,4,public_slow,179.04,1.08,3.01,10.74,extreme_heat,0.246,middle,13.98,0,Telangana,2025,9
Hyderabad,2W,2.43,85.74,30.96,1,5,public_fast,57.73,1.04,4.43,7.42,extreme_heat,0.344,low,12.4,1,Telangana,2023,9
Hyderabad,2W,3.73,86.6,16.79,1,4,home,347.93,3.88,2.81,8.11,rainy,0.445,high,20.14,1,Telangana,2024,1
Hyderabad,2W,2.74,94.64,31.09,4,3,home,285.03,0.18,7.01,5.71,humid,0.513,high,16.46,0,Telangana,2020,7
Hyderabad,2W,4.29,96.63,26.83,2,4,public_fast,47.99,1.99,4.95,7.82,clear,0.391,high,25.76,1,Telangana,2021,6
Hyderabad,2W,3.47,99.73,19.36,2,2,public_slow,223.66,1.39,2.45,6.47,humid,0.374,low,20.79,0,Telangana,2020,2
Hyderabad,2W,3.84,104.54,33.65,2,2,public_fast,83.26,2.23,5.44,6.72,humid,0.349,middle,23.03,0,Telangana,2021,11
Hyderabad,2W,1.72,90.54,38.3,2,2,home,283.2,1.83,6.64,8.56,humid,0.101,high,10.34,0,Telangana,2022,10
Hyderabad,2W,3.3,94.31,30.87,3,3,public_fast,50.92,3.56,4.23,7.53,humid,0.105,middle,19.8,1,Telangana,2023,10
Hyderabad,2W,2.59,85.96,121.61,4,4,public_slow,249.74,0.18,11.3,7.36,humid,0.337,low,15.56,0,Telangana,2024,8
Hyderabad,2W,3.28,72.49,1,1,6,public_fast,17.58,1.24,0.21,7.26,clear,0.133,middle,19.69,1,Telangana,2025,9
Hyderabad,2W,3.19,71.17,31.97,4,6,public_slow,178.75,1.08,6.47,8.35,extreme_heat,0.59,low,16.26,1,Telangana,2026,12
Hyderabad,2W,3.57,90.52,8.99,3,3,public_slow,187.97,0.65,1.87,6.92,rainy,0.185,low,19.28,0,Telangana,2020,12
Hyderabad,2W,3.62,103.5,36.64,3,3.33,home,367.86,2.69,5.22,6.58,humid,0.035,low,21.73,0,Telangana,2020,7
Hyderabad,2W,2.61,90.8,1,3,2,public_fast,68.96,4.24,0.16,7.35,humid,0.29,low,16.84,0,Telangana,2021,1
Hyderabad,2W,2.96,88.31,50.54,2,4,public_fast,63.88,0.76,1.95,6.03,rainy,0.306,middle,16.01,0,Telangana,2021,12
Hyderabad,2W,2.31,101.95,11.84,3,2,home,228.44,2.5,1.94,5.77,extreme_heat,0.473,low,11.77,0,Telangana,2019,1
Hyderabad,2W,3.03,89.38,24.11,5,3,home,178.75,0.83,3.4,8.42,extreme_heat,0.245,low,15.48,0,Telangana,2023,12
Hyderabad,2W,3.12,103.32,52.07,4,2,home,260.27,2.99,6.61,4.13,humid,0.446,low,18.74,0,Telangana,2020,12
Hyderabad,2W,3.96,90.15,66.92,2.52,3,home,337.4,0.64,11.09,8.38,rainy,0.259,middle,21.4,0,Telangana,2023,9
Hyderabad,2W,2.89,79.92,31.12,2,3.33,public_slow,220.91,2.14,5.08,8.15,extreme_heat,0.555,high,14.76,1,Telangana,2026,6
Hyderabad,2W,3.3,97.77,49.26,2,2,home,288.66,1.27,6.85,6.04,rainy,0.202,high,17.81,0,Telangana,2020,8
Hyderabad,2W,3.43,71.38,32.91,4,5,public_fast,55.39,3.13,5.08,9.32,humid,0.649,middle,20.57,1,Telangana,2026,9
Hyderabad,2W,2.24,91.66,9.21,2,5,home,301.92,3.77,2.16,8.65,humid,0.369,middle,13.46,1,Telangana,2024,7
Hyderabad,2W,3.22,91.77,20.46,2,5,public_fast,73.47,1.39,3.15,8.01,rainy,0.22,low,17.41,1,Telangana,2025,9
Hyderabad,2W,3.24,90.75,17.16,1,1,public_fast,47.27,1.85,2.89,5.65,clear,0.252,low,19.43,0,Telangana,2019,10
Hyderabad,2W,2.45,92.54,6.86,3,2,home,280.73,0.5,0.97,5.69,clear,0.153,middle,14.7,0,Telangana,2019,5
Hyderabad,2W,3.07,94.25,42.98,2,4,public_slow,193.54,2.43,10.22,8.76,clear,0.229,low,18.4,0,Telangana,2024,9
Hyderabad,2W,2.67,87.72,15.92,3,4,public_fast,32.99,0.18,2.84,8.54,humid,0.271,middle,16.03,0,Telangana,2026,11
Hyderabad,2W,3.07,90.66,15.92,2,3,home,343.22,1.45,2.78,7.46,humid,0.154,middle,18.4,0,Telangana,2023,7
Hyderabad,2W,2.61,87.4,37.9,2,4,home,302.73,0.29,7.34,7.49,rainy,0.605,high,14.09,0,Telangana,2021,10
Hyderabad,2W,3.14,88.73,15.38,2,6,home,201.81,0.65,2.72,8.95,rainy,0.464,low,16.96,1,Telangana,2025,12
Hyderabad,2W,2.64,86.89,44.41,3,6,public_fast,159.42,2.77,7.91,7.64,extreme_heat,0.13,middle,16.84,1,Telangana,2026,7
Hyderabad,2W,2.73,75.44,25.94,4,5,public_fast,182.41,1.4,3.63,7.12,rainy,0.311,low,14.76,1,Telangana,2025,12
Hyderabad,2W,3.3,73.37,28.58,3,4,public_slow,132.5,1.99,5.34,8.61,clear,0.209,low,19.8,1,Telangana,2025,5
Hyderabad,2W,3.11,90.36,13.11,3,2,public_fast,40.29,3.73,1.65,5.73,rainy,0.056,high,16.8,1,Telangana,2021,11
Hyderabad,2W,3.71,74.84,27.36,2,6,home,251.18,0.01,4.57,8.89,extreme_heat,0.142,middle,16.84,1,Telangana,2025,8
Hyderabad,2W,3.58,90.48,12,2,3,public_fast,58.76,0.44,2.15,5.17,extreme_heat,0.045,middle,18.26,0,Telangana,2021,8
Hyderabad,2W,3.58,81.8,26.61,4,5,public_slow,138.04,0.67,4.93,8.5,extreme_heat,0.29,middle,18.27,1,Telangana,2024,9
Hyderabad,2W,2.25,100.15,9.48,2,4,public_fast,45.78,2.52,1.65,7.88,humid,0.329,low,13.47,0,Telangana,2020,2
Hyderabad,2W,2.84,88.4,67.86,2,5,home,300.97,1.98,3.37,10.15,extreme_heat,0.089,low,14.48,1,Telangana,2025,6
Hyderabad,2W,3.49,78.67,14.28,2,4,public_slow,193.69,1.67,2.81,9.32,clear,0.366,low,20.94,0,Telangana,2026,11
Hyderabad,2W,3,91.13,22.51,2.52,2,home,253.03,0.53,4.16,6.67,extreme_heat,0.26,middle,11.5,0,Telangana,2021,8
Hyderabad,2W,3.61,86.06,22.62,3,5,public_fast,70.44,4.96,3.37,9.77,rainy,0.316,low,19.47,1,Telangana,2026,8
Hyderabad,2W,3.37,75.18,19.34,3,4,home,370.04,0.11,3.62,9.32,rainy,0.235,middle,18.17,0,Telangana,2025,11
Hyderabad,2W,3.3,83.73,7.47,4,4,home,297.23,1.6,1.27,6.7,humid,0.429,high,19.82,0,Telangana,2025,1
Hyderabad,2W,3.46,78.36,29.1,3,5,public_fast,51.08,1.99,5.58,6.64,extreme_heat,0.103,middle,17.66,1,Telangana,2021,9
Mumbai,2W,3.25,78.31,34.72,2,7,public_fast,55.32,1.99,6.34,9.27,rainy,0.416,low,17.54,1,Maharashtra,2026,3
Mumbai,2W,3.16,93.35,26.45,2,3,public_slow,147.27,3.14,4.42,9.09,clear,0.213,low,18.97,1,Maharashtra,2021,6
Mumbai,2W,3.73,101.8,57.3,4,1,public_fast,77.45,1.25,13.68,6.68,clear,0.671,low,22.35,0,Maharashtra,2020,2
Mumbai,2W,2.88,92.86,34.68,3,5,home,242.1,4.69,9.06,8.69,extreme_heat,0.656,low,14.67,1,Maharashtra,2023,7
Mumbai,2W,3.14,81.75,21.42,2.52,4,home,265.39,1.7,4.09,9.76,humid,0.457,low,18.81,0,Maharashtra,2025,4
Mumbai,2W,2.73,96,24.44,2,4,public_fast,62.28,2.01,4.38,7.15,humid,0.214,middle,16.37,0,Maharashtra,2021,12
Mumbai,2W,3.72,87.59,41.76,3,4,public_fast,69.14,5.07,5.76,8.57,extreme_heat,0.443,high,18.98,1,Maharashtra,2023,8
Mumbai,2W,2.99,87.62,51.72,2,3,public_slow,181.51,2.34,9.53,8.23,extreme_heat,0.356,middle,15.24,0,Maharashtra,2024,6
Mumbai,2W,2.89,89.19,28.55,4,3,public_slow,147.9,0.41,4.25,8.8,humid,0.228,middle,17.31,0,Maharashtra,2022,4
Mumbai,2W,2.9,94.95,8.33,1,3,public_fast,64.11,1.99,1.31,7.62,extreme_heat,0.211,middle,14.81,0,Maharashtra,2023,8
Mumbai,2W,3.17,83.96,20.27,2.52,3,home,267.49,2.57,3.28,8.63,extreme_heat,0.291,high,16.19,0,Maharashtra,2023,7
Mumbai,2W,3.06,74.37,7.99,2,4,home,141.67,1.46,1.66,9.78,extreme_heat,0.019,middle,16.52,0,Maharashtra,2025,9
Mumbai,2W,3.19,100.24,26.61,3,1,home,202.96,0.35,3.84,5.28,clear,0.249,low,19.11,0,Maharashtra,2019,10
Mumbai,2W,2.23,80.93,29.15,3,6,public_fast,74.49,6.32,4.09,8.14,rainy,0.704,middle,12.05,1,Maharashtra,2025,9
Mumbai,2W,4.06,98.34,47.7,2,3,public_fast,68.29,2.71,8.58,7.8,clear,0.317,middle,24.33,0,Maharashtra,2020,9
Mumbai,2W,2.37,86.24,65.27,1,2,public_fast,73.21,0.65,12.1,5.9,rainy,0.372,low,16.84,0,Maharashtra,2023,8
Mumbai,2W,2.73,91.26,37.5,2,1,home,313.23,3.18,5.75,8.22,humid,0.181,middle,16.38,1,Maharashtra,2021,7
Mumbai,2W,2.55,95.32,14.98,1,2,home,288.76,1.82,2.09,3.76,extreme_heat,0.033,low,12.98,0,Maharashtra,2019,11
Mumbai,2W,3.63,103.55,37.15,5,2,public_fast,77.19,7.88,4.94,7.47,extreme_heat,0.478,high,18.49,1,Maharashtra,2021,3
Mumbai,2W,3.16,80.57,1,4,4,public_fast,70.67,0.38,0.14,8.68,clear,0.376,middle,18.98,0,Maharashtra,2025,6
Mumbai,2W,2.99,74.81,8.81,1,6,public_slow,189.55,0.42,1.35,9.85,humid,0.32,middle,16.84,1,Maharashtra,2026,3
Mumbai,2W,2.89,91.25,13.66,3,2,public_fast,84.05,3.06,2.31,6.82,extreme_heat,0.342,low,14.73,1,Maharashtra,2020,2
Mumbai,2W,2.63,87.96,39.25,2,5,public_fast,29.35,6.52,12.66,8.8,rainy,0.292,low,14.2,1,Maharashtra,2025,6
Mumbai,2W,2.89,93.89,33.95,4,3.33,public_fast,64.01,0.12,5.39,7.68,extreme_heat,0.085,middle,14.76,0,Maharashtra,2023,6
Mumbai,2W,2.8,80.37,37.47,2,5,public_fast,51.77,1.17,8.27,10.03,rainy,0.095,high,16.84,1,Maharashtra,2025,8
Mumbai,2W,2.75,80.92,18.99,3,5,home,196.46,2.73,4.36,6.53,extreme_heat,0.142,middle,14.02,1,Maharashtra,2024,2
Mumbai,2W,2.54,103.61,22.46,2,2,public_fast,75.18,3.89,4.34,7.2,rainy,0.239,middle,13.72,0,Maharashtra,2020,11
Mumbai,2W,2.92,89.19,19.8,2,3,home,255.19,3.29,4.41,8.41,rainy,0.109,middle,15.74,1,Maharashtra,2026,1
Mumbai,2W,2.89,87.03,33.1,2,4,public_fast,36.03,0.73,4.58,9.08,clear,0.496,high,17.34,0,Maharashtra,2023,12
Mumbai,2W,2.63,84.27,24.46,3,6,public_fast,60.98,4.83,4.06,7.66,humid,0.004,low,15.78,1,Maharashtra,2026,11
Mumbai,2W,3.05,91.45,1,2,2,public_fast,53.48,1.33,0.15,7.39,rainy,0.124,low,16.45,0,Maharashtra,2021,9
Mumbai,2W,3.1,98.8,11.34,1,3,home,241.2,0.62,1.62,4.88,rainy,0.312,low,16.76,0,Maharashtra,2020,7
Mumbai,2W,3.89,91.51,32.04,1,3.33,public_fast,61.87,3.58,4.82,5.85,clear,0.095,low,23.32,1,Maharashtra,2022,9
Mumbai,2W,3.86,85.56,1,2,3,public_fast,52.09,1.16,0.17,11.24,rainy,0.093,middle,20.82,0,Maharashtra,2025,5
Mumbai,2W,3.03,100.57,27.79,1,2,home,361.14,3.06,3.74,5.41,extreme_heat,0.198,middle,15.44,1,Maharashtra,2019,8
Mumbai,2W,3.06,89.19,4.63,3,3,home,282.69,7.8,0.83,7.39,humid,0.316,low,18.33,0,Maharashtra,2022,4
Mumbai,2W,3.25,93.61,45.05,3,3,public_slow,192.26,0.26,6.47,7.06,clear,0.286,middle,19.51,0,Maharashtra,2022,5
Mumbai,2W,3,94.09,39.94,1,1,public_fast,62.48,0.27,6.83,5.62,humid,0.055,high,14.99,0,Maharashtra,2019,10
Mumbai,2W,2.71,107.44,18.61,3,2,public_slow,214.54,2.74,4.36,6.41,extreme_heat,0.325,high,13.83,0,Maharashtra,2020,10
Mumbai,2W,4.21,84.4,20.79,2.52,4,home,342.45,1.21,3.98,8.74,extreme_heat,0.528,high,21.49,0,Maharashtra,2025,11
Mumbai,2W,3.02,78.25,40.21,2,5,public_fast,63.51,1.59,1.6,10.2,clear,0.657,middle,18.11,1,Maharashtra,2026,4
Mumbai,2W,2.78,91.03,27.18,3,4,public_slow,216.05,2.32,3.73,9.35,rainy,0.239,low,15,0,Maharashtra,2024,1
Mumbai,2W,3.18,101.19,44.33,2,1,public_fast,234.62,2.34,7.04,6.44,humid,0.198,middle,19.1,0,Maharashtra,2020,6
Mumbai,2W,1.97,81.59,5.04,3,4,public_fast,51.57,0.63,0.97,9.13,humid,0.426,low,11.85,0,Maharashtra,2024,10
Mumbai,2W,3.67,84.4,4.9,4,4,public_slow,120.49,0.07,0.73,7.8,humid,0.464,middle,21.99,0,Maharashtra,2024,8
Mumbai,2W,3.67,80.59,41.43,2,6,home,220.89,1.61,6.94,8.94,extreme_heat,0.229,high,18.69,1,Maharashtra,2026,7
Mumbai,2W,2.73,85.48,2.2,3,4,public_fast,52.28,1.34,0.36,8.18,rainy,0.099,low,14.73,0,Maharashtra,2023,1
Mumbai,2W,4.33,102.95,12.58,3,3,home,215.05,0.62,2.04,5.13,clear,0.21,high,25.96,0,Maharashtra,2020,4
Mumbai,2W,3.52,94.39,22.64,2,2,public_fast,40.04,1.99,4.97,4.76,humid,0.534,high,21.1,1,Maharashtra,2020,10
Mumbai,2W,3.35,90.23,33.37,1,3,public_slow,179.06,0.44,5.45,8.73,rainy,0.418,low,18.08,0,Maharashtra,2025,5
Mumbai,2W,2.26,87.76,23.47,4,5,public_fast,68.01,13.09,4.33,8.21,clear,0.373,low,13.55,1,Maharashtra,2025,2
Mumbai,2W,3.34,95.77,1,1,4,public_fast,51.32,0.73,0.16,8,clear,0.583,middle,20.02,0,Maharashtra,2020,8
Mumbai,2W,3.32,87.43,14.65,3,6,public_slow,208.36,5.04,2.21,6.86,rainy,0.138,middle,17.94,1,Maharashtra,2026,1
Mumbai,2W,3.14,89.28,28.41,4,2,home,376.46,2.7,3.71,7.39,rainy,0.302,high,16.96,0,Maharashtra,2022,5
Mumbai,2W,2.59,87.12,17.08,1,4,public_fast,50.99,2.49,4.36,7.5,extreme_heat,0.25,low,13.2,0,Maharashtra,2026,12
Mumbai,2W,3.45,95.05,1,2,2,home,245.98,5.47,0.14,7.43,humid,0.425,low,20.67,0,Maharashtra,2022,11
Mumbai,2W,3.02,92.53,22.26,2,1,home,370.49,6.13,3.67,8.62,clear,0.205,low,18.1,1,Maharashtra,2020,4
Mumbai,2W,3.17,89.19,42.11,1,1,public_slow,236.68,4.13,7.42,10.21,clear,0.189,middle,19,1,Maharashtra,2025,11
Mumbai,2W,3.1,89.19,23.59,2,5,home,221.19,2.84,3.13,9.54,rainy,0.276,middle,16.72,1,Maharashtra,2026,1
Mumbai,2W,3.13,86.58,30.87,2,4,public_fast,33.84,0.06,5.63,9.42,extreme_heat,0.131,middle,15.98,0,Maharashtra,2023,11
Mumbai,2W,2.76,79.15,26.68,4,5,public_slow,169.07,1.9,3.95,10.84,humid,0.443,high,16.56,1,Maharashtra,2026,8
Mumbai,2W,3.13,89.19,6.26,2,3,home,303.06,1.48,1.13,8.7,extreme_heat,0.145,low,15.97,0,Maharashtra,2023,12
Mumbai,2W,2.82,95.94,115.59,4,1,public_slow,196.13,3.68,5.46,7.01,humid,0.147,middle,16.94,1,Maharashtra,2020,2
Mumbai,2W,2.9,94.04,30.51,1,3,public_slow,240.38,1.31,3.76,4.53,clear,0.274,middle,17.37,0,Maharashtra,2022,10
Mumbai,2W,3.01,97.67,42.14,4,2,public_fast,216.65,2.3,6.7,7.34,rainy,0.397,low,16.27,0,Maharashtra,2020,3
Mumbai,2W,2.24,84.03,20.42,1,4,home,262.58,5.37,3.78,8.58,rainy,0.176,low,12.08,1,Maharashtra,2024,1
Mumbai,2W,3.02,82.01,21.66,2.52,6,home,238.91,0.29,5.05,6.19,extreme_heat,0.206,middle,15.38,1,Maharashtra,2024,10
Mumbai,2W,2.94,104.72,7.22,2,2,public_fast,45.67,0.53,1.11,5.65,rainy,0.306,middle,15.87,0,Maharashtra,2020,1
Mumbai,2W,2.7,99.93,54.74,2,2,home,219.26,3.88,9.04,4.29,humid,0.096,high,16.19,1,Maharashtra,2019,12
Mumbai,2W,3.88,75.8,1,5,5,public_slow,227.57,2.13,0.15,9.79,rainy,0.123,middle,20.94,0,Maharashtra,2026,1
Mumbai,2W,2.87,83.63,5.54,3,7,home,351.36,2.06,0.93,7.82,clear,0.118,high,17.2,0,Maharashtra,2026,3
Mumbai,2W,2.92,75.36,17.48,2,5,public_fast,73.8,0.83,4.28,8.8,rainy,0.537,middle,15.75,1,Maharashtra,2025,3
Mumbai,2W,3.43,92.4,15.89,5,2,public_fast,61.7,0.93,2.73,6.76,clear,0.16,high,20.59,0,Maharashtra,2021,3
Mumbai,2W,3.02,89.19,1,4,4,home,212.56,1.56,0.13,10.04,clear,0.219,middle,18.15,0,Maharashtra,2023,11
Mumbai,2W,2.34,90.69,23.65,1,3,home,298.07,5.71,2.89,6.26,clear,0.189,middle,14.07,1,Maharashtra,2026,1
Mumbai,2W,3.23,85.5,39.09,3,2,public_slow,173.55,0.07,7.12,8.87,rainy,0.47,middle,17.44,0,Maharashtra,2022,7
Mumbai,2W,3.52,102.17,42.34,3,1,home,206.04,1.99,7.34,5.83,clear,0.176,middle,21.15,0,Maharashtra,2020,7
Mumbai,2W,3.76,80.46,18.69,4,5,public_fast,25.09,1.35,3.05,6.82,extreme_heat,0.186,middle,19.15,0,Maharashtra,2023,10
Mumbai,2W,3.64,90.81,38.87,2.52,3,home,464.62,0.2,6.12,7.97,humid,0.471,low,21.84,0,Maharashtra,2022,6
Mumbai,2W,3.03,91.28,26.61,3,1,home,267.91,0.48,5.17,6.52,rainy,0.041,middle,16.39,0,Maharashtra,2021,9
Mumbai,2W,2.71,92.42,1,4,3,home,349.25,3.02,0.15,7.01,clear,0.058,low,16.24,0,Maharashtra,2021,11
Mumbai,2W,2.26,100.59,23.48,3,4,public_slow,193.63,8.09,3.82,6.14,extreme_heat,0.473,low,11.51,1,Maharashtra,2020,6
Mumbai,2W,3.08,78.74,51.39,3,3,public_fast,166.61,2.57,6.3,6.68,humid,0.375,low,18.49,0,Maharashtra,2023,8
Mumbai,2W,2.5,90.42,14.17,3,3,public_slow,150.21,4.23,2.12,8.45,extreme_heat,0.478,low,12.74,1,Maharashtra,2024,8
Mumbai,2W,2.25,87.6,9.18,4,5,public_slow,194.97,2.51,1.7,8.65,humid,0.242,low,13.52,0,Maharashtra,2023,5
Mumbai,2W,2.77,83.82,17.65,1,1,home,323.16,0.69,2.98,9.04,clear,0.51,low,16.59,0,Maharashtra,2024,12
Mumbai,2W,2.89,94.23,6.51,2,1,home,349.03,1.99,0.92,6.59,rainy,0.255,high,15.61,0,Maharashtra,2020,7
Mumbai,2W,3.09,89.42,50.56,2,4,home,216.07,0.41,8.64,7.75,extreme_heat,0.16,high,15.77,0,Maharashtra,2023,5
Mumbai,2W,3.5,87.86,31.8,2,4,public_slow,254.25,2.17,4.53,9.96,humid,0.241,middle,20.97,0,Maharashtra,2024,4
Mumbai,2W,3.18,86.55,14.74,1,4,public_fast,90.54,1.9,2,7.53,extreme_heat,0.053,high,16.2,0,Maharashtra,2024,10
Mumbai,2W,3.01,83.75,19.02,2,3,public_fast,69.99,2.41,3.58,9.05,rainy,0.48,middle,16.26,0,Maharashtra,2023,8
Mumbai,2W,3.06,81.17,23.55,1,4,public_slow,179.37,2.26,3.14,8.42,clear,0.245,high,18.34,0,Maharashtra,2025,4
Mumbai,2W,3.01,101.49,29.67,3,4,public_fast,68.76,2.02,5.85,7.74,extreme_heat,0.493,middle,15.35,0,Maharashtra,2023,4
Mumbai,2W,1.18,110.46,33.26,3,3.33,home,232.52,1.49,5.13,5.5,extreme_heat,0.626,low,6.03,0,Maharashtra,2019,2
Mumbai,2W,3.05,91.91,15.48,2,4,public_slow,213.75,0.66,2.51,7.65,extreme_heat,0.332,low,15.54,0,Maharashtra,2023,12
Mumbai,2W,3.22,75.8,39.36,2,4,public_fast,178.75,1.99,5.45,10.45,extreme_heat,0.387,low,16.45,0,Maharashtra,2025,4
Mumbai,2W,2.68,96.35,20.61,3,1,public_slow,217.44,1.82,3.46,8.09,clear,0.354,middle,16.07,0,Maharashtra,2021,2
Mumbai,2W,2.77,93.42,92.29,1,2,home,426.02,2.48,7.31,6.23,extreme_heat,0.602,low,14.14,0,Maharashtra,2020,10
Mumbai,2W,1.8,90.22,1,2,4,home,253.72,1.73,0.17,8.23,clear,0.059,low,10.79,0,Maharashtra,2023,1
Mumbai,2W,3.78,90.34,1,2,3,home,234.39,2.35,0.13,9.81,humid,0.037,middle,22.7,0,Maharashtra,2023,4
Mumbai,2W,3.94,96.98,37.97,1,3,home,405.66,0.43,7.6,5.29,rainy,0.028,low,21.27,0,Maharashtra,2020,2
Mumbai,2W,2.41,81.79,18.94,4,5,public_slow,206.6,0.55,3.42,10.1,rainy,0.084,low,13.03,1,Maharashtra,2025,4
Mumbai,2W,2.67,81.1,32.64,2,3,home,212.56,0.69,5.13,10.23,extreme_heat,0.381,low,13.62,0,Maharashtra,2024,9
Mumbai,2W,2.4,75.32,31.71,2,4,public_fast,56.68,2.55,5.05,8.64,rainy,0.361,high,12.96,0,Maharashtra,2025,9
Mumbai,2W,3.17,93.41,30.47,4,3,home,338.51,0.6,4.75,7,clear,0.686,middle,16.84,0,Maharashtra,2021,5
Mumbai,2W,2.07,91.53,13.05,2,2,public_fast,71.59,1.67,3.39,7.8,clear,0.401,low,12.43,0,Maharashtra,2022,4
Mumbai,2W,3.02,80.02,31.46,3,7,public_slow,119.01,0.81,5.61,8.29,extreme_heat,0.247,middle,15.41,1,Maharashtra,2026,9
Mumbai,2W,2.1,78.3,34.15,3,5,public_slow,151.31,0.23,5.14,10.16,clear,0.142,middle,12.57,1,Maharashtra,2026,4
Mumbai,2W,2.72,86.56,64.97,4,5,home,307.52,0.97,9.84,7.39,clear,0.259,middle,16.29,1,Maharashtra,2023,2
Mumbai,2W,2.85,89.19,23.01,3,5,public_fast,79.18,0.47,4.67,9.52,rainy,0.09,low,15.38,1,Maharashtra,2026,5
Mumbai,2W,3.01,95.19,12.55,3,3,public_slow,127.2,2.52,1.64,6.55,extreme_heat,0.414,middle,16.25,0,Maharashtra,2022,7
Mumbai,2W,2.99,94.96,39.92,1,2,home,281.95,2.32,7.39,6.88,extreme_heat,0.156,high,15.23,0,Maharashtra,2022,9
Mumbai,2W,3.26,92.92,27.28,2,1,public_fast,24.38,0.51,4.6,6.55,humid,0.458,high,19.54,0,Maharashtra,2020,9
Mumbai,2W,3.53,79.36,44.99,2,6,home,230.19,4.85,5.83,8.87,humid,0.469,low,21.18,1,Maharashtra,2026,3
Mumbai,2W,3.07,100.52,58.45,2,2,home,178.75,0.54,3.73,7.8,clear,0.242,low,18.42,0,Maharashtra,2020,10
Mumbai,2W,2.57,94.07,17.03,4,4,public_slow,178.75,1.81,3.34,7.19,clear,0.29,middle,15.42,0,Maharashtra,2022,3
Mumbai,2W,2.45,98.24,9.43,4,1,public_fast,67.08,0.84,1.94,4.07,extreme_heat,0.503,middle,12.49,0,Maharashtra,2020,10
Mumbai,2W,3.11,91.17,31.59,1,3,home,252.46,7.1,6.08,7.09,clear,0.302,low,18.64,1,Maharashtra,2022,10
Mumbai,2W,2.71,94.59,46.96,2,5,public_fast,86.51,2.49,7.58,9.3,extreme_heat,0.351,middle,13.83,1,Maharashtra,2024,6
Mumbai,2W,2.88,93.13,23.83,2,2,public_fast,57.02,3.62,4.33,5.21,humid,0.377,low,17.26,1,Maharashtra,2019,5
Mumbai,2W,2.84,100.99,27.38,3,1,public_slow,178.75,3.55,3.9,5.98,humid,0.61,middle,17.06,1,Maharashtra,2020,5
Mumbai,2W,2.85,103.26,7.41,3,1,home,391.26,1.35,1.07,5.87,rainy,0.196,low,15.42,0,Maharashtra,2020,2
Mumbai,2W,3.15,102.7,20.1,2,2,public_fast,64.63,0.22,3.85,7.8,clear,0.322,low,18.9,0,Maharashtra,2021,7
Mumbai,2W,2.6,87.41,37.98,1,3,home,363.63,0.1,7.29,6.03,clear,0.56,middle,15.62,0,Maharashtra,2021,10
Mumbai,2W,3.78,89.16,16.81,4,3,public_slow,184.02,0.46,2.95,9.01,extreme_heat,0.507,low,19.28,0,Maharashtra,2024,12
Mumbai,2W,2.62,84.28,29.56,2,6,public_fast,59.17,0.72,6.99,7.25,clear,0.194,middle,15.7,1,Maharashtra,2025,8
Mumbai,2W,3.25,101.04,20.5,4,1,public_fast,95.78,0.16,3.37,5.55,humid,0.455,middle,19.53,0,Maharashtra,2019,1
Mumbai,2W,4.11,86.3,7.23,3,4,public_fast,59.13,1.22,1.11,8.46,humid,0.323,middle,24.68,0,Maharashtra,2023,11
Mumbai,2W,3.44,91.84,1,2,2,home,234.46,1.06,0.16,7.13,clear,0.412,middle,20.64,0,Maharashtra,2021,4
Mumbai,2W,2.4,85.67,20.94,2,3,home,296.06,0.4,3.15,7.47,humid,0.579,middle,14.41,0,Maharashtra,2024,10
Mumbai,2W,2.67,96.49,32.89,2,1,public_slow,118.09,3.52,5.3,6.89,extreme_heat,0.036,middle,13.61,1,Maharashtra,2019,12
Mumbai,2W,2.03,89.19,26.9,3,1,public_slow,202.58,6.49,3.54,6.37,humid,0.045,low,12.17,1,Maharashtra,2020,6
Mumbai,2W,2.97,80.02,12.72,2,5,home,291.09,0.3,1.71,8.91,humid,0.014,high,17.83,1,Maharashtra,2025,12
Mumbai,2W,3.82,98.34,28.06,3,3,public_fast,70.91,0.4,5.16,7.4,rainy,0.476,middle,20.63,0,Maharashtra,2021,5
Mumbai,2W,2.81,94.68,5,2,1,public_slow,219.25,1.94,0.83,7,extreme_heat,0.467,low,16.88,0,Maharashtra,2020,5
Mumbai,2W,4.09,97.24,26.35,3,3,home,230.13,0.99,5.47,7.04,rainy,0.256,low,22.09,0,Maharashtra,2020,4
Mumbai,2W,3.78,87.37,21.38,1,3,public_fast,56.93,2.27,3.35,7.7,rainy,0.546,low,20.39,0,Maharashtra,2022,6
Mumbai,2W,2.36,104.41,29.98,3,2,home,327.53,1.05,4.38,7.8,humid,0.111,middle,14.16,0,Maharashtra,2019,8
Mumbai,2W,3.21,82.46,26.56,1,6,public_fast,53.05,0.81,5,7.04,clear,0.423,middle,19.24,0,Maharashtra,2023,3
Mumbai,2W,2.29,91.5,43.25,2,3,home,267.83,1.43,6.7,9.5,humid,0.476,low,13.73,0,Maharashtra,2026,1
Mumbai,2W,3.41,93.12,18.46,3,4,public_slow,198.3,2.33,2.9,6.75,humid,0.147,low,20.48,0,Maharashtra,2022,11
Mumbai,2W,3.72,78.4,35.3,3,5,public_fast,107.89,0.66,5.69,7.8,extreme_heat,0.219,high,18.96,0,Maharashtra,2026,8
Mumbai,2W,3.1,83.58,35.15,2,3,public_fast,86.65,2.05,5.12,9.13,extreme_heat,0.072,middle,18.62,0,Maharashtra,2024,2
Mumbai,2W,2.98,101.75,43.2,3,2,public_fast,69.57,0.74,5.84,5.63,extreme_heat,0.428,high,15.21,0,Maharashtra,2019,3
Mumbai,2W,2.51,94.66,37.52,3,2,public_fast,74.26,1.12,4.93,5.43,extreme_heat,0.295,middle,12.81,0,Maharashtra,2020,10
Mumbai,2W,3.3,94.35,1,2,3,home,276.52,3.64,0.15,6.75,clear,0.037,high,19.82,0,Maharashtra,2021,7
Mumbai,2W,3.1,102.5,3.34,4,4,public_slow,78.63,0.12,0.63,7.5,rainy,0.448,low,16.75,0,Maharashtra,2022,1
Mumbai,2W,2.97,89.19,56.35,4,4,public_fast,63.39,1.04,7.61,8.1,humid,0.367,low,17.8,0,Maharashtra,2024,12
Mumbai,2W,2.22,84.18,26.61,3,4,public_fast,50.32,0.85,4.65,9.27,extreme_heat,0.455,low,11.3,0,Maharashtra,2024,12
Mumbai,2W,3.17,88.25,26.61,4,5,home,354.96,3.37,5.32,8.11,extreme_heat,0.21,low,16.84,1,Maharashtra,2024,5
Mumbai,2W,3.68,86.93,52,3,4,home,257.4,0.48,11,8.1,humid,0.449,middle,22.11,0,Maharashtra,2026,3
Mumbai,2W,2.57,92.32,19.51,1,3,public_fast,73.51,1.67,3.54,5.44,rainy,0.223,low,13.89,0,Maharashtra,2021,6
Mumbai,2W,2.52,92.71,20.89,1,1,public_fast,50.38,3.4,3.78,7.86,rainy,0.061,low,13.62,1,Maharashtra,2019,9
Mumbai,2W,2.86,90.24,55.76,2,3.33,public_fast,102.62,8.18,8.25,8.52,extreme_heat,0.32,low,14.61,1,Maharashtra,2022,4
Mumbai,2W,3.69,89.19,12.14,4,4,public_slow,127.98,8.25,1.98,7.8,extreme_heat,0.128,low,18.84,0,Maharashtra,2025,8
Mumbai,2W,3.13,103.89,84.67,3,4,public_fast,63.52,2.15,4.34,6.99,extreme_heat,0.302,low,15.97,0,Maharashtra,2019,5
Mumbai,2W,3,78.96,35.13,1,5,public_fast,54.89,0.28,5.35,9.09,clear,0.365,middle,18.47,1,Maharashtra,2026,8
Mumbai,2W,3,76.38,35.72,3,5,home,298.7,1.99,5.37,9.69,rainy,0.111,low,15.26,1,Maharashtra,2026,11
Mumbai,2W,2.97,79.97,29.33,3,5,public_fast,60.1,1.94,6.25,7.8,extreme_heat,0.208,low,15.13,1,Maharashtra,2025,4
Mumbai,2W,3.35,89.19,22.98,2,1,public_slow,203.11,2.17,3.13,6.33,clear,0.191,low,20.12,0,Maharashtra,2021,5
Mumbai,2W,3,86.31,1,3,7,public_fast,62.85,3.45,0.17,8.09,rainy,0.108,low,17.69,1,Maharashtra,2023,10
Mumbai,2W,3.43,88.86,41.54,4,2,public_slow,258.03,0.99,5.51,6.68,clear,0.29,low,20.6,0,Maharashtra,2020,2
Mumbai,2W,2.71,104.45,3.06,4,1,public_fast,28.88,1.99,0.6,5.57,humid,0.028,middle,16.28,0,Maharashtra,2020,12
Mumbai,2W,2.85,95.57,28.84,3,2,public_fast,103.05,0.91,4.05,8.15,rainy,0.248,middle,15.38,0,Maharashtra,2022,3
Mumbai,2W,2.62,92.99,21.56,3,3,public_fast,74.9,1.73,3.41,6.33,rainy,0.329,low,14.15,0,Maharashtra,2021,7
Mumbai,2W,3,91.3,15.75,1,2,public_fast,178.75,0.38,2.89,8.03,rainy,0.417,middle,17.54,0,Maharashtra,2019,12
Mumbai,2W,1.96,93.25,26.61,3,2,home,186.39,3.56,7.57,6.08,humid,0.067,low,11.77,1,Maharashtra,2019,6
Mumbai,2W,3.39,78.36,46.96,2,3,public_fast,78.26,0.32,11.46,9.5,humid,0.133,high,20.34,0,Maharashtra,2025,5
Mumbai,2W,2.94,86.74,15.15,2,4,public_fast,52.71,0.14,2.63,7.45,rainy,0.216,low,15.9,0,Maharashtra,2025,11
Mumbai,2W,2.76,81.49,41.5,2,4,home,281.93,3.89,7.77,7.1,rainy,0.281,middle,14.9,1,Maharashtra,2023,3
Mumbai,2W,2.84,94.51,30.9,2,4,home,351.21,3.02,4.59,7.07,rainy,0.29,high,15.34,1,Maharashtra,2020,12
Mumbai,2W,2.49,85.63,1,4,3,home,384.87,0.73,0.15,7.34,clear,0.09,middle,16.84,0,Maharashtra,2022,10
Mumbai,2W,3.18,103.47,56.11,3,2,public_slow,132.31,1.5,8.22,6.07,clear,0.351,low,19.06,0,Maharashtra,2019,5
Mumbai,2W,2.92,83.63,29.37,2,2,home,276.17,6.83,4.17,7.64,clear,0.122,low,17.55,1,Maharashtra,2024,3
Mumbai,2W,3.12,90.68,17.12,3,2,public_fast,53.49,1.2,2.72,8.78,rainy,0.439,high,16.83,0,Maharashtra,2023,4
Mumbai,2W,2.93,96.81,26.81,2,3,public_slow,178.75,1.04,6.28,6.9,humid,0.476,high,17.6,0,Maharashtra,2022,7
Mumbai,2W,3.4,106.39,64.74,2,1,public_fast,45.21,0.2,4.36,6.19,humid,0.161,middle,20.4,0,Maharashtra,2019,1
Mumbai,2W,2.15,101.73,29.79,1,3,home,377.44,2.09,5.25,6.14,extreme_heat,0.135,middle,10.97,0,Maharashtra,2020,9
Mumbai,2W,3.37,89.32,41.34,2,2,public_slow,238.12,1.2,6.7,5.6,clear,0.107,low,20.24,0,Maharashtra,2020,7
Mumbai,2W,2.24,95.85,16.22,3,3,home,273.33,2.67,2.17,8.93,extreme_heat,0.283,low,11.43,0,Maharashtra,2023,9
Mumbai,2W,2.67,91.85,13.02,3,4,home,252.55,0.9,1.78,7.86,clear,0.182,middle,16,0,Maharashtra,2022,3
Mumbai,2W,3.61,86.89,22.45,2,3,public_slow,201.53,0.06,4.82,7.8,clear,0.276,middle,21.69,0,Maharashtra,2023,11
Mumbai,2W,2.8,83.42,20.74,1,4,home,211.18,2.34,3.48,7.35,extreme_heat,0.309,middle,16.84,0,Maharashtra,2024,10
Mumbai,2W,2.47,84.75,21.27,4,5,public_fast,58.58,2.21,4.18,8.14,extreme_heat,0.902,middle,12.58,1,Maharashtra,2025,1
Mumbai,2W,2.5,85.23,35.43,1,4,public_fast,80.36,0.93,5.04,8,clear,0.375,low,14.99,0,Maharashtra,2023,12
Mumbai,2W,2.44,96.53,17.51,1,2,home,394.28,1.75,4.18,5.53,clear,0.295,middle,14.62,0,Maharashtra,2019,9
Mumbai,2W,3.23,88.57,9.5,2,2,public_fast,71.67,2.21,1.61,9.65,extreme_heat,0.519,high,16.5,0,Maharashtra,2023,7
Mumbai,2W,2.97,93.49,1,1,3,public_slow,185.78,3.07,0.16,7.8,humid,0.022,low,17.81,0,Maharashtra,2020,2
Mumbai,2W,3.71,89.47,46.52,3,3,public_slow,165.59,0.73,6.41,8.79,clear,0.26,low,22.24,0,Maharashtra,2023,5
Mumbai,2W,2.82,88.9,59.18,2,3,public_fast,56.52,8.65,4.36,7.41,humid,0.572,low,16.9,1,Maharashtra,2022,1
Mumbai,2W,4.4,108.92,37.38,4,1,public_slow,164.97,1.18,7.01,7.15,extreme_heat,0.549,middle,22.45,0,Maharashtra,2019,1
Mumbai,2W,3,90.85,45.67,3,4,public_slow,122.29,0.96,8.3,7.76,humid,0.257,middle,16.97,0,Maharashtra,2022,8
Mumbai,2W,2.74,93.53,40.62,2,4,public_fast,51.76,3.95,8.12,6.99,rainy,0.187,low,14.79,1,Maharashtra,2022,2
Mumbai,2W,3.79,88.51,28.54,3,3,home,287.89,2.18,4.94,10.08,humid,0.219,high,22.76,0,Maharashtra,2023,3
Mumbai,2W,3.08,103.35,7.79,2,3,public_fast,87.27,1.05,1.37,5.26,clear,0.655,middle,18.49,0,Maharashtra,2019,8
Mumbai,2W,1.92,86.84,1.46,1,5,public_slow,136.3,0.26,0.26,10.51,clear,0.178,low,11.53,0,Maharashtra,2025,1
Mumbai,2W,3.66,82.76,3.51,3,5,public_fast,330.07,0.37,0.66,10.1,humid,0.469,low,21.93,0,Maharashtra,2026,11
Mumbai,2W,3.19,89.52,33.38,3,2,public_fast,282.04,0.02,5.33,6.76,extreme_heat,0.394,low,16.25,0,Maharashtra,2022,10
Mumbai,2W,2.33,90.64,39.39,3,3.33,public_fast,45.22,3.4,7.17,6.06,rainy,0.453,middle,12.57,1,Maharashtra,2026,1
Mumbai,2W,2.35,88.64,14.43,3,4,public_slow,144.43,0.13,2.37,6.34,extreme_heat,0.102,low,12.01,0,Maharashtra,2021,2
Mumbai,2W,2.44,84,33.63,2,5,home,323.97,1.99,5.29,9.23,extreme_heat,0.091,low,12.43,1,Maharashtra,2025,5
Mumbai,2W,2.67,90.04,46.72,5,1,public_slow,221.75,0.9,7.13,5.58,rainy,0.165,middle,14.4,0,Maharashtra,2020,10
Mumbai,2W,3.35,89.19,25.71,2,1,home,255.01,5.74,3.96,6.74,humid,0.284,low,20.12,1,Maharashtra,2020,4
Mumbai,2W,3.35,78.82,23.43,2,5,public_fast,52.71,1.13,3.75,8.63,clear,0.84,high,20.09,1,Maharashtra,2025,8
Mumbai,2W,3.38,75.05,14.75,1,5,public_slow,245.01,0.49,2.45,9.51,clear,0.39,middle,20.25,1,Maharashtra,2026,8
Mumbai,2W,2.39,74.36,15.36,3,4,public_fast,59.01,0.4,2.46,8.51,humid,0.236,middle,14.36,1,Maharashtra,2025,1
Mumbai,2W,2.77,98.63,16.6,3,1,home,212.24,2.14,2.79,6.39,extreme_heat,0.114,high,14.11,0,Maharashtra,2019,7
Mumbai,2W,2.32,95.51,1,2,4,public_fast,52.64,1.34,0.2,7.62,extreme_heat,0.093,middle,11.83,0,Maharashtra,2020,6
Mumbai,2W,3.17,88.45,24.36,3,5,home,228.19,0.89,4.32,7.41,humid,0.149,middle,19.03,1,Maharashtra,2024,7
Mumbai,2W,3.26,73.41,32.97,2,5,public_fast,23.39,0.67,4.83,11.06,humid,0.215,low,19.58,1,Maharashtra,2026,5
Mumbai,2W,3,86.43,17.32,2,4,home,337.51,2.17,3.52,7.8,extreme_heat,0.228,low,11.61,0,Maharashtra,2021,1
Mumbai,2W,3.16,82.09,42.06,2,7,home,352.91,0,6.61,8.88,humid,0.576,middle,18.93,1,Maharashtra,2025,7
Mumbai,2W,3.26,94.78,31.1,2,3.33,public_slow,203.18,6.56,5.14,7.72,humid,0.181,high,19.56,1,Maharashtra,2022,7
Mumbai,2W,3.15,88.36,17.73,1,5,home,386.54,5.43,3.42,9.04,rainy,0.29,low,17.02,1,Maharashtra,2025,6
Mumbai,2W,3.97,83.24,11.92,3,4,public_fast,93.33,0.33,1.81,9.22,rainy,0.456,high,21.45,0,Maharashtra,2025,1
Mumbai,2W,3.07,95.28,23.46,3,1,home,312.59,0.9,5.51,7.8,humid,0.264,high,18.4,0,Maharashtra,2020,1
Mumbai,2W,2.89,76.34,6.11,1,3,public_fast,30.87,1.99,1.01,11.11,extreme_heat,0.156,low,14.73,0,Maharashtra,2026,11
Mumbai,2W,2.8,78.78,1,3,2,home,294.53,0.48,0.23,5.65,clear,0.158,high,16.79,0,Maharashtra,2023,6
Mumbai,2W,2.98,79.03,55.4,2,5,public_slow,234.95,0.58,12.01,7.79,rainy,0.247,low,16.1,1,Maharashtra,2025,10
Mumbai,2W,2.11,92.12,22.54,3,5,home,323.52,2.01,5.23,8.23,clear,0.439,middle,12.68,1,Maharashtra,2026,1
Mumbai,2W,4.05,89.19,43.1,3,1,public_fast,43.13,1.66,7.81,5.49,humid,0.345,high,24.3,0,Maharashtra,2020,5
Mumbai,2W,2.64,83.76,12.41,2,4,public_fast,50.84,1.31,2.38,6.48,extreme_heat,0.161,low,13.45,0,Maharashtra,2024,3
Mumbai,2W,2.67,88.49,39.4,2,3,public_slow,242.07,1.3,8.7,5.58,extreme_heat,0.433,middle,13.6,0,Maharashtra,2020,8
Mumbai,2W,3.19,74.51,25.9,1,5,public_fast,47.79,0.47,4.03,10.71,clear,0.211,high,19.12,1,Maharashtra,2025,1
Mumbai,2W,2.87,84.58,42.62,1,5,home,374.45,0.27,6.21,7.94,extreme_heat,0.21,high,14.64,1,Maharashtra,2025,6
Mumbai,2W,2.07,88.01,23.93,1,4,public_slow,110.1,2,4.06,8.86,rainy,0.42,high,11.19,0,Maharashtra,2025,7
Mumbai,2W,3.67,90.16,33.14,3,4,home,299.99,1.7,4.15,9.88,humid,0.089,low,22,0,Maharashtra,2023,8
Mumbai,2W,2.29,84.29,39.89,4,2,home,320.04,1.43,7.07,8.25,extreme_heat,0.224,low,11.69,0,Maharashtra,2023,9
Mumbai,2W,3.28,99.06,18.96,1,1,home,217.7,0.06,2.76,7.38,rainy,0.329,low,17.71,0,Maharashtra,2019,5
Mumbai,2W,3.14,87.83,27.08,1,4,home,258.28,0.33,3.58,9.37,extreme_heat,0.305,middle,16.02,0,Maharashtra,2025,5
Mumbai,2W,3.69,93.26,32.47,3,3,public_slow,156.52,0.23,5.3,6.55,humid,0.243,middle,22.16,0,Maharashtra,2021,9
Mumbai,2W,2.62,102.33,14.6,1,3.33,public_fast,51.94,0.84,2.6,6.7,clear,0.181,low,15.73,0,Maharashtra,2021,6
Mumbai,2W,3.05,98.35,22.08,1,1,public_fast,46.8,0.67,2.69,6.75,humid,0.22,low,18.28,0,Maharashtra,2019,5
Mumbai,2W,3.63,90.02,1,2,3,home,375.1,0.73,0.13,5.14,extreme_heat,0.472,middle,18.54,0,Maharashtra,2020,8
Mumbai,2W,2.6,84.1,1,1,2,home,247.13,2.32,0.15,8.12,clear,0.208,high,15.59,0,Maharashtra,2023,12
Mumbai,2W,3.46,80.82,42.56,2,5,public_slow,199.79,1.25,7.68,7.6,extreme_heat,0.107,low,17.64,1,Maharashtra,2026,4
Mumbai,2W,2.73,78.66,1,5,4,public_fast,45.12,3.28,0.13,10.19,extreme_heat,0.237,low,13.9,0,Maharashtra,2025,7
Mumbai,2W,2.37,98.29,29.17,2,2,public_slow,190.64,3.1,3.84,5.49,humid,0.481,middle,14.19,0,Maharashtra,2019,9
Mumbai,2W,3.47,94.33,53.48,2.52,2,public_fast,45.13,3.58,9.61,6.24,rainy,0.246,middle,18.72,1,Maharashtra,2022,12
Mumbai,2W,3.5,74.6,10.69,2,3,public_fast,42.54,0.61,1.74,7.72,humid,0.322,high,21.01,0,Maharashtra,2025,12
Mumbai,2W,2.41,96.7,29.26,3,3,public_slow,162.61,0.91,4.77,8.2,clear,0.162,middle,14.47,0,Maharashtra,2022,2
Mumbai,2W,2.25,83.41,19.66,2,6,public_fast,92.19,0.64,3.82,8.59,rainy,0.301,low,12.18,1,Maharashtra,2026,1
Mumbai,2W,2.52,100.88,28.35,3,1,home,339.9,0.51,3.51,4.78,humid,0.286,low,15.1,0,Maharashtra,2019,2
Mumbai,2W,3.21,82.61,1,3,3,home,245.07,7.28,0.2,8.6,clear,0.443,low,19.27,0,Maharashtra,2025,4
Mumbai,2W,3.82,76.08,42.55,3,5,public_fast,98.63,0.6,9.28,10.57,extreme_heat,0.29,low,19.48,1,Maharashtra,2026,1
Mumbai,2W,2,86.91,1.01,4,3,home,230.95,6.72,0.18,8.23,rainy,0.038,high,10.81,0,Maharashtra,2022,12
Mumbai,2W,3.39,86.57,57.3,4,4,home,319.44,8.59,8.27,9.93,rainy,0.306,low,18.29,1,Maharashtra,2023,1
Mumbai,2W,3.18,89.19,36.29,2,2,public_slow,195.91,3.73,5.08,6.99,clear,0.174,middle,19.09,1,Maharashtra,2023,2
Mumbai,2W,2.94,91.75,41.01,2,3,public_fast,54.43,0.17,6.04,5.64,humid,0.337,high,17.65,0,Maharashtra,2023,10
Mumbai,2W,3.66,95.97,15.07,3,3,public_fast,64.95,2.13,3.42,8.09,clear,0.201,low,21.96,0,Maharashtra,2023,7
Mumbai,2W,3.07,84.93,32.23,2,6,home,362.62,1.56,4.65,12.12,humid,0.351,middle,18.41,1,Maharashtra,2026,2
Mumbai,2W,2.55,82.04,32.09,3,4,public_slow,251.87,3.03,4.13,9,rainy,0.081,low,13.79,0,Maharashtra,2026,9
Mumbai,2W,3,92.94,15.96,1,3,public_fast,43.78,0.78,3.06,4.93,humid,0.098,high,18.03,0,Maharashtra,2020,5
Mumbai,2W,3.01,91.77,26.8,3,3,home,329.87,0.16,4.34,7.35,clear,0.221,middle,18.06,0,Maharashtra,2023,4
Mumbai,2W,3.36,97.58,35.76,2,3,home,348.17,0.78,5.18,5.35,extreme_heat,0.387,middle,17.14,0,Maharashtra,2022,4
Mumbai,2W,3.01,91.61,12.1,1,3,public_fast,37.6,1.54,1.77,6.04,extreme_heat,0.448,high,18.04,0,Maharashtra,2020,6
Mumbai,2W,2.75,91,54.38,1,2,public_slow,207.11,1.07,10.02,6.7,extreme_heat,0.266,middle,14,0,Maharashtra,2020,9
Mumbai,2W,3.12,78.2,3.84,4,5,public_slow,221.96,2.46,0.56,10.09,clear,0.226,middle,18.74,0,Maharashtra,2026,8
Mumbai,2W,3.02,80.28,16.09,3,5,public_fast,73.55,5.11,2.63,10.78,clear,0.177,low,18.12,1,Maharashtra,2025,11
Mumbai,2W,3.1,90.77,27.33,4,4,public_fast,70.87,2.91,4.07,7.42,humid,0.277,middle,18.63,0,Maharashtra,2022,3
Mumbai,2W,3.42,91.56,4.28,5,3,public_fast,78.83,11.01,0.71,6.74,extreme_heat,0.101,middle,17.46,0,Maharashtra,2020,1
Mumbai,2W,2.84,90.9,37.26,3,1,public_fast,47.31,3.75,6.27,6.96,rainy,0.548,low,15.35,1,Maharashtra,2026,1
Mumbai,2W,2.4,74.39,9.16,2.52,5,public_slow,209.64,1.99,1.49,9.48,extreme_heat,0.288,middle,12.95,1,Maharashtra,2024,8
Mumbai,2W,2.77,87.18,44.18,3,2,home,210.56,2.45,8.7,6.36,extreme_heat,0.445,low,16.84,0,Maharashtra,2021,9
Mumbai,2W,2.06,91.36,24.22,2,1,home,225.94,0.44,4.54,7.8,humid,0.276,low,12.36,0,Maharashtra,2021,5
Mumbai,2W,3.48,75.16,1,3,4,home,284.99,8.61,0.22,9.07,humid,0.094,middle,20.87,0,Maharashtra,2025,2
Mumbai,2W,3.17,101.88,12.61,1,2,public_slow,222.81,1.02,2.19,5.6,extreme_heat,0.06,high,16.15,0,Maharashtra,2026,1
Mumbai,2W,2.73,86.43,19.98,2,5,public_slow,159.56,6.07,4.35,8.44,extreme_heat,0.107,low,13.9,1,Maharashtra,2025,8
Mumbai,2W,2.82,92.75,1,2,3,home,275.46,5.49,0.15,6.06,clear,0.046,middle,16.91,0,Maharashtra,2022,5
Mumbai,2W,2.74,89.29,12.52,1,3,home,272.9,7.74,2.48,5.56,extreme_heat,0.031,middle,13.96,1,Maharashtra,2019,6
Mumbai,2W,3.41,88.61,26.61,1,6,public_fast,61.88,0.51,1.74,9.69,extreme_heat,0.32,low,17.38,0,Maharashtra,2025,7
Mumbai,2W,2.78,86.98,28.06,3,3,public_fast,69.52,1.99,4.39,8.77,clear,0.214,low,16.66,1,Maharashtra,2024,8
Mumbai,2W,2.68,75.56,41.83,1,6,public_slow,195.68,0.94,5.28,8.85,humid,0.41,middle,16.84,1,Maharashtra,2026,1
Mumbai,2W,3.67,69.7,49.21,3,6,public_slow,186.09,5.95,8.7,8.07,extreme_heat,0.079,low,18.73,1,Maharashtra,2026,7
Mumbai,2W,2.86,95.24,1,3,1,home,336.43,3.42,0.14,6.48,humid,0.249,low,17.19,0,Maharashtra,2019,12
Mumbai,2W,2.75,87.7,30.78,1,3,public_slow,165.09,3.57,4.82,5.9,rainy,0.228,high,14.83,1,Maharashtra,2021,11
Mumbai,2W,2.63,103.55,16.23,4,3,public_slow,270.61,3.05,3.24,5.75,rainy,0.609,low,14.18,1,Maharashtra,2020,7
Mumbai,2W,2.91,100.88,1.73,3,1,public_fast,14.79,6.42,0.31,4.95,humid,0.29,low,17.44,0,Maharashtra,2019,1
Mumbai,2W,3.59,89.2,56.04,2,4,public_slow,106.28,1.13,9.18,8.32,clear,0.433,low,21.52,0,Maharashtra,2024,9
Mumbai,2W,3.42,89.49,42.33,3,3,public_slow,125.02,0.7,5.84,6.78,clear,0.218,low,20.49,0,Maharashtra,2021,12
Mumbai,2W,3.05,74.17,1.72,3,6,public_slow,184.08,2.23,0.27,8.14,rainy,0.271,middle,16.48,1,Maharashtra,2026,5
Mumbai,2W,2.53,93.83,20.02,3,3,public_fast,45.05,0.66,3.33,7.73,extreme_heat,0.107,high,12.9,0,Maharashtra,2020,1
Mumbai,2W,2.4,93.24,22.57,3,4,public_slow,197.57,1.89,5.43,7.09,extreme_heat,0.399,high,12.25,0,Maharashtra,2023,9
Mumbai,2W,3.21,75.64,37.68,3,4,home,340.85,1.61,5.98,9.54,humid,0.356,high,19.24,0,Maharashtra,2026,12
Mumbai,2W,1.8,79.13,22.94,4,5,home,179.6,0.11,4.57,10.01,clear,0.517,middle,16.84,1,Maharashtra,2026,1
Mumbai,2W,3.23,94.87,15.3,2,2,public_slow,121.12,9.72,4.06,6.02,humid,0.155,middle,19.36,1,Maharashtra,2020,2
Mumbai,2W,3.33,86.68,32.82,3,2,home,238.32,3.03,6.84,8.67,extreme_heat,0.069,low,17,1,Maharashtra,2021,8
Mumbai,2W,2.19,104.64,3.25,3,1,home,307.69,1.41,0.76,6.64,rainy,0.5,middle,11.83,0,Maharashtra,2020,1
Mumbai,2W,2.37,97.06,26.61,2,3,public_fast,52.7,0.81,4.36,8.07,extreme_heat,0.684,low,12.11,0,Maharashtra,2022,7
Mumbai,2W,3.8,96.76,30.61,4,3,public_slow,165.65,3.26,4.47,6.09,clear,0.379,middle,22.77,1,Maharashtra,2020,6
Mumbai,2W,3,72.88,19.76,2,7,public_fast,71.42,2.05,4.32,10.44,extreme_heat,0.37,middle,15.32,1,Maharashtra,2026,8
Mumbai,2W,2.68,102.26,9.67,2,1,public_slow,157.48,1.99,1.66,5.22,rainy,0.162,middle,14.45,0,Maharashtra,2021,8
Mumbai,2W,1.98,95,16.43,3,2,home,260.03,3.01,2.72,6.99,humid,0.205,middle,11.9,1,Maharashtra,2020,7
Mumbai,2W,3.63,94.87,31.11,4,1,public_fast,23.23,0.42,5.63,7.98,rainy,0.14,middle,19.58,0,Maharashtra,2020,2
Mumbai,2W,2.82,90.27,16.13,4,4,public_fast,27.4,1.8,3.3,8.64,extreme_heat,0.392,low,14.36,0,Maharashtra,2023,8
Mumbai,2W,3.2,81.57,18.24,5,7,home,276.78,1.58,3.15,7.85,clear,0.176,low,19.2,1,Maharashtra,2024,9
Mumbai,2W,2.77,93.85,43.22,3,3,public_slow,167.75,2.51,6.96,5.74,humid,0.037,low,16.63,0,Maharashtra,2021,4
Mumbai,2W,2.62,96.68,47.75,2,4,public_fast,86.28,1.5,7.58,6.04,clear,0.601,low,15.75,0,Maharashtra,2020,9
Mumbai,2W,3.01,85.63,14.98,3,6,public_slow,240.44,2.11,2.07,7.36,extreme_heat,0.29,middle,15.33,0,Maharashtra,2024,3
Mumbai,2W,3.55,100.47,10.69,3,3,public_slow,165.88,3.56,2.28,5.9,extreme_heat,0.535,middle,18.12,0,Maharashtra,2020,8
Mumbai,2W,4.37,89.19,3.3,2,1,public_fast,80.55,1.07,0.48,5.26,rainy,0.376,high,23.58,0,Maharashtra,2019,12
Mumbai,2W,3.15,94.76,16.84,3,5,public_slow,258.78,0.68,2.59,7.27,extreme_heat,0.074,high,16.04,1,Maharashtra,2021,2
Mumbai,2W,3.44,88.7,18.77,3,5,public_slow,220.79,5.54,3.94,8.25,extreme_heat,0.023,low,17.55,0,Maharashtra,2022,5
Mumbai,2W,3.53,96.58,48.6,3,2,public_slow,201.56,4.03,8.82,8.02,extreme_heat,0.244,low,18.02,1,Maharashtra,2023,1
Mumbai,2W,2.93,100.03,1,2,2,home,311.11,1.99,0.14,5.84,clear,0.203,low,17.59,0,Maharashtra,2020,9
Mumbai,2W,3.2,109.46,19.21,2,3,public_slow,218.02,5.09,2.53,6.39,rainy,0.049,low,17.27,1,Maharashtra,2020,9
Mumbai,2W,3.57,88.08,19.71,3,4,public_fast,63.52,0.48,4.36,8.13,extreme_heat,0.103,middle,18.22,0,Maharashtra,2022,6
Mumbai,2W,2.94,99.41,8.39,1,1,home,155.64,9.63,1.39,8.45,extreme_heat,0.105,high,15.89,0,Maharashtra,2022,8
Mumbai,2W,3.78,91.7,30.07,3,3,public_slow,251.6,0.73,4.34,8.3,rainy,0.451,middle,20.44,0,Maharashtra,2022,11
Mumbai,2W,2.35,101.99,17.81,2,3.33,public_fast,74.54,4.68,3.77,5.85,extreme_heat,0.196,middle,11.98,1,Maharashtra,2020,3
Mumbai,2W,2.49,73.29,24.25,2,4,public_slow,202.88,0.01,4.02,5.79,extreme_heat,0.198,middle,12.72,1,Maharashtra,2024,11
Mumbai,2W,3,90.24,41.97,2.52,4,public_slow,204.04,1.32,7.58,7.49,extreme_heat,0.104,low,15.32,0,Maharashtra,2021,3
Mumbai,2W,3.07,91.59,40.6,1,3,public_slow,225.6,1.4,2.26,7.35,extreme_heat,0.163,middle,15.64,0,Maharashtra,2023,8
Mumbai,2W,3,87.23,1.07,2,4,home,301.87,1.23,0.23,7.75,clear,0.142,high,17.06,0,Maharashtra,2023,2
Mumbai,2W,2.57,91.54,7.05,4,3,home,177.7,2.55,0.98,8.33,clear,0.248,middle,15.43,0,Maharashtra,2021,12
Mumbai,2W,3.53,91.35,29.12,2,3,public_fast,63.14,0.56,5.36,5.87,humid,0.547,low,21.19,0,Maharashtra,2022,1
Mumbai,2W,2.28,95.91,42.95,3,4,public_slow,206.28,1.87,5.86,6.39,humid,0.334,middle,13.65,0,Maharashtra,2021,6
Mumbai,2W,2.5,100.69,39.55,3,1,home,321.84,3.61,7.73,6.85,extreme_heat,0.101,low,13.52,1,Maharashtra,2020,4
Mumbai,2W,2.75,95.51,27.49,2,1,public_fast,70.36,0.19,3.86,7.24,clear,0.285,middle,16.51,0,Maharashtra,2020,7
Mumbai,2W,2.82,96.21,24.8,1,3,home,320.97,0.63,4.55,7.8,humid,0.074,low,16.91,0,Maharashtra,2021,3
Mumbai,2W,2.42,80.73,36.62,3,5,public_fast,64.72,4.59,6.91,10.72,clear,0.236,middle,14.49,1,Maharashtra,2026,8
Mumbai,2W,3.14,89.71,2.14,2,3,public_slow,135.94,0.61,0.41,8.9,rainy,0.271,low,16.94,0,Maharashtra,2023,3
Mumbai,2W,3.28,89.8,27.53,2,4,public_slow,176.42,0.08,4.56,8.96,humid,0.508,high,19.67,0,Maharashtra,2025,3
Mumbai,2W,2.6,83.59,33.83,3,3,home,334.26,1.76,7.81,7.37,extreme_heat,0.376,high,16.84,0,Maharashtra,2022,3
Mumbai,2W,2.57,93.65,9.75,1,1,public_slow,203.08,4.58,2.21,4.85,rainy,0.179,middle,13.88,1,Maharashtra,2019,5
Mumbai,2W,3.12,92.46,35.15,3,3,home,335.46,3.22,8.74,7.43,humid,0.732,middle,18.74,1,Maharashtra,2022,2
Mumbai,2W,2.17,88.18,69.26,3,3,home,325.36,1.99,12.83,8.64,clear,0.392,high,13.05,0,Maharashtra,2022,4
Mumbai,2W,2.87,91.67,11.2,2,3,home,235.55,3.5,1.93,8.09,humid,0.244,low,17.23,0,Maharashtra,2024,1
Mumbai,2W,3.08,81.54,57.41,3,8,home,305.63,3.47,9.39,10.42,extreme_heat,0.347,middle,15.73,1,Maharashtra,2026,4
Mumbai,2W,3.1,79.15,36.14,3,4,public_fast,47.84,0.11,5.01,8.64,humid,0.13,high,18.58,0,Maharashtra,2023,12
Mumbai,2W,3.68,93.66,38.75,2,2,public_fast,37.31,1.16,5.58,8.6,clear,0.587,low,22.05,0,Maharashtra,2021,12
Mumbai,2W,2.87,77.06,26.61,1,3,home,373,0.45,1.18,10.99,humid,0.107,low,17.22,0,Maharashtra,2026,12
Mumbai,2W,3.18,83.18,1,2.52,5,public_slow,226.8,0.92,0.16,7.66,humid,0.407,middle,19.08,0,Maharashtra,2024,8
Mumbai,2W,2.91,99.92,15.33,2,3,home,302.93,2.85,2.53,6.95,extreme_heat,0.145,middle,14.83,0,Maharashtra,2020,9
Mumbai,2W,2.76,86.94,17.76,2,5,public_fast,33.53,1.01,2.9,10.72,rainy,0.044,low,14.89,1,Maharashtra,2025,8
Mumbai,2W,3.29,72.89,41.95,4,6,home,158.53,0.82,6.06,9.61,extreme_heat,0.479,low,16.76,1,Maharashtra,2026,1
Mumbai,2W,3.39,87.22,26.61,3,3,home,334.03,1.29,9.7,7.29,humid,0.084,middle,20.32,0,Maharashtra,2023,3
Mumbai,2W,2.18,107.8,46.65,2.52,1,home,279.52,0.12,6.88,4.43,clear,0.287,middle,13.1,0,Maharashtra,2019,5
Mumbai,2W,2.6,88.38,26.47,1,4,home,327.61,4.2,4.18,7.04,humid,0.409,low,15.62,1,Maharashtra,2023,10
Mumbai,2W,3.27,98.85,17.46,2,1,public_fast,78.26,3.49,3.5,6.1,humid,0.593,high,19.61,1,Maharashtra,2019,5
Mumbai,2W,3.11,92.1,11.62,2,3,public_fast,48.75,0.7,2.16,7.29,extreme_heat,0.267,low,15.85,0,Maharashtra,2023,5
Mumbai,2W,3,96.82,37.74,3,5,public_slow,145.71,0.51,5.87,9.8,rainy,0.334,low,13.3,1,Maharashtra,2023,8
Mumbai,2W,3.66,81.95,8.79,4,4,public_fast,66.12,2.39,1.35,9.98,clear,0.12,low,21.95,0,Maharashtra,2026,5
Mumbai,2W,3.28,89.23,24.34,1,4,home,235.05,4.11,3.73,8.85,rainy,0.119,middle,17.73,1,Maharashtra,2024,3
Mumbai,2W,2.03,100.48,20.33,1,3.33,public_slow,159.16,2.45,3.28,7.06,rainy,0.326,middle,10.97,0,Maharashtra,2020,6
Mumbai,2W,2.94,98.88,44.12,2,2,public_fast,69.74,1.81,7.16,7.23,humid,0.207,low,17.65,0,Maharashtra,2021,8
Mumbai,2W,2.54,87.46,10.46,3,3,public_fast,59.93,2.52,1.45,7.89,humid,0.051,middle,15.23,0,Maharashtra,2024,12
Mumbai,2W,3.74,102.21,46.86,2,3,public_slow,178.63,2.04,9.1,5.97,clear,0.261,low,22.45,0,Maharashtra,2020,1
Mumbai,2W,2.88,89.19,25.63,1,1,public_fast,67.75,1.59,4.21,5.48,extreme_heat,0.241,low,14.67,0,Maharashtra,2019,12
Mumbai,2W,2.95,92.67,29.89,3,3,home,262.14,2.57,4.41,7.64,extreme_heat,0.092,low,15.92,0,Maharashtra,2022,8
Mumbai,2W,3.07,99.19,11.02,2,1,public_slow,158.22,3.36,1.71,7.66,humid,0.134,high,18.43,0,Maharashtra,2019,6
Mumbai,2W,3.45,89.83,11.2,2,3,public_fast,178.75,1.99,1.64,6.97,rainy,0.395,low,18.61,0,Maharashtra,2024,6
Mumbai,2W,3,97.41,24.29,3,1,public_fast,59.91,1.51,4.56,6.93,humid,0.217,middle,17.98,0,Maharashtra,2019,7
Mumbai,2W,3.21,84.66,18.02,1,6,home,265.95,0.78,2.2,10.47,extreme_heat,0.395,middle,16.36,1,Maharashtra,2026,11
Mumbai,2W,2.97,72.24,17.14,2,6,public_fast,45.97,5.33,2.78,10.99,humid,0.442,low,17.82,1,Maharashtra,2026,1
Mumbai,2W,3.69,86.12,38.13,4,4,home,336.89,0.27,10.02,10.48,clear,0.338,high,22.16,0,Maharashtra,2025,6
Mumbai,2W,2.98,78.9,28.87,1,5,public_fast,88.85,6.47,6.49,7.35,clear,0.217,middle,17.86,0,Maharashtra,2026,4
Mumbai,2W,3.84,91.21,8.66,1,1,public_fast,57.63,1.42,1.3,7.02,rainy,0.487,middle,20.71,0,Maharashtra,2022,2
Mumbai,2W,4.26,81.93,29.11,2,3,home,234.64,3.55,3.76,9.04,humid,0.231,middle,25.54,1,Maharashtra,2023,12
Mumbai,2W,3.37,84.03,25.14,4,5,home,232.48,1.23,3.84,9.66,extreme_heat,0.583,middle,18.19,1,Maharashtra,2024,3
Mumbai,2W,3.41,93.95,41.33,4,2,public_fast,28.54,4.99,7.43,8.35,extreme_heat,0.325,low,17.37,1,Maharashtra,2020,6
Mumbai,2W,3.35,94.55,38.11,1,2,home,297.44,0.37,5,4.73,rainy,0.371,low,18.07,0,Maharashtra,2020,9
Mumbai,2W,3.47,88.11,39.27,3,3,public_slow,178.75,0.25,6.12,6.46,humid,0.157,high,20.84,0,Maharashtra,2023,1
Mumbai,2W,2.99,76.11,23.47,2,5,public_fast,65.24,0.01,4.22,11.66,extreme_heat,0.1,middle,15.23,1,Maharashtra,2026,4
Mumbai,2W,1.75,82.44,20.48,3,4,home,305.58,1.22,2.65,8.99,clear,0.29,high,10.48,0,Maharashtra,2025,4
Mumbai,2W,2.8,104.79,27.16,1,2,public_fast,26.98,0.85,5.29,7.1,extreme_heat,0.371,low,14.29,0,Maharashtra,2019,10
Mumbai,2W,2.16,81.29,40.41,3,4,home,347.71,0.47,11.11,8.34,rainy,0.307,low,11.69,0,Maharashtra,2026,3
Mumbai,2W,3.96,74.82,17.91,3,6,home,369.76,0.62,3.26,9.61,clear,0.1,low,23.76,1,Maharashtra,2026,6
Mumbai,2W,2.49,98.62,33.77,1,4,public_fast,178.75,1.09,5.84,7.8,rainy,0.29,low,13.44,0,Maharashtra,2023,1
Mumbai,2W,3.55,80.84,37.58,2,3,public_slow,159.02,0.77,6.57,9.69,clear,0.373,middle,21.29,0,Maharashtra,2025,3
Mumbai,2W,2.74,96.46,15.11,2,2,public_fast,69.46,2.99,4.36,7.28,humid,0.344,high,16.43,0,Maharashtra,2021,3
Mumbai,2W,3.1,96.18,31.46,2,3,public_fast,52.33,3.36,5.5,6.04,rainy,0.158,low,16.76,1,Maharashtra,2020,10
Mumbai,2W,3.47,74.39,19.25,3,5,public_slow,97.56,0.59,3.17,9.79,extreme_heat,0.522,middle,17.67,1,Maharashtra,2026,9
Mumbai,2W,2.19,89.86,23.83,3,3,home,130.65,0.47,5.27,9,extreme_heat,0.259,high,11.18,0,Maharashtra,2024,2
Mumbai,2W,2.88,85.66,42.47,2.52,3,public_fast,47.29,0.48,7.59,9.53,humid,0.352,low,17.3,0,Maharashtra,2024,10
Mumbai,2W,3.23,95.35,21.22,1,1,home,245.37,0,4.3,5.2,extreme_heat,0.289,middle,16.46,0,Maharashtra,2019,6
Mumbai,2W,3.03,103.2,10.7,2,2,public_slow,167.39,0.85,1.83,5.58,extreme_heat,0.115,middle,15.46,0,Maharashtra,2019,4
Mumbai,2W,2.23,94.88,48.31,1,1,public_fast,62.56,4.7,9.13,7.67,extreme_heat,0.332,middle,11.36,1,Maharashtra,2019,12
Mumbai,2W,3.02,97.26,13.35,2,1,home,309.49,1.32,3.82,7.11,clear,0.227,low,18.13,0,Maharashtra,2021,1
Mumbai,2W,4.05,89.19,13.13,3,4,public_fast,79.84,1.99,1.83,7.35,extreme_heat,0.383,low,20.67,0,Maharashtra,2023,10
Mumbai,2W,2.98,87.65,39.99,5,5,public_fast,18.67,1.97,7.49,6.12,humid,0.125,high,17.87,1,Maharashtra,2022,6
Mumbai,2W,3.58,101.88,30.68,4,3.33,home,307.85,3.59,4.42,5.18,rainy,0.791,high,19.35,1,Maharashtra,2019,4
Mumbai,2W,3.26,86.32,23.79,3,4,public_fast,81.79,0.75,3.6,9.76,humid,0.371,low,19.56,0,Maharashtra,2026,10
Mumbai,2W,3.02,96.64,5.52,4,3,home,305.8,0.65,0.61,5.12,humid,0.255,middle,18.09,0,Maharashtra,2021,1
Mumbai,2W,2.99,88.34,11.21,2,5,home,323.5,0.42,1.47,8.57,rainy,0.29,middle,16.13,0,Maharashtra,2025,10
Mumbai,2W,2.96,94.62,22.77,2,3,public_fast,75.1,2.25,3.5,6.52,humid,0.234,low,17.77,0,Maharashtra,2020,10
Mumbai,2W,2.29,85.24,29.72,1,3,public_slow,178.75,1.83,6.61,8.66,humid,0.135,high,13.77,0,Maharashtra,2023,8
Mumbai,2W,2.05,74.95,30.25,3,4,public_slow,105.74,2.67,4.94,8.14,rainy,0.086,low,11.08,1,Maharashtra,2025,2
Mumbai,2W,3.38,79.76,20.24,2,4,home,322.15,2.51,4.36,9.59,rainy,0.306,low,18.23,0,Maharashtra,2026,3
Mumbai,2W,2.95,95.1,17.48,6,2,public_slow,173.95,1.22,2.16,5.42,rainy,0.29,low,15.94,0,Maharashtra,2019,2
Mumbai,2W,2.65,94.44,54.43,1,2,home,320.17,3.68,6.05,6.29,clear,0.349,low,15.87,1,Maharashtra,2019,8
Mumbai,2W,4.01,84.29,32.69,1,4,public_fast,87.72,1.78,5.86,9.64,humid,0.17,low,24.07,0,Maharashtra,2026,4
Mumbai,2W,3.1,100.69,25.5,3,3,public_fast,83.26,0.38,4.54,6.31,rainy,0.104,low,16.73,0,Maharashtra,2019,12
Mumbai,2W,3.73,91.73,23.34,2,2,public_fast,60.62,0.73,4.69,7.5,humid,0.416,middle,22.37,0,Maharashtra,2022,9
Mumbai,2W,3.36,78.97,54.51,1,4,public_fast,59.73,4.91,8.18,9.28,humid,0.142,middle,20.13,1,Maharashtra,2026,3
Mumbai,2W,2.95,80.62,8.99,2.52,5,public_slow,221.31,1.99,2.46,6.67,extreme_heat,0.5,middle,15.03,0,Maharashtra,2023,9
Mumbai,2W,2.82,81.44,3.32,2,3,public_fast,202.18,3.04,0.61,7.14,extreme_heat,0.459,middle,14.39,0,Maharashtra,2023,7
Mumbai,2W,2.38,79.46,11.84,1,4,public_fast,52.18,2.24,1.9,8.42,clear,0.062,high,14.28,0,Maharashtra,2025,11
Mumbai,2W,3.33,78.27,26.33,2,5,public_slow,161.44,1.83,6.21,8.5,clear,0.506,low,16.84,1,Maharashtra,2026,4
Mumbai,2W,2.58,94.45,36.3,3,2,public_fast,178.75,2.24,6,8.4,extreme_heat,0.629,high,13.18,0,Maharashtra,2022,2
Mumbai,2W,2.67,81.39,31.64,2,4,public_slow,209.54,1.45,7.33,11.19,humid,0.517,middle,16.05,0,Maharashtra,2026,6
Mumbai,2W,2.48,83.1,39.83,1,4,public_fast,-2.79,5.36,6.21,9.26,clear,0.077,low,14.89,1,Maharashtra,2026,8
Mumbai,2W,3.07,99.33,1,2.52,2,public_fast,19.71,3.52,0.2,7,clear,0.433,low,18.41,0,Maharashtra,2021,7
Mumbai,2W,2.47,98.82,33.18,3,1,public_slow,159.26,0.28,7.44,5.64,extreme_heat,0.381,middle,12.59,0,Maharashtra,2021,10
Mumbai,2W,2.63,84.92,44.16,2,3.33,public_slow,176.95,0.41,8.14,9.46,clear,0.285,middle,15.76,1,Maharashtra,2025,6
Mumbai,2W,3,96.76,36.83,3,1,public_slow,193.4,0.03,5.55,8.25,rainy,0.193,middle,14.63,0,Maharashtra,2021,5
Mumbai,2W,3.15,79.95,17.65,2,4,home,329.04,1.78,3.25,7.71,humid,0.172,low,18.9,0,Maharashtra,2024,10
Mumbai,2W,2.63,86.92,4.11,4,3,public_fast,32.76,2.06,0.71,7.92,extreme_heat,0.221,low,13.39,0,Maharashtra,2023,9
Mumbai,2W,2.99,84.69,30.77,3,4,public_fast,115.54,6.18,5.21,9.3,humid,0.329,middle,17.94,1,Maharashtra,2024,3
Mumbai,2W,2.53,87.73,41.46,2,1,home,307.61,2.04,8.1,7.53,clear,0.278,high,15.19,0,Maharashtra,2021,9
Mumbai,2W,3.56,100.72,18.5,3,3,home,393.41,4.17,2.8,6.59,rainy,0.697,middle,19.21,0,Maharashtra,2021,7
Mumbai,2W,2.71,75.43,19.35,1,5,home,239.31,4.77,2.62,8.16,clear,0.112,middle,16.24,1,Maharashtra,2026,8
Mumbai,2W,2.27,106.96,17.01,2,1,public_fast,77.74,3.03,2.74,5.62,clear,0.247,middle,13.63,1,Maharashtra,2019,11
Mumbai,2W,2.54,86.56,1,3,4,public_slow,153.15,3.85,0.16,8.24,clear,0.573,high,15.22,0,Maharashtra,2023,3
Mumbai,2W,3.57,93.25,18.98,4,1,public_slow,182.43,1.71,3.02,7.93,rainy,0.336,low,19.25,0,Maharashtra,2021,9
Mumbai,2W,3.4,97.16,18.21,3,1,home,341.96,1.41,3.73,6.03,extreme_heat,0.151,low,17.35,0,Maharashtra,2020,11
Mumbai,2W,3.78,76.97,28.9,4,6,home,301.8,1.31,5.11,10.8,rainy,0.479,high,20.41,1,Maharashtra,2026,6
Mumbai,2W,3.24,102.88,16.92,2,2,public_fast,131.76,1.2,3.03,5.04,clear,0.14,low,19.44,0,Maharashtra,2019,1
Mumbai,2W,3.85,76.15,24.97,3,3,public_slow,139.14,0.07,1.28,7.51,rainy,0.157,low,20.76,0,Maharashtra,2024,10
Mumbai,2W,3.83,91.66,25.63,3,3,public_slow,141.38,1.18,4.27,6.34,extreme_heat,0.213,middle,19.52,0,Maharashtra,2021,8
Mumbai,2W,4.25,69.7,70.68,3,6,public_fast,108,0.6,12.86,9.16,humid,0.404,high,25.49,1,Maharashtra,2026,1
Mumbai,2W,3.22,81.04,41.56,2,4,public_fast,56.81,3.19,5.63,9.95,extreme_heat,0.083,low,16.44,1,Maharashtra,2026,1
Mumbai,2W,3.31,98.97,18.91,1,1,public_fast,93.31,0.1,3.49,6.78,rainy,0.053,low,17.9,0,Maharashtra,2021,6
Mumbai,2W,3.38,88.89,19.55,3,4,public_slow,118.23,0.51,5.83,7.8,humid,0.436,middle,20.26,0,Maharashtra,2024,8
Mumbai,2W,3.19,88.68,41.52,2,2,public_slow,120.33,3.2,7.98,7.65,clear,0.377,low,19.15,1,Maharashtra,2022,4
Mumbai,2W,2.87,82.03,48.52,2,5,public_slow,214.1,1.66,7.95,9.72,humid,0.131,high,17.25,1,Maharashtra,2024,1
Mumbai,2W,3.5,98.49,10.16,2,2,public_slow,117.16,0.83,1.46,6.63,humid,0.566,middle,20.99,0,Maharashtra,2020,10
Mumbai,2W,3.93,87.68,37.11,1,2,public_slow,178.75,0.67,7.83,7.37,clear,0.297,middle,23.58,0,Maharashtra,2026,1
Mumbai,2W,2.94,103.2,19.38,3,3,public_fast,33.16,0.82,3.01,3.94,rainy,0.12,middle,15.89,0,Maharashtra,2020,5
Mumbai,2W,3.59,89.46,34.68,2,5,public_fast,178.75,0.99,6.54,8.66,clear,0.488,low,21.54,1,Maharashtra,2022,3
Mumbai,2W,3.19,86.57,13.64,1,4,public_slow,170.84,3.91,2.09,9.61,extreme_heat,0.554,low,16.28,1,Maharashtra,2022,7
Mumbai,2W,3.2,82.93,8.41,1,4,public_slow,214.31,4.5,1.76,8.95,extreme_heat,0.145,middle,16.3,0,Maharashtra,2024,11
Mumbai,2W,3.09,98.03,16.59,2,1,public_slow,191.89,3.22,2.28,4.35,extreme_heat,0.115,low,15.75,0,Maharashtra,2019,4
Mumbai,2W,2.95,106.77,26.61,1,1,public_slow,142.11,0.12,4.36,4.79,rainy,0.57,middle,15.94,0,Maharashtra,2019,6
Mumbai,2W,2.82,93.79,24.65,2,3,home,306.59,0.07,3.71,6.09,humid,0.29,low,16.92,0,Maharashtra,2021,10
Mumbai,2W,3.52,89.19,32.01,4,4,public_fast,58.67,0.36,4.34,8.65,extreme_heat,0.22,middle,17.96,0,Maharashtra,2026,12
Mumbai,2W,3.78,81.64,28.77,3,4,home,294.26,0.69,4.33,7.45,extreme_heat,0.134,low,19.28,0,Maharashtra,2025,7
Mumbai,2W,3.12,82.65,20.4,3,2,home,322.04,3.48,5.23,5.39,extreme_heat,0.182,high,15.92,1,Maharashtra,2022,3
Mumbai,2W,3.28,82.41,25.54,2,4,public_slow,173.58,6.63,3.87,7.9,humid,0.09,low,19.66,1,Maharashtra,2025,5
Mumbai,2W,3.35,79.98,13.67,1,4,public_fast,42.35,7.53,2.45,9.91,humid,0.216,low,20.13,0,Maharashtra,2026,2
Mumbai,2W,2.42,77.27,17.02,1,3,home,250.26,0.89,3,11.68,clear,0.207,low,14.55,0,Maharashtra,2026,2
Mumbai,2W,2.78,84.43,20.64,2,4,public_slow,155.03,0.49,3.29,7.7,rainy,0.419,low,15.03,0,Maharashtra,2021,7
Mumbai,2W,2.69,100.53,23.35,2,1,public_fast,63.49,0.06,3.57,4.32,extreme_heat,0.266,low,16.13,0,Maharashtra,2019,7
Mumbai,2W,3.13,77.34,26.61,1,5,public_slow,69.09,1.65,8.69,6.97,rainy,0.305,low,16.88,1,Maharashtra,2024,12
Mumbai,2W,3.94,78.09,15.88,1,5,home,324.69,2.06,4.36,9.6,humid,0.531,middle,23.64,0,Maharashtra,2026,6
Mumbai,2W,2.97,96.09,37.81,3,3,public_slow,137.83,3.45,5.05,7.18,humid,0.247,high,17.84,1,Maharashtra,2023,7
Mumbai,2W,4.01,79.1,19.42,3,6,home,276.33,3.84,3.06,9.93,extreme_heat,0.291,middle,20.46,1,Maharashtra,2026,8
Mumbai,2W,3,84.26,23.1,3,5,public_fast,35.71,0.89,4.34,9.79,humid,0.123,middle,19.31,1,Maharashtra,2026,3
Mumbai,2W,1.93,88.68,30.34,2,2,home,285.98,1.04,4.36,8.54,rainy,0.117,middle,10.41,0,Maharashtra,2023,12
Mumbai,2W,3.84,91.31,1,3,4,public_fast,34.93,2.75,4.36,8.63,rainy,0.159,middle,20.73,0,Maharashtra,2024,8
Mumbai,2W,2.94,95.22,30.85,5,1,home,312.1,0.85,6.52,6.62,extreme_heat,0.557,low,15.89,0,Maharashtra,2021,6
Mumbai,2W,2.93,88.98,32.99,4,4,home,274.36,0.68,5.94,7.89,clear,0.29,middle,17.6,0,Maharashtra,2023,5
Mumbai,2W,3.36,89.98,32.34,3,4,home,312.91,1.2,7.85,5.32,extreme_heat,0.35,middle,17.15,0,Maharashtra,2021,11
Mumbai,2W,2.92,89.19,55.72,2,4,public_fast,47.87,1.48,9.68,7.57,extreme_heat,0.198,low,14.88,0,Maharashtra,2023,10
Mumbai,2W,3.22,94.81,41.47,2,2,public_fast,74.97,2.7,10.25,6.58,humid,0.209,high,16.84,0,Maharashtra,2021,10
Mumbai,2W,2.89,80.38,18.45,3,5,public_fast,70.22,2.32,2.79,8.35,clear,0.426,middle,17.35,1,Maharashtra,2025,5
Mumbai,2W,3.24,88.4,39.53,2,3,public_fast,79.75,0.8,7.03,7.23,clear,0.202,middle,19.45,0,Maharashtra,2024,2
Mumbai,2W,3.3,70.96,11.91,4,5,public_fast,34.54,0.42,4.36,8.59,clear,0.059,low,19.79,1,Maharashtra,2025,10
Mumbai,2W,2.78,79.45,40.64,2,5,public_fast,58.96,0.13,6.64,8.52,rainy,0.213,low,14.99,1,Maharashtra,2024,7
Mumbai,2W,3.51,96.45,16.36,3,1,public_slow,158.38,0.66,2.77,6.19,extreme_heat,0.139,middle,17.88,0,Maharashtra,2026,1
Mumbai,2W,3.46,81.41,4.9,3,4,public_fast,38.55,0.42,0.7,7.64,extreme_heat,0.225,middle,17.64,0,Maharashtra,2026,5
Mumbai,2W,3.71,97.72,1,3,1,home,268.71,0.62,0.15,5.01,clear,0.351,low,22.23,0,Maharashtra,2019,1
Mumbai,2W,2.89,85.75,21.92,2,5,home,256.59,0.8,4.13,8.98,humid,0.03,low,16.84,1,Maharashtra,2025,3
Mumbai,2W,2.96,93.46,58.51,4,4,public_slow,206.02,0.27,4.36,6.56,rainy,0.175,high,16.01,0,Maharashtra,2024,11
Mumbai,2W,3.17,91.86,10.93,4,1,public_fast,38.29,1.29,1.5,6.43,rainy,0.129,high,17.14,0,Maharashtra,2020,1
Mumbai,2W,2.62,89.49,30.1,4,5,public_fast,53.44,1.42,4.54,6.51,clear,0.269,middle,15.71,1,Maharashtra,2023,6
Mumbai,2W,3.82,93.16,45.19,3,2,public_fast,178.75,0.14,7.77,8.28,humid,0.239,middle,22.93,0,Maharashtra,2021,7
Mumbai,2W,2.18,82.74,22.57,3,1,home,361.52,0.9,2.81,9.3,rainy,0.363,low,11.76,0,Maharashtra,2023,5
Mumbai,2W,2.15,88.33,18.75,1,2,home,295.81,0.9,3.13,8.02,humid,0.163,low,12.89,0,Maharashtra,2024,12
Mumbai,2W,2.68,85.99,32.62,4,6,public_fast,33.72,0.04,4.49,8,rainy,0.328,low,14.45,1,Maharashtra,2025,5
Mumbai,2W,2.49,83.6,45.26,2,5,home,211.47,2.57,7.79,9.65,humid,0.468,low,14.93,1,Maharashtra,2025,3
Mumbai,2W,2.74,91.41,20.13,4,4,public_fast,63.3,0.54,3.11,8.49,rainy,0.247,middle,14.8,0,Maharashtra,2023,1
Mumbai,2W,3.02,105.65,42.86,4,2,public_slow,161.17,1.6,9.21,7.98,humid,0.469,low,18.09,0,Maharashtra,2019,10
Mumbai,2W,2.09,98.99,23.65,2,2,home,225.92,1.52,3.59,7.33,clear,0.414,low,12.52,0,Maharashtra,2020,10
Mumbai,2W,2.15,100.14,54.32,2,2,public_slow,252.94,0.19,7.97,6.04,extreme_heat,0.269,low,10.95,0,Maharashtra,2020,8
Mumbai,2W,3.06,81.46,33.82,3,3,home,333.3,1.71,5.03,7.72,extreme_heat,0.543,low,15.6,0,Maharashtra,2022,4
Mumbai,2W,2.98,85.82,11.52,2,6,public_slow,240.99,2.17,2.06,9.04,clear,0.711,middle,17.88,0,Maharashtra,2026,1
Mumbai,2W,3.22,93.87,7.21,2,3,public_slow,114.66,0.9,1.14,6.07,extreme_heat,0.189,middle,16.42,0,Maharashtra,2022,3
Mumbai,2W,2.69,94.28,15.32,4,3.33,home,178.75,4.41,3.17,6.29,clear,0.106,middle,16.13,1,Maharashtra,2021,4
Mumbai,2W,2.24,85.17,18.37,3,3,public_slow,191.11,0.65,3.06,7.68,clear,0.326,low,13.43,0,Maharashtra,2025,8
Mumbai,2W,2.81,86.27,24.07,3,5,public_slow,178.75,2.2,4.3,7.01,humid,0.438,low,16.88,1,Maharashtra,2024,10
Mumbai,2W,2.95,89.01,16.59,2,4,public_fast,49.13,2.96,5.55,7.39,extreme_heat,0.258,middle,15.03,0,Maharashtra,2022,8
Mumbai,2W,2.59,90.75,26.61,3,4,public_fast,84.41,0.31,8,8.43,extreme_heat,0.276,middle,13.23,0,Maharashtra,2022,3
Mumbai,2W,3.12,81.81,12.36,3,4,home,253.24,1.85,1.48,9.4,rainy,0.086,middle,16.86,0,Maharashtra,2024,12
Mumbai,2W,3,86.39,50.85,3,3,public_slow,156.41,0.26,7.32,8.51,extreme_heat,0.191,low,19.99,0,Maharashtra,2022,3
Mumbai,2W,2.8,86.41,27.48,1,3,home,333.09,2.72,4.97,8.9,rainy,0.507,low,15.11,0,Maharashtra,2025,1
Mumbai,2W,2.78,89.77,37.93,2,2,public_fast,70.23,2.89,6.64,6.03,humid,0.154,low,16.7,0,Maharashtra,2019,1
Mumbai,2W,3.15,89.78,16.54,3,1,home,309.54,1.22,2.44,7.43,extreme_heat,0.276,high,18.91,0,Maharashtra,2022,6
Mumbai,2W,2.72,103.37,30.56,3,1,public_fast,214.69,4.5,4.25,4.75,clear,0.228,high,16.33,1,Maharashtra,2019,5
Mumbai,2W,3.2,77.02,34.04,2,4,public_slow,182.94,1.2,5.3,10.48,humid,0.207,middle,19.17,0,Maharashtra,2026,11
Mumbai,2W,2.55,86.68,34.41,3,5,public_slow,190.16,1.27,4.78,7.8,extreme_heat,0.447,low,13.02,1,Maharashtra,2024,9
Mumbai,2W,3.1,85.64,42.58,2,3,home,269.16,7.34,6.98,7.8,extreme_heat,0.125,high,15.83,0,Maharashtra,2021,12
Mumbai,2W,3.53,86.53,24.23,5,4,public_slow,173.15,0.26,4.78,7.24,humid,0.297,low,21.17,0,Maharashtra,2022,6
Mumbai,2W,2.1,90.23,23.94,1,2,public_slow,113.29,0.34,3.87,6.55,clear,0.245,low,12.62,0,Maharashtra,2021,12
Mumbai,2W,3.29,92.03,32.38,1,3,home,214.84,1.1,6.11,6.61,clear,0.267,high,19.76,0,Maharashtra,2021,2
Mumbai,2W,3.25,91.91,48.15,2,3,home,329.74,3.69,7.02,5.94,humid,0.29,high,19.51,1,Maharashtra,2020,11
Mumbai,2W,2.44,94.72,27.34,2,1,public_slow,140,9.02,5.3,6.15,extreme_heat,0.12,low,14.63,1,Maharashtra,2019,1
Mumbai,2W,2.43,82.78,54.11,3,3,public_slow,167.55,0.48,10.03,8.56,extreme_heat,0.024,high,12.42,0,Maharashtra,2023,8
Mumbai,2W,3.23,67.32,24.43,4,6,public_fast,56.71,0.48,5.14,10,humid,0.598,middle,19.38,1,Maharashtra,2025,4
Mumbai,2W,2.3,99.07,18.16,3,2,public_fast,15.6,0.03,2.45,5.59,clear,0.073,low,13.79,0,Maharashtra,2019,4
Mumbai,2W,2.53,94.08,41.26,3,4,home,287.73,1.35,6.75,9.68,clear,0.22,low,15.17,0,Maharashtra,2021,1
Mumbai,2W,3.26,87.91,11.36,4,5,home,232.58,1.4,1.62,9.71,rainy,0.395,low,17.61,0,Maharashtra,2026,11
Mumbai,2W,2.9,88.14,49.78,1,6,public_fast,56.56,0.78,7.77,8.53,clear,0.226,middle,17.42,1,Maharashtra,2025,9
Mumbai,2W,1.82,85.36,33.88,3,3,home,322.74,1.72,5.6,6.01,humid,0.221,low,10.91,0,Maharashtra,2025,11
Mumbai,2W,3.02,88.9,30.38,1,4,public_slow,222.05,0.43,6.75,8.04,extreme_heat,0.172,middle,15.38,0,Maharashtra,2022,5
Mumbai,2W,2.87,93.23,30.61,2,5,public_fast,72.25,0.02,6.57,7.68,rainy,0.526,middle,15.47,1,Maharashtra,2025,10
Mumbai,2W,2.89,104.44,14.29,2,1,public_slow,156.89,5.84,1.85,6.62,clear,0.22,high,17.35,1,Maharashtra,2019,3
Mumbai,2W,2.75,100.65,18.39,2,1,public_slow,155.96,0.53,4.36,7.42,rainy,0.451,high,14.86,0,Maharashtra,2019,1
Mumbai,2W,3.35,91.76,38.43,2,5,public_fast,69.57,2.65,6.2,6.89,extreme_heat,0.153,middle,20.09,1,Maharashtra,2021,4
Mumbai,2W,3.09,80.52,45.23,1,6,public_fast,44.74,0.78,6.6,8.56,humid,0.201,low,18.55,1,Maharashtra,2024,11
Mumbai,2W,2.94,100.7,12.97,1,2,public_fast,23.89,1.46,2.22,6.09,clear,0.142,middle,17.66,0,Maharashtra,2019,5
Mumbai,2W,3.44,97.37,34.31,2,2,public_fast,88.59,4.62,5.64,9.53,extreme_heat,0.138,middle,17.56,1,Maharashtra,2021,12
Mumbai,2W,2.67,82.43,71.13,2,5,public_fast,45.76,0.54,12.66,9.52,extreme_heat,0.6,low,13.6,1,Maharashtra,2026,1
Mumbai,2W,2.97,81.92,26.66,4,4,public_fast,73.36,1.63,5.25,7.82,clear,0.161,high,17.79,0,Maharashtra,2025,1
Mumbai,2W,3.37,93.75,20.62,3,1,public_fast,45.38,0.93,2.89,6.37,rainy,0.184,high,18.2,0,Maharashtra,2020,1
Mumbai,2W,2.01,86.18,26.9,2,3,public_slow,146.44,1.55,5.04,8.48,rainy,0.087,low,10.87,0,Maharashtra,2024,5
Mumbai,2W,3.83,89.19,8.65,3,3,public_fast,21.29,1.54,4.36,9.82,rainy,0.559,middle,20.69,0,Maharashtra,2024,9
Mumbai,2W,2.7,95.44,26.53,1,1,home,276.79,0.11,3.19,6.91,rainy,0.065,middle,14.59,0,Maharashtra,2020,5
Mumbai,2W,2.92,87.98,30.39,1,4,home,313.6,0.23,5.21,8.41,extreme_heat,0.153,middle,14.92,0,Maharashtra,2023,10
Mumbai,2W,3.01,84.16,19.35,1,3,public_slow,224.57,1.12,3.77,5.62,rainy,0.295,low,16.27,0,Maharashtra,2022,3
Mumbai,2W,2.54,79.26,30.64,2,4,public_slow,191.41,2.16,4.26,10.5,clear,0.204,middle,15.25,0,Maharashtra,2026,1
Mumbai,2W,3.51,84.85,27.33,3,3,public_slow,97.35,1.16,7.79,9.76,humid,0.606,middle,21.04,0,Maharashtra,2024,9
Mumbai,2W,3.03,94.29,30.79,3,1,home,406.45,0.54,4.16,5.44,rainy,0.016,low,16.34,0,Maharashtra,2019,9
Mumbai,2W,3.27,85.27,46.32,2,3,home,435.06,3.92,6.67,7.03,humid,0.211,high,19.63,1,Maharashtra,2024,6
Mumbai,2W,3.01,100.83,12.96,2,2,home,178.75,0.9,2.92,6.18,extreme_heat,0.183,low,15.37,0,Maharashtra,2020,6
Mumbai,2W,2.61,75.02,21.87,3,4,public_fast,70.58,0.87,3.8,9.21,extreme_heat,0.383,low,13.31,0,Maharashtra,2025,1
Mumbai,2W,3.3,89.76,41.09,5,5,public_fast,178.75,1.22,6.94,8.74,extreme_heat,0.189,high,16.85,1,Maharashtra,2025,4
Mumbai,2W,3.32,85.06,40.32,3,5,public_fast,74.53,3.06,8.87,8.53,humid,0.095,middle,19.9,1,Maharashtra,2026,8
Mumbai,2W,2.79,86.11,34.12,3,3,home,293.72,4.03,4.75,7.02,clear,0.708,middle,16.75,1,Maharashtra,2021,4
Mumbai,2W,3.15,94.79,29.14,3,2,public_slow,115.48,1.27,5.85,7.6,extreme_heat,0.138,low,16.06,0,Maharashtra,2022,10
Mumbai,2W,3.47,92.21,20.42,3,2,public_slow,178.75,1.72,3.12,6.43,humid,0.162,high,20.83,0,Maharashtra,2020,12
Mumbai,2W,2.65,89.19,29.29,4,1,public_slow,178.75,0.82,3.78,4.14,humid,0.042,low,15.89,0,Maharashtra,2019,4
Mumbai,2W,3.14,92.15,19.51,3,4,public_slow,221.17,1.42,2.82,7.2,clear,0.523,high,18.87,0,Maharashtra,2021,1
Mumbai,2W,3.5,94.26,1,2,3,public_slow,138.01,2.72,0.17,6.07,extreme_heat,0.151,low,17.83,0,Maharashtra,2019,9
Mumbai,2W,3.47,76.57,21.64,2,4,public_fast,10.42,3.02,4.64,9.23,extreme_heat,0.167,middle,17.68,1,Maharashtra,2026,7
Mumbai,2W,3.84,95.18,29.01,1,2,public_slow,157.06,0.91,4.19,6.85,humid,0.214,middle,23.03,0,Maharashtra,2021,1
Mumbai,2W,2.55,94.6,13.79,2,3,public_slow,214.35,1.8,2.12,6.24,extreme_heat,0.212,middle,12.98,0,Maharashtra,2022,1
Mumbai,2W,3.41,78.45,22.67,2,5,public_slow,178.3,2.46,4.56,7.79,rainy,0.198,low,16.84,1,Maharashtra,2026,1
Mumbai,2W,3.64,103.53,49.34,3,1,public_slow,178.42,5.75,7.91,6.88,extreme_heat,0.34,middle,18.54,1,Maharashtra,2021,5
Mumbai,2W,3.31,99.08,16.4,3,1,public_slow,169.66,4.28,2.83,7.8,clear,0.253,middle,19.85,1,Maharashtra,2020,4
Mumbai,2W,3.82,102.55,29.94,5,1,home,275.49,0.77,4.37,5.22,rainy,0.299,middle,20.65,0,Maharashtra,2019,12
Mumbai,2W,2.41,93.62,19.66,2,3,home,210.58,0.98,2.74,7.34,rainy,0.366,middle,13,0,Maharashtra,2023,12
Mumbai,2W,3.18,78.72,42.6,2,5,home,335.29,0.72,7.54,8.55,extreme_heat,0.173,low,17.18,1,Maharashtra,2024,3
Mumbai,2W,3.6,100.48,34.63,2,2,home,244.34,0.62,5.58,6.86,rainy,0.376,low,19.45,0,Maharashtra,2019,3
Mumbai,2W,2.5,82.52,24.2,1,4,public_fast,45.83,0.33,5.4,8.83,rainy,0.705,middle,13.52,0,Maharashtra,2024,1
Mumbai,2W,2.71,86.06,22.68,3,3,public_fast,41.8,2.73,4.58,8.71,clear,0.262,low,16.27,0,Maharashtra,2024,5
Mumbai,2W,3.45,99.94,15.41,3,2,home,204.72,1.03,4.05,6.12,clear,0.036,middle,20.73,0,Maharashtra,2020,2
Mumbai,2W,2.73,98.19,14.58,2,1,public_slow,175.21,10.11,2.2,6.42,humid,0.236,low,16.35,1,Maharashtra,2019,12
Mumbai,2W,3.21,89.42,54.23,3,3,public_slow,132.3,1.99,12.21,8.1,rainy,0.453,low,17.34,0,Maharashtra,2023,2
Mumbai,2W,2.8,89.19,16.61,2,4,public_fast,178.75,0.5,2.41,7.8,extreme_heat,0.227,low,14.28,0,Maharashtra,2022,9
Mumbai,2W,2.35,78.52,37.06,3,3,home,381.67,0.11,4.5,7.77,humid,0.243,low,14.13,0,Maharashtra,2022,12
Mumbai,2W,2.95,81.47,61.63,3,5,home,286.6,2.03,8.47,7.77,rainy,0.161,low,15.96,1,Maharashtra,2024,7
Mumbai,2W,2.94,76.62,45.73,2,5,public_slow,174.15,0.44,6.02,9.43,humid,0.297,low,17.64,1,Maharashtra,2024,1
Mumbai,2W,4.02,83.59,42.02,2,4,public_slow,209.63,3.29,6.84,8.56,rainy,0.28,low,21.73,1,Maharashtra,2024,3
Mumbai,2W,2.73,100.13,1,3,2,public_slow,208.21,3.11,0.13,5.78,rainy,0.126,low,14.77,0,Maharashtra,2020,12
Mumbai,2W,3,93.63,28.31,2,3,public_slow,176.21,2.55,5.53,9.27,rainy,0.395,middle,19.38,0,Maharashtra,2022,9
Mumbai,2W,2.5,80.63,9.57,1,4,public_slow,219.35,1.04,1.99,10.43,extreme_heat,0.134,low,12.76,0,Maharashtra,2025,10
Mumbai,2W,2.58,88.88,26.61,2,3,public_slow,172.2,0.2,0.16,7.42,humid,0.29,low,15.47,0,Maharashtra,2023,5
Mumbai,2W,2.58,86.5,25.37,1,3,home,337.33,2.48,3.1,7.8,humid,0.192,low,15.47,0,Maharashtra,2026,6
Mumbai,2W,2.31,92.51,46.36,1,1,public_fast,51.29,1.82,8.46,5.72,extreme_heat,0.242,low,11.77,0,Maharashtra,2021,5
Mumbai,2W,2.92,88.39,44.55,1,1,home,340.51,4.56,7.17,6.49,extreme_heat,0.03,high,15.78,1,Maharashtra,2022,8
Mumbai,2W,3.98,89.19,62.94,3,4,public_slow,85.16,1.87,4.36,10.49,humid,0.244,high,23.87,0,Maharashtra,2023,2
Mumbai,2W,2.78,92.21,20.82,2.52,2,public_slow,179.3,6.57,3.13,7.35,humid,0.592,high,16.84,1,Maharashtra,2022,7
Mumbai,2W,3.83,87.26,15.76,3,2,public_fast,79.6,0.84,2.76,9.4,extreme_heat,0.049,middle,19.52,0,Maharashtra,2021,4
Mumbai,2W,4,98.21,39.4,4,2,public_fast,56.98,1.4,7.6,6.64,humid,0.25,low,24.02,0,Maharashtra,2021,2
Mumbai,2W,2.87,71,18.16,3,6,home,331.39,1.69,3.01,10.07,rainy,0.206,low,15.51,1,Maharashtra,2026,3
Mumbai,2W,2.67,86.64,18.08,2,5,public_slow,241.05,4.08,3.31,8.62,rainy,0.135,low,14.44,1,Maharashtra,2025,5
Mumbai,2W,2.53,106.23,25.68,3,2,public_slow,215.23,1.99,1.24,6.82,clear,0.132,low,15.17,0,Maharashtra,2020,8
Mumbai,2W,2.5,105.6,10.74,2,1,public_fast,59.81,2.4,2.23,6.68,rainy,0.355,low,13.5,0,Maharashtra,2019,11
Mumbai,2W,1.94,77.82,26.34,3,6,public_slow,271.32,1.7,3.47,10.17,extreme_heat,0.15,middle,9.89,1,Maharashtra,2026,11
Mumbai,2W,3.11,90.81,20.6,4,3,home,178.75,1.79,2.77,9.73,extreme_heat,0.014,high,15.87,0,Maharashtra,2023,8
Mumbai,2W,2.5,77.97,26.81,4,5,public_slow,181.09,0.42,6.42,8.55,extreme_heat,0.531,low,12.73,1,Maharashtra,2024,4
Mumbai,2W,2.99,75.57,11.63,3,2,public_fast,60.63,0.41,1.95,9.92,clear,0.171,low,17.97,0,Maharashtra,2024,3
Mumbai,2W,2.64,89.19,1,1,5,public_slow,154.27,6,0.14,8.04,rainy,0.521,low,14.26,1,Maharashtra,2023,9
Mumbai,2W,2.98,86.31,28.47,2,5,home,245.45,2.12,4.16,7.27,humid,0.368,middle,17.89,1,Maharashtra,2024,8
Mumbai,2W,3.09,86.48,15.51,6,4,public_slow,218.58,0.91,2.56,10.72,clear,0.24,middle,18.52,0,Maharashtra,2025,10
Mumbai,2W,3.33,85.94,27.88,2,6,home,316.22,0.24,4.36,9.09,humid,0.036,middle,19.99,1,Maharashtra,2025,2
Mumbai,2W,2.79,83.2,9.45,3,4,public_slow,178.75,0.9,1.74,8.22,rainy,0.212,high,15.04,0,Maharashtra,2024,1
Mumbai,2W,2.9,93.66,22.62,3,3,home,334.57,4.17,3.2,7.67,humid,0.075,high,16.84,1,Maharashtra,2023,11
Mumbai,2W,3.45,89.19,39.67,1,4,public_fast,45.52,0.12,6.44,7.13,humid,0.413,low,20.73,0,Maharashtra,2022,11
Mumbai,2W,2.73,89.19,1,2,2,home,341.5,1.99,0.18,8.04,clear,0.172,low,16.39,0,Maharashtra,2022,8
Mumbai,2W,3.9,90.03,26.61,4,4,public_fast,42.44,6.23,2.69,7.85,clear,0.253,middle,23.43,1,Maharashtra,2021,9
Mumbai,2W,3.09,81.61,3,3,4,home,237.53,0.99,0.17,9.31,extreme_heat,0.387,low,15.75,0,Maharashtra,2025,5
Mumbai,2W,3.05,97.2,32.42,3,1,public_slow,239.73,1.71,6.64,5.28,rainy,0.469,low,16.45,0,Maharashtra,2019,12
Mumbai,2W,3.37,89.19,10.48,3,3,public_fast,82.24,0.97,1.97,9.46,rainy,0.175,low,18.22,0,Maharashtra,2026,10
Mumbai,2W,3.49,89.19,41.64,4,2,public_fast,51.6,0.54,6.81,7.58,clear,0.205,low,20.96,0,Maharashtra,2022,2
Mumbai,2W,2.82,105.89,62.7,2,2,public_slow,149.97,1.27,9.54,5.4,rainy,0.103,high,15.2,0,Maharashtra,2019,3
Mumbai,2W,3.15,76.56,16.15,2,5,public_fast,34.61,0.94,3.47,9.26,extreme_heat,0.312,middle,16.08,1,Maharashtra,2026,7
Mumbai,2W,3.23,84.27,25.01,2,3,public_fast,63.72,0.34,4.27,11.14,clear,0.337,middle,19.39,0,Maharashtra,2025,7
Mumbai,2W,2.64,85.33,21.6,2,3,public_slow,129.82,0.61,3.31,9.13,rainy,0.672,middle,14.25,0,Maharashtra,2025,6
Mumbai,2W,3.12,89.99,1,4,3,public_fast,64,0.6,0.14,6.34,clear,0.115,low,18.7,0,Maharashtra,2022,10
Mumbai,2W,2.74,82.67,12.75,2,5,public_fast,52.82,3.02,2.06,8.57,clear,0.245,high,16.45,1,Maharashtra,2026,12
Mumbai,2W,3.17,86.9,29.17,2,3,public_fast,45.03,1.34,4,7.81,rainy,0.14,low,17.13,0,Maharashtra,2021,2
Mumbai,2W,2.74,82.76,11.95,2,7,public_fast,67.46,2.45,2.69,8.45,humid,0.392,high,16.44,1,Maharashtra,2024,12
Mumbai,2W,2.67,76.56,34,4,4,public_slow,192.44,0.87,6.13,8.4,rainy,0.268,middle,14.41,0,Maharashtra,2026,8
Mumbai,2W,3.49,85.68,36.3,4,3,public_slow,199.07,2.7,6.77,9.74,clear,0.179,middle,20.93,0,Maharashtra,2024,11
Mumbai,2W,3,78.01,11.56,2,5,home,368.42,3.99,1.55,9.06,humid,0.392,high,11.34,1,Maharashtra,2026,1
Mumbai,2W,2.95,76.81,33.73,3,5,home,221.37,1.5,7.3,9.66,extreme_heat,0.329,low,17.72,1,Maharashtra,2025,2
Mumbai,2W,2.12,92.49,7.69,3,3,public_fast,33.98,3.51,1.01,6.97,rainy,0.224,low,11.44,0,Maharashtra,2023,3
Mumbai,2W,4.41,73.85,1,2,6,public_fast,79.71,1.24,0.22,7.83,clear,0.402,low,26.47,1,Maharashtra,2025,3
Mumbai,2W,3.22,88.54,12.5,1,3,home,283.91,1.01,1.89,9.24,humid,0.416,middle,19.31,0,Maharashtra,2022,8
Mumbai,2W,2.86,77.32,18.46,3,5,home,371.16,2.53,3.2,11.33,rainy,0.29,low,15.45,1,Maharashtra,2026,5
Mumbai,2W,2.41,98.25,20.74,2,1,home,197.67,0.51,3.43,6.49,extreme_heat,0.393,middle,13.03,0,Maharashtra,2019,12
Mumbai,2W,3.44,69.26,32.8,1,5,public_fast,29.96,1.77,2.39,8.46,humid,0.485,low,20.64,1,Maharashtra,2026,8
Mumbai,2W,2.74,89.27,35.02,2,4,home,315.43,6.05,7.08,7.65,clear,0.271,high,16.43,1,Maharashtra,2022,8
Mumbai,2W,3.19,104.3,1,3,3,public_fast,40.89,0.72,0.2,5.26,clear,0.22,low,19.13,0,Maharashtra,2020,7
Mumbai,2W,3.64,98.08,1,2,1,home,409.39,0.65,0.15,6.44,humid,0.205,low,21.85,0,Maharashtra,2020,12
Mumbai,2W,3.15,87.54,14.57,4,5,public_slow,184.95,2.54,2.56,8.13,extreme_heat,0.146,low,16.06,1,Maharashtra,2025,7
Mumbai,2W,3.2,71.65,5.82,3,4,home,355.1,5.08,1,9.06,humid,0.455,low,19.2,1,Maharashtra,2025,12
Mumbai,2W,3.21,87.23,32.64,2,4,public_slow,90.1,2.55,7.16,7.96,clear,0.311,low,19.27,0,Maharashtra,2023,4
Mumbai,2W,3.26,102.08,37.58,3,2,home,263.99,9.35,6.86,4.46,clear,0.266,middle,19.54,1,Maharashtra,2021,4
Mumbai,2W,2.97,83.11,15.9,2,4,home,255.46,0.89,2.09,9.12,rainy,0.122,low,16.03,0,Maharashtra,2025,2
Mumbai,2W,2.62,92.84,1,3,2,home,318.13,2.39,0.2,7.38,humid,0.06,high,15.72,0,Maharashtra,2022,11
Mumbai,2W,3.52,91.97,23.22,4,5,home,386.23,1.81,3.56,6.82,extreme_heat,0.441,low,17.97,1,Maharashtra,2023,5
Mumbai,2W,3.43,94.02,49.83,1,2,public_slow,228.1,0.1,10.24,7.42,rainy,0.29,low,18.52,0,Maharashtra,2020,4
Mumbai,2W,3.19,87.08,26.61,2,4,public_slow,207.84,1.98,5.41,6.75,rainy,0.239,middle,17.24,0,Maharashtra,2023,4
Mumbai,2W,3.75,97.45,17.03,2,2,public_fast,57.41,1.31,2.78,5.92,rainy,0.582,high,20.26,0,Maharashtra,2021,1
Mumbai,2W,2.28,77.48,37.41,4,5,home,329.28,1.1,4.94,10.31,humid,0.444,low,13.67,1,Maharashtra,2026,1
Mumbai,2W,3.32,99.39,6.53,4,1,public_slow,185.88,3.46,1.21,6.48,rainy,0.33,high,17.93,0,Maharashtra,2020,2
Mumbai,2W,1.8,102.89,26.4,1,2,public_slow,127.28,3.69,4.62,5.95,extreme_heat,0.258,low,9.19,1,Maharashtra,2019,10
Mumbai,2W,3.95,100.94,13.9,2,2,public_fast,32,0.58,2.78,7.63,clear,0.383,middle,23.67,0,Maharashtra,2020,11
Mumbai,2W,3.51,76.17,13.62,2,6,public_slow,178.75,1.77,1.98,8.35,extreme_heat,0.221,high,17.9,1,Maharashtra,2026,3
Mumbai,2W,2.41,93.5,22.88,4,4,home,388.43,5.11,3.2,6.48,humid,0.658,middle,14.48,1,Maharashtra,2020,9
Mumbai,2W,2.5,93.17,26.75,4,6,public_fast,37.27,7.48,4.45,9.03,humid,0.378,middle,15.03,1,Maharashtra,2023,8
Mumbai,2W,3.32,99.4,15.09,3,2,home,243.52,1.72,3.23,7.01,clear,0.266,middle,19.93,0,Maharashtra,2019,9
Mumbai,2W,3,87.8,18.05,3,4,public_slow,258.47,3.74,3.67,9.29,humid,0.206,low,18.01,1,Maharashtra,2023,2
Mumbai,2W,3.18,90.67,40.97,2,4,public_fast,35.21,0.4,10.99,5.37,extreme_heat,0.27,low,16.23,0,Maharashtra,2022,8
Mumbai,2W,2.96,81.66,52.9,3,4,public_fast,73.05,1.36,8.75,9.75,humid,0.253,middle,17.78,0,Maharashtra,2025,9
Mumbai,2W,4.05,89.83,38.79,3,3,public_fast,78.62,1.96,7.16,7.4,humid,0.29,middle,24.32,0,Maharashtra,2022,6
Mumbai,2W,2.44,93.43,11.79,2,3,home,375.85,0.12,1.78,6.65,humid,0.091,high,14.65,0,Maharashtra,2023,7
Mumbai,2W,2.79,82.7,23.99,3,6,public_slow,178.75,8.09,4.13,8.97,extreme_heat,0.295,high,14.22,1,Maharashtra,2026,11
Mumbai,2W,1.96,92.94,10.03,3,3,public_slow,178.05,1.38,1.7,4.87,humid,0.21,low,11.78,0,Maharashtra,2020,10
Mumbai,2W,2.98,89.19,4.63,1,6,home,332.17,4.82,0.98,9.3,extreme_heat,0.61,low,15.21,0,Maharashtra,2026,9
Mumbai,2W,2.83,98.44,16.81,4,2,home,324.12,2.73,2.75,4.65,clear,0.079,middle,16.95,0,Maharashtra,2020,7
Mumbai,2W,2.38,91.24,19.19,4,4,home,356.6,1.45,2.5,7.03,humid,0.477,low,14.27,0,Maharashtra,2022,6
Mumbai,2W,2.83,109.68,49.34,2,1,public_fast,72.85,1.34,7.49,5.33,humid,0.279,high,16.84,0,Maharashtra,2019,3
Mumbai,2W,2.82,83.15,21.7,3,5,home,314.27,3.67,3.27,8.95,clear,0.172,low,16.93,1,Maharashtra,2025,7
Mumbai,2W,2.79,93.47,35.04,2.52,3,home,223.39,1.34,5.37,6.82,humid,0.21,low,16.77,0,Maharashtra,2021,1
Mumbai,2W,2.41,84.92,34.88,2,6,public_slow,173.24,2.35,5.38,8.53,extreme_heat,0.121,low,12.29,1,Maharashtra,2025,8
Mumbai,2W,3.85,99.36,34.2,2,4,public_slow,196.89,1.74,6.43,5.79,extreme_heat,0.329,middle,19.63,0,Maharashtra,2021,4
Mumbai,2W,2.3,96.22,47.9,2,2,public_slow,177.7,3.05,6.36,7.23,rainy,0.526,high,12.44,1,Maharashtra,2019,3
Mumbai,2W,3.14,89.19,36.55,3,5,home,373.18,1.98,5.26,9.56,extreme_heat,0.078,middle,15.99,1,Maharashtra,2026,9
Mumbai,2W,3.25,86.7,34.87,2,4,public_slow,241.13,2.05,6.64,7.92,extreme_heat,0.413,middle,16.56,0,Maharashtra,2024,8
Mumbai,2W,3,97.53,37.58,2,2,home,308.15,8.53,4.36,6.78,humid,0.133,low,12.51,1,Maharashtra,2020,7
Mumbai,2W,3.21,87.9,43.91,3,2,public_fast,58.09,0.9,6.9,6.32,rainy,0.173,middle,17.35,0,Maharashtra,2021,8
Mumbai,2W,3.12,78.03,35.24,2,2,public_slow,175.59,1.14,6.68,9.51,humid,0.157,high,18.71,0,Maharashtra,2025,11
Mumbai,2W,3.03,89.19,27.06,3,4,public_fast,44.33,0.68,4.19,8.03,rainy,0.455,middle,16.36,0,Maharashtra,2022,12
Mumbai,2W,2.31,98.94,24.34,2,3,public_fast,97.46,3.21,5.11,9.3,clear,0.237,middle,13.88,1,Maharashtra,2022,8
Mumbai,2W,3.63,102.81,32.3,2.52,1,public_slow,160.33,1.47,6.73,6.27,humid,0.195,low,21.8,0,Maharashtra,2019,1
Mumbai,2W,2.84,94.72,21.98,2,3,home,255.78,1.55,3.31,7.84,humid,0.314,low,17.06,0,Maharashtra,2022,10
Mumbai,2W,2.13,96.94,18.02,4,3,home,183.57,0.62,2.75,8.69,extreme_heat,0.059,middle,10.84,0,Maharashtra,2022,10
Mumbai,2W,1.52,88.29,23.06,2,5,home,312.71,2,3.25,6.59,rainy,0.241,middle,8.22,1,Maharashtra,2025,3
Mumbai,2W,2.42,86.29,24.7,3,3,public_fast,71.52,1.53,2.94,8.6,rainy,0.417,middle,13.07,0,Maharashtra,2024,10
Mumbai,2W,3.12,91.47,26.61,2,3,public_slow,203.98,7.12,5.93,7.13,clear,0.24,low,18.7,1,Maharashtra,2021,5
Mumbai,2W,3.06,80.12,40.09,2,6,home,329.26,6.29,7.79,9.91,clear,0.192,low,18.36,1,Maharashtra,2025,12
Mumbai,2W,2.4,86.37,88.83,3,3,public_fast,83.19,4.1,4.46,8.76,clear,0.186,middle,14.41,1,Maharashtra,2022,7
Mumbai,2W,2.73,92.55,41.95,3,4,public_slow,122.94,1.74,8.38,7.21,humid,0.569,low,16.36,0,Maharashtra,2023,2
Mumbai,2W,2.3,76.51,1,1,4,public_slow,289.76,1.69,0.18,9.94,extreme_heat,0.114,high,11.71,0,Maharashtra,2026,3
Mumbai,2W,3.07,91.17,25.09,2,5,public_slow,160.99,0.57,5.4,9.69,extreme_heat,0.099,high,15.64,1,Maharashtra,2026,1
Mumbai,2W,3.91,106.51,11.02,1,1,public_fast,41.87,0.53,1.97,5.38,rainy,0.377,low,21.1,0,Maharashtra,2019,4
Mumbai,2W,2.51,89.19,9.72,3,3,public_fast,20.43,4.13,1.5,6.97,extreme_heat,0.332,low,12.78,1,Maharashtra,2022,10
Mumbai,2W,3.72,91.93,12.63,1,3.33,public_fast,59.51,0.56,1.97,6.44,humid,0.129,low,22.31,0,Maharashtra,2023,3
Mumbai,2W,2.59,82.04,19.14,1,3,home,284.14,5.93,3.63,8.77,clear,0.606,middle,15.54,1,Maharashtra,2025,12
Mumbai,2W,4.16,78.75,2.51,2,5,public_fast,178.75,0.02,0.56,7.54,rainy,0.262,middle,22.48,0,Maharashtra,2024,5
Mumbai,2W,2.12,85.7,44.8,4,3,public_fast,46.01,0.15,6.51,8.16,extreme_heat,0.164,middle,10.8,0,Maharashtra,2023,4
Mumbai,2W,3.31,91.81,20.64,2,5,home,235.02,3.6,2.71,8.2,extreme_heat,0.171,low,16.89,1,Maharashtra,2023,4
Mumbai,2W,3.05,100.15,35.12,3,2,home,270.47,1.99,4.41,7.86,humid,0.181,low,18.32,0,Maharashtra,2020,3
Mumbai,2W,3.44,82.96,11.48,3,6,public_slow,128.59,0.11,1.86,8.5,humid,0.52,high,20.65,0,Maharashtra,2026,8
Mumbai,2W,3.21,104.95,11.16,3,1,public_fast,33.13,2.07,1.83,6.77,clear,0.392,low,19.24,0,Maharashtra,2019,8
Mumbai,2W,2.79,106.52,31.65,2,3,home,279.34,1.75,6.31,5.63,clear,0.294,high,16.73,0,Maharashtra,2020,9
Mumbai,2W,3.04,91.82,40.81,3,3,public_fast,68.78,1.26,5.73,8.3,clear,0.347,low,18.25,0,Maharashtra,2023,11
Mumbai,2W,3.13,100.86,40.47,4,3,public_fast,21.49,0.15,6.58,6.53,rainy,0.465,high,16.91,0,Maharashtra,2022,12
Mumbai,2W,3.01,100.59,3.08,2,3,public_slow,95.56,2.7,0.52,6.89,clear,0.185,high,18.03,0,Maharashtra,2020,4
Mumbai,2W,2.57,83.87,28.99,1,5,public_fast,35.86,0.35,3.93,10.03,extreme_heat,0.456,high,13.12,1,Maharashtra,2026,10
Mumbai,2W,2.65,97.95,6.02,4,4,public_slow,257.47,0.08,0.84,10.04,extreme_heat,0.611,middle,16.84,0,Maharashtra,2022,9
Mumbai,2W,3.13,78.58,19.1,5,7,public_slow,172.03,0.69,3.07,10.41,rainy,0.289,middle,16.88,1,Maharashtra,2026,9
Mumbai,2W,2.45,88.84,38.76,2.52,1,public_fast,65.35,1.76,8.22,4.61,clear,0.734,middle,14.71,0,Maharashtra,2019,3
Mumbai,2W,3.47,89.34,34.09,2,5,home,173.82,2.82,6.08,8.01,extreme_heat,0.394,low,17.71,1,Maharashtra,2024,9
Mumbai,2W,2.96,97,50.29,2,2,public_fast,21.44,2.66,6.98,6.91,humid,0.296,high,17.79,0,Maharashtra,2020,1
Mumbai,2W,3.1,90.92,45.02,2,3,public_fast,71.37,0.9,10,7.42,extreme_heat,0.253,high,15.79,0,Maharashtra,2021,3
Mumbai,2W,1.96,76.39,32.21,3,3,public_slow,200.91,0.32,7.74,8.74,extreme_heat,0.295,low,10.02,0,Maharashtra,2024,4
Mumbai,2W,3.4,81.98,20.63,3,3,public_fast,87.41,3.43,2.91,8.52,humid,0.134,high,20.4,0,Maharashtra,2022,11
Mumbai,2W,3.22,101.64,30.93,2,2,public_fast,82.65,0.08,5.2,5.49,clear,0.29,middle,19.29,0,Maharashtra,2019,6
Mumbai,2W,3.12,86.42,25.12,4,3,home,212.52,4.41,3.11,7.46,clear,0.29,middle,18.72,1,Maharashtra,2023,5
Mumbai,2W,3.25,91.85,28.94,2,5,public_fast,232.35,1.15,6.15,6.99,clear,0.496,middle,19.52,1,Maharashtra,2022,10
Mumbai,2W,2.59,100.37,12.45,2,3,public_fast,54.48,0.66,2.25,5.87,extreme_heat,0.103,middle,13.21,0,Maharashtra,2020,8
Mumbai,2W,2.84,77.97,27.78,3,2,public_fast,29.66,1.44,3.75,9.07,rainy,0.184,middle,15.32,0,Maharashtra,2025,9
Mumbai,2W,2.76,81.63,36.41,3,3.33,home,308.34,1.29,5.98,10.17,extreme_heat,0.154,low,14.06,1,Maharashtra,2026,7
Mumbai,2W,2.09,80.76,11.91,1,4,public_slow,161.87,10.79,2.18,9.21,extreme_heat,0.152,high,10.67,1,Maharashtra,2025,12
Mumbai,2W,3.64,96.23,35.59,2,3,home,352.55,0.4,5.86,8.71,extreme_heat,0.388,low,18.56,0,Maharashtra,2023,1
Mumbai,2W,2.63,92.99,26.27,3,5,public_slow,146.37,1.82,4.22,9.98,clear,0.127,high,15.79,1,Maharashtra,2024,7
Mumbai,2W,3.33,101.83,10.12,2,1,home,323.92,4.03,1.44,8.21,rainy,0.26,high,17.96,0,Maharashtra,2021,5
Mumbai,2W,2.68,82.91,25.99,1,5,public_slow,154.14,3.44,5.13,7.96,extreme_heat,0.177,low,13.68,1,Maharashtra,2024,6
Mumbai,2W,3.51,94.87,50.5,1,2,public_fast,48.64,1.35,7.9,5.59,humid,0.244,middle,21.09,0,Maharashtra,2021,11
Mumbai,2W,2.91,86.57,13.41,2,2,public_fast,74.71,1.08,2.74,6.67,clear,0.229,low,17.44,0,Maharashtra,2023,4
Mumbai,2W,3.31,86.57,26.59,5,4,public_slow,160.75,1.99,5.16,9.26,extreme_heat,0.461,low,16.9,1,Maharashtra,2026,1
Mumbai,2W,2.26,81.95,5.69,4,2,public_fast,57.87,4.38,0.78,7.3,extreme_heat,0.668,middle,11.52,0,Maharashtra,2023,2
Mumbai,2W,2.8,91.19,16.95,2,2,home,438,2.86,2.41,5.83,clear,0.29,low,16.8,0,Maharashtra,2019,4
Mumbai,2W,3.59,76.38,33.69,3,3.33,public_fast,67.08,5.74,4.68,8.69,rainy,0.281,high,19.37,1,Maharashtra,2026,12
Mumbai,2W,3.18,89.19,5.35,3,4,public_fast,178.75,4.71,0.85,9.01,humid,0.418,middle,19.1,0,Maharashtra,2024,1
Mumbai,2W,2.79,101.51,19.42,2,3.33,public_slow,178.75,1.99,3.4,8.47,clear,0.159,middle,16.71,0,Maharashtra,2021,10
Mumbai,2W,2.5,78.3,43.69,3,4,public_fast,73.08,0.47,6.94,7.05,humid,0.319,low,14.99,0,Maharashtra,2024,8
Mumbai,2W,3.23,95.5,8.15,4,3,home,178.75,5.01,1.73,6.6,clear,0.356,low,19.37,0,Maharashtra,2021,8
Mumbai,2W,3.1,88.23,9.38,2,3,public_slow,165.84,2.57,1.42,8.02,clear,0.631,middle,18.62,0,Maharashtra,2024,5
Mumbai,2W,3.28,98.58,18.27,3,1,public_slow,136.91,11.28,4.43,6.38,humid,0.18,low,19.69,1,Maharashtra,2019,12
Mumbai,2W,3.48,95.15,29.84,4,1,public_slow,168.64,4.69,5.58,5.63,extreme_heat,0.584,low,17.72,1,Maharashtra,2020,3
Mumbai,2W,3.74,77.3,23.13,2,4,public_fast,22.25,0.11,3.58,8.05,extreme_heat,0.313,low,19.09,0,Maharashtra,2025,4
Mumbai,2W,2.7,83.8,13.14,2,7,public_slow,219.16,0.62,2.01,10.53,humid,0.136,low,16.21,1,Maharashtra,2026,11
Mumbai,2W,3.16,94.76,31.86,2,2,home,313.67,4.7,7.91,6.98,extreme_heat,0.265,middle,16.14,1,Maharashtra,2020,12
Mumbai,2W,2.81,82.75,35.99,3,3.33,public_slow,266.24,1.01,5.44,8.44,clear,0.057,middle,16.88,0,Maharashtra,2024,5
Mumbai,2W,2.42,89.19,1,2,6,public_fast,67.72,2.09,0.19,9.49,humid,0.29,high,14.49,0,Maharashtra,2026,1
Mumbai,2W,2.24,81.99,22.47,2,5,home,284.21,6.99,3.49,10.01,extreme_heat,0.47,low,11.42,1,Maharashtra,2023,8
Mumbai,2W,3.1,82.64,35.59,4,4,public_fast,92,0.02,5.9,7.74,clear,0.134,low,18.61,0,Maharashtra,2025,1
Mumbai,2W,3.4,96.42,24.23,1,1,home,287.12,1.79,5.13,7.87,humid,0.375,high,20.41,0,Maharashtra,2020,12
Mumbai,2W,3.38,93.52,34.28,3,2,public_fast,47.34,6.23,6.66,8.71,rainy,0.241,high,18.27,1,Maharashtra,2022,1
Mumbai,2W,2.27,84,15.43,3,3,home,346.77,1.14,2.81,7.61,extreme_heat,0.085,middle,11.57,0,Maharashtra,2022,2
Mumbai,2W,3.01,88.97,24.93,4,4,public_fast,58.36,1.44,3.72,8.37,extreme_heat,0.253,low,15.33,0,Maharashtra,2023,8
Mumbai,2W,2.99,78.05,23.69,3,5,public_fast,52.42,1.92,3.93,7.9,rainy,0.365,low,16.17,1,Maharashtra,2026,8
Mumbai,2W,2.68,95.11,30.28,4,2,public_slow,164.59,1.81,6,5.42,rainy,0.105,middle,14.45,0,Maharashtra,2019,5
Mumbai,2W,2.39,106.45,41.22,1,1,public_fast,79.4,0.53,6.24,5.99,humid,0.118,middle,14.31,0,Maharashtra,2019,6
Mumbai,2W,3.54,92.74,27.63,4,1,public_slow,238.62,2.16,3.81,7.52,extreme_heat,0.404,high,18.06,0,Maharashtra,2020,2
Mumbai,2W,2.37,83.54,28.07,2,6,public_slow,185.7,4.31,4.36,8.27,humid,0.065,high,14.2,1,Maharashtra,2022,2
Mumbai,2W,3.44,89.85,34.06,3,3,home,97.89,3.5,6.09,7.8,extreme_heat,0.297,middle,17.56,1,Maharashtra,2020,6
Mumbai,2W,3.7,97.22,25.75,3,2,home,362.98,2.91,4.03,6.81,extreme_heat,0.155,high,18.87,0,Maharashtra,2019,4
Mumbai,2W,2.54,82.02,24.73,3,7,public_fast,42.98,2.46,4.55,7.59,humid,0.148,low,15.24,1,Maharashtra,2024,8
Mumbai,2W,3.28,91.69,33.91,2,6,public_fast,38.91,6.05,6.59,11.15,extreme_heat,0.158,low,16.73,1,Maharashtra,2024,1
Mumbai,2W,2.59,106.68,14.44,3,1,public_fast,36.24,3.34,4.08,7.45,rainy,0.453,low,16.84,1,Maharashtra,2020,2
Mumbai,2W,3.29,87.71,47.65,2,3,home,299.97,0.06,6.65,8.45,clear,0.104,low,19.76,0,Maharashtra,2022,4
Mumbai,2W,2.6,109.22,45.79,2,1,public_slow,168.32,0.27,7.85,5.91,humid,0.398,high,15.6,0,Maharashtra,2019,7
Mumbai,2W,3.27,92.18,19.22,3,4,public_fast,53.99,3.33,3.83,7.98,humid,0.202,low,19.64,1,Maharashtra,2023,3
Mumbai,2W,3.39,99.17,1,4,1,home,185.1,0.93,0.24,7.96,humid,0.487,low,20.33,0,Maharashtra,2019,10
Mumbai,2W,2.44,102.43,48.72,4,1,public_slow,163.09,3.19,7.81,6.46,clear,0.194,low,14.64,1,Maharashtra,2021,3
Mumbai,2W,4.03,77.94,39.33,2,3.33,home,322.92,2.36,6.22,7.94,rainy,0.703,high,21.75,1,Maharashtra,2026,5
Mumbai,2W,3.21,102.39,47.89,3,3,public_fast,46.03,0.79,8.13,5.1,extreme_heat,0.205,middle,16.4,0,Maharashtra,2019,5
Mumbai,2W,3.22,77.72,43.11,1,4,public_fast,68.54,1.57,8.48,8.21,humid,0.176,high,19.31,0,Maharashtra,2025,12
Mumbai,2W,1.74,95.37,49.67,2,3,public_fast,65.57,0.18,8.93,6.43,clear,0.02,middle,10.42,0,Maharashtra,2022,3
Mumbai,2W,3.78,89.18,38.7,1,3,public_slow,204.28,0.58,5.52,10.45,humid,0.134,middle,22.7,0,Maharashtra,2024,7
Mumbai,2W,3.03,93.93,14.23,2,3,home,422.73,1.4,3.33,7.8,rainy,0.13,middle,16.38,0,Maharashtra,2021,3
Mumbai,2W,1.93,90.76,48.11,2,3,public_fast,35.16,2.23,6.85,10.63,humid,0.482,high,11.58,0,Maharashtra,2024,4
Mumbai,2W,3.18,86.21,25.48,4,4,public_fast,64.66,0.28,3.67,8.74,clear,0.303,high,19.11,0,Maharashtra,2025,11
Mumbai,2W,3.21,87.84,12.78,3,4,home,325,2.99,1.66,9.56,rainy,0.274,high,17.36,0,Maharashtra,2024,2
Pune,2W,3.41,91.48,21.32,5,4,home,246.63,3.17,3.5,8.18,extreme_heat,0.224,low,17.4,1,Maharashtra,2025,7
Pune,2W,1.26,92.65,43.08,3,2,public_fast,86.48,1.99,6.62,5.37,humid,0.053,high,7.56,0,Maharashtra,2020,5
Pune,2W,2.51,98.7,10.26,4,2,public_fast,71,1.68,1.73,6.03,humid,0.29,low,15.03,0,Maharashtra,2021,1
Pune,2W,3.7,93.79,25.16,3,2,public_fast,38.7,6.6,4.16,7.8,rainy,0.189,high,19.95,1,Maharashtra,2022,3
Pune,2W,2.82,101.43,28.45,1,4,public_fast,37.74,0.97,3.48,7.8,clear,0.513,low,16.94,0,Maharashtra,2020,2
Pune,2W,3.14,103.8,5.37,3,1,public_slow,187.35,3.46,0.86,8.3,extreme_heat,0.59,middle,16.01,0,Maharashtra,2020,7
Pune,2W,3.46,96.36,26.61,3,1,public_slow,179.52,0.14,7.93,5.25,humid,0.358,high,20.76,0,Maharashtra,2020,1
Pune,2W,2.69,84.79,50.52,1,2,public_fast,113.55,6.92,9.57,7.17,clear,0.244,low,16.16,1,Maharashtra,2023,12
Pune,2W,2.64,103.41,47.31,3,1,home,314.36,2.72,7.69,6.5,humid,0.511,middle,15.85,0,Maharashtra,2019,6
Pune,2W,3.88,86.86,30.84,2,4,public_fast,84.47,1.26,5.3,9.6,humid,0.153,low,23.28,0,Maharashtra,2024,3
Pune,2W,2.73,69.07,15.85,1,6,home,253.5,0.35,2.16,9.49,clear,0.257,middle,16.35,1,Maharashtra,2026,1
Pune,2W,2.7,96.17,26.18,4,1,public_fast,69.16,1.07,5.36,5.52,rainy,0.234,low,14.6,0,Maharashtra,2020,10
Pune,2W,2.88,89.04,20.6,3,3,public_fast,66.52,2,2.8,9.71,extreme_heat,0.504,low,14.7,0,Maharashtra,2024,10
Pune,2W,3.08,79.02,26.61,2,3,home,269.79,1,3.46,8.41,humid,0.211,low,18.49,0,Maharashtra,2024,8
Pune,2W,2.35,100.67,22.6,1,4,public_fast,111.68,1.91,3.44,10.14,extreme_heat,0.429,low,11.96,0,Maharashtra,2022,5
Pune,2W,3.42,97.73,20.19,5,2,home,279.65,0.37,2.37,4.86,humid,0.231,middle,20.54,0,Maharashtra,2020,7
Pune,2W,3.19,77.98,7.8,2,5,home,412.03,2.75,1.16,10.24,rainy,0.279,low,17.23,0,Maharashtra,2025,3
Pune,2W,2.72,89.19,28.14,4,3,public_slow,179.76,0.38,6.09,8.78,extreme_heat,0.156,low,13.86,0,Maharashtra,2023,3
Pune,2W,3.25,91.01,31.22,2,5,public_fast,54.3,3.88,4.74,7.64,humid,0.126,low,19.49,1,Maharashtra,2022,8
Pune,2W,3.69,74.74,32.13,3,6,public_fast,50.52,0.6,6.44,8.73,clear,0.587,high,22.12,1,Maharashtra,2026,10
Pune,2W,3.92,90.32,50.01,3,3,public_fast,42.61,1.19,7.41,9.21,humid,0.305,middle,23.5,0,Maharashtra,2021,5
Pune,2W,2.91,91.97,10.36,3,2,public_fast,53.98,4.08,2.09,7.41,clear,0.193,middle,17.45,0,Maharashtra,2020,6
Pune,2W,2.93,92,42.1,2,4,public_fast,160.71,0.28,7.06,10.34,rainy,0.493,middle,15.83,0,Maharashtra,2025,5
Pune,2W,3.17,93.72,19.26,3,2,home,342.96,1.95,3.2,7.21,rainy,0.27,middle,16.84,0,Maharashtra,2021,9
Pune,2W,2.87,91.17,29.03,3,2,home,371.81,0.35,4.6,6.9,clear,0.145,low,17.2,0,Maharashtra,2022,6
Pune,2W,3.04,79.24,12.09,2,4,public_slow,186.67,0.92,1.36,9.18,extreme_heat,0.257,low,15.51,0,Maharashtra,2023,6
Pune,2W,2.7,90.3,21.75,2,5,public_slow,215.81,4.49,4.36,7.1,rainy,0.349,middle,14.6,1,Maharashtra,2020,7
Pune,2W,3.48,78.84,25.79,3,4,public_fast,67.21,5.64,3.87,8.78,rainy,0.192,low,18.82,1,Maharashtra,2025,2
Pune,2W,3.23,89.19,40.9,2,1,public_fast,211.94,0.02,4.85,6.42,clear,0.132,middle,19.38,0,Maharashtra,2020,4
Pune,2W,2.17,90.96,23.24,1,4,public_fast,45.52,1.28,3,7.1,extreme_heat,0.139,low,11.09,0,Maharashtra,2023,10
Pune,2W,3.72,76.75,10.42,2,4,public_fast,44.88,0.69,1.87,9.22,extreme_heat,0.023,low,18.96,0,Maharashtra,2025,6
Pune,2W,2.47,101.92,21.45,2,3,public_slow,111.4,5.96,2.89,7.13,extreme_heat,0.199,low,12.6,1,Maharashtra,2020,11
Pune,2W,3.55,91.35,61.58,4,4,public_slow,154.26,1.65,9.49,7.09,humid,0.247,high,21.29,0,Maharashtra,2023,4
Pune,2W,3.54,89.33,26.61,2,1,public_slow,210.39,2.51,6.72,6.66,clear,0.454,low,21.25,0,Maharashtra,2022,4
Pune,2W,3.22,89.5,29.58,2,4,public_slow,181.6,0.06,4.57,5.91,clear,0.229,middle,19.34,0,Maharashtra,2026,1
Pune,2W,3.03,82.87,26.24,2,3,public_fast,90.04,2.04,3.65,8.91,rainy,0.704,middle,16.36,0,Maharashtra,2022,7
Pune,2W,2.99,78.69,26.04,3,5,public_fast,40.89,0.53,5.53,9.24,rainy,0.237,middle,16.15,1,Maharashtra,2026,3
Pune,2W,3.45,84.23,13.19,3,3,public_fast,65.01,3.65,2.37,10.67,extreme_heat,0.092,middle,17.57,1,Maharashtra,2024,10
Pune,2W,2.45,94.66,40.11,3,3,home,248.13,0.91,6.08,9.09,extreme_heat,0.387,middle,12.49,0,Maharashtra,2022,7
Pune,2W,3.43,106.38,62.11,3,2,home,237.13,0.88,7.73,5.67,extreme_heat,0.18,low,17.5,0,Maharashtra,2019,4
Pune,2W,2.89,89.67,22.43,3,3,public_slow,111.63,5.29,3.46,8.39,extreme_heat,0.146,high,16.84,1,Maharashtra,2023,11
Pune,2W,2.44,82.48,40.79,3,1,home,314.84,0.88,5.66,8.39,rainy,0.05,low,13.17,0,Maharashtra,2022,1
Pune,2W,2.98,94.05,29.97,2,1,public_slow,138.97,0.14,4.75,4.44,extreme_heat,0.727,high,17.85,0,Maharashtra,2020,10
Pune,2W,2.76,89.19,34.6,3,3,public_slow,164.27,1.99,5.3,4.91,humid,0.308,high,16.57,0,Maharashtra,2020,5
Pune,2W,3.68,81.28,31.28,2,4,home,355.38,3.33,4.88,7.8,humid,0.242,low,22.07,1,Maharashtra,2025,6
Pune,2W,2.65,86.89,28.36,3,2,public_fast,81.94,2.17,3.41,8.88,rainy,0.175,middle,14.29,0,Maharashtra,2022,6
Pune,2W,2.38,86.44,25.72,1,4,public_slow,260.21,8.27,4.83,7.79,humid,0.511,low,14.27,1,Maharashtra,2023,8
Pune,2W,3.04,96.28,8.54,3,2,public_slow,200.1,1.47,2.42,8.71,rainy,0.29,middle,16.41,0,Maharashtra,2022,1
Pune,2W,2.55,85.48,2.65,2,3,public_fast,83.23,7.24,0.39,7.32,clear,0.054,middle,15.32,0,Maharashtra,2022,3
Pune,2W,3.04,85.22,47.7,5,5,public_slow,178.75,0.27,6.86,9.37,clear,0.137,low,18.26,1,Maharashtra,2024,2
Pune,2W,3.28,95.46,22.67,3,2,public_fast,18.98,3.79,3.14,7.45,extreme_heat,0.176,low,16.74,1,Maharashtra,2020,3
Pune,2W,2.84,90.89,14.72,3,3,home,247.73,3.37,2.23,7.48,extreme_heat,0.425,low,14.49,1,Maharashtra,2022,8
Pune,2W,2.56,90.45,31.28,4,1,public_slow,178.75,0.56,4.88,5.24,extreme_heat,0.325,high,13.08,0,Maharashtra,2020,12
Pune,2W,2.54,95.33,1,3,2,public_fast,45.62,3.71,0.16,6.24,extreme_heat,0.313,middle,12.98,0,Maharashtra,2020,11
Pune,2W,2.77,90.59,5.65,6,6,public_slow,149.41,4.49,0.98,7.2,rainy,0.325,middle,14.98,1,Maharashtra,2025,7
Pune,2W,3.29,102.19,16.34,2,1,home,497.27,1.26,2.25,5.86,humid,0.207,high,16.84,0,Maharashtra,2019,9
Pune,2W,3.31,91.85,46.14,2,5,public_slow,191.02,0.93,1.95,9.41,clear,0.192,middle,19.88,1,Maharashtra,2024,7
Pune,2W,2.87,84.34,29.59,3,3,public_slow,178.75,0.27,5.82,9.11,extreme_heat,0.377,middle,14.63,0,Maharashtra,2023,1
Pune,2W,2.69,79.52,26.11,2,7,public_fast,66.02,0.62,5.16,7.8,rainy,0.096,low,14.55,1,Maharashtra,2025,7
Pune,2W,2.54,99.85,37.96,3,4,public_fast,46.04,1.83,7.33,6.84,rainy,0.084,low,13.7,0,Maharashtra,2020,12
Pune,2W,2.77,86.18,23.47,4,3,public_fast,84.01,2.24,3.68,8.71,rainy,0.047,high,14.96,0,Maharashtra,2024,3
Pune,2W,3.09,88.66,41.99,3,4,public_slow,158.51,2.99,7.86,8.28,clear,0.243,middle,18.55,0,Maharashtra,2022,11
Pune,2W,2.2,84.57,7.49,2,3,public_fast,54.31,0.4,1.43,5.23,rainy,0.548,low,11.87,0,Maharashtra,2022,1
Pune,2W,2.2,81.62,26.61,2,5,public_slow,120.19,4.39,5.75,9.51,humid,0.3,middle,13.23,1,Maharashtra,2026,2
Pune,2W,2.38,92.96,51.36,3,4,public_slow,135.03,0.38,11.33,5.96,rainy,0.29,middle,12.86,0,Maharashtra,2022,12
Pune,2W,3.79,83.19,57.5,1,4,home,298.82,3.38,8.48,8.63,clear,0.074,low,22.74,1,Maharashtra,2025,6
Pune,2W,3.08,95.9,48.03,3,4,public_slow,214.58,0.98,9.17,4.84,extreme_heat,0.423,middle,15.73,0,Maharashtra,2021,3
Pune,2W,3.49,71.81,9.16,2,5,home,319.78,0.67,1.6,8.09,extreme_heat,0.277,high,20.93,1,Maharashtra,2025,2
Pune,2W,3.23,91.77,1,2,2,public_fast,80.1,1.22,0.19,7.8,humid,0.212,low,19.36,0,Maharashtra,2023,12
Pune,2W,2.8,67.44,3.33,2,5,public_slow,260.77,1.22,0.59,9.9,rainy,0.777,low,15.12,1,Maharashtra,2026,1
Pune,2W,2.61,103.04,28.67,1,3,home,246.07,1.44,5.06,3.55,extreme_heat,0.186,low,13.3,0,Maharashtra,2020,1
Pune,2W,2.24,87.55,45.23,4,1,home,200.52,0.92,7.17,4.75,rainy,0.507,high,12.12,0,Maharashtra,2020,8
Pune,2W,3.23,90.21,22.33,1,2,public_fast,41.65,0.1,4.11,9.42,rainy,0.458,low,17.47,0,Maharashtra,2023,12
Pune,2W,3,92.96,1,2,4,public_slow,162.41,0.15,0.25,7.64,clear,0.091,middle,17.47,0,Maharashtra,2020,5
Pune,2W,2.93,91.15,2.42,2,4,home,337.64,1.26,0.36,8.06,rainy,0.132,middle,15.8,0,Maharashtra,2022,4
Pune,2W,2.63,90.63,20.8,2,3,home,255.1,1.06,3.05,6.22,extreme_heat,0.146,high,13.39,0,Maharashtra,2022,5
Pune,2W,2.74,80.75,11.22,2,3.33,public_slow,180.53,1.25,2.07,7.8,humid,0.686,high,16.43,0,Maharashtra,2022,2
Pune,2W,3.41,85.26,37.45,2,4,home,269.55,1.54,6.82,10.12,extreme_heat,0.312,middle,17.38,0,Maharashtra,2025,7
Pune,2W,2.49,93.09,10.14,2,3,public_fast,77.75,0.52,4.36,8.03,humid,0.026,high,14.93,0,Maharashtra,2023,10
Pune,2W,3.03,79.49,18.07,4,3,home,181.69,1.84,3.09,10.18,extreme_heat,0.047,high,15.44,0,Maharashtra,2025,1
Pune,2W,2.96,94.44,21.85,3,1,public_fast,67.81,1.1,4.36,7.58,rainy,0.093,middle,16.01,0,Maharashtra,2020,8
Pune,2W,3.85,88.15,3.69,2,4,home,343.63,5.92,0.55,10.01,clear,0.595,low,23.1,0,Maharashtra,2024,7
Pune,2W,2.97,99.77,17.65,4,3,public_slow,228.34,0.14,2.65,6.23,clear,0.128,high,17.84,0,Maharashtra,2021,6
Pune,2W,3.56,74.46,38.63,2,5,public_fast,221.15,0.08,6.86,8.57,rainy,0.057,middle,19.22,0,Maharashtra,2025,7
Pune,2W,3.24,86.92,16.97,2,3,public_fast,100.72,4.85,3.2,7.58,extreme_heat,0.097,low,16.51,1,Maharashtra,2023,4
Pune,2W,2.98,86.58,45.14,3,4,public_slow,135.7,2.97,7.28,8.38,clear,0.399,middle,17.9,0,Maharashtra,2023,3
Pune,2W,3.47,89.19,33.86,3,5,home,244.08,0.6,4.59,10.71,humid,0.275,high,20.84,1,Maharashtra,2026,6
Pune,2W,3.26,82.2,49.84,2,5,public_slow,181.88,7.83,7.21,10.42,rainy,0.177,low,17.6,1,Maharashtra,2023,11
Pune,2W,2.27,92.81,36.09,3,4,public_fast,58.75,5.65,6.37,7.8,clear,0.336,low,13.65,1,Maharashtra,2023,9
Pune,2W,2.79,97.53,27.33,3,3.33,public_fast,40.62,5.13,4.35,5,humid,0.092,low,16.72,1,Maharashtra,2021,7
Pune,2W,3.04,78.82,30.18,5,5,public_slow,212.86,1.03,5.32,8.42,humid,0.192,middle,18.22,1,Maharashtra,2026,8
Pune,2W,2.63,96.77,26.61,1,3,public_fast,18.48,1.96,4.4,5.46,clear,0.133,low,15.76,0,Maharashtra,2020,8
Pune,2W,2.71,90.86,40.58,1,4,public_fast,70.35,0.91,6.73,9.14,humid,0.361,low,16.23,0,Maharashtra,2024,7
Pune,2W,3.19,90.41,16,2.52,2,public_fast,37.4,1.28,2.43,6.96,extreme_heat,0.137,low,16.27,0,Maharashtra,2021,10
Pune,2W,3.17,81.25,30.43,2,4,home,282.6,6.9,4.55,7.54,clear,0.243,middle,18.99,1,Maharashtra,2025,3
Pune,2W,4.1,82.57,8.73,1,4,public_fast,70.26,0.36,1.93,8.28,extreme_heat,0.09,middle,20.93,0,Maharashtra,2022,5
Pune,2W,2.86,100.48,49.04,2.52,1,public_fast,65.18,2.75,7.87,6.6,rainy,0.083,high,15.46,0,Maharashtra,2019,12
Pune,2W,3.05,85.84,28.45,2,4,public_slow,193.78,1.81,7.4,10.69,clear,0.405,middle,18.27,0,Maharashtra,2024,9
Pune,2W,2.57,79.12,4.62,3,7,public_fast,269.89,4.63,0.71,8.32,extreme_heat,0.29,low,13.1,1,Maharashtra,2025,10
Pune,2W,2.39,79.43,20.83,2,7,home,246.92,1.16,3,8.88,rainy,0.205,high,12.9,1,Maharashtra,2025,9
Pune,2W,3.28,85.68,29.44,2,3,home,282.66,1.83,5.07,7.13,extreme_heat,0.126,low,16.75,0,Maharashtra,2021,5
Pune,2W,2.71,74.79,51.13,2,5,public_slow,178.54,1.49,8.54,10.05,clear,0.167,high,16.23,1,Maharashtra,2026,10
Pune,2W,2.96,84.3,2.25,4,2,public_fast,96.42,0.5,0.38,9.71,clear,0.207,low,17.79,0,Maharashtra,2026,1
Pune,2W,2.24,83.26,23.92,1,1,home,234.84,1.28,4.93,7.69,clear,0.513,low,13.43,0,Maharashtra,2024,12
Pune,2W,3,83.97,14.68,2,4,public_slow,140.9,0.93,2.05,7.79,clear,0.644,low,17.87,0,Maharashtra,2025,9
Pune,2W,4.7,89.46,26.37,2,5,public_fast,65.73,0.63,3.73,6.41,clear,0.252,middle,28.22,1,Maharashtra,2022,5
Pune,2W,3.76,85.49,9.69,3,2,public_fast,42.67,0.85,1.65,8.2,extreme_heat,0.32,high,19.2,0,Maharashtra,2023,1
Pune,2W,2.28,95.72,38.86,4,1,public_slow,178.75,0.12,5.98,4.48,extreme_heat,0.121,low,11.63,0,Maharashtra,2020,2
Pune,2W,2.44,83.09,16.77,3,4,home,300.18,1.12,3.22,6.46,rainy,0.28,high,13.19,0,Maharashtra,2022,5
Pune,2W,3,79.53,45.88,2,6,public_slow,248.09,1.01,6.22,10.66,rainy,0.199,low,18.87,1,Maharashtra,2026,11
Pune,2W,2.31,100.54,36.36,2,3.33,home,178.75,0.91,4.59,7.57,humid,0.29,low,13.86,0,Maharashtra,2020,6
Pune,2W,3.54,91.92,55.07,3,4,home,387.16,0.7,11.28,8.1,extreme_heat,0.29,low,18.03,0,Maharashtra,2023,4
Pune,2W,2.33,85.71,16.82,4,5,public_fast,38.94,1.9,2.22,8.73,humid,0.504,low,13.97,1,Maharashtra,2026,8
Pune,2W,2.62,85.1,29.03,2,4,home,322.01,0.32,4.33,6.27,rainy,0.324,middle,14.15,0,Maharashtra,2021,8
Pune,2W,3.61,98.98,35.49,3,2,public_slow,180.65,0.44,6.26,7.34,extreme_heat,0.29,middle,18.42,0,Maharashtra,2020,5
Pune,2W,2.8,104.08,24.96,2,1,home,242.53,5.96,3.6,7.8,extreme_heat,0.317,middle,14.3,1,Maharashtra,2020,3
Pune,2W,3.07,75.76,22.48,1,4,public_slow,171.74,2.38,4.07,8.85,rainy,0.29,low,16.58,0,Maharashtra,2025,2
Pune,2W,3.2,78.89,54.08,4,3,public_slow,168.55,3.31,8.72,9.07,clear,0.216,low,19.21,1,Maharashtra,2026,6
Pune,2W,3.5,77,13.8,3,3,public_fast,41.27,1.58,2.04,8.55,humid,0.352,middle,20.97,0,Maharashtra,2026,10
Pune,2W,2.88,90.69,41.11,1,1,home,382.88,0.16,8.62,9.39,rainy,0.088,middle,15.56,0,Maharashtra,2021,4
Pune,2W,2.96,94.2,23.46,2,3,home,228.46,1.06,3.59,6.09,extreme_heat,0.287,middle,15.09,0,Maharashtra,2020,1
Pune,2W,2.75,74.58,39.69,3,4,public_slow,184.29,1.99,8.86,8.62,extreme_heat,0.264,middle,14.05,1,Maharashtra,2026,9
Pune,2W,3.12,90.98,46.28,3,1,home,277.18,3.42,8.3,8.21,humid,0.269,middle,18.72,1,Maharashtra,2022,5
Pune,2W,2.81,84.71,45.35,3,5,public_fast,243.51,3.84,7.86,9.42,clear,0.504,middle,16.87,1,Maharashtra,2026,7
Pune,2W,3.34,98.56,15.99,2,2,public_slow,137.13,2.65,2.92,7.35,humid,0.298,middle,20.03,0,Maharashtra,2020,12
Pune,2W,3.57,95.28,42.07,3,2,public_fast,255.8,2.34,8.85,6.46,rainy,0.205,middle,19.28,0,Maharashtra,2020,10
Pune,2W,3.31,78.48,34.76,2,5,public_slow,169.16,0.48,4.7,10.16,clear,0.191,low,19.85,1,Maharashtra,2025,7
Pune,2W,2.52,90.45,17.53,3,3.33,home,313.38,3.56,4.36,7.57,extreme_heat,0.208,low,12.85,1,Maharashtra,2021,3
Pune,2W,3.55,97.94,23.4,2,4,public_slow,249.4,0.83,3.08,7.49,extreme_heat,0.122,middle,18.12,0,Maharashtra,2021,1
Pune,2W,3,76.21,21.43,1,3,public_fast,35.86,3.53,4.03,9.08,rainy,0.242,middle,16.22,1,Maharashtra,2024,12
Pune,2W,3.03,94.83,34.38,1,2,public_fast,111.74,0.34,5.1,8.33,extreme_heat,0.285,low,15.44,0,Maharashtra,2021,5
Pune,2W,2.77,93.86,97.46,4,1,public_fast,178.75,2.19,4.52,4.12,rainy,0.297,low,14.96,0,Maharashtra,2020,8
Pune,2W,2.71,95.61,19.82,4,1,public_slow,170.21,0.38,2.54,6.72,rainy,0.097,low,14.64,0,Maharashtra,2020,7
Pune,2W,2.72,84.43,8.08,3,5,public_slow,185.94,2.15,1.72,9.38,humid,0.109,high,16.35,0,Maharashtra,2025,11
Pune,2W,2.83,67.51,29.25,3,4,home,337.78,0.51,4.43,9.41,clear,0.221,middle,16.97,1,Maharashtra,2026,6
Pune,2W,3.43,94.28,62.37,1,1,public_fast,309.78,0.46,10.73,5.83,humid,0.264,middle,20.56,0,Maharashtra,2021,12
Pune,2W,3.59,104.92,25.68,1,1,public_fast,70.26,5.77,4.95,6.69,humid,0.167,middle,21.52,1,Maharashtra,2020,6
Pune,2W,3.41,87.14,18.61,4,5,home,278.4,0.14,4.54,8.75,extreme_heat,0.193,low,17.37,1,Maharashtra,2023,11
Pune,2W,3.5,88.71,9,1,6,public_fast,55.31,0.26,1.75,7.92,clear,0.258,middle,21.02,0,Maharashtra,2025,11
Pune,2W,3.12,99.28,44.61,3,3,public_slow,200.68,0.93,6.05,7.1,clear,0.385,low,18.75,0,Maharashtra,2021,4
Pune,2W,2.68,81.63,1.86,4,6,public_slow,163.91,1.22,0.32,10.49,extreme_heat,0.559,low,13.68,0,Maharashtra,2026,4
Pune,2W,2.67,83.16,25.03,3,6,public_slow,74.86,1.96,2.9,8.08,extreme_heat,0.583,middle,13.6,1,Maharashtra,2025,12
Pune,2W,2.88,94.92,29.52,2,4,home,227.98,0.23,5.27,8.66,clear,0.206,middle,17.26,0,Maharashtra,2023,4
Pune,2W,2.6,99.73,1,4,2,home,176.46,1.37,0.16,7.31,clear,0.054,middle,15.6,0,Maharashtra,2019,4
Pune,2W,2.05,88.38,2.31,3,3,public_slow,154.07,2.21,0.33,6.04,humid,0.396,middle,12.27,0,Maharashtra,2023,4
Pune,2W,2.75,86.71,2.07,3,3,public_fast,73.87,1.1,0.4,7.35,humid,0.648,middle,16.84,0,Maharashtra,2022,7
Pune,2W,3.3,97.78,12.16,3,2,public_fast,86.1,0.72,1.79,6.58,rainy,0.228,low,17.8,0,Maharashtra,2020,9
Pune,2W,2.94,90.22,38.93,4,4,public_slow,230.62,1.8,6.62,6.49,humid,0.48,low,17.62,0,Maharashtra,2024,7
Pune,2W,3.16,86.88,18.34,3,3,home,338.47,3.11,3.06,8.95,extreme_heat,0.401,high,16.13,1,Maharashtra,2024,8
Pune,2W,2.81,92.89,1,3,3,home,270.5,0.8,0.2,6.37,rainy,0.367,low,15.15,0,Maharashtra,2020,6
Pune,2W,3.5,106.85,24.56,5,2,home,245.77,2.26,4.96,7.68,extreme_heat,0.154,middle,17.86,0,Maharashtra,2019,10
Pune,2W,3.22,96.01,20.59,1,2,home,423.18,1.3,2.78,6.38,rainy,0.115,high,17.39,0,Maharashtra,2021,7
Pune,2W,3.6,97.14,32.6,2,3,public_fast,66.78,0.48,5.96,5.6,clear,0.512,middle,21.6,0,Maharashtra,2019,4
Pune,2W,2.63,81.22,26.31,3,4,public_fast,44.6,0.15,4.29,9.62,humid,0.266,high,15.77,0,Maharashtra,2024,10
Pune,2W,1.76,88.88,32.34,2,3,home,267.47,1.64,6.79,6.66,rainy,0.019,low,9.52,0,Maharashtra,2023,1
Pune,2W,3.07,92.71,10.56,2,1,home,254.7,5.23,1.88,7.25,rainy,0.313,middle,16.56,0,Maharashtra,2019,5
Pune,2W,3.37,92.8,21.62,2,3,public_slow,214.28,0.61,3.19,8.81,humid,0.357,low,20.24,0,Maharashtra,2022,2
Pune,2W,3.19,74.8,30.03,3,3,home,330.61,4.34,4.28,9.12,humid,0.087,high,19.17,1,Maharashtra,2025,3
Pune,2W,2.72,87.41,17.87,1,3.33,home,298.44,1.63,3.16,6.05,rainy,0.36,high,14.67,0,Maharashtra,2021,11
Pune,2W,2.15,94.32,19.89,3,2,home,277.92,1.94,2.89,6.03,rainy,0.615,low,11.61,0,Maharashtra,2021,10
Pune,2W,3.8,77.65,18.74,2,6,home,318.62,8.36,4.36,11.05,extreme_heat,0.092,low,19.37,1,Maharashtra,2026,12
Pune,2W,2.99,87.61,23.89,3,4,public_fast,34.51,1.56,4.02,8.37,humid,0.08,low,17.97,0,Maharashtra,2025,11
Pune,2W,3.77,77.22,15.69,4,6,public_slow,180.64,0.56,2.76,9.59,extreme_heat,0.433,high,19.21,1,Maharashtra,2026,7
Pune,2W,3.28,90.62,21.24,2,4,public_slow,165.56,0.25,3.72,7.89,humid,0.278,high,19.66,0,Maharashtra,2023,11
Pune,2W,3.29,98.7,48.94,2,2,public_fast,81.72,0.55,8.75,7.1,rainy,0.118,low,17.78,0,Maharashtra,2021,10
Pune,2W,2.69,94.64,17.17,2,4,public_slow,142.75,0.38,2.92,9.63,clear,0.431,middle,16.13,0,Maharashtra,2022,9
Pune,2W,3.8,85.42,57.71,3,5,home,274.15,3.35,8.63,9.41,clear,0.211,low,22.81,1,Maharashtra,2024,9
Pune,2W,4.15,88.6,31.33,3,1,public_fast,85.09,0.78,3.93,5.02,extreme_heat,0.123,low,24.9,0,Maharashtra,2021,10
Pune,2W,3.08,75.57,31.09,2.52,5,public_slow,105.85,7.05,4.85,7.31,humid,0.755,middle,18.48,1,Maharashtra,2024,10
Pune,2W,2.43,96,14.25,2.52,1,public_fast,49.77,1.3,1.95,8.01,humid,0.055,middle,14.56,0,Maharashtra,2022,12
Pune,2W,2.66,105.49,27.58,2,2,public_slow,169.72,12.17,3.94,6.79,clear,0.179,low,15.99,1,Maharashtra,2020,7
Pune,2W,2.29,80.25,26.61,4,6,public_fast,69.14,6.9,3.37,9.73,rainy,0.708,low,12.37,1,Maharashtra,2026,3
Pune,2W,3.48,96.6,10.01,2,2,public_slow,144.48,0.11,1.51,7.24,extreme_heat,0.099,middle,17.75,0,Maharashtra,2021,12
Pune,2W,2.86,91.43,13.14,2,3,public_slow,142.17,2.14,4.36,9.71,rainy,0.346,middle,15.44,0,Maharashtra,2025,7
Pune,2W,3.66,94.75,33.43,3,2,public_slow,188.05,0.02,5.83,6.11,rainy,0.119,low,19.77,0,Maharashtra,2021,3
Pune,2W,3.3,96.39,40.11,2,2,public_fast,73.71,1.43,5.51,8.53,rainy,0.328,middle,16.84,0,Maharashtra,2021,7
Pune,2W,2.95,94.65,20.55,3,2,home,316.66,1.47,3.03,6.24,clear,0.382,middle,17.69,0,Maharashtra,2019,6
Pune,2W,2.49,93.51,13.76,2,2,home,184.15,3.87,1.98,8.5,humid,0.284,high,14.91,1,Maharashtra,2021,12
Pune,2W,4.11,98.5,1,2,2,public_fast,56.6,0.14,0.2,7.8,rainy,0.243,low,22.22,0,Maharashtra,2019,7
Pune,2W,2.56,95.68,39.85,2,3,public_slow,204.41,12.01,6.36,9.59,humid,0.212,middle,16.84,1,Maharashtra,2022,8
Pune,2W,1.65,90.19,35.87,2,2,home,316.91,3.63,5.84,7.21,humid,0.625,high,9.93,1,Maharashtra,2023,4
Pune,2W,2.57,87.96,34.26,1,4,public_slow,175.78,0,8.02,6.74,extreme_heat,0.166,low,13.11,0,Maharashtra,2022,1
Pune,2W,2.5,73.16,30.17,2,5,home,221.3,6.19,4.96,8.98,rainy,0.229,low,13.51,1,Maharashtra,2026,4
Pune,2W,2.89,100.74,7.95,5,2,home,331.1,2.33,1.16,4.42,extreme_heat,0.531,middle,14.73,0,Maharashtra,2020,11
Pune,2W,2.87,83.41,18.45,1,1,public_fast,53.58,0.15,2.87,8.37,clear,0.191,high,17.23,0,Maharashtra,2023,6
Pune,2W,2.67,79.93,32.76,2,4,public_fast,68.65,0.39,4.98,10.05,clear,0.31,middle,16.03,0,Maharashtra,2025,8
Pune,2W,3,100.97,44.76,3,3.33,public_fast,38.38,1.99,9.84,6.53,humid,0.218,low,14.21,0,Maharashtra,2019,10
Pune,2W,3.28,96.96,25.2,3,2,public_slow,185.67,0.66,3.9,6.44,rainy,0.17,low,17.7,0,Maharashtra,2020,8
Pune,2W,2.07,90.36,3.54,1,3,home,296.98,0.97,0.93,9.62,clear,0.183,low,12.42,0,Maharashtra,2023,12
Pune,2W,4.07,85.73,44.17,1,2,public_fast,66.87,0.23,7.75,7.67,extreme_heat,0.386,middle,20.73,0,Maharashtra,2022,1
Pune,2W,2.97,88.97,19.01,3,4,public_fast,77.1,1.99,3.82,6.65,humid,0.343,low,17.81,0,Maharashtra,2021,9
Pune,2W,2.89,82.8,29.45,3,2,public_fast,62.75,1.94,5.39,7.01,rainy,0.235,low,15.63,0,Maharashtra,2023,4
Pune,2W,2.75,103.51,26.61,3,3.33,public_fast,67.02,1.84,7.15,7.18,rainy,0.114,high,14.85,0,Maharashtra,2020,5
Pune,2W,2.83,83.15,26.61,3,5,home,292.28,3.69,6.94,9.69,extreme_heat,0.484,middle,14.45,1,Maharashtra,2025,3
Pune,2W,3.21,81.84,17.94,2,6,public_slow,156.31,0.81,3.18,9.42,extreme_heat,0.271,middle,16.35,1,Maharashtra,2025,12
Pune,2W,3.61,81.08,28.63,2,4,home,311.44,1.99,4.46,8.21,extreme_heat,0.344,middle,18.39,0,Maharashtra,2024,11
Pune,2W,2.9,87.79,22.6,3,3,public_slow,255.25,1.82,3.75,8.85,extreme_heat,0.462,middle,14.8,0,Maharashtra,2023,11
Pune,2W,2.81,96.08,10,3,3,public_slow,197.83,2.17,1.66,6.15,extreme_heat,0.344,high,14.33,0,Maharashtra,2021,6
Pune,2W,2.45,92.22,16.88,2,3,public_slow,169.27,0.07,2.92,6.17,extreme_heat,0.43,low,13.23,0,Maharashtra,2022,1
Pune,2W,3,83.2,13.99,2,3,public_slow,199.95,0.32,2.9,9.39,humid,0.293,low,17.99,0,Maharashtra,2025,9
Pune,2W,3.48,96.6,31.19,1,1,public_fast,62.95,3.27,4.64,7.71,extreme_heat,0.087,low,17.74,1,Maharashtra,2022,6
Pune,2W,3.16,91.38,16.24,2,3,public_slow,144.83,1.3,2.33,9.32,clear,0.361,middle,18.94,0,Maharashtra,2023,7
Pune,2W,3.01,89.19,35.95,2,3,home,281.24,3.66,4.36,7.55,rainy,0.324,high,16.24,1,Maharashtra,2024,8
Pune,2W,3.03,104.37,38.96,2,2,public_fast,25.27,0.82,6.41,5.02,humid,0.492,middle,18.17,0,Maharashtra,2019,3
Pune,2W,2.41,94.61,22.04,2,2,home,274.62,1.51,3.84,6.16,rainy,0.29,middle,13.01,0,Maharashtra,2021,6
Pune,2W,2.45,80.42,23.35,4,3,public_fast,99.91,0.41,4.76,9.68,extreme_heat,0.377,high,12.49,0,Maharashtra,2026,10
Pune,2W,2.63,82.15,21.79,3,4,public_slow,283.69,1.95,2.79,9.67,clear,0.532,high,15.76,0,Maharashtra,2026,5
Pune,2W,2.98,80.17,16.56,2,6,public_fast,92.77,3.1,2.53,8.7,extreme_heat,0.29,middle,17.87,1,Maharashtra,2025,12
Pune,2W,3.63,93.37,24.89,3,3,home,329.93,4.03,3.56,7.31,extreme_heat,0.499,low,18.53,1,Maharashtra,2023,6
Pune,2W,2.85,87.68,30.25,3,2,public_fast,62.52,0.28,3.9,5.56,clear,0.506,low,17.08,0,Maharashtra,2020,11
Pune,2W,2.99,77.22,16,2,7,public_slow,186.7,2.27,1.09,8.85,humid,0.131,low,17.96,1,Maharashtra,2026,8
Pune,2W,3.24,88.19,28.39,3,3,public_slow,214.03,1.52,4.88,5.59,humid,0.235,middle,19.42,0,Maharashtra,2023,1
Pune,2W,2.74,77.08,41.51,3,6,public_fast,86.28,2.77,9.02,8.81,extreme_heat,0.214,low,13.99,1,Maharashtra,2025,2
Pune,2W,3.21,87.82,1,1,4,public_slow,117.99,1.47,0.17,7.86,humid,0.682,middle,19.28,0,Maharashtra,2022,4
Pune,2W,2.78,91.33,18.73,5,3,home,227.96,5.84,2.56,8.12,extreme_heat,0.24,high,14.16,0,Maharashtra,2021,4
Pune,2W,2.88,78.84,29.7,2,5,public_fast,65.51,0.37,3.9,7.8,rainy,0.213,high,15.54,1,Maharashtra,2024,12
Pune,2W,2.84,104.89,34.45,2,2,public_fast,233.04,0.28,5.9,7.14,rainy,0.532,low,15.36,0,Maharashtra,2019,5
Pune,2W,3.06,82.68,33.16,4,6,public_fast,35.14,1.85,4.88,7.28,rainy,0.309,low,16.53,1,Maharashtra,2024,12
Pune,2W,3.02,80.61,41.1,4,3,home,363.96,3.83,7.66,8.73,clear,0.295,low,18.11,1,Maharashtra,2023,7
Pune,2W,2.67,93.99,49.82,3,3.33,public_fast,71.53,0.72,8.12,7.57,rainy,0.553,middle,14.4,0,Maharashtra,2020,7
Pune,2W,2.44,94.55,32.81,3,3,home,369.31,0.65,3.87,6.23,humid,0.326,high,14.64,0,Maharashtra,2019,4
Pune,2W,3.14,81.86,35.85,2.52,5,public_fast,70.7,1.87,4.68,8,humid,0.549,low,18.83,1,Maharashtra,2026,6
Pune,2W,2.5,87.6,35.83,3,4,home,352.14,1.99,6.3,9.3,rainy,0.462,low,13.51,0,Maharashtra,2024,1
Pune,2W,3.84,96.95,34.15,4,3,public_slow,107.48,1.99,4.87,6.39,humid,0.232,high,23.06,0,Maharashtra,2020,8
Pune,2W,4.77,102.64,45.88,3,3,home,385.98,0.52,7.51,6.25,humid,0.802,middle,28.61,0,Maharashtra,2023,7
Pune,2W,3.07,79.14,19.75,2.52,5,home,244.29,1.38,5.32,10.37,extreme_heat,0.456,low,15.64,1,Maharashtra,2026,4
Pune,2W,2.82,106.37,12.81,2,3,home,284.25,0.62,2.12,7.76,rainy,0.475,high,15.24,0,Maharashtra,2019,10
Pune,2W,2.65,82.71,23.49,1,4,public_fast,82.41,1.12,5.52,6.61,rainy,0.47,middle,14.33,0,Maharashtra,2023,9
Pune,2W,2.39,101.2,19.33,4,1,public_fast,65.8,0.63,2.82,6.76,rainy,0.347,high,12.91,0,Maharashtra,2019,6
Pune,2W,3.48,98.68,49.05,2,3,public_fast,58.41,1.19,6.49,7.71,rainy,0.098,middle,18.78,0,Maharashtra,2022,5
Pune,2W,3.73,77.77,12.15,1,7,public_slow,184.79,1.29,1.87,7.8,extreme_heat,0.418,low,19.05,0,Maharashtra,2026,5
Pune,2W,2.82,92.51,12.44,4,1,public_fast,76.41,2.63,2.32,8,extreme_heat,0.14,low,14.39,0,Maharashtra,2021,7
Pune,2W,3.21,103.09,39.24,4,2,public_fast,55.79,0.82,7.41,5.19,clear,0.129,middle,19.25,0,Maharashtra,2019,10
Pune,2W,2.37,77.72,26.44,3,3,public_fast,52.33,4.3,4.01,7.3,extreme_heat,0.252,middle,12.1,1,Maharashtra,2026,1
Pune,2W,3.72,105.15,3.79,3,1,home,309.74,10.39,0.42,6.72,extreme_heat,0.265,low,18.98,0,Maharashtra,2019,7
Pune,2W,3.27,95.82,31.04,5,4,home,248.56,0.66,4.34,8.36,clear,0.242,middle,19.62,0,Maharashtra,2023,7
Pune,2W,2.36,103.64,36.2,4,2,home,408.83,1.15,8.57,6.87,extreme_heat,0.345,low,12.03,0,Maharashtra,2020,5
Pune,2W,3.04,95.6,30.25,2,2,home,178.75,0.1,4.09,6.89,rainy,0.392,middle,16.4,0,Maharashtra,2021,7
Pune,2W,4.04,86.57,46.31,4,5,home,282.33,1.22,10.9,8.7,humid,0.43,middle,24.25,1,Maharashtra,2026,1
Pune,2W,3.4,94.46,17.46,2,3,home,264.83,1.08,3.42,6.03,rainy,0.375,low,18.35,0,Maharashtra,2019,8
Pune,2W,3.41,88.61,36.57,3,4,public_fast,83.37,1.13,5.55,8.2,extreme_heat,0.043,low,17.39,0,Maharashtra,2025,3
Pune,2W,2.83,106.63,41.11,1,3,public_fast,44.2,1.27,5.08,5.9,extreme_heat,0.1,low,14.43,0,Maharashtra,2019,8
Pune,2W,3.39,90.82,45.09,2,3,home,184.99,1.43,7.66,8.09,extreme_heat,0.548,high,17.28,0,Maharashtra,2024,3
Pune,2W,3.15,103.01,6.76,3,1,public_fast,36.73,2.17,0.97,5.66,extreme_heat,0.169,low,16.05,0,Maharashtra,2019,5
Pune,2W,3,92.77,26.61,2,2,public_fast,71.86,0.06,9.9,6,extreme_heat,0.419,low,20.64,0,Maharashtra,2019,10
Pune,2W,2.82,81.75,1,4,5,public_fast,86.51,3.39,0.14,9.61,extreme_heat,0.291,high,16.89,1,Maharashtra,2025,6
Pune,2W,3.02,89.19,36.96,2,1,public_fast,34.74,0.42,5.2,4.38,extreme_heat,0.334,low,15.4,0,Maharashtra,2019,6
Pune,2W,3.23,79.38,20.59,1,3,public_slow,173.89,2.49,3.25,8.7,humid,0.24,high,19.36,0,Maharashtra,2024,12
Pune,2W,3.48,77.9,1,1,6,public_slow,221.29,1.09,0.18,11.08,clear,0.022,high,20.9,0,Maharashtra,2026,5
Pune,2W,2.62,95.07,8.76,2,2,public_fast,61.36,0.23,1.39,6.83,rainy,0.655,middle,14.14,0,Maharashtra,2023,12
Pune,2W,3.53,101.32,27.68,3,1,home,257.03,2.08,5.48,5.29,extreme_heat,0.205,low,21.16,0,Maharashtra,2019,9
Pune,2W,2.57,94.51,28.93,2,4,home,276.48,0.14,4.56,9.13,clear,0.036,low,15.42,0,Maharashtra,2023,8
Pune,2W,3,88.74,21.01,3,5,home,393.12,0.21,2.53,9.33,rainy,0.204,low,16.23,1,Maharashtra,2025,2
Pune,2W,3,90.03,33.62,2,3.33,public_fast,58.33,1.55,5.07,7.22,extreme_heat,0.343,low,10.24,0,Maharashtra,2021,9
Pune,2W,2.98,97.55,16.76,1,3,home,291.06,0.05,2.44,4.75,clear,0.11,low,17.89,0,Maharashtra,2019,4
Pune,2W,1.95,82.86,19.18,2,4,public_slow,166.35,1.68,3.39,8.73,humid,0.612,low,11.72,0,Maharashtra,2026,5
Pune,2W,2.35,100.28,29.38,3,3,home,381.03,0.3,4.23,6.26,clear,0.136,middle,14.09,0,Maharashtra,2020,2
Pune,2W,2.14,85,26.07,3,4,home,292.51,1.13,3.91,6.12,extreme_heat,0.307,middle,10.93,0,Maharashtra,2022,9
Pune,2W,3.74,89.19,12.43,3,2,home,263.64,4.54,2.02,5.86,rainy,0.358,middle,20.22,0,Maharashtra,2023,2
Pune,2W,3.66,100.2,27.68,1,2,public_slow,157.98,0.01,4.11,5.75,clear,0.332,middle,21.95,0,Maharashtra,2021,9
Pune,2W,4.07,97.22,42.59,3,1,public_slow,175.16,2.37,6.35,6.76,rainy,0.085,middle,21.98,0,Maharashtra,2019,2
Pune,2W,4.27,87.08,26.65,3,4,home,376.28,0.8,4.19,10.83,clear,0.33,high,25.59,0,Maharashtra,2024,10
Pune,2W,2.67,100.5,24.11,3,3,home,225.23,0.43,4.23,8.05,extreme_heat,0.107,low,13.63,0,Maharashtra,2022,7
Pune,2W,2.52,90.43,10.77,2.52,4,public_fast,168.84,0.92,1.72,7.65,rainy,0.256,middle,13.62,0,Maharashtra,2022,11
Pune,2W,2.72,86.86,33.19,1,5,public_slow,182.48,0.92,5.84,11.53,clear,0.155,middle,16.35,1,Maharashtra,2025,4
Pune,2W,2.25,98.21,23.44,3,4,home,268.05,0.57,4.36,6.99,humid,0.376,middle,13.48,0,Maharashtra,2021,9
Pune,2W,3.96,97.86,19.02,1,4,public_slow,206.68,3.95,3.33,6.05,rainy,0.458,middle,21.39,1,Maharashtra,2020,7
Pune,2W,2.42,81.35,28.4,2,4,home,423.21,2.11,7.89,8.71,humid,0.201,low,14.55,0,Maharashtra,2025,5
Pune,2W,2.48,80.95,59.42,2,5,home,322.17,5.04,7.85,9.01,extreme_heat,0.175,middle,12.67,1,Maharashtra,2024,6
Pune,2W,2.31,88.35,39.48,3,4,public_fast,178.75,0.86,6.37,11.15,humid,0.015,high,13.86,0,Maharashtra,2024,5
Pune,2W,3.45,76.89,3.66,2,6,home,275.81,1.48,0.73,9.69,humid,0.205,middle,20.72,0,Maharashtra,2024,12
Pune,2W,3.51,89.51,25.1,2,6,public_fast,63.35,2.63,4.36,9.21,humid,0.276,high,21.04,1,Maharashtra,2025,6
Pune,2W,3.57,88.54,23.97,2,3,home,265.29,1.45,6.64,6.64,clear,0.29,middle,16.84,0,Maharashtra,2026,1
Pune,2W,3.09,98.84,1,2,1,public_fast,174.61,0.96,0.19,6.3,humid,0.323,low,18.56,0,Maharashtra,2019,9
Pune,2W,3.12,98.09,36.14,1,2,public_fast,38.34,1.1,6.4,8.03,humid,0.259,low,18.73,0,Maharashtra,2020,11
Pune,2W,3.28,95.3,29.86,1,3,home,317.09,3.32,4.36,8.84,humid,0.073,low,19.65,1,Maharashtra,2023,1
Pune,2W,3.52,73.53,27.65,2,4,home,334.31,0.25,4.37,9.18,clear,0.229,middle,21.13,1,Maharashtra,2026,5
Pune,2W,2.69,89.64,34.63,3,3,public_fast,347.22,3.38,6.35,7.8,rainy,0.313,high,14.51,1,Maharashtra,2023,9
Pune,2W,2.98,98.19,35.89,2,2,home,255.78,2.95,5.57,6.67,rainy,0.162,middle,16.07,0,Maharashtra,2021,9
Pune,2W,3.19,76.6,17.06,3,3,public_slow,143.6,0.06,2.91,9.01,humid,0.409,low,19.11,0,Maharashtra,2024,1
Pune,2W,2.71,100.81,25.42,1,3,home,378.93,4.37,3.77,4.05,humid,0.436,middle,16.29,1,Maharashtra,2019,2
Pune,2W,2.92,92.02,23.15,5,1,public_slow,186.5,2.94,3.91,7.72,clear,0.15,middle,17.53,0,Maharashtra,2021,8
Pune,2W,2.61,82.36,35.54,2,4,public_fast,79.45,1.88,1.9,8.25,rainy,0.149,middle,14.11,0,Maharashtra,2023,5
Pune,2W,2.07,93.59,1,2,2,public_fast,94.71,4.8,0.16,8.14,extreme_heat,0.431,low,10.56,0,Maharashtra,2021,12
Pune,2W,2.87,100.77,20.81,3,2,home,331.73,1.99,3.86,6.21,humid,0.425,low,17.19,0,Maharashtra,2019,8
Pune,2W,3.19,85.08,32.84,4,4,public_slow,188.79,3.82,6.71,8.37,clear,0.176,middle,19.16,1,Maharashtra,2022,10
Pune,2W,3.53,80.37,31.22,2,5,public_fast,69.19,2.02,5.4,8.31,clear,0.415,middle,21.18,1,Maharashtra,2025,1
Pune,2W,3.15,87.92,16.75,4,5,public_fast,66.22,2.7,3.3,8.24,extreme_heat,0.39,low,16.06,1,Maharashtra,2024,4
Pune,2W,3.13,89.76,15.37,3,3,public_slow,216.27,4.44,3.14,8.33,humid,0.566,middle,18.76,1,Maharashtra,2023,11
Pune,2W,3.23,87.45,7.99,2,3,public_fast,55.28,3.86,1.24,8.02,clear,0.058,middle,19.36,0,Maharashtra,2023,1
Pune,2W,1.73,66.86,43.07,1,3,public_slow,158.23,1.71,7.08,8.28,extreme_heat,0.19,middle,8.82,1,Maharashtra,2026,12
Pune,2W,3.02,94.39,50.43,4,4,public_slow,128.84,1.99,13.35,7.69,rainy,0.058,low,16.29,0,Maharashtra,2026,1
Pune,2W,2.69,88.37,19.35,1,4,public_fast,89.64,2.22,3.09,8.47,humid,0.832,middle,16.12,0,Maharashtra,2022,2
Pune,2W,3.33,89.56,19.6,3,4,public_slow,135.33,1.05,2.98,9.73,humid,0.34,low,19.95,0,Maharashtra,2023,2
Pune,2W,3.04,88.33,39.15,2,3,public_fast,61.95,3.72,5.75,6.67,humid,0.124,middle,18.27,1,Maharashtra,2023,5
Pune,2W,3.29,88.01,22.05,1,3,public_fast,88.71,1.67,3.57,8.71,humid,0.076,low,19.77,0,Maharashtra,2022,5
Pune,2W,2.9,90.13,8.13,2,2,home,340.09,0.71,1.63,8.83,humid,0.17,middle,17.42,0,Maharashtra,2023,8
Pune,2W,3.91,88.83,2.47,1,4,public_fast,181.33,1.13,0.38,8.29,humid,0.339,high,16.84,0,Maharashtra,2023,6
Pune,2W,3.76,100.36,26.45,4,1,home,296.7,2.72,6.95,5.73,clear,0.282,middle,22.54,0,Maharashtra,2020,10
Pune,2W,3,78.29,55.37,1,6,public_slow,158.82,1.06,11.77,7.8,clear,0.442,high,16.24,1,Maharashtra,2025,9
Pune,2W,3.56,78.79,12.29,2,5,public_fast,32.71,0.38,3.22,11.88,rainy,0.288,low,19.24,0,Maharashtra,2026,7
Pune,2W,2.33,96.42,18.03,3,1,public_slow,231.9,1.09,2.63,6.3,humid,0.005,low,13.96,0,Maharashtra,2021,1
Pune,2W,3.65,79.46,38.9,3,4,public_fast,47.44,3.18,6.64,10.27,humid,0.296,high,21.9,1,Maharashtra,2026,2
Pune,2W,3.28,84.04,47.9,3,5,public_slow,235.99,1.75,9.38,7.14,rainy,0.347,low,17.69,1,Maharashtra,2025,7
Pune,2W,2.98,102.68,35.23,2,1,home,278.29,2.41,5.96,6.27,extreme_heat,0.201,middle,16.08,0,Maharashtra,2019,7
Pune,2W,2.64,83.07,49.46,3,4,public_slow,219.52,0.62,9.61,8.48,clear,0.547,low,15.86,0,Maharashtra,2024,11
Pune,2W,3.81,86.4,27.54,2,3,public_slow,178.56,0.93,4.54,7.27,clear,0.301,middle,22.85,0,Maharashtra,2023,10
Pune,2W,3.3,101.49,30.68,4,1,public_fast,70.94,0.07,6.47,5.54,extreme_heat,0.601,middle,16.85,0,Maharashtra,2019,12
Pune,2W,3.45,89.49,13.57,3,4,public_fast,62.51,0.19,2,9.13,clear,0.282,high,20.72,0,Maharashtra,2025,10
Pune,2W,3.13,86.46,26.31,2,5,public_fast,31.67,0.27,5.13,9,humid,0.275,low,18.77,1,Maharashtra,2025,6
Pune,2W,2.77,85.09,56.7,2,4,public_fast,52.57,1.08,3.76,8.15,humid,0.149,middle,16.62,0,Maharashtra,2023,7
Pune,2W,2.32,98.51,23.47,1,2,home,355.03,4.3,5.93,7.08,humid,0.357,low,13.91,1,Maharashtra,2019,2
Pune,2W,2.69,86.9,39.86,1,5,public_slow,217.67,0.77,6.23,9.84,rainy,0.04,high,14.53,1,Maharashtra,2026,3
Pune,2W,2.95,96.33,27.91,3,3,public_slow,233.81,2.27,4.15,7.53,rainy,0.231,low,15.93,0,Maharashtra,2020,11
Pune,2W,2.66,99.13,35.06,2,1,home,256.3,0.67,5.15,4.29,humid,0.131,low,15.95,0,Maharashtra,2019,1
Pune,2W,3.07,101.15,41.62,1,2,public_fast,61.72,1.08,6.58,6.33,clear,0.266,low,18.43,0,Maharashtra,2019,12
Pune,2W,2.97,84.53,33.84,3,5,public_fast,78.88,4.2,2.23,10.31,clear,0.295,low,17.8,1,Maharashtra,2024,9
Pune,2W,2.84,88.02,40.46,3,1,public_fast,30.15,1.93,6.88,8.03,humid,0.419,middle,17.03,0,Maharashtra,2020,9
Pune,2W,3.16,85.38,8.62,2,6,public_fast,52.81,0.85,1.38,6.29,extreme_heat,0.299,middle,16.1,0,Maharashtra,2024,11
Pune,2W,3.79,89.19,41.1,2,2,public_fast,67.18,3.07,6.62,6.35,clear,0.497,middle,22.75,1,Maharashtra,2019,5
Pune,2W,4.74,89.86,3.06,2,4,home,315.99,3.75,0.51,7.02,extreme_heat,0.225,low,24.15,0,Maharashtra,2021,12
Pune,2W,3.44,88.41,4.55,2,4,home,230.79,3.57,0.87,10.96,extreme_heat,0.422,high,17.53,0,Maharashtra,2025,5
Pune,2W,2.6,90.91,20.18,1,3,home,399.45,1.67,3.63,8.2,clear,0.403,low,15.61,0,Maharashtra,2024,9
Pune,2W,3,83.59,32.33,1,4,public_fast,30.31,0.42,4.65,8.58,clear,0.115,low,22.97,0,Maharashtra,2023,11
Pune,2W,3.43,96.16,43.26,3,1,home,372.81,7.37,5.93,5.32,extreme_heat,0.222,high,17.5,1,Maharashtra,2020,1
Pune,2W,3.51,95.73,41.84,1,1,public_slow,167.29,3.95,7.12,8.46,rainy,0.499,middle,18.93,1,Maharashtra,2021,1
Pune,2W,2.38,86.39,16.07,3,6,public_fast,32.57,1.19,3.08,8.91,extreme_heat,0.012,middle,12.14,1,Maharashtra,2025,4
Pune,2W,3.1,95.34,36.39,2.52,4,home,421.56,0.86,6.23,7.27,extreme_heat,0.196,high,15.79,0,Maharashtra,2022,9
Pune,2W,2.59,81.19,31.87,1,5,public_slow,230.65,1.51,3.73,11.13,humid,0.213,low,15.54,1,Maharashtra,2026,11
Pune,2W,3.28,82.05,30.81,1,4,public_slow,153.96,0.61,4.79,7.21,extreme_heat,0.07,high,16.71,0,Maharashtra,2024,7
Pune,2W,2.42,109.55,19.19,2,1,public_fast,216.91,1.08,4.32,5.96,extreme_heat,0.423,high,12.36,0,Maharashtra,2019,8
Pune,2W,2.95,82.34,30.72,2,5,public_slow,184.49,0.3,6.6,9.02,rainy,0.231,middle,15.94,1,Maharashtra,2025,5
Pune,2W,2.79,86.78,32.71,2,4,public_fast,79.43,0.74,5.37,9.37,humid,0.081,middle,16.74,0,Maharashtra,2025,4
Pune,2W,2.51,95.96,19.13,4,2,home,316.35,5.56,2.68,6.41,humid,0.137,low,15.07,1,Maharashtra,2021,1
Pune,2W,3.05,94.81,1,2,3,public_fast,34.18,0.36,0.12,6.6,extreme_heat,0.34,middle,15.55,0,Maharashtra,2021,1
Pune,2W,3.43,82.43,13.51,2,3.33,public_fast,105.79,1.19,1.8,9.41,humid,0.306,middle,16.84,0,Maharashtra,2024,3
Pune,2W,2.96,88.81,45.89,3,4,public_fast,53.55,1.73,10.68,7.07,clear,0.102,middle,17.77,0,Maharashtra,2022,12
Pune,2W,2.45,77.12,37.77,2.52,4,public_slow,135.56,0.04,5.95,8.41,humid,0.256,low,14.72,0,Maharashtra,2025,2
Pune,2W,3.76,109.25,46.53,3,1,public_slow,207.9,2.85,7.81,6.55,rainy,0.749,high,20.29,0,Maharashtra,2019,1
Pune,2W,3.41,92.17,20.17,4,4,public_fast,38.57,0.12,4.38,8.22,rainy,0.29,middle,18.42,0,Maharashtra,2024,8
Pune,2W,3.19,89.01,37.11,2,2,home,297.29,2.31,7.26,7.14,extreme_heat,0.438,middle,16.27,0,Maharashtra,2022,8
Pune,2W,2.72,90.7,35.85,2,4,home,290.44,1.02,5.62,7,extreme_heat,0.146,middle,13.89,0,Maharashtra,2023,2
Pune,2W,2.7,82.92,41.67,1,3,public_fast,87.06,3.16,6.48,7.17,clear,0.211,low,16.23,1,Maharashtra,2023,2
Pune,2W,2.71,89.52,27.94,3,1,public_slow,146.23,0.6,4.91,7.37,clear,0.144,high,16.27,0,Maharashtra,2021,9
Pune,2W,3.47,91.44,2.31,2,1,public_slow,225.13,0.56,0.37,6.71,rainy,0.197,middle,18.72,0,Maharashtra,2021,8
Pune,2W,2.31,98.71,2.48,3,3.33,home,262.83,2.09,0.6,6.01,extreme_heat,0.223,middle,11.77,0,Maharashtra,2020,3
Pune,2W,2.53,83.27,24.69,1,3.33,public_fast,57.14,0.51,4.39,8.3,extreme_heat,0.175,low,12.88,0,Maharashtra,2022,8
Pune,2W,3.83,82.65,25.77,2,2,public_fast,178.75,1.8,4.16,8.35,clear,0.269,high,23,0,Maharashtra,2022,5
Pune,2W,3.27,91.07,19.75,2,1,public_slow,152.38,0.69,3.9,5.99,clear,0.209,middle,19.64,0,Maharashtra,2020,11
Pune,2W,3.57,82.17,26.61,3,4,public_fast,71.84,0.34,4.89,9.28,clear,0.291,middle,21.39,0,Maharashtra,2024,4
Pune,2W,2.92,80.38,12.32,2,6,public_slow,178.75,0.47,1.74,9.5,humid,0.438,low,17.54,1,Maharashtra,2024,4
Pune,2W,2.6,82.83,6.9,2,6,public_fast,39.7,2.31,1.16,8.39,extreme_heat,0.066,high,13.28,0,Maharashtra,2026,1
Pune,2W,2.81,91.22,31.66,3,3,home,357.96,1.75,5.16,8.91,humid,0.638,middle,16.86,0,Maharashtra,2023,6
Pune,2W,4.2,89.6,20.22,3,4,public_slow,134.89,2.51,3.76,8.76,rainy,0.644,low,22.7,0,Maharashtra,2024,8
Pune,2W,3.07,95.8,119.25,2,3,public_fast,62.16,2.22,5.5,6.91,humid,0.211,low,18.45,0,Maharashtra,2022,6
Pune,2W,2.86,87.67,42.96,2,4,public_fast,12.94,5.23,7.41,8.21,extreme_heat,0.618,low,14.58,1,Maharashtra,2023,7
Pune,2W,3.32,102.65,25.27,2,2,public_fast,86.01,2.56,4.46,6.17,clear,0.438,high,19.9,0,Maharashtra,2019,5
Pune,2W,2.47,80.76,23.75,3,3,public_fast,50.16,1.45,3.79,10.78,rainy,0.209,middle,13.31,0,Maharashtra,2026,9
Pune,2W,3.15,79.58,14.16,1,3,public_fast,69.74,2.24,2.6,9.4,rainy,0.058,low,17.02,0,Maharashtra,2024,10
Pune,2W,3.35,81.9,18.71,3,4,public_fast,71.65,0.22,4.32,8.21,humid,0.493,high,20.1,0,Maharashtra,2026,1
Pune,2W,3.03,75.95,38.58,2.52,3.33,home,240.48,1.88,6.73,9.75,rainy,0.05,middle,16.34,1,Maharashtra,2026,7
Pune,2W,3.6,86.65,60.46,4,5,home,380.51,0.24,8.32,9.46,humid,0.229,low,21.62,0,Maharashtra,2024,6
Pune,2W,3.44,100.55,27.24,3,2,public_fast,50.08,5.25,3.8,5.77,extreme_heat,0.188,high,17.57,1,Maharashtra,2020,9
Pune,2W,3.07,95.4,42.38,2,3.33,public_slow,230.85,0.46,7.54,7.65,clear,0.218,middle,18.4,0,Maharashtra,2021,9
Pune,2W,2.67,95.35,24.09,1,1,public_fast,51.18,1.49,3.63,8.08,clear,0.293,low,16,0,Maharashtra,2021,6
Pune,2W,3.52,81.59,16.34,3,3,public_fast,82.58,1.99,3.1,8.28,humid,0.688,middle,21.14,0,Maharashtra,2023,6
Pune,2W,2.93,93.21,17.5,4,2,public_slow,221.84,0.09,2.8,7.08,extreme_heat,0.214,low,14.94,0,Maharashtra,2020,7
Pune,2W,3.1,93.11,28.73,1,6,public_fast,81.33,1.7,4,5.83,clear,0.462,middle,18.59,1,Maharashtra,2024,12
Pune,2W,1.95,99.32,37.03,1,1,public_slow,172.87,2.79,6.45,5.01,extreme_heat,0.126,low,11.67,0,Maharashtra,2019,12
Pune,2W,2.51,103.33,23.89,3,4,home,331.49,2.06,5.38,5.35,humid,0.336,middle,15.05,0,Maharashtra,2020,3
Pune,2W,2.63,88.44,32.6,3,3,public_slow,193.77,0.29,5.54,8.32,humid,0.316,middle,15.8,0,Maharashtra,2023,11
Pune,2W,2.39,80.49,13.38,2,6,public_fast,93.24,6.45,2.13,7.8,humid,0.214,middle,14.36,1,Maharashtra,2025,3
Pune,2W,3.13,96.38,21.93,2,2,home,350.71,1.13,3.21,5.45,humid,0.359,low,18.8,0,Maharashtra,2020,6
Pune,2W,2.87,97.42,31.35,3,3,home,248.61,2.3,5.92,6.98,clear,0.29,middle,17.21,0,Maharashtra,2020,9
Pune,2W,3.47,96.94,21.08,3,3,public_slow,206.52,1.06,3.26,7.1,rainy,0.148,middle,18.73,0,Maharashtra,2021,1
Pune,2W,3.34,80.03,9.88,3,6,home,287.36,0.79,1.62,8.24,extreme_heat,0.143,middle,17.01,0,Maharashtra,2025,9
Pune,2W,3.79,85.53,23.07,1,6,public_slow,243.19,0.61,3.58,10.14,clear,0.392,low,22.71,1,Maharashtra,2025,2
Pune,2W,2.71,99.8,21.26,2,2,public_fast,82.26,1.43,3.63,6.42,humid,0.345,low,16.27,0,Maharashtra,2020,10
Pune,2W,2.63,86.88,21.12,3,4,public_slow,137.68,2.75,3.41,6.46,clear,0.29,high,15.78,0,Maharashtra,2022,10
Pune,2W,3,86.92,26.43,2,4,public_slow,170.75,2.09,4.66,7.66,extreme_heat,0.24,high,14.48,0,Maharashtra,2024,2
Pune,2W,2.45,98.73,27.86,1,2,public_slow,104.5,0.17,4.28,4.14,extreme_heat,0.138,middle,12.51,0,Maharashtra,2019,2
Pune,2W,3.81,81.2,24.1,2,5,public_fast,47.11,0.84,4.14,8.7,rainy,0.221,middle,20.57,1,Maharashtra,2026,7
Pune,2W,3.52,89.36,25.22,2,2,public_slow,228.18,0.5,3.96,8.66,rainy,0.247,low,19.02,0,Maharashtra,2021,11
Pune,2W,3.12,86.49,10.75,1,5,home,312.96,2.66,1.6,8.72,extreme_heat,0.415,middle,15.89,0,Maharashtra,2026,3
Pune,2W,2.94,96.74,32.79,3,1,home,254.98,1.62,5.55,5.88,humid,0.126,low,17.64,0,Maharashtra,2019,10
Pune,2W,3,102.71,22.36,1,2,public_fast,66.12,4.04,2.89,5.79,humid,0.392,low,15.19,1,Maharashtra,2020,6
Pune,2W,3.79,85.94,13.53,2,4,home,370.12,4.86,2.75,9.73,humid,0.183,high,22.74,0,Maharashtra,2024,2
Pune,2W,2.7,89.19,1,2,4,home,345.83,0.06,0.12,8.97,humid,0.088,middle,16.22,0,Maharashtra,2023,11
Pune,2W,3.56,100.38,18.71,2,2,home,249.55,0.29,3.4,4.55,rainy,0.096,middle,16.84,0,Maharashtra,2019,7
Pune,2W,3.58,82.05,41.02,3,2,public_slow,138.05,1.88,5.7,9.18,rainy,0.478,low,19.33,0,Maharashtra,2024,4
Pune,2W,3.44,86.49,14.98,2,4,public_fast,40.09,1.01,1.79,7.33,extreme_heat,0.241,low,17.57,0,Maharashtra,2024,6
Pune,2W,2.73,76.11,30.25,2,5,public_fast,77.75,2.13,5.51,7.67,clear,0.305,low,16.39,1,Maharashtra,2025,7
Pune,2W,2.44,83.4,35.49,2,2,public_fast,38.98,1.99,11.15,9.9,clear,0.117,low,14.66,1,Maharashtra,2024,6
Pune,2W,3.22,88.51,6.79,3,1,home,307.88,2.26,1.04,8.42,humid,0.36,low,19.3,0,Maharashtra,2026,1
Pune,2W,3.42,105.13,49.07,3,2,home,371.17,0.69,7.16,6.71,clear,0.034,middle,20.52,0,Maharashtra,2020,11
Pune,2W,2.94,87.38,15.99,2,3,public_fast,56.59,1.11,2.3,7.18,clear,0.206,middle,17.64,0,Maharashtra,2021,10
Pune,2W,3.26,99.38,11.35,2,1,home,281.94,0.34,2.24,5.61,extreme_heat,0.204,middle,16.63,0,Maharashtra,2019,6
Pune,2W,2.99,70.92,25.33,3,6,public_fast,79.33,0.56,3.99,7.8,clear,0.154,middle,17.95,1,Maharashtra,2026,10
Pune,2W,3,91.6,29.54,3,1,public_fast,58.05,2.08,6.54,6.86,clear,0.378,high,20.06,0,Maharashtra,2020,1
Pune,2W,2.67,99.13,25.07,3,4,home,274.4,0.36,3.56,4.67,rainy,0.243,high,14.44,0,Maharashtra,2020,9
Pune,2W,2.32,92.64,19.66,1,3.33,home,329.2,3.8,2.39,6.26,humid,0.3,low,13.9,1,Maharashtra,2022,5
Pune,2W,2.86,90.95,38.61,2,3,public_fast,69.06,11.64,10.7,7.8,rainy,0.323,high,15.47,1,Maharashtra,2020,5
Pune,2W,2.54,81.98,16.88,1,5,home,262.25,1.71,2.91,11.03,extreme_heat,0.127,high,12.94,1,Maharashtra,2025,8
Pune,2W,3.08,74.3,21.05,3,7,public_fast,39.37,3.74,4.18,9.26,rainy,0.262,low,16.65,1,Maharashtra,2026,3
Pune,2W,3.6,97.88,1,2.52,3,public_fast,70.51,7.27,0.21,4.7,rainy,0.221,low,19.45,0,Maharashtra,2022,7
Pune,2W,2.86,81.68,59.29,1,3,public_fast,64.54,1.5,11,7.83,humid,0.269,high,17.16,0,Maharashtra,2024,3
Pune,2W,3.22,105.37,37.78,4,2,public_fast,72.72,5.24,7.31,6.14,clear,0.274,low,19.34,1,Maharashtra,2019,3
Pune,2W,2.29,77.33,26.61,3,4,home,260.68,1.01,2.25,7.58,extreme_heat,0.532,high,13.75,0,Maharashtra,2025,10
Pune,2W,2.85,89.19,14.95,2,3,public_fast,75.05,0.8,2.66,8.03,extreme_heat,0.494,middle,15.41,0,Maharashtra,2021,7
Pune,2W,3.91,97.59,10.77,2,2,public_slow,254.92,1.49,1.53,5.32,humid,0.216,middle,23.49,0,Maharashtra,2019,5
Pune,2W,2.75,91.08,35.28,2,3,home,354.14,3.88,5.59,8.11,rainy,0.379,middle,14.86,1,Maharashtra,2021,6
Pune,2W,3.8,86.01,28.19,2,3,public_slow,257.65,2.15,5.57,10.06,rainy,0.307,low,20.53,0,Maharashtra,2025,6
Pune,2W,3.47,93.28,30.1,1,2,home,331.7,6.01,6.25,8.06,extreme_heat,0.164,middle,18.73,1,Maharashtra,2022,11
Pune,2W,2.75,80.59,14.8,1,5,home,187.95,2.07,2.8,8.61,extreme_heat,0.315,high,14.04,1,Maharashtra,2025,2
Pune,2W,2.23,93.27,13.31,2,2,public_fast,50.94,1.44,2,8.56,extreme_heat,0.126,low,11.39,0,Maharashtra,2023,5
Pune,2W,3.37,100.47,12.29,2,2,public_slow,169.92,0.67,2.04,4.73,humid,0.042,low,20.25,0,Maharashtra,2026,1
Pune,2W,3,97.72,28.07,3,1,home,363.67,6.48,4.71,6.5,humid,0.159,low,19.3,1,Maharashtra,2019,11
Pune,2W,3.24,89.19,5.46,1,4,public_fast,71.9,0.03,1.09,6.71,rainy,0.019,middle,17.51,0,Maharashtra,2020,11
Pune,2W,3.69,89.05,26.03,2,3,home,294.54,4.24,4.36,7.46,extreme_heat,0.384,low,18.83,1,Maharashtra,2023,3
Pune,2W,2.29,95.67,30.91,3,2,public_fast,59.5,0.23,6.56,6.49,rainy,0.289,middle,12.37,0,Maharashtra,2020,8
Pune,2W,2.73,79.79,82.54,1,4,public_fast,67.59,4.23,3.72,7.96,rainy,0.139,middle,14.77,1,Maharashtra,2024,7
Pune,2W,2.99,91.79,1,1,2,home,341.41,6.1,0.21,6.44,extreme_heat,0.251,middle,15.27,0,Maharashtra,2019,1
Pune,2W,3.45,97.47,44.13,2,4,home,341,0.72,7.16,7.39,rainy,0.41,low,18.61,0,Maharashtra,2022,9
Pune,2W,2.68,82.66,17.95,4,5,home,312.82,1.32,2.83,9.19,rainy,0.432,middle,14.46,1,Maharashtra,2025,3
Pune,2W,3.44,98.91,19.93,2.52,1,public_fast,50.38,0.17,3.25,6.53,clear,0.696,middle,20.64,0,Maharashtra,2020,12
Pune,2W,2.21,101.26,30.73,2,2,public_slow,138.28,1.16,5.67,5.7,rainy,0.168,middle,11.93,0,Maharashtra,2021,11
Pune,2W,3.1,74.37,34.57,4,4,home,271.75,1.11,6.74,8.7,extreme_heat,0.024,middle,15.8,0,Maharashtra,2024,7
Pune,2W,2.82,80.33,33.01,2,4,public_slow,189.34,2.2,5.39,10.03,rainy,0.222,middle,15.23,0,Maharashtra,2025,8
Pune,2W,2.69,81.79,26.12,3,3,public_fast,78.73,6.8,4.8,9.57,rainy,0.29,low,14.51,1,Maharashtra,2024,6
Pune,2W,2.17,83.61,29.7,3,5,public_fast,96.35,0.49,5.28,9.04,humid,0.236,low,12.99,1,Maharashtra,2025,2
Pune,2W,2.3,85.19,1,3,3,home,325.94,2.34,0.14,6.21,extreme_heat,0.261,middle,11.75,0,Maharashtra,2021,8
Pune,2W,2.17,72.29,21.61,4,3,public_fast,37.41,1.08,2.83,8.25,rainy,0.434,high,11.73,1,Maharashtra,2026,1
Pune,2W,2.59,94.74,35.07,4,5,public_fast,64.69,2.08,6.08,8.2,extreme_heat,0.331,low,13.22,1,Maharashtra,2022,10
Pune,2W,2.94,82.85,21.91,3,5,public_fast,37.72,1.46,3.35,9.1,rainy,0.052,low,15.87,1,Maharashtra,2024,10
Pune,2W,3.2,95.41,30.47,1,2,public_fast,98.17,2.23,4.52,3.86,rainy,0.112,low,17.28,0,Maharashtra,2020,8
Pune,2W,2.9,72.19,4.05,3,6,public_slow,217.64,0.18,0.77,9.22,rainy,0.29,high,15.68,1,Maharashtra,2026,1
Pune,2W,3.77,86.19,1,2,5,public_slow,176.71,0.78,0.21,8.11,extreme_heat,0.198,low,19.21,0,Maharashtra,2025,1
Pune,2W,3.25,85.24,46.64,1,4,public_slow,225.67,3.12,3.31,9.08,rainy,0.281,low,17.57,1,Maharashtra,2026,7
Pune,2W,2.81,89.98,24.22,3,5,public_slow,240.23,1.51,4.27,8.39,humid,0.559,low,16.84,1,Maharashtra,2023,4
Pune,2W,3.05,88.18,8.01,4,4,home,360.46,3.26,1.17,9.11,extreme_heat,0.508,low,15.54,0,Maharashtra,2026,5
Pune,2W,2.51,92.03,28.41,4,2,public_slow,151.16,1.99,5.01,8.19,humid,0.579,high,15.09,0,Maharashtra,2023,10
Pune,2W,3.46,99.97,2.66,2,3,home,268.03,0.04,0.41,7.54,extreme_heat,0.077,high,17.63,0,Maharashtra,2022,4
Pune,2W,3.65,74.41,52.87,3,7,public_slow,190.04,1.98,4.36,9.51,humid,0.15,low,21.93,1,Maharashtra,2026,10
Pune,2W,2.74,87.33,37.44,2,4,public_fast,80.6,0.89,6.67,7.41,clear,0.393,low,16.41,0,Maharashtra,2023,6
Pune,2W,2.9,97.18,11.22,5,2,home,258.84,1.19,1.68,7.45,rainy,0.142,middle,15.67,0,Maharashtra,2020,1
Pune,2W,3.25,85.04,49.84,2,5,home,342.36,1.08,8.12,8.32,clear,0.251,high,19.52,1,Maharashtra,2026,9
Pune,2W,3,87.42,50.05,1,3,public_slow,156.83,8.15,6.7,7.39,extreme_heat,0.485,low,16.03,1,Maharashtra,2025,10
Pune,2W,2.86,84.16,17.02,3,2,public_slow,193.11,0.16,2.73,6.7,clear,0.302,middle,17.16,0,Maharashtra,2022,11
Pune,2W,3.39,94.05,35.83,2,2,home,351.21,1.3,5.28,5.42,extreme_heat,0.356,middle,17.3,0,Maharashtra,2019,11
Pune,2W,3,91.05,34.18,3,4,public_slow,192.82,5.89,4.89,5.79,rainy,0.505,high,13.49,1,Maharashtra,2019,4
Pune,2W,2.4,79.39,30.57,5,4,public_fast,47.9,2.36,6.23,6.5,humid,0.305,low,14.4,0,Maharashtra,2022,1
Pune,2W,2.72,88.01,21.81,3,3.33,home,178.75,1.84,3.38,9.36,clear,0.06,middle,16.34,0,Maharashtra,2023,12
Pune,2W,3.16,89.61,33.27,2,3,home,308.32,0.01,5.43,9.52,humid,0.094,low,18.98,0,Maharashtra,2024,2
Pune,2W,3.06,91.52,27.76,5,3,home,247.17,0.96,4.49,8.45,rainy,0.29,middle,16.53,0,Maharashtra,2023,10
Pune,2W,3.61,90.11,41.07,4,3,public_slow,168.18,0.6,6.16,7.8,humid,0.201,high,21.64,0,Maharashtra,2022,2
Pune,2W,2.73,95.32,19.49,3,3,public_fast,52.92,0.26,3.13,5.07,extreme_heat,0.083,middle,13.91,0,Maharashtra,2021,11
Pune,2W,2.36,98.37,1,4,2,home,361.78,2.55,0.17,7.65,humid,0.213,middle,14.13,0,Maharashtra,2019,1
Pune,2W,3.54,95.67,26.46,2.52,1,public_slow,103.76,0.06,4.1,8.37,rainy,0.099,low,19.09,0,Maharashtra,2021,4
Pune,2W,3.07,96.45,39.49,2,2,public_fast,85.28,4.01,8.17,9.03,rainy,0.149,low,16.57,1,Maharashtra,2022,5
Pune,2W,2.96,87.79,32.68,1,5,public_fast,29.43,1.2,4.63,10.69,extreme_heat,0.094,high,15.09,1,Maharashtra,2025,6
Pune,2W,3.28,86.06,62.44,4,3,public_slow,159.61,1.14,9.07,8.01,humid,0.232,low,19.68,0,Maharashtra,2023,10
Pune,2W,3.29,90.03,31.77,4,3,public_slow,194.3,4.18,4.36,7.33,extreme_heat,0.063,middle,16.77,1,Maharashtra,2026,1
Pune,2W,2.7,83.41,1,2,1,home,245.22,4.1,0.19,7.14,rainy,0.122,high,14.58,0,Maharashtra,2022,12
Pune,2W,2.19,81.63,45.25,4,6,home,341.41,12.27,6.82,8.51,extreme_heat,0.07,low,11.19,1,Maharashtra,2024,12
Pune,2W,2.73,85.65,26.01,3,3,public_fast,89.8,3.29,4.04,7.15,clear,0.725,middle,16.41,1,Maharashtra,2022,10
Pune,2W,3.17,101.19,30.75,4,2,public_slow,179.01,3.26,4.64,6.56,rainy,0.496,middle,17.09,1,Maharashtra,2021,4
Pune,2W,2.95,96.9,18.37,2,3,public_fast,37.98,1.29,2.86,7.31,extreme_heat,0.49,high,15.07,0,Maharashtra,2022,3
Pune,2W,2.47,98.72,42.72,2,4,public_fast,25.66,1.72,6.43,7.64,rainy,0.442,middle,13.35,0,Maharashtra,2022,2
Pune,2W,2.57,86.99,1,2.52,3,home,276.72,0.44,0.15,7.35,extreme_heat,0.046,low,13.13,0,Maharashtra,2022,5
Pune,2W,3.52,104.67,21.51,3,3,public_slow,220.44,0.23,3.37,7.11,clear,0.549,low,21.1,0,Maharashtra,2019,10
Pune,2W,2.4,92.17,25.75,3,4,public_fast,13.62,0.66,4,7.93,humid,0.19,high,14.37,0,Maharashtra,2022,12
Pune,2W,2.97,82.04,9.69,2,3,public_slow,211.07,1.99,1.49,7.3,humid,0.29,low,17.84,0,Maharashtra,2023,11
Pune,2W,2.76,87.56,8.51,2,1,public_fast,45.45,4.81,1.43,6.83,clear,0.452,high,16.54,0,Maharashtra,2022,8
Pune,2W,3.21,82.11,19.62,3,4,public_slow,136.93,0.49,3,9.95,extreme_heat,0.132,low,16.37,0,Maharashtra,2026,10
Pune,2W,4.16,94.76,48.58,1,3,public_fast,72.19,1.38,8.89,7.61,clear,0.23,middle,24.93,0,Maharashtra,2021,3
Pune,2W,3.2,97.91,52.91,3,4,public_fast,83.38,2.22,10.87,5.38,extreme_heat,0.15,low,16.31,0,Maharashtra,2019,6
Pune,2W,3.83,72.58,17.22,3,6,home,289.76,0.47,4.72,11.02,clear,0.474,middle,22.97,1,Maharashtra,2026,10
Pune,2W,3.29,96.77,33.67,2,1,public_fast,85.42,0.03,6.66,5.92,humid,0.286,low,19.71,0,Maharashtra,2019,9
Pune,2W,3.3,90.26,34.19,1,2,home,412.78,1.54,5.7,6.01,rainy,0.069,high,17.82,0,Maharashtra,2021,1
Pune,2W,3.7,85.44,32.89,4,6,public_fast,44.64,0.72,4.77,9.51,clear,0.591,high,22.19,1,Maharashtra,2023,9
Pune,2W,2.74,105.06,55.18,3,1,home,322.55,1.37,11.52,6.24,rainy,0.468,middle,14.82,0,Maharashtra,2019,8
Pune,2W,2.43,88.65,41.86,4,4,public_fast,49.63,2.17,6.38,8.23,extreme_heat,0.129,middle,16.84,0,Maharashtra,2023,7
Pune,2W,3.64,99.07,40.69,1,3.33,home,343.44,0.91,7.41,8.27,humid,0.469,high,21.85,0,Maharashtra,2021,7
Pune,2W,2.73,93.5,24.52,2,1,public_slow,108.82,1.51,3.33,7.35,rainy,0.267,high,14.74,0,Maharashtra,2020,12
Pune,2W,2.87,93.69,39.08,2,4,public_slow,160.11,0.72,5.66,7.37,extreme_heat,0.145,low,14.64,0,Maharashtra,2020,10
Pune,2W,3,101.04,27.71,4,1,home,301.79,0.49,4.61,5.57,rainy,0.185,high,16.94,0,Maharashtra,2020,1
Pune,2W,3.97,99.34,37.03,3,3,home,317.99,0.08,4.36,5.97,humid,0.134,low,23.82,0,Maharashtra,2020,1
Pune,2W,2.71,82.64,16.95,4,3,home,359.75,0.48,2.84,10.94,extreme_heat,0.253,low,13.8,0,Maharashtra,2026,4
Pune,2W,3.61,81.72,22.67,4,3.33,public_fast,33.07,8.25,2.81,7.8,extreme_heat,0.291,middle,19.51,1,Maharashtra,2025,12
Pune,2W,2.17,97.84,21.26,2,5,public_slow,190.44,0.75,4.11,6.24,rainy,0.233,high,11.7,1,Maharashtra,2021,12
Pune,2W,2.99,97.69,12.77,3,1,public_fast,45.95,1.99,2.48,6.78,extreme_heat,0.184,low,16.15,0,Maharashtra,2021,1
Pune,2W,2.55,88.14,40.68,1,2,public_slow,224.13,0.65,7.45,5.22,clear,0.229,low,15.31,0,Maharashtra,2020,2
Pune,2W,3.56,80.14,5.41,2,3,home,371.31,3.49,0.79,8.27,rainy,0.148,middle,16.84,0,Maharashtra,2025,3
Pune,2W,3.48,81.05,44.86,5,4,home,366.6,0.2,9.17,9.02,humid,0.227,middle,20.87,0,Maharashtra,2025,5
Pune,2W,2.24,90.07,10.36,2,4,public_fast,62.33,3.91,2.03,7.28,extreme_heat,0.094,low,11.41,0,Maharashtra,2024,12
Pune,2W,1.97,93.01,38.76,4,3,public_slow,230.02,0.82,7.07,8.8,rainy,0.161,high,10.65,0,Maharashtra,2022,1
Pune,2W,2.59,101.38,33.25,4,3,public_fast,60.76,0.68,6.7,8.19,humid,0.131,low,15.57,0,Maharashtra,2024,6
Pune,2W,3.33,89.13,28.49,2,1,public_slow,172.2,3.86,4.88,7.4,extreme_heat,0.281,middle,16.99,1,Maharashtra,2023,2
Pune,2W,2.9,95.03,28.38,4,2,home,365.66,2.45,6.08,7.24,extreme_heat,0.29,high,14.79,0,Maharashtra,2020,1
Pune,2W,2.85,87.99,28.15,4,4,public_fast,78.39,3.4,4.51,7.75,clear,0.156,middle,17.09,1,Maharashtra,2023,1
Pune,2W,2.51,80.63,46.4,3,2,public_fast,49.77,0.44,2.1,7.9,extreme_heat,0.184,low,15.08,0,Maharashtra,2021,6
Pune,2W,2.25,93.91,14.5,2,2,home,357.64,1.58,3.24,8.37,humid,0.055,low,13.52,0,Maharashtra,2021,3
Pune,2W,2.79,85.49,26.61,4,3,home,309.52,0.64,2.27,7.19,rainy,0.319,middle,15.09,0,Maharashtra,2023,2
Pune,2W,2.88,77.7,14.94,2,5,home,262.08,2.18,2.51,9.21,rainy,0.304,low,15.56,1,Maharashtra,2025,5
Pune,2W,3.9,91.69,44.85,2,1,home,301.23,2.74,8.09,7.14,humid,0.033,low,23.4,0,Maharashtra,2021,4
Pune,2W,3.06,106.75,36.89,3,2,home,366.94,0.81,5.09,6.35,extreme_heat,0.074,middle,18.34,0,Maharashtra,2019,9
Pune,2W,3.06,98.37,19.83,2,1,public_slow,260.07,2.85,4.01,6.83,clear,0.468,high,18.38,0,Maharashtra,2021,8
Pune,2W,2.49,107.98,26.15,4,2,public_slow,140.89,4.87,5.9,7.28,extreme_heat,0.104,middle,12.7,1,Maharashtra,2020,12
Pune,2W,2.32,72.54,53.9,2,5,public_slow,222.48,0.83,7.64,7.8,humid,0.465,low,13.9,1,Maharashtra,2026,3
Pune,2W,3.24,92.67,33.46,2,3,public_slow,209.35,0.19,6.8,8.38,clear,0.074,high,19.42,0,Maharashtra,2020,1
Pune,2W,3.57,92.93,24.55,2,4,home,263.13,2.36,4.23,7.37,clear,0.449,low,21.41,0,Maharashtra,2023,11
Pune,2W,2.54,91.42,6.92,2,3,home,313.4,0.87,1.36,10.26,clear,0.013,low,15.22,0,Maharashtra,2025,4
Pune,2W,3.57,91.56,52.78,3,2,public_fast,83.09,0.69,8.77,5.03,clear,0.436,high,21.4,0,Maharashtra,2021,11
Pune,2W,2.62,93.57,41.49,3,2,public_slow,238.17,3.19,7.32,6.64,extreme_heat,0.528,middle,16.84,1,Maharashtra,2020,5
Pune,2W,2.35,77.95,40.57,3,5,public_slow,147.08,4.34,8.42,9.6,clear,0.111,low,14.09,1,Maharashtra,2026,10
Pune,2W,3.25,87.81,45.24,3,3,home,190.7,2.81,6.42,7.65,clear,0.148,middle,19.47,0,Maharashtra,2023,1
Pune,2W,3.77,93.86,3.57,2,6,public_slow,188.15,0.55,0.79,8.07,humid,0.306,low,22.59,0,Maharashtra,2025,12
Pune,2W,2.42,89.51,20.18,3,4,public_fast,205.08,0.85,4.36,8.62,humid,0.334,low,14.53,0,Maharashtra,2025,7
Pune,2W,2.82,86.77,19.3,3,4,public_fast,83.6,0.87,2.88,10.12,humid,0.337,middle,16.95,0,Maharashtra,2025,9
Pune,2W,3.77,89.19,32.82,3,4,home,258.47,2.54,5.37,9.29,humid,0.165,low,22.64,0,Maharashtra,2023,6
Pune,2W,3.02,80.59,29.82,3,6,home,307.01,10.52,5.49,10.08,rainy,0.374,low,16.31,1,Maharashtra,2024,1
Pune,2W,2.92,100.12,22.99,4,3,public_fast,47.59,2.63,3.36,6.33,clear,0.118,high,17.54,0,Maharashtra,2019,9
Pune,2W,3.52,84.95,14.41,3,2,public_fast,75.26,0.96,2.29,6.14,humid,0.189,high,21.12,0,Maharashtra,2020,5
Pune,2W,3.22,90.11,51.45,3,2,public_fast,62.59,2.64,8.63,9.03,rainy,0.107,low,17.38,0,Maharashtra,2022,2
Pune,2W,3.31,72.94,41.23,1,4,public_slow,143.25,2.6,7.92,10.2,extreme_heat,0.342,low,16.87,1,Maharashtra,2026,12
Pune,2W,3.39,96.28,30.39,2,3,public_slow,161.37,10.22,4.88,7.8,humid,0.661,high,20.34,1,Maharashtra,2021,3
Pune,2W,3.28,91.22,28.29,2.52,1,public_fast,59.53,3,4.76,5.05,extreme_heat,0.077,middle,16.71,1,Maharashtra,2021,4
Pune,2W,2.75,100.02,38.38,2,1,home,241.63,0.29,6.17,7.91,extreme_heat,0.154,middle,14.01,0,Maharashtra,2019,11
Pune,2W,3.88,92.96,42,3,4,public_slow,209.46,0.2,7.2,6.48,extreme_heat,0,low,19.8,0,Maharashtra,2022,12
Pune,2W,2.6,94.81,27.65,1,2,public_fast,57.2,4.93,4.54,5.93,rainy,0.1,middle,14.03,1,Maharashtra,2019,6
Pune,2W,2.92,83.63,45.6,1,6,public_fast,44.22,1.99,8.62,9.59,rainy,0.559,low,15.79,1,Maharashtra,2024,6
Pune,2W,3.55,72.16,35.32,3,3,public_slow,114.88,1.66,5.12,10.01,clear,0.427,middle,21.33,1,Maharashtra,2026,8
Pune,2W,2.55,101.92,26.61,2,1,public_fast,48.25,3.79,5.74,5.04,rainy,0.357,middle,13.74,1,Maharashtra,2019,10
Pune,2W,3.09,93.58,38.06,1,6,public_fast,67.28,1.99,6.25,7.13,extreme_heat,0.055,middle,15.74,1,Maharashtra,2024,3
Pune,2W,3.47,98.42,26.9,3,4,public_slow,148.12,2.34,4.01,6.71,extreme_heat,0.306,low,17.72,0,Maharashtra,2021,3
Pune,2W,2.79,87.25,26.61,3,4,public_fast,20.21,0.94,7.96,10.44,clear,0.494,high,16.76,0,Maharashtra,2023,1
Pune,2W,3.8,82.01,33.51,3,2,public_slow,187.31,0.8,5.86,7.49,clear,0.216,high,16.84,0,Maharashtra,2023,1
Pune,2W,2.94,85.59,17.39,3,4,public_fast,26.27,1.83,2.61,7.8,extreme_heat,0.329,low,14.97,0,Maharashtra,2025,9
Pune,2W,2.6,105.16,12.98,1,2,public_fast,43.11,0.14,2.27,8.02,clear,0.409,high,15.61,0,Maharashtra,2020,7
Pune,2W,2.75,89.4,8.99,2,5,public_slow,138.52,2.19,1.55,9.48,rainy,0.184,low,14.84,0,Maharashtra,2025,12
Pune,2W,2.87,81.29,54.39,4,5,public_slow,227.89,1.44,9.1,9.51,clear,0.093,high,17.21,1,Maharashtra,2026,1
Pune,2W,3.3,72.42,19.63,2,6,public_slow,214.55,0.25,3.06,11.7,extreme_heat,0.167,middle,16.82,1,Maharashtra,2026,8
Pune,2W,3.38,99.33,3.47,2,3,home,232.82,1.71,0.53,7.33,humid,0.213,high,20.31,0,Maharashtra,2022,12
Pune,2W,3.04,94.19,186.18,3,3,home,296.42,6.11,10.6,7.97,extreme_heat,0.088,high,15.51,1,Maharashtra,2022,3
Pune,2W,2.43,96.12,49.61,2,2,public_slow,178.75,2.52,8.93,6.85,rainy,0.109,high,13.1,0,Maharashtra,2019,8
Pune,2W,3.29,77.97,17.59,2,4,home,286.94,0.41,2.54,8.56,extreme_heat,0.028,middle,16.79,0,Maharashtra,2024,6
Pune,2W,3.5,96.62,28.61,2,5,home,278.67,4.72,5.16,8.95,extreme_heat,0.529,high,17.85,1,Maharashtra,2022,3
Pune,2W,3.31,76.72,18.94,1,6,public_slow,170.32,4.59,3.09,9.92,rainy,0.039,high,17.86,1,Maharashtra,2026,1
Pune,2W,2.49,102.05,15.52,2.52,3,home,335.62,0.75,2.81,7.17,clear,0.145,high,14.97,0,Maharashtra,2020,3
Pune,2W,3.55,94.93,26.61,3,3,public_fast,39.08,1.9,2.01,4.78,extreme_heat,0.214,high,18.09,0,Maharashtra,2020,3
Pune,2W,1.6,96.11,44.94,2,1,public_fast,79.83,0.67,8.92,8.17,extreme_heat,0.14,low,8.14,0,Maharashtra,2021,7
Pune,2W,3.35,100.32,37.34,3,2,public_slow,135.5,2.75,8.01,6.04,rainy,0.021,middle,18.11,0,Maharashtra,2022,3
Pune,2W,3.2,91.41,28.54,3,5,home,280.82,2.62,4.84,8.52,extreme_heat,0.068,middle,16.31,1,Maharashtra,2023,10
Pune,2W,3.49,75.88,47.45,1,3,public_fast,52.94,1.13,8.82,8.44,extreme_heat,0.255,high,17.8,0,Maharashtra,2025,12
Pune,2W,2.56,76.93,13.92,2,4,public_slow,161.01,0.03,2.34,8.41,rainy,0.472,middle,13.8,0,Maharashtra,2025,3
Pune,2W,3.37,87.66,27.43,3,3.33,home,329.4,2.39,6.33,10.27,rainy,0.144,middle,18.19,0,Maharashtra,2025,9
Pune,2W,3.42,92.17,52.14,3,4,home,202.7,0.72,7.81,7.23,rainy,0.325,middle,18.48,0,Maharashtra,2022,11
Pune,2W,2.89,88.18,7.85,1,4,public_slow,178.75,1.18,1.42,7.39,clear,0.062,high,17.35,0,Maharashtra,2022,12
Pune,2W,3.29,86.46,52.67,3,3,public_fast,72.8,2.43,6.9,6.46,humid,0.073,low,19.72,0,Maharashtra,2023,10
Pune,2W,3.23,103.56,17.88,3,1,public_fast,80.14,0.72,4.36,7.92,humid,0.452,middle,19.4,0,Maharashtra,2020,11
Pune,2W,3.43,75.43,39.77,1,4,public_slow,185.81,1.11,6.87,10.33,extreme_heat,0.129,low,17.49,0,Maharashtra,2026,1
Pune,2W,2.56,97.12,31.23,2.52,3,public_fast,90.12,7.55,4.47,5.02,rainy,0.221,middle,13.85,1,Maharashtra,2019,4
Pune,2W,2.85,72.37,18.57,2,4,public_fast,178.75,0.73,3.07,9.67,humid,0.084,middle,17.1,1,Maharashtra,2025,12
Pune,2W,2.95,89.19,18.37,3,3.33,public_fast,69.54,0.9,3.46,6.61,humid,0.414,low,17.71,1,Maharashtra,2023,6
Pune,2W,2.96,92.14,20.11,4,2,public_slow,210.6,0.58,3.43,6.68,clear,0.318,high,17.75,0,Maharashtra,2022,4
Pune,2W,3.69,86.24,19.48,3,5,public_fast,42.67,4.77,3.07,8.46,rainy,0.339,low,19.93,0,Maharashtra,2025,5
Pune,2W,3.06,105.21,27.48,2,2,public_fast,54.18,0.04,4.84,5.46,extreme_heat,0.152,low,15.61,0,Maharashtra,2020,12
Pune,2W,2.32,88.05,26.61,1,2,public_fast,50.74,1.32,5.85,7.64,clear,0.32,low,13.94,0,Maharashtra,2022,11
Pune,2W,3,100.95,65.85,2,3,home,396.44,1.18,11.65,6.31,rainy,0.538,high,16.22,0,Maharashtra,2021,11
Pune,2W,2.26,105.07,8.28,2,1,public_fast,80.78,0.58,1.52,5.49,extreme_heat,0.206,high,11.51,0,Maharashtra,2019,8
Pune,2W,3.92,83.64,29.46,4,3,public_fast,74.52,6.71,4.89,8.32,extreme_heat,0.414,high,20.02,1,Maharashtra,2023,2
Pune,2W,3.19,84.19,16.72,3,4,public_fast,64.85,0.72,2.42,9.12,clear,0.397,low,19.11,0,Maharashtra,2024,9
Pune,2W,2.85,102.32,22.16,5,3,public_fast,40.86,1.81,4.36,6.03,rainy,0.212,high,15.39,0,Maharashtra,2022,6
Pune,2W,3,82.38,11.14,3,4,public_slow,182.25,1.87,1.84,8.49,clear,0.612,middle,17.72,0,Maharashtra,2024,6
Pune,2W,2.54,84.87,18.57,3,4,public_slow,180.97,0.15,2.5,9.44,extreme_heat,0.064,middle,12.97,0,Maharashtra,2023,2
Pune,2W,3.34,100.37,26.61,3,1,public_slow,223.27,2.1,1.1,7.29,humid,0.378,middle,20.02,0,Maharashtra,2019,7
Pune,2W,3.78,74.27,21.28,3,4,public_fast,11.46,0.01,3.69,8.22,extreme_heat,0.211,middle,19.29,1,Maharashtra,2026,9
Pune,2W,3.29,78.65,22.23,3,4,public_fast,52.64,2.42,3.96,9.34,rainy,0.539,middle,17.79,0,Maharashtra,2026,4
Pune,2W,2.34,88.83,15.41,4,4,public_fast,49.06,0.92,3,7.52,rainy,0.17,middle,12.61,0,Maharashtra,2022,6
Pune,2W,2.84,83.1,17.9,2.52,5,public_fast,77.23,0.26,2.44,9.27,humid,0.132,middle,17.06,1,Maharashtra,2026,1
Pune,2W,3.3,86.59,31.53,2.52,7,home,365.16,0.13,5.66,9.64,humid,0.431,low,19.79,1,Maharashtra,2026,6
Pune,2W,2.28,85.46,19.65,3,6,home,324.3,0.1,3,9.19,clear,0.163,middle,13.67,0,Maharashtra,2025,9
Pune,2W,3.68,96.44,34.98,4,1,public_fast,61.69,4.23,4.26,6.86,rainy,0.123,middle,19.9,1,Maharashtra,2020,12
Pune,2W,2.7,91.91,33.28,3,3,public_fast,33.7,1.63,6.03,7.77,humid,0.399,middle,16.19,0,Maharashtra,2021,2
Pune,2W,2.65,96.61,47.1,1,4,public_slow,192.48,0.72,9.63,6.25,clear,0.441,low,15.92,0,Maharashtra,2021,4
Pune,2W,2.97,87.63,26.73,2,5,public_fast,77.05,0.6,4.03,9.22,extreme_heat,0.411,middle,15.17,1,Maharashtra,2025,12
Pune,2W,3,82.06,10.92,3,5,public_fast,248.39,0.95,1.57,10.76,rainy,0.642,low,15.51,1,Maharashtra,2026,1
Pune,2W,3.27,76.7,42.61,3,5,home,331.48,0,7.44,11.42,extreme_heat,0.461,low,17.67,1,Maharashtra,2026,8
Pune,2W,3.81,93.41,1,2,5,home,282.68,0.83,0.26,11.19,extreme_heat,0.281,middle,22.88,0,Maharashtra,2025,8
Pune,2W,1.89,94.49,1,3,1,public_slow,234.35,2.13,0.14,6.26,humid,0.379,middle,11.34,0,Maharashtra,2019,11
Pune,2W,3.11,92.91,14.26,1,1,public_fast,96.77,1.08,1.96,5.44,extreme_heat,0.228,high,15.85,0,Maharashtra,2019,9
Pune,2W,2.51,92.02,22.08,4,2,home,215.33,3.49,3.34,7.78,rainy,0.281,high,13.57,1,Maharashtra,2022,10
Pune,2W,3.02,95.56,9.53,4,1,public_slow,101.51,0.8,1.3,7.31,rainy,0.186,middle,16.28,0,Maharashtra,2021,3
Pune,2W,3.05,91.46,17.38,3,2,public_slow,217.62,5.17,3.06,8.46,humid,0.476,low,18.29,1,Maharashtra,2022,1
Pune,2W,2.72,84.96,30.39,3,3,public_slow,166.06,0.14,5.45,6.84,humid,0.317,middle,16.3,0,Maharashtra,2021,9
Pune,2W,3.47,88.76,35.03,2,2,public_slow,210.88,0.29,6.26,8.09,extreme_heat,0.243,low,17.69,0,Maharashtra,2021,7
Pune,2W,3.43,95.3,41.98,4,1,public_fast,50.9,0.35,7.81,5.26,humid,0.483,low,20.56,0,Maharashtra,2019,4
Pune,2W,3.09,94.06,37.71,3,5,public_slow,177.94,1.2,5.43,9.25,humid,0.106,middle,18.53,1,Maharashtra,2023,11
Pune,2W,2.29,77.39,12.26,2.52,2,public_fast,35.95,0.89,1.84,7.62,extreme_heat,0.182,low,11.68,0,Maharashtra,2021,2
Pune,2W,2.92,79.2,8.11,3,4,public_fast,51.27,0.93,1.71,9.87,clear,0.29,middle,17.54,0,Maharashtra,2026,4
Pune,2W,2.74,79.51,7.36,2,6,public_fast,65.35,3.06,1.41,10.44,extreme_heat,0.264,middle,14.8,1,Maharashtra,2026,10
Pune,2W,2.6,73.55,6.25,4,5,public_fast,68.48,0.12,0.97,10.88,extreme_heat,0.096,middle,13.29,1,Maharashtra,2026,6
Pune,2W,2.31,81.9,59.19,1,3,public_slow,176.46,0.42,8.63,6.7,humid,0.35,middle,13.86,0,Maharashtra,2022,8
Pune,2W,4.03,84.29,46.05,1,3,public_slow,177.09,0.05,13.02,7.13,clear,0.238,low,24.18,0,Maharashtra,2023,3
Pune,2W,2.66,97.71,29.91,3,1,public_slow,186.5,2.59,4.07,5.66,clear,0.261,low,15.96,0,Maharashtra,2019,2
Pune,2W,3.53,89.19,34.29,1,4,public_slow,223.6,2.97,5.16,7.57,clear,0.188,middle,21.18,0,Maharashtra,2022,7
Pune,2W,3.23,78.7,49.75,3,5,home,294.09,3.3,8.49,9.65,rainy,0.466,low,16.84,1,Maharashtra,2026,5
Pune,2W,4.08,77.59,31.78,3,6,public_slow,196.85,2.04,6.75,10.26,clear,0.29,middle,24.48,1,Maharashtra,2025,2
Pune,2W,3.02,86.45,10.56,4,6,public_slow,175.9,10.12,2.46,8.07,extreme_heat,0.47,low,15.4,1,Maharashtra,2024,7
Pune,2W,3.37,87.77,30.16,3,1,public_slow,176.71,1.14,4.46,8.82,clear,0.163,middle,20.25,0,Maharashtra,2021,12
Pune,2W,2.85,108.51,1,3,4,public_fast,56.22,0.93,0.29,4.56,clear,0.136,low,17.12,0,Maharashtra,2019,4
Pune,2W,3.62,96.1,27.63,1,2,home,338.33,0.72,4.43,6.51,rainy,0.335,low,16.84,0,Maharashtra,2020,6
Pune,2W,2.36,76.51,11.52,3,4,public_fast,53.02,0.9,1.81,10.47,rainy,0.098,high,12.72,0,Maharashtra,2026,1
Pune,2W,2.68,100.79,48.72,3,3,home,241.71,1.68,7.76,7.5,rainy,0.167,low,14.47,0,Maharashtra,2019,1
Pune,2W,2.25,89.19,29.3,2,2,public_fast,45.28,1.48,5.93,7.13,humid,0.423,low,13.53,0,Maharashtra,2020,10
Pune,2W,3.06,94.58,39.69,4,1,home,344.66,0.79,6.14,9.35,rainy,0.106,low,16.53,0,Maharashtra,2023,12
Pune,2W,2.43,81.22,32.14,2,7,public_fast,29.83,1.07,4.31,10.62,humid,0.269,low,14.6,1,Maharashtra,2026,1
Pune,2W,1.97,78.64,25.77,3,6,home,326.58,7.22,3.87,10.25,rainy,0.47,middle,10.64,1,Maharashtra,2026,6
Pune,2W,3.38,100.43,26.61,4,1,public_slow,206.06,0.48,7.49,7.8,humid,0.442,middle,20.28,0,Maharashtra,2019,2
Pune,2W,2.95,94.65,29.96,4,3,public_slow,186.32,1.8,4.61,7.72,humid,0.43,low,17.67,0,Maharashtra,2021,12
Pune,2W,2.84,75.42,46.59,2,4,public_slow,188.58,2.01,8.81,7.28,extreme_heat,0.32,high,14.48,0,Maharashtra,2025,8
Pune,2W,3.37,98.09,40.91,2.52,4,public_fast,78.71,1.76,6.68,7.32,humid,0.304,low,20.23,0,Maharashtra,2020,11
Pune,2W,2.77,91.42,38.44,1,2,public_slow,229.79,2.4,6.57,6.6,clear,0.317,high,16.64,0,Maharashtra,2022,10
Pune,2W,3,71.99,12.99,2,5,public_slow,219.36,1.06,2.83,8.14,humid,0.112,low,19.34,1,Maharashtra,2024,11
Pune,2W,2.85,85.72,45.26,2.52,6,public_fast,109.37,3.37,8.38,9.59,extreme_heat,0.587,middle,14.51,1,Maharashtra,2025,12
Pune,2W,3.49,91.46,13.61,1,6,public_slow,145.69,3.27,1.73,8.39,extreme_heat,0.482,middle,17.79,1,Maharashtra,2024,4
Pune,2W,3,88.83,21.34,3,3,home,350.06,1.95,2.73,5.94,humid,0.201,middle,18.4,0,Maharashtra,2023,6
Pune,2W,2.68,98.6,13.56,4,1,public_fast,46.42,1.02,3.81,7.72,extreme_heat,0.358,middle,13.66,0,Maharashtra,2020,1
Pune,2W,3.16,77.5,50.44,3,4,home,395.19,1.72,2.82,9.97,clear,0.039,middle,18.98,0,Maharashtra,2025,7
Pune,2W,2.23,84.05,28.2,3,3,home,246.07,0.1,4.14,8.62,rainy,0.105,low,12.05,0,Maharashtra,2024,7
Pune,2W,3.44,89.59,39.75,2,3,public_slow,172.78,0.26,6.78,7.06,rainy,0.131,low,16.84,0,Maharashtra,2026,1
Pune,2W,2.99,98.49,49.64,3,2,public_fast,69.4,2,6.97,8.03,extreme_heat,0.344,middle,15.27,0,Maharashtra,2022,5
Pune,2W,3.18,89.19,44.43,2,3,home,279.86,1.54,8.3,8.36,extreme_heat,0.148,low,16.23,0,Maharashtra,2024,11
Pune,2W,3.04,93.51,5.93,3,3,home,300.29,0.42,1.24,7.22,extreme_heat,0.063,low,15.48,0,Maharashtra,2021,5
Pune,2W,3.02,77.82,14.74,2,5,public_slow,144.8,1.98,2.63,8.84,clear,0.203,middle,18.13,1,Maharashtra,2025,3
Pune,2W,3.23,88.44,2.75,2,3,public_slow,106.31,0.18,0.61,7.16,extreme_heat,0.298,middle,16.49,0,Maharashtra,2022,7
Pune,2W,3.09,84.29,12.32,2.52,5,home,360.15,0.19,2.42,9.32,humid,0.29,low,18.54,0,Maharashtra,2025,5
Pune,2W,3.01,105.59,19.65,1,1,public_slow,151.07,1.14,4.36,6.42,extreme_heat,0.19,middle,15.34,0,Maharashtra,2019,2
Pune,2W,2.89,100.84,31.25,1,3,public_fast,96.83,1.39,6.1,5.38,rainy,0.317,low,15.59,0,Maharashtra,2020,8
Pune,2W,3.61,89.1,58.86,3,6,home,329.38,15.44,8.42,9.32,rainy,0.426,low,19.48,1,Maharashtra,2025,2
Pune,2W,3.4,95.67,1,2,2,public_fast,65.49,0.08,0.14,7.42,humid,0.168,low,20.41,0,Maharashtra,2021,10
Pune,2W,3.27,74.14,19.92,4,5,public_slow,192.6,0.98,3.83,9.6,clear,0.393,high,19.59,1,Maharashtra,2026,9
Pune,2W,3.3,84.7,28.65,1,3,home,315.64,12.78,4.13,9.88,clear,0.168,low,19.78,1,Maharashtra,2025,1
Pune,2W,3.25,95.46,9.9,5,1,public_fast,65.88,0.16,1.97,6.74,rainy,0.372,middle,17.57,0,Maharashtra,2020,7
Pune,2W,3,100.9,24.61,4,2,home,318.19,2.92,5.11,6.44,clear,0.198,middle,16.77,0,Maharashtra,2020,6
Pune,2W,3.67,76.67,30.92,3,3.33,public_fast,74.84,2.07,8.5,10.36,humid,0.438,middle,22.01,1,Maharashtra,2026,8
Pune,2W,3,97.76,29.85,2,4,public_slow,195.76,0.63,6.54,10.69,clear,0.444,low,18.02,0,Maharashtra,2024,4
Pune,2W,3.09,90.49,36,3,4,public_slow,118.89,1.85,5.17,6.37,clear,0.352,middle,18.55,0,Maharashtra,2022,4
Pune,2W,3.76,67.54,10.72,3,5,public_slow,210.53,2.08,1.45,8.85,clear,0.157,high,22.56,1,Maharashtra,2026,5
Pune,2W,2.64,104.73,45.77,2,2,home,319.98,0.75,6.17,6.64,humid,0.142,middle,15.84,0,Maharashtra,2020,4
Pune,2W,2.61,93.17,49.08,1,4,public_slow,264.04,0.2,4.36,9.8,humid,0.29,middle,15.64,0,Maharashtra,2026,1
Pune,2W,3.66,89.12,60.32,3,2,home,352.75,0.66,3.27,7.55,clear,0.153,low,21.97,0,Maharashtra,2024,7
Pune,2W,2.21,96.28,3.8,1,1,public_fast,46.96,0.07,4.36,5.79,extreme_heat,0.34,middle,11.29,0,Maharashtra,2019,1
Pune,2W,3.56,91.75,24.34,2,2,public_slow,252.77,2.72,4.58,8.95,humid,0.335,low,21.37,0,Maharashtra,2024,4
Pune,2W,2.72,100.66,28.89,3,1,public_fast,48.13,4.03,4.25,5.69,extreme_heat,0.308,high,13.85,1,Maharashtra,2019,4
Pune,2W,3.83,81.36,45.25,3,6,public_slow,188.97,2.06,7.08,9.05,humid,0.389,middle,23,1,Maharashtra,2025,3
Pune,2W,3.83,94.45,15.63,1,4,public_fast,4.05,1.04,2.38,6.4,humid,0.312,high,22.99,0,Maharashtra,2022,2
Pune,2W,3.11,92.04,1,2,2,public_slow,131.17,0.04,0.19,5.37,extreme_heat,0.188,low,18.69,0,Maharashtra,2021,6
Pune,2W,2.8,76.93,45.25,3,4,public_slow,155.29,0.95,5.96,9.05,humid,0.256,low,16.8,0,Maharashtra,2026,4
Pune,2W,2.9,96.88,26.61,1,5,public_slow,172.57,0,2.67,7.6,clear,0.421,low,17.39,1,Maharashtra,2022,11
Pune,2W,3.09,89.85,13.86,2,5,public_fast,94.5,3.94,1.93,7.99,extreme_heat,0.407,low,15.74,1,Maharashtra,2025,6
Pune,2W,3.02,92.36,44.32,1,4,public_fast,50.34,3.87,6.33,8.39,rainy,0.277,low,16.33,1,Maharashtra,2023,9
Pune,2W,3.27,92.36,30.16,3,2,public_slow,186.19,1.24,5.93,5.21,extreme_heat,0.133,low,16.67,0,Maharashtra,2019,7
Pune,2W,2.7,78.73,16.68,2.52,5,home,427.35,4.73,3.06,9.4,rainy,0.531,low,14.58,1,Maharashtra,2025,9
Pune,2W,3.26,86.65,21.03,2,3,public_fast,36.52,1.37,3.03,10.58,extreme_heat,0.13,high,16.64,0,Maharashtra,2023,12
Pune,2W,2.36,97,36.91,2,1,home,376.99,0.06,4.36,6.01,rainy,0.099,low,12.77,0,Maharashtra,2020,11
Pune,2W,2.45,80.57,16.37,2,5,public_slow,210.24,4.59,2.97,8.25,extreme_heat,0.327,high,12.49,1,Maharashtra,2025,11
Pune,2W,2.72,87.24,43.25,4,4,public_fast,64.59,5.4,7.49,8.31,rainy,0.513,low,14.69,1,Maharashtra,2026,6
Pune,2W,3.32,82.03,12.64,1,5,public_slow,112,0.42,3.11,9.67,clear,0.205,low,19.91,0,Maharashtra,2026,10
Pune,2W,3.9,95.55,8.33,2,1,public_slow,140.27,2.15,1.1,6.69,extreme_heat,0.288,low,19.9,0,Maharashtra,2021,12
Pune,2W,2.49,70.53,14.02,3,7,public_slow,144.97,3.8,1.7,9.14,humid,0.256,middle,14.96,1,Maharashtra,2026,12
Pune,2W,2.75,103.32,21.42,2,2,public_slow,176.43,0.87,4.24,6.69,humid,0.521,low,16.5,0,Maharashtra,2019,4
Pune,2W,3.39,81.39,40.74,3,1,home,265.73,0.31,7.52,5.55,clear,0.352,middle,20.37,0,Maharashtra,2020,3
Pune,2W,2.68,101.25,31.88,2,3,public_slow,157.2,0.19,4.18,7.8,clear,0.067,middle,16.07,0,Maharashtra,2021,11
Pune,2W,3.3,96.27,12.96,4,3,home,321.46,0.05,2.29,7.19,clear,0.188,low,19.83,0,Maharashtra,2026,1
Pune,2W,1.93,99.93,37.41,2,3,public_fast,178.75,3.79,7.56,7.14,humid,0.515,middle,11.6,1,Maharashtra,2021,7
Pune,2W,2.51,89.37,24.46,1,3,public_fast,44.54,1.99,3.16,8.71,clear,0.229,low,15.08,0,Maharashtra,2021,5
Pune,2W,3.56,79.2,18.04,2.52,5,public_fast,44.29,0.34,2.86,10.67,rainy,0.266,middle,19.23,1,Maharashtra,2026,9
Pune,2W,2.99,94.01,48.89,5,4,public_slow,195.49,0.03,9.11,8.49,clear,0.514,middle,17.95,0,Maharashtra,2022,12
Pune,2W,3.32,96.86,24.71,2,1,public_fast,31.41,3.08,4.19,5.03,extreme_heat,0.543,low,16.91,1,Maharashtra,2019,7
Pune,2W,3,89.18,39.51,3,4,public_slow,192.32,3.67,6.9,7.67,extreme_heat,0.55,middle,13.5,1,Maharashtra,2022,12
Pune,2W,3.24,87.85,1,4,3,home,275.45,1.76,0.2,6.73,clear,0.542,low,19.42,0,Maharashtra,2023,6
Pune,2W,3.25,80.3,31.13,2,3,home,270.69,1.3,5.53,9.86,rainy,0.043,middle,17.57,0,Maharashtra,2023,10
Pune,2W,2.86,90.61,2.66,2,2,public_slow,122.16,1,0.57,7.78,clear,0.296,low,17.18,0,Maharashtra,2022,6
Pune,2W,2.71,97.37,14.29,2,1,public_fast,263.07,3.32,2.41,6.24,rainy,0.074,low,14.64,1,Maharashtra,2019,3
Pune,2W,3.04,82.78,76.08,2,3,public_fast,56.79,3.15,3.42,7.41,clear,0.289,low,18.22,1,Maharashtra,2021,4
Pune,2W,3.17,95.01,41.78,1,1,public_slow,152.61,4.01,8.22,9.85,extreme_heat,0.142,middle,16.17,1,Maharashtra,2023,8
Pune,2W,2.32,86.26,10.02,4,4,public_slow,193.98,2.09,2.28,9.66,extreme_heat,0.553,middle,11.84,0,Maharashtra,2023,11
Pune,2W,2.72,78.27,37.66,4,4,public_slow,195.02,0.12,7.03,9.78,clear,0.251,middle,16.34,0,Maharashtra,2026,7
Pune,2W,3.09,84.91,27.4,2,5,public_slow,178.15,0.91,4.9,5.76,humid,0.225,high,18.54,1,Maharashtra,2026,1
Pune,2W,3.18,84.33,24.51,1,3,public_slow,203.71,0.06,3.21,7.23,extreme_heat,0.292,middle,16.84,0,Maharashtra,2026,1
Pune,2W,2.91,82.92,20.25,2,2,home,237.35,1.22,3.72,8.48,clear,0.049,middle,17.44,0,Maharashtra,2023,10
Pune,2W,3.04,91.3,48.43,3,5,public_slow,131.42,3.62,10.16,8.24,extreme_heat,0.154,low,15.51,1,Maharashtra,2023,1
Pune,2W,3.2,75.36,36.61,4,3,home,408.2,1.32,6.51,7.8,humid,0.145,low,19.19,0,Maharashtra,2025,8
Pune,2W,3.26,97.67,22.33,3,2,public_fast,42.2,2.12,3.66,7.4,humid,0.221,middle,19.55,0,Maharashtra,2020,3
Pune,2W,2.51,99.37,29.31,3,1,home,363.07,1.51,5.7,6.65,rainy,0.346,high,13.55,0,Maharashtra,2020,9
Pune,2W,2.59,101.58,18.94,3,1,public_fast,44.46,0.7,3.73,2.97,clear,0.045,low,15.54,0,Maharashtra,2020,11
Pune,2W,2.35,92.85,9.92,3,2,public_fast,60.3,4.17,1.51,6.74,clear,0.333,middle,14.09,1,Maharashtra,2021,12
Pune,2W,3.22,88.67,31.28,2,4,home,325.56,5.25,5.28,6.76,rainy,0.688,middle,17.38,1,Maharashtra,2021,2
Pune,2W,3,88.32,31.46,2,3,public_fast,36.17,1.28,5.98,7.8,humid,0.132,middle,13.82,0,Maharashtra,2024,9
Pune,2W,2.73,92.31,41.57,3,1,public_slow,232.14,2.77,7.03,8.95,clear,0.596,high,16.36,0,Maharashtra,2023,1
Pune,2W,2.09,81.44,26.61,1,2,public_slow,138.97,3.24,5.36,10.19,clear,0.215,low,12.54,1,Maharashtra,2025,1
Pune,2W,3.49,88.99,23.23,6,3.33,public_fast,69.8,0.43,3.36,7.9,clear,0.525,high,16.84,0,Maharashtra,2023,11
Pune,2W,3.05,90.46,50.53,2,6,home,318.86,0.08,10.27,6.31,rainy,0.513,middle,16.48,1,Maharashtra,2024,8
Pune,2W,3,82.89,11.35,3,7,home,315.54,1.44,1.4,8.65,extreme_heat,0.572,low,13.65,1,Maharashtra,2025,7
Pune,2W,2.4,92.57,1,1,3,home,178.75,0.5,0.14,7.35,humid,0.314,high,14.39,0,Maharashtra,2022,8
Pune,2W,3.28,96.97,42.41,2,1,public_fast,93.28,3.16,7.99,5.02,extreme_heat,0.285,high,16.84,1,Maharashtra,2019,7
Pune,2W,2.24,103.73,35.86,4,4,public_slow,154,0.06,5.39,4.81,humid,0.561,low,13.47,0,Maharashtra,2020,1
Pune,2W,3.23,101.21,28.39,3,2,public_slow,209.7,0.34,4.12,7.23,rainy,0.197,middle,17.46,0,Maharashtra,2026,1
Pune,2W,2.95,89.48,23.92,2,2,public_slow,164.54,2.61,3.29,6.26,clear,0.044,high,17.7,0,Maharashtra,2026,1
Pune,2W,2.78,98.99,42.33,2,2,home,261.13,0.16,7.5,7.74,extreme_heat,0.143,middle,14.16,0,Maharashtra,2020,10
Pune,2W,3.41,85.46,38.48,2.52,4,home,297.11,1.6,6.11,8.72,extreme_heat,0.45,high,17.37,0,Maharashtra,2024,1
Pune,2W,3.58,101.39,32.06,1,2,public_slow,217.21,0.56,5.26,5.52,extreme_heat,0.44,low,21.49,0,Maharashtra,2019,3
Pune,2W,2.19,93.97,1,3,2,public_fast,50.54,0.26,0.21,6.19,rainy,0.202,middle,11.81,0,Maharashtra,2020,11
Pune,2W,2.05,74.36,24.87,3,6,public_fast,61.4,1.96,4.68,10.83,extreme_heat,0.396,low,10.46,1,Maharashtra,2026,8
Pune,2W,2.48,83.04,22.55,3,4,public_slow,178.75,0.82,3.54,9.13,humid,0.05,low,14.9,0,Maharashtra,2026,1
Pune,2W,3.14,92.07,48.59,1,4,home,362.89,2.46,7.33,7.49,extreme_heat,0.267,low,15.99,0,Maharashtra,2022,11
Pune,2W,3.82,77.78,1,3,5,public_slow,178.27,1.91,0.17,7.8,extreme_heat,0.508,high,19.48,0,Maharashtra,2026,8
Pune,2W,3.54,97.67,39.8,1,3,public_fast,76.93,0.8,6.93,6.27,extreme_heat,0.204,middle,18.06,0,Maharashtra,2020,3
Pune,2W,2,77.36,50.51,3,5,public_slow,179.39,2.5,8.77,9.27,rainy,0.063,low,10.79,1,Maharashtra,2025,6
Pune,2W,4.31,80.03,17.32,3,4,public_fast,90.12,0.52,3.38,7.32,rainy,0.469,low,23.29,0,Maharashtra,2024,5
Pune,2W,2.6,79.46,26.61,4,5,home,227.4,0.04,7.23,10.09,rainy,0.241,high,14.06,1,Maharashtra,2026,9
Pune,2W,3.11,85.59,37.34,3,4,home,393.25,4.15,6.32,9.24,extreme_heat,0.11,low,15.85,1,Maharashtra,2026,10
Pune,2W,3.68,92.35,39.16,3,1,home,251.24,1.94,5.83,3.69,humid,0.126,low,22.09,0,Maharashtra,2020,4
Pune,2W,2.49,98.69,1,1,1,home,235.59,0.22,0.17,3.32,humid,0.185,middle,14.93,0,Maharashtra,2019,10
Pune,2W,3.62,86.22,29.24,1,5,public_slow,132.02,5.84,4.69,7.84,clear,0.732,low,21.72,1,Maharashtra,2025,3
Pune,2W,1.89,73.68,27.51,2,5,public_slow,203.24,0.87,4.48,8.06,rainy,0.163,low,10.18,1,Maharashtra,2026,5
Pune,2W,3.34,76.53,5.2,2,5,home,264.66,1.74,0.91,9.16,rainy,0.214,low,18.06,0,Maharashtra,2025,10
Pune,2W,2.6,84.79,14.49,5,4,public_fast,70.94,0.57,2.15,7.29,extreme_heat,0.349,low,13.27,0,Maharashtra,2025,11
Pune,2W,3.07,94.75,14.3,4,2,public_slow,137.58,0.76,2.3,6.62,rainy,0.092,low,16.6,0,Maharashtra,2021,8
Pune,2W,2.91,109.09,50.2,2,3,home,327.84,0.09,10.58,6.39,extreme_heat,0.091,low,14.84,0,Maharashtra,2021,5
Pune,2W,4.08,83.82,20.83,3,3,public_fast,58.17,6.05,3.1,9.29,clear,0.156,middle,24.49,1,Maharashtra,2025,10
Pune,2W,2.87,81.75,27.12,4,5,public_fast,12.84,1.31,5.16,8.9,extreme_heat,0.62,high,14.63,1,Maharashtra,2026,11
Pune,2W,3.75,93.91,42.24,4,4,public_fast,64.16,0.98,6.46,8.4,humid,0.278,high,22.5,0,Maharashtra,2022,7
Pune,2W,2.65,96.64,22.49,3,2,public_slow,140.34,0.09,4.44,8.21,clear,0.294,low,15.93,0,Maharashtra,2021,8
Pune,2W,4.05,106.22,3,3,1,home,266.76,0.13,0.2,7.07,extreme_heat,0.099,low,20.68,0,Maharashtra,2019,6
Pune,2W,3.39,106.42,21.6,2,2,home,301.68,6.15,3.41,6.5,clear,0.096,middle,20.37,1,Maharashtra,2019,5
Pune,2W,2.73,89.35,25.18,3,4,home,323.5,1.86,4.05,7.08,clear,0.522,high,16.41,0,Maharashtra,2023,3
Pune,2W,2.64,89.19,47.24,2,3,public_slow,113.03,2.01,5.96,7.2,extreme_heat,0.116,high,13.46,0,Maharashtra,2023,11
Pune,2W,2.72,86.88,20.7,2,1,home,221.5,4.22,2.55,8.13,rainy,0.059,low,14.67,1,Maharashtra,2022,9
Pune,2W,3.29,94.8,35.34,2,5,public_fast,75.88,1.11,6.42,8.14,humid,0.092,middle,19.72,1,Maharashtra,2022,5
Pune,2W,3.88,85.84,6.99,3,4,public_slow,223.83,1.56,0.92,9.82,extreme_heat,0.015,low,19.79,0,Maharashtra,2024,1
Pune,2W,2.3,88.74,8.75,3,2,public_slow,168.44,0.44,1.18,6.38,humid,0.628,low,13.8,0,Maharashtra,2022,4
Pune,2W,2.87,84.39,17.57,5,4,public_slow,161.86,0.27,2.19,8.54,extreme_heat,0.466,middle,14.61,0,Maharashtra,2023,9
Pune,2W,2.59,74.98,42.28,3,4,public_fast,40.83,0.02,6.64,8.55,clear,0.29,low,15.54,1,Maharashtra,2023,7
Pune,2W,2.51,103.75,44.27,3,2,public_fast,59.83,0.1,7.21,6.16,humid,0.418,middle,15.04,0,Maharashtra,2021,10
Pune,2W,3.09,86.69,9.28,3,5,public_slow,209.28,0.45,1.47,8.45,humid,0.226,middle,18.55,0,Maharashtra,2024,8
Pune,2W,3.07,86.63,35.67,3,5,public_slow,145.61,1.15,5.31,7.49,humid,0.136,middle,18.41,1,Maharashtra,2023,6
Pune,2W,3.82,92.37,38.53,3,4,home,272.29,0.15,7.32,7.15,rainy,0.187,low,20.63,0,Maharashtra,2022,7
Pune,2W,3.87,88.27,10.51,2,3,home,287.65,0.17,2.11,7.58,extreme_heat,0.133,low,19.72,0,Maharashtra,2020,8
Pune,2W,3,93.95,32.48,4,2,home,287.78,0.38,5.58,6.94,extreme_heat,0.51,low,20.09,0,Maharashtra,2024,9
Pune,2W,3.63,100.25,34.1,3,3,public_slow,220.7,1.02,6.7,7,clear,0.29,low,16.84,0,Maharashtra,2021,4
Pune,2W,2.98,92.94,27.34,1,2,public_slow,188.08,1.47,4.85,8.33,extreme_heat,0.202,low,15.21,0,Maharashtra,2021,8
Pune,2W,3.63,92.63,15.22,1,5,public_fast,88.83,4.75,3.42,5.14,rainy,0.48,middle,19.61,1,Maharashtra,2019,9
Pune,2W,2.91,75.15,1,4,6,public_fast,65.03,5.65,0.17,10.03,clear,0.56,middle,17.45,1,Maharashtra,2026,4
Pune,2W,3.45,95.16,21.4,2.52,2,home,271.31,1.99,3.57,6.73,humid,0.345,middle,20.72,0,Maharashtra,2021,8
Pune,2W,2.38,84.79,23.14,2,5,public_slow,140.2,16.61,4.23,8.37,humid,0.045,high,14.31,1,Maharashtra,2024,5
Pune,2W,3.39,98.53,43.47,1,3,public_slow,184.74,1.52,6.46,5.84,clear,0.351,low,20.36,0,Maharashtra,2020,2
Pune,2W,3.24,91.26,1,2,3,public_slow,129.11,0.41,0.22,10.37,rainy,0.056,middle,17.48,0,Maharashtra,2025,11
Pune,2W,2.48,97.61,49.26,2,3,home,442.28,3.74,7.48,5.91,clear,0.466,middle,14.88,1,Maharashtra,2020,10
Pune,2W,2.48,82.96,39.48,2,4,home,243.95,1.21,5.4,9.28,rainy,0.083,low,13.41,0,Maharashtra,2025,11
Pune,2W,2.6,101.74,20.33,2,1,public_fast,38.04,0.31,4.59,6.63,rainy,0.088,low,14.06,0,Maharashtra,2019,6
Pune,2W,3.01,78.66,27.05,2,6,home,355.39,0.42,3.85,8.54,rainy,0.312,high,16.24,1,Maharashtra,2024,6
Pune,2W,2.45,87.41,20.5,3,4,public_fast,32.16,3.15,4.26,9.58,rainy,0.39,low,13.23,1,Maharashtra,2023,4
Pune,2W,2.85,86.22,24.68,3,2,public_slow,114.98,4.71,3.63,6.48,extreme_heat,0.32,low,17.12,1,Maharashtra,2022,10
Pune,2W,3.62,102.97,37.06,2,1,public_slow,122.84,1.15,5.86,5.41,clear,0.089,middle,21.74,0,Maharashtra,2019,5
Pune,2W,4.15,102.06,7.66,2,1,public_fast,57.76,4.73,1.13,5.63,clear,0.144,middle,24.9,0,Maharashtra,2019,5
