city,vehicle_type,battery_capacity_kwh,battery_health_pct,distance_km,daily_trip_count,charging_frequency_per_week,charging_type,charging_duration_min,charging_station_distance_km,energy_consumed_kwh,electricity_cost_per_kwh,weather_condition,traffic_density,user_income_level,range_km_estimated,range_anxiety_risk,state,year,month
Ahmedabad,4W,36.69,86.26,13.11,3,4,home,330.3,1.59,1.8,9.87,humid,0.121,middle,220.15,0,Gujarat,2025,1
Ahmedabad,4W,41.89,96.26,5.1,2,5,home,256.16,1.28,1.07,6.72,clear,0.121,low,251.32,0,Gujarat,2023,1
Ahmedabad,4W,31.43,94.77,23.28,2,5,public_slow,116.22,3.79,5.29,7.4,clear,0.26,low,188.61,1,Gujarat,2023,12
Ahmedabad,4W,43.27,87.72,29.2,3,2,home,446.75,2.46,6.01,8.13,humid,0.22,low,259.63,0,Gujarat,2023,2
Ahmedabad,4W,39.99,97.37,5.65,3,1,public_fast,53.28,1.38,0.97,8.17,clear,0.39,low,264.7,0,Gujarat,2023,8
Ahmedabad,4W,38.71,99.93,17.88,1,3,home,219.24,4.1,2.66,6.63,extreme_heat,0.437,low,197.4,0,Gujarat,2020,2
Ahmedabad,4W,40.99,93.91,20.26,3,3,home,372.23,0.47,4.41,6.36,rainy,0.29,middle,221.33,0,Gujarat,2020,5
Ahmedabad,4W,37.56,84.62,25.51,4,2,home,234.85,0.79,3.72,8.68,humid,0.123,middle,225.38,0,Gujarat,2023,9
Ahmedabad,4W,47.87,76.67,22.74,3,5,public_slow,161.93,3.98,3.9,9.7,extreme_heat,0.138,low,244.11,1,Gujarat,2026,1
Ahmedabad,4W,48.98,97.53,21.36,3,1,public_fast,84.6,0.26,3.51,7.72,humid,0.651,middle,293.89,0,Gujarat,2021,9
Ahmedabad,4W,32.98,101.23,11.54,3,2,public_slow,200.11,7.65,2.11,7.65,humid,0.154,middle,197.88,0,Gujarat,2023,3
Ahmedabad,4W,49.52,85.77,32.2,5,5,home,338.97,3.92,5.37,8.64,rainy,0.189,low,267.39,1,Gujarat,2023,8
Ahmedabad,4W,37.03,92.57,32.1,4,4,public_fast,40.43,4.35,4.31,8.91,clear,0.263,low,222.21,0,Gujarat,2022,11
Ahmedabad,4W,35.18,79.23,38.1,2,3.23,public_fast,78.54,1.45,5.96,10.7,extreme_heat,0.257,low,179.43,0,Gujarat,2024,1
Ahmedabad,4W,39.34,82.36,2.5,2.53,4,home,381.06,4.07,0.51,9.89,rainy,0.233,low,212.43,0,Gujarat,2025,11
Ahmedabad,4W,35.13,88.52,5.39,3,2,home,262.2,3.01,0.88,9.23,humid,0.276,low,210.78,0,Gujarat,2024,4
Ahmedabad,4W,35.44,94.91,30.16,3,2,public_fast,42.04,1.98,4.33,7.72,clear,0.251,low,212.62,0,Gujarat,2020,8
Ahmedabad,4W,39.45,88.09,28.82,2,6,public_slow,228,0.97,5.81,7.91,humid,0.362,low,236.68,0,Gujarat,2025,5
Ahmedabad,4W,38.02,84.64,36.67,2,1,home,155.63,0.11,5.48,4.54,extreme_heat,0.194,low,193.9,0,Gujarat,2019,8
Ahmedabad,4W,37.06,91.83,18.63,3,2,home,246.56,0.15,2.83,4.57,extreme_heat,0.348,low,189.03,0,Gujarat,2019,8
Ahmedabad,4W,49.08,75.65,48.04,1,4,home,317.95,0.7,8.65,9.83,rainy,0.203,middle,265.05,0,Gujarat,2025,6
Ahmedabad,4W,37.99,78.62,40.01,1,5,public_slow,219.34,0.94,7.71,10.53,humid,0.32,low,227.94,0,Gujarat,2026,6
Ahmedabad,4W,37.93,90.3,2.16,1,4,public_slow,157.8,1.88,0.39,8.01,clear,0.171,low,227.58,0,Gujarat,2023,9
Ahmedabad,4W,33.33,81.97,26.44,2,5,public_slow,207.61,1.75,7.09,7,humid,0.176,high,199.97,0,Gujarat,2026,8
Ahmedabad,4W,45.24,92.81,15.99,4,3,home,300.18,0.5,2.98,7.08,rainy,0.256,middle,244.3,0,Gujarat,2020,7
Ahmedabad,4W,46.73,84.76,52.92,3,4,public_fast,85.43,1.29,10.98,8.12,extreme_heat,0.171,middle,238.31,0,Gujarat,2023,12
Ahmedabad,4W,42.04,97.77,10.08,4,3,home,257.4,2.51,1.46,8.13,clear,0.2,low,252.21,0,Gujarat,2023,4
Ahmedabad,4W,42.93,82.64,30.57,3,2,public_slow,146.14,0.97,4.53,9.24,extreme_heat,0.333,low,218.93,0,Gujarat,2022,10
Ahmedabad,4W,33.05,91.52,18.46,4,3,public_slow,195.01,0.21,3.37,9.64,extreme_heat,0.126,high,168.56,0,Gujarat,2024,6
Ahmedabad,4W,40.31,91.87,1,2,3,public_slow,210.91,0.47,0.25,7.72,rainy,0.626,middle,217.67,0,Gujarat,2022,4
Ahmedabad,4W,34.39,98.57,27.42,3,1,home,446.46,0.71,6.61,5.16,humid,0.459,low,206.34,0,Gujarat,2019,11
Ahmedabad,4W,41.89,102.77,45.14,2,2,public_fast,69.46,1.84,5.97,6.68,humid,0.29,middle,251.33,0,Gujarat,2021,2
Ahmedabad,4W,36.45,96.46,17.61,1,3,public_fast,180.33,1.36,2.61,7.43,clear,0.277,middle,218.7,0,Gujarat,2022,11
Ahmedabad,4W,45.49,83.23,12.45,2.53,6,public_slow,164.36,4.1,2.79,9.8,rainy,0.285,low,245.62,1,Gujarat,2025,1
Ahmedabad,4W,49.25,105.43,26.44,2,1,public_fast,40.31,2.13,0.9,6.3,rainy,0.263,middle,265.93,0,Gujarat,2019,12
Ahmedabad,4W,32.68,101.22,22.49,3,3,public_fast,80.62,1.77,4.14,7.32,extreme_heat,0.159,middle,166.69,0,Gujarat,2019,8
Ahmedabad,4W,40.01,80.93,6.16,2,4,public_slow,142.4,1.54,1.24,8.84,humid,0.251,middle,240.06,0,Gujarat,2025,8
Ahmedabad,4W,43.2,114.24,17.99,3,1,home,291.43,4.61,2.36,7.38,humid,0.302,high,224.79,0,Gujarat,2019,2
Ahmedabad,4W,30.31,76.32,34.64,2,3,public_fast,53.19,1.98,6.66,10.95,extreme_heat,0.228,low,163.65,0,Gujarat,2025,7
Ahmedabad,4W,42.17,92.25,1,1,4,public_fast,86.56,3.37,0.15,6.27,rainy,0.407,low,227.72,0,Gujarat,2022,6
Ahmedabad,4W,41.24,99.87,27.53,1,2,public_fast,61.15,0.92,4.22,6.61,rainy,0.278,high,222.7,0,Gujarat,2019,7
Ahmedabad,4W,40.06,83.23,29.84,1,5,home,251.05,0.52,4.15,7.16,clear,0.183,low,240.38,0,Gujarat,2023,2
Ahmedabad,4W,40.35,86.04,15.4,2,3,home,176.99,1.59,3.04,9.77,humid,0.303,high,242.08,0,Gujarat,2024,8
Ahmedabad,4W,36,89.37,49.41,2,3,public_slow,115.56,3.49,9.09,5.97,rainy,0.283,low,194.4,0,Gujarat,2021,8
Ahmedabad,4W,33.34,86.9,20.56,2,2,home,338.76,0.46,4.75,8.48,clear,0.461,middle,200.06,0,Gujarat,2023,4
Ahmedabad,4W,41.61,92.59,8.55,2,2,home,408.73,0.27,1.49,8.49,clear,0.371,high,249.64,0,Gujarat,2022,5
Ahmedabad,4W,41.02,88.13,19.1,3,2,public_slow,207.5,3.33,2.41,7.88,rainy,0.224,middle,221.53,0,Gujarat,2022,10
Ahmedabad,4W,35.47,90.03,37.51,1,4,public_fast,50.43,1.21,6.99,7.92,extreme_heat,0.156,middle,180.92,0,Gujarat,2024,6
Ahmedabad,4W,30.22,98.64,36.5,2,2,home,297.35,2.97,6.38,5.38,extreme_heat,0.308,middle,154.15,0,Gujarat,2019,3
Ahmedabad,4W,29.95,97.58,23.16,2,2,public_slow,169.25,3.99,3.28,7.01,clear,0.234,middle,179.7,0,Gujarat,2021,8
Ahmedabad,4W,43.31,89.37,20.93,3,4,home,260.99,1.74,3.39,9.67,humid,0.529,low,259.84,0,Gujarat,2023,7
Ahmedabad,4W,43.82,83.8,7.64,2,6,public_fast,31.5,6.28,1.24,8.13,clear,0.29,low,262.91,1,Gujarat,2026,2
Ahmedabad,4W,37.09,102.12,12.82,5,1,home,262.89,1.47,2.07,5.79,rainy,0.694,middle,200.31,0,Gujarat,2019,11
Ahmedabad,4W,35.22,92.05,33.91,3,2,public_fast,52.9,3.07,6.87,5.34,rainy,0.435,low,190.18,0,Gujarat,2021,3
Ahmedabad,4W,47.32,92.46,12.83,1,4,public_slow,54.88,2.76,2.63,9.13,rainy,0.478,high,255.52,0,Gujarat,2023,8
Ahmedabad,4W,42.03,87.78,30.32,3,4,public_slow,193.18,1.68,4.31,7.72,extreme_heat,0.668,middle,214.36,0,Gujarat,2023,6
Ahmedabad,4W,34.74,97.43,19.6,5,3,public_slow,180.33,0.18,3.58,5.86,extreme_heat,0.335,middle,177.16,0,Gujarat,2020,1
Ahmedabad,4W,37.8,103.49,22.23,2,3,public_slow,203.64,8.26,2.92,6.39,clear,0.088,middle,226.79,0,Gujarat,2020,5
Ahmedabad,4W,44.71,86.24,55.39,1,3,public_slow,227.5,1.82,10.21,8.93,clear,0.175,high,268.27,0,Gujarat,2024,5
Ahmedabad,4W,39.99,89.37,22.37,3,1,public_fast,75.85,0.85,3.45,6.67,extreme_heat,0.134,middle,233.38,0,Gujarat,2019,8
Ahmedabad,4W,33.61,97.45,28.09,3,2,public_fast,64.59,2.25,4.37,6.15,clear,0.168,low,201.68,0,Gujarat,2019,2
Ahmedabad,4W,40.08,83.11,7.76,3,5,public_fast,41.56,1.12,1.35,9.02,extreme_heat,0.415,middle,204.42,0,Gujarat,2024,9
Ahmedabad,4W,42.18,88.71,19.95,2.53,2,home,296.25,1.98,2.89,8.18,rainy,0.554,middle,227.75,0,Gujarat,2022,10
Ahmedabad,4W,35.36,106.83,21.27,4,2,public_slow,185.53,0.45,3.59,7.76,extreme_heat,0.146,middle,180.32,0,Gujarat,2021,8
Ahmedabad,4W,48.14,91.98,26.23,3,5,public_slow,86.42,1.84,4.17,7.66,humid,0.313,low,288.81,0,Gujarat,2023,11
Ahmedabad,4W,42.51,100.53,41.42,2,3,public_fast,101.44,5.73,6.6,5.4,extreme_heat,0.245,low,216.81,0,Gujarat,2019,5
Ahmedabad,4W,36.97,94.45,41.92,2,2,public_slow,246.8,0,6.37,3.97,extreme_heat,0.332,low,188.52,0,Gujarat,2019,11
Ahmedabad,4W,34.61,98.66,17.94,3,2,public_slow,59.55,0.19,3.05,6.99,clear,0.2,high,207.68,0,Gujarat,2019,3
Ahmedabad,4W,37.33,76.13,26.78,3,3,home,353.4,0.18,3.93,8.01,extreme_heat,0.633,middle,190.38,0,Gujarat,2023,7
Ahmedabad,4W,35.27,89.37,43.07,3,3.23,public_fast,66.98,0.25,6.11,6.29,rainy,0.339,low,190.48,0,Gujarat,2020,9
Ahmedabad,4W,37.5,81.71,10.45,3,4,public_fast,66.64,1.98,1.55,7.5,humid,0.138,middle,224.99,0,Gujarat,2023,1
Ahmedabad,4W,45.06,88.4,1,2,3,public_slow,147.11,1.58,0.2,6.78,clear,0.265,low,270.39,0,Gujarat,2021,6
Ahmedabad,4W,49.54,100.44,25.75,3,3,public_slow,191.57,0.13,3.64,6.23,clear,0.406,middle,297.24,0,Gujarat,2021,6
Ahmedabad,4W,42.21,91.54,22.35,4,6,public_fast,35.43,2.68,4.37,7.48,extreme_heat,0.677,low,215.25,0,Gujarat,2025,10
Ahmedabad,4W,39.43,97.49,11.72,3,2,home,291.88,0.29,2.53,5.49,rainy,0.162,low,212.9,0,Gujarat,2019,9
Ahmedabad,4W,29.66,106.9,52.87,4,3,home,173.86,0.46,7.52,6.76,humid,0.357,high,177.98,0,Gujarat,2019,3
Ahmedabad,4W,43.49,101.6,20.87,4,3,public_slow,169.49,0.56,4.11,6.52,clear,0.435,low,260.95,0,Gujarat,2020,10
Ahmedabad,4W,45.13,82.87,48.29,3,5,home,249.91,0.19,6.94,10.75,extreme_heat,0.261,low,230.17,0,Gujarat,2026,7
Ahmedabad,4W,30.87,102.48,3.03,2,5,public_slow,204.72,1.98,0.34,7.68,extreme_heat,0.217,middle,157.44,0,Gujarat,2022,1
Ahmedabad,4W,37.64,71.46,24.45,3,4,home,309.54,2.81,4.32,9.77,humid,0.281,low,225.84,0,Gujarat,2026,11
Ahmedabad,4W,39.99,83.04,36.68,4,6,public_fast,33.18,0.26,7.67,10.3,rainy,0.273,low,239.22,0,Gujarat,2026,11
Ahmedabad,4W,45.94,94.8,29.98,4,2,home,275.08,1.18,5.19,7.72,extreme_heat,0.162,high,248.08,0,Gujarat,2022,2
Ahmedabad,4W,37.29,88.26,1.58,2,3,home,323.24,1.7,0.26,6.73,rainy,0.199,high,201.37,0,Gujarat,2023,1
Ahmedabad,4W,35.88,101.79,5.63,3,2,public_fast,65.29,1.52,0.72,4.06,rainy,0.159,middle,193.75,0,Gujarat,2019,7
Ahmedabad,4W,43.66,78.21,1,3,4,home,272.08,2.05,0.17,9.11,rainy,0.172,low,235.76,0,Gujarat,2026,1
Ahmedabad,4W,34.88,85.72,34.55,2,2,home,238.79,3.35,5.11,10.18,extreme_heat,0.121,low,177.88,0,Gujarat,2024,3
Ahmedabad,4W,39.5,102.13,36.25,3,3,public_slow,39.04,1.35,5.85,5.58,clear,0.548,middle,237.02,0,Gujarat,2020,5
Ahmedabad,4W,43.62,76.92,13.54,1,4,home,248.2,0.07,1.93,7.12,humid,0.347,low,261.71,0,Gujarat,2025,12
Ahmedabad,4W,44.44,83.5,26.84,3,4,home,277.78,0.77,5.18,8.86,clear,0.198,low,266.62,0,Gujarat,2023,9
Ahmedabad,4W,36.13,102.85,43.49,2,3,public_slow,127.56,0.69,7.24,9.01,humid,0.214,low,216.81,0,Gujarat,2021,8
Ahmedabad,4W,40.14,87.3,26.44,2,3,public_slow,220.04,1.98,9.25,8.56,extreme_heat,0.467,middle,204.73,0,Gujarat,2025,1
Ahmedabad,4W,46.52,89.09,24.23,1,2,public_fast,57.76,1.75,3.02,7.22,rainy,0.34,low,251.19,0,Gujarat,2021,11
Ahmedabad,4W,34.99,99.7,1,3,2,public_slow,228.99,0.55,0.16,6.07,extreme_heat,0.293,middle,178.46,0,Gujarat,2019,12
Ahmedabad,4W,37.71,83.1,18.66,2,2,home,191.79,0.19,2.56,7.04,clear,0.322,low,226.23,0,Gujarat,2021,11
Ahmedabad,4W,35.37,81.99,25.44,1,5,home,289.5,0.93,3.91,10.04,clear,0.448,low,212.19,0,Gujarat,2026,6
Ahmedabad,4W,33.12,95.17,1,3,1,home,282.22,1.25,0.17,5.81,humid,0.398,low,198.7,0,Gujarat,2019,10
Ahmedabad,4W,38.57,82.77,20.4,3,4,public_fast,85.38,0.07,4.02,6.96,humid,0.319,low,231.42,0,Gujarat,2023,10
Ahmedabad,4W,39.21,90.47,41.5,3,1,public_slow,227.52,3.81,6.7,6.35,rainy,0.215,low,211.75,0,Gujarat,2019,12
Ahmedabad,4W,39.17,96.11,30.06,2,1,public_fast,79.87,3.26,3.55,6.16,clear,0.23,high,235.01,0,Gujarat,2022,7
Ahmedabad,4W,36.17,93.42,33.19,1,4,public_slow,8.18,7.9,6.65,6.59,extreme_heat,0.298,middle,184.49,0,Gujarat,2024,5
Ahmedabad,4W,40.62,93.4,29.69,4,2,home,361.52,3.19,3.96,6.77,clear,0.716,low,243.71,0,Gujarat,2020,11
Ahmedabad,4W,40.34,89.37,10.5,3,1,public_fast,80.49,2.42,1.69,7.66,humid,0.635,high,242.02,0,Gujarat,2021,5
Ahmedabad,4W,34.55,88.4,48.27,3,4,home,324.95,4.47,8.39,4.97,rainy,0.193,middle,186.58,0,Gujarat,2021,8
Ahmedabad,4W,40.29,79.6,37.71,2,4,public_fast,39.52,1.42,6.5,10.44,rainy,0.355,low,217.55,0,Gujarat,2026,12
Ahmedabad,4W,40.23,91.06,25.98,3,3.23,public_slow,133.73,2.11,4.38,8.09,humid,0.399,low,241.41,0,Gujarat,2025,7
Ahmedabad,4W,39,91.93,15.12,2,5,public_slow,233.43,1.14,2.22,7.53,humid,0.26,low,233.98,0,Gujarat,2024,9
Ahmedabad,4W,39.99,89.26,31.15,2,5,home,361.23,1.38,5.59,10.34,clear,0.249,low,271.04,0,Gujarat,2025,12
Ahmedabad,4W,37.33,96.92,34.6,5,2,home,410.8,0.57,5.58,8.96,rainy,0.115,middle,201.6,0,Gujarat,2021,6
Ahmedabad,4W,39.47,83.5,27.48,3,5,public_slow,221.24,1.93,5.37,11.07,extreme_heat,0.367,low,201.28,0,Gujarat,2025,12
Ahmedabad,4W,45.54,98.55,23.63,2,3.23,public_slow,180.47,0.02,3.66,5.43,clear,0.111,low,273.22,0,Gujarat,2019,1
Ahmedabad,4W,43.7,104.94,9.9,5,2,public_slow,175.69,2.62,1.41,7.14,rainy,0.366,low,236,0,Gujarat,2019,2
Ahmedabad,4W,54.54,79.82,37.53,2,6,public_fast,4.21,3.52,5.82,8.57,rainy,0.345,low,294.49,1,Gujarat,2025,12
Ahmedabad,4W,41.51,88.81,5.89,4,3,home,304.51,0.34,1.01,8.24,clear,0.424,low,249.06,0,Gujarat,2025,3
Ahmedabad,4W,40.09,80.12,37.13,2.53,5,public_fast,22.74,1.05,5.22,9.76,humid,0.148,low,240.56,0,Gujarat,2025,10
Ahmedabad,4W,44.39,91.69,36.12,2,2,home,278.1,0.11,5.7,8.17,extreme_heat,0.406,low,226.4,0,Gujarat,2021,11
Ahmedabad,4W,39.84,76.71,16.82,1,5,public_fast,45.41,1.76,3.82,9.26,humid,0.462,high,239.02,0,Gujarat,2026,11
Ahmedabad,4W,45.08,93.2,28.14,3,3,public_slow,184.32,6.89,4.59,6.67,clear,0.284,low,270.5,0,Gujarat,2021,9
Ahmedabad,4W,39.45,84.11,27.46,1,6,public_slow,178.05,5.7,3.96,9.19,clear,0.486,middle,236.7,1,Gujarat,2024,12
Ahmedabad,4W,28.52,101.04,4.64,4,1,public_slow,160.31,5.21,0.88,6.63,rainy,0.743,low,154.01,0,Gujarat,2020,8
Ahmedabad,4W,42.55,90.64,19.65,2,4,public_slow,200.88,0.36,2.49,8.29,extreme_heat,0.687,low,216.99,0,Gujarat,2021,1
Ahmedabad,4W,38.36,89.37,33.73,2.53,3,public_fast,20.21,1.32,5.07,7.72,humid,0.165,middle,230.16,0,Gujarat,2019,4
Ahmedabad,4W,34.99,82.46,7.63,2,2,public_slow,153.03,0.99,1.51,9.76,rainy,0.173,middle,188.95,0,Gujarat,2023,8
Ahmedabad,4W,43.69,89.37,42.39,3,2,public_slow,132.66,7.63,7.52,6.71,extreme_heat,0.444,low,222.84,0,Gujarat,2021,11
Ahmedabad,4W,46.6,94.81,7.68,1,3,public_fast,26.09,0.59,1.07,8.5,clear,0.452,low,279.58,0,Gujarat,2022,2
Ahmedabad,4W,44.15,85.24,33.52,4,2,public_slow,196.19,8.41,6.64,7.72,rainy,0.302,low,238.4,0,Gujarat,2020,10
Ahmedabad,4W,38.36,85.37,18.85,2,2,public_fast,86.17,0.04,2.44,7.63,humid,0.224,middle,230.18,0,Gujarat,2022,12
Ahmedabad,4W,36.22,87.95,1,2,2,public_slow,152.95,5.7,0.21,6.66,clear,0.375,middle,217.34,0,Gujarat,2023,1
Ahmedabad,4W,39.99,90.48,27.27,3,4,public_slow,118.93,2.16,5.45,9.3,humid,0.322,low,257.43,0,Gujarat,2022,8
Ahmedabad,4W,34.89,70.48,21.02,2,4,public_fast,72.23,1.64,3.99,8.54,clear,0.708,low,209.32,0,Gujarat,2026,5
Ahmedabad,4W,39.73,92.74,45.53,2,3,public_fast,61.32,0.81,12.42,4.82,clear,0.271,middle,238.38,0,Gujarat,2021,9
Ahmedabad,4W,46.58,87.7,1,1,4,public_fast,60.95,0.62,0.18,7.6,extreme_heat,0.255,middle,237.55,0,Gujarat,2022,7
Ahmedabad,4W,32.08,99.96,28.14,4,4,public_slow,167.78,1,4.91,7.48,extreme_heat,0.325,high,163.58,0,Gujarat,2023,8
Ahmedabad,4W,37.41,89.76,26.44,2,4,home,300.59,0.66,5.78,6.23,rainy,0.276,low,202.04,0,Gujarat,2021,11
Ahmedabad,4W,46.06,96.04,21.15,5,2,public_slow,162.55,0.03,3.14,7.03,humid,0.233,middle,276.36,0,Gujarat,2022,1
Ahmedabad,4W,38.71,100.82,30.79,2.53,2,public_slow,164.67,4.14,4.8,7,rainy,0.29,middle,209.01,0,Gujarat,2020,9
Ahmedabad,4W,35.1,84.51,35.46,3,3,home,180.33,0.31,8.3,6.81,humid,0.39,high,210.6,0,Gujarat,2023,8
Ahmedabad,4W,43.12,94.78,1,3,3,public_slow,200.48,0.35,0.18,6.77,rainy,0.195,high,232.84,0,Gujarat,2023,7
Ahmedabad,4W,38.25,71.34,23.14,4,4,public_fast,51.22,4.15,3.27,7.9,clear,0.32,high,229.47,1,Gujarat,2025,8
Ahmedabad,4W,35.29,92.62,39.93,3,4,public_slow,139.92,0.08,6.53,8.12,rainy,0.117,low,190.55,0,Gujarat,2023,11
Ahmedabad,4W,41.34,94.61,1,3,2,home,239.97,1.61,0.18,5.72,rainy,0.425,low,223.23,0,Gujarat,2019,1
Ahmedabad,4W,38.62,75.32,1,3,5,home,314.97,2.03,0.14,9.43,humid,0.051,middle,231.71,0,Gujarat,2023,8
Ahmedabad,4W,43.08,104.53,34.42,2,1,public_slow,146.07,0.37,3.78,6.12,clear,0.338,middle,258.51,0,Gujarat,2019,8
Ahmedabad,4W,40.99,85.95,36.41,1,5,public_fast,47.35,1.24,4.37,7.72,clear,0.178,low,245.92,0,Gujarat,2026,8
Ahmedabad,4W,44.42,100.93,33.72,3,1,public_slow,185.99,1.5,7.43,5.51,extreme_heat,0.158,low,226.53,0,Gujarat,2020,1
Ahmedabad,4W,37.13,96.39,41.49,2,2,public_fast,51.7,2.5,6.17,6.76,rainy,0.284,middle,200.52,0,Gujarat,2021,5
Ahmedabad,4W,47.2,101.27,38.18,2,1,public_fast,35.15,0.92,5.44,5.81,humid,0.253,middle,283.18,0,Gujarat,2019,1
Ahmedabad,4W,32.63,86.52,21.12,4,5,public_slow,170.9,5.85,5.15,7.68,humid,0.054,high,195.78,1,Gujarat,2024,5
Ahmedabad,4W,35.36,83.74,14.04,3,5,public_fast,39.69,0.72,2.28,10.36,clear,0.587,middle,212.19,0,Gujarat,2023,12
Ahmedabad,4W,37.53,92.19,1.47,3,3,public_fast,58.12,1.46,0.28,6.4,clear,0.214,low,225.2,0,Gujarat,2021,8
Ahmedabad,4W,37.82,87.32,30.75,3,6,public_fast,53,0.81,4.96,8.9,clear,0.466,middle,226.91,0,Gujarat,2024,8
Ahmedabad,4W,34.62,82.41,34.68,2,6,home,296.56,0.77,5.44,8.78,extreme_heat,0.069,high,176.57,0,Gujarat,2025,3
Ahmedabad,4W,45.89,97.81,27.13,3,4,public_slow,83.6,3.49,7.19,8.51,extreme_heat,0.183,high,234.05,0,Gujarat,2023,12
Ahmedabad,4W,33.76,83.52,28.81,1,1,public_slow,170.33,0.53,4.04,7.91,clear,0.131,middle,202.53,0,Gujarat,2022,1
Ahmedabad,4W,44.45,82.78,46.14,1,3.23,public_slow,247.44,0.64,3.12,6.32,extreme_heat,0.411,middle,226.68,0,Gujarat,2023,3
Ahmedabad,4W,36.12,94.47,26.53,2,1,public_fast,33,2.06,4.45,6.46,extreme_heat,0.23,high,184.21,0,Gujarat,2019,12
Ahmedabad,4W,39.07,96.85,17.7,1,3,public_fast,10.78,0.41,3.79,5.69,humid,0.072,high,234.41,0,Gujarat,2020,1
Ahmedabad,4W,49.94,83.76,25,1,4,public_fast,54.4,0.13,4.26,9.56,extreme_heat,0.497,middle,224.79,0,Gujarat,2025,9
Ahmedabad,4W,42.54,90.62,7.37,3,2,public_fast,47.45,0.6,1,5.85,rainy,0.206,low,224.79,0,Gujarat,2021,10
Ahmedabad,4W,45.75,85.41,9.39,1,4,public_fast,38.84,2.56,1.76,7.82,humid,0.418,low,274.5,0,Gujarat,2024,3
Ahmedabad,4W,39.23,83.5,20.14,2,4,home,356.15,9.42,2.74,7.16,rainy,0.028,high,211.86,0,Gujarat,2024,3
Ahmedabad,4W,42.61,93.64,34.89,1,1,public_slow,153.52,7.12,6.5,6.83,rainy,0.148,low,230.1,0,Gujarat,2019,9
Ahmedabad,4W,39.99,90.79,6.38,3,2,home,409.1,0.02,0.81,5.89,extreme_heat,0.289,low,213.46,0,Gujarat,2021,8
Ahmedabad,4W,46.17,91.36,32.24,3,2,public_slow,187.51,0.7,6.8,6.99,extreme_heat,0.359,low,235.48,0,Gujarat,2022,3
Ahmedabad,4W,42.56,97.04,17.94,4,3.23,public_slow,180.33,3.32,2.39,6.75,rainy,0.302,middle,229.84,0,Gujarat,2021,11
Ahmedabad,4W,31.42,79.69,25.77,3,5,public_slow,175.73,2.16,5.58,8.4,humid,0.132,middle,188.53,0,Gujarat,2026,10
Ahmedabad,4W,41.72,88.52,4.32,3,6,home,326.32,7.47,0.75,8,clear,0.542,high,250.32,1,Gujarat,2025,5
Ahmedabad,4W,39.99,91.01,41.16,4,1,public_fast,47.64,0.85,6.51,5.88,clear,0.15,middle,275.96,0,Gujarat,2020,4
Ahmedabad,4W,39.28,96.62,44.22,4,2,public_fast,107.56,1.24,9.08,6.46,clear,0.378,middle,235.65,0,Gujarat,2020,5
Ahmedabad,4W,36.89,93.61,24.82,4,4,public_fast,54.02,3.56,3.34,6.97,clear,0.196,low,221.36,0,Gujarat,2021,6
Ahmedabad,4W,44.75,93.96,25.03,4,1,public_fast,70.22,1.11,5.09,7.33,humid,0.154,middle,268.52,0,Gujarat,2020,2
Ahmedabad,4W,33.53,82.8,36.74,1,6,public_slow,162.83,2.53,7,9.83,humid,0.521,low,201.17,0,Gujarat,2026,2
Ahmedabad,4W,38.53,81.65,37.99,3,5,home,331.13,0.06,5.82,10.22,extreme_heat,0.14,high,231.19,0,Gujarat,2025,5
Ahmedabad,4W,44.51,78.42,32.21,2,5,public_fast,35.93,2.61,5.9,9.69,extreme_heat,0.148,low,227,0,Gujarat,2024,5
Ahmedabad,4W,33.92,103.72,42.9,1,2,public_slow,172.44,0.03,8.92,4.72,rainy,0.181,middle,183.15,0,Gujarat,2019,4
Ahmedabad,4W,39.99,98.79,41.34,3,4,public_fast,69.16,0.21,6.56,6.59,clear,0.311,middle,280.69,0,Gujarat,2021,4
Ahmedabad,4W,39.08,100.22,27.37,3,2,home,339.71,2.14,4.4,5.21,humid,0.561,middle,234.47,0,Gujarat,2020,3
Ahmedabad,4W,41.06,99.05,39.09,2,1,public_fast,34.66,0.52,6.17,6.41,rainy,0.09,low,221.73,0,Gujarat,2019,1
Ahmedabad,4W,38.54,99.25,32.58,1,3,home,253.29,0.62,4.05,6.94,rainy,0.387,middle,208.12,0,Gujarat,2020,11
Ahmedabad,4W,26.91,79.64,16.52,1,3,public_slow,210.74,1.05,3.2,8.61,extreme_heat,0.039,low,137.22,0,Gujarat,2025,4
Ahmedabad,4W,45.63,74.25,41.14,3,5,public_fast,68.46,1.67,5.87,8.33,rainy,0.04,low,246.39,1,Gujarat,2026,11
Ahmedabad,4W,36.42,91.4,41.71,1,2,public_slow,180.33,1.4,6.49,5.06,clear,0.103,middle,218.51,0,Gujarat,2020,9
Ahmedabad,4W,38.02,94.35,35.48,1,1,home,294.86,1.9,6.87,6.67,rainy,0.31,low,205.3,0,Gujarat,2021,9
Ahmedabad,4W,47.79,95.14,20.28,1,4,public_fast,81.33,1.59,3.55,9.19,rainy,0.023,high,258.07,0,Gujarat,2023,5
Ahmedabad,4W,44.7,91.94,15.51,2,2,public_slow,129.51,2.68,2.52,6.83,extreme_heat,0.73,middle,227.98,0,Gujarat,2021,3
Ahmedabad,4W,45.48,99.67,11.56,3,1,public_fast,67.95,3.62,1.37,6.9,extreme_heat,0.378,middle,231.93,0,Gujarat,2020,10
Ahmedabad,4W,38.37,74.48,47.9,5,4,public_slow,225.09,4.98,10.02,8.51,extreme_heat,0.35,middle,195.67,1,Gujarat,2025,8
Ahmedabad,4W,38.1,88.14,7.23,2,5,public_slow,209.05,1.98,1,9.09,clear,0.267,high,228.61,0,Gujarat,2023,7
Ahmedabad,4W,47.66,87.67,27.25,2.53,5,public_slow,132.57,4.32,3.83,10.5,clear,0.517,high,285.96,0,Gujarat,2026,10
Ahmedabad,4W,44.46,89.79,15.01,2,4,public_slow,116.56,0.22,2.6,7.08,clear,0.418,middle,266.74,0,Gujarat,2022,7
Ahmedabad,4W,47.02,83.46,9.36,2,3.23,public_fast,61.56,0.26,2.14,9.45,rainy,0.261,middle,253.9,0,Gujarat,2026,2
Ahmedabad,4W,36.8,96.39,19.25,3,3,public_fast,51.43,1.28,2.91,6.13,clear,0.419,low,220.83,0,Gujarat,2023,4
Ahmedabad,4W,28.28,90.35,1,1,4,public_slow,164.62,1,0.2,7.58,rainy,0.501,low,152.73,0,Gujarat,2023,2
Ahmedabad,4W,38.77,82.62,29.49,3,5,home,243.57,8.57,5.81,7.96,rainy,0.522,high,209.38,1,Gujarat,2024,1
Ahmedabad,4W,36.52,73.88,35.49,4,5,public_slow,191.21,8.13,6.25,6.4,extreme_heat,0.327,low,186.24,1,Gujarat,2023,5
Ahmedabad,4W,36.55,87.96,22.78,2,2,home,277.78,0.19,3.31,8.19,extreme_heat,0.33,high,186.43,0,Gujarat,2022,1
Ahmedabad,4W,43.98,75.07,34.69,3,5,public_fast,100.26,2.92,4.43,8.77,extreme_heat,0.29,middle,237.49,0,Gujarat,2025,9
Ahmedabad,4W,34.68,87.25,22.95,2,4,public_fast,91.9,0.25,4.17,8.72,rainy,0.143,low,187.27,0,Gujarat,2024,8
Ahmedabad,4W,42.74,90.51,1,2,3,public_slow,171.19,8.05,0.14,8.14,clear,0.593,low,256.42,0,Gujarat,2022,11
Ahmedabad,4W,52.45,87.42,6.14,1,2,public_slow,226.3,0.9,1.23,8.61,extreme_heat,0.271,high,267.5,0,Gujarat,2021,4
Ahmedabad,4W,36.58,87.34,41.73,3,3,home,332.46,0.66,6.24,7.61,extreme_heat,0.47,low,224.79,0,Gujarat,2025,5
Ahmedabad,4W,43.3,86.07,26.44,3,4,home,388.53,0.06,2.8,7.79,extreme_heat,0.161,low,220.83,0,Gujarat,2023,7
Ahmedabad,4W,27.36,92.12,18.64,1,3,public_slow,218.99,0.96,3.5,10.84,rainy,0.574,low,147.73,0,Gujarat,2024,7
Ahmedabad,4W,36.24,90.9,19.61,2,3,home,202.19,2.45,2.76,7.3,humid,0.25,low,217.43,0,Gujarat,2021,6
Ahmedabad,4W,41.16,87.59,16.08,3,3,public_slow,200.66,1.98,4.37,8.17,clear,0.335,middle,246.94,0,Gujarat,2021,7
Ahmedabad,4W,29.95,92.67,1.24,3,1,public_fast,48.34,2.4,0.2,6.56,extreme_heat,0.034,middle,152.76,0,Gujarat,2019,11
Ahmedabad,4W,42.39,97.36,78.38,3,1,public_slow,165.29,1.55,4.49,7.72,rainy,0.035,low,228.89,0,Gujarat,2019,8
Ahmedabad,4W,47.26,93.78,44.31,1,2,public_slow,134.04,0.27,7.87,4.34,rainy,0.183,high,255.21,0,Gujarat,2019,4
Ahmedabad,4W,46.63,101.04,16.53,2,1,public_slow,174.3,0.28,4.15,6.55,clear,0.282,middle,279.81,0,Gujarat,2020,5
Ahmedabad,4W,39.66,80.4,12.66,2,3,public_fast,78.83,2.23,1.77,8.48,extreme_heat,0.58,high,202.24,0,Gujarat,2022,11
Ahmedabad,4W,39.46,89.32,30.78,4,2,public_fast,64.48,6.31,4.75,7.42,extreme_heat,0.035,high,201.26,0,Gujarat,2021,6
Ahmedabad,4W,35.71,83.63,32.78,2,3,public_slow,180.48,1.92,5.2,8.39,rainy,0.131,high,192.81,0,Gujarat,2023,8
Ahmedabad,4W,32.71,95.31,29.72,3,2,home,308.36,1.38,6.42,6.57,clear,0.144,low,196.27,0,Gujarat,2020,7
Ahmedabad,4W,36.66,86.47,3.98,3,4,home,269.74,1.98,0.59,7.46,clear,0.279,middle,219.97,0,Gujarat,2021,3
Ahmedabad,4W,45.78,86.61,32.79,2,3,public_slow,222.61,6.31,4.86,8.68,extreme_heat,0.173,high,233.46,0,Gujarat,2023,1
Ahmedabad,4W,43.28,90.26,28.09,3,3,public_slow,199.1,0.58,4.37,6.2,rainy,0.18,high,233.73,0,Gujarat,2021,5
Ahmedabad,4W,37.19,93.5,30.46,1,3,public_slow,41.9,0.14,4.06,7.68,clear,0.269,low,223.16,0,Gujarat,2022,6
Ahmedabad,4W,44.04,76.38,16.65,1,4,public_slow,201.8,0.59,2.6,9.78,rainy,0.458,low,237.83,0,Gujarat,2025,4
Ahmedabad,4W,44.03,75.29,26.44,2.53,5,home,252.75,0.72,8.32,10.34,humid,0.359,low,264.2,0,Gujarat,2026,8
Ahmedabad,4W,44.74,93.09,15.5,2,2,public_slow,245.15,2.83,2.59,7.89,clear,0.112,high,268.46,0,Gujarat,2022,4
Ahmedabad,4W,39.94,78.15,44.47,2.53,5,public_slow,203.29,1.6,7.35,8.89,rainy,0.109,high,215.7,0,Gujarat,2025,8
Ahmedabad,4W,41.17,77.06,22.1,2,5,home,345.07,5.56,3.56,9.73,clear,0.077,high,247.03,1,Gujarat,2026,10
Ahmedabad,4W,39.34,99.49,27.98,3,3,public_slow,139.87,0.66,5.8,7.8,rainy,0.29,high,224.79,0,Gujarat,2021,10
Ahmedabad,4W,43.77,87.28,9.07,3,5,home,282.21,0.02,1.28,8.29,rainy,0.391,low,236.37,0,Gujarat,2024,2
Ahmedabad,4W,51.28,76.31,9.8,3,4,home,221.6,0.94,1.57,8.5,extreme_heat,0.186,low,261.55,0,Gujarat,2026,12
Ahmedabad,4W,47.61,76.25,39.16,2,4,home,293.89,1.21,5.28,7.45,humid,0.31,low,285.64,0,Gujarat,2024,6
Ahmedabad,4W,38.01,92.98,26.44,2,2,public_slow,152.55,0.6,4.14,8.45,extreme_heat,0.149,middle,193.87,0,Gujarat,2021,8
Ahmedabad,4W,36.53,96.44,15.48,3,3,public_fast,30.12,0.74,2.36,4.44,extreme_heat,0.202,middle,186.31,0,Gujarat,2020,7
Ahmedabad,4W,39.97,91.53,11.97,4,4,public_slow,180.77,9.84,1.77,9.4,clear,0.263,high,239.8,0,Gujarat,2024,6
Ahmedabad,4W,38.85,101.68,21.61,5,1,public_fast,50.38,2.19,4.37,5.42,rainy,0.086,high,209.79,0,Gujarat,2019,12
Ahmedabad,4W,38.63,95.18,33.93,3,3,home,295.57,1.29,6.22,8.71,rainy,0.494,low,208.58,0,Gujarat,2023,8
Ahmedabad,4W,40.22,101,2.12,2,2,public_fast,48.05,0.99,0.35,8.86,rainy,0.44,high,217.21,0,Gujarat,2021,1
Ahmedabad,4W,37.3,103.88,45.11,2,2,home,269.08,3.74,9.37,4.67,clear,0.446,middle,223.78,0,Gujarat,2020,12
Ahmedabad,4W,38.17,79.98,43.22,2,5,home,322.67,0.54,6.51,9.94,clear,0.29,middle,229.03,0,Gujarat,2024,5
Ahmedabad,4W,35.24,81.89,27.33,3,3,public_slow,200.67,0.94,5.92,6.72,extreme_heat,0.163,low,179.74,0,Gujarat,2024,11
Ahmedabad,4W,33.08,82.73,31.22,3,4,public_slow,203.55,0.96,6.32,8.38,rainy,0.771,middle,178.62,0,Gujarat,2021,5
Ahmedabad,4W,40.99,90.89,35.58,1,1,home,352.02,0.41,5.64,9.26,humid,0.266,low,245.95,0,Gujarat,2023,3
Ahmedabad,4W,40.74,74.35,2.66,1,6,public_fast,57.85,0.4,0.4,10.08,humid,0.553,middle,244.43,1,Gujarat,2026,2
Ahmedabad,4W,48.56,74.21,31.38,3,5,public_slow,166.19,0.4,3.88,8.07,extreme_heat,0.545,low,247.66,1,Gujarat,2026,3
Ahmedabad,4W,39.88,96.07,15.36,3,1,public_slow,209.97,0,2.25,5.72,rainy,0.018,low,215.36,0,Gujarat,2020,1
Ahmedabad,4W,37.72,81.33,29.02,3,2,public_slow,184.45,0.11,5.2,10.23,extreme_heat,0.593,middle,192.37,0,Gujarat,2024,8
Ahmedabad,4W,44.63,87.79,26.44,2,3,public_slow,182.16,2.47,6.38,7.93,humid,0.302,high,224.79,0,Gujarat,2023,11
Ahmedabad,4W,36.15,85.31,35.59,3,4,public_slow,159.23,0.22,7.44,9.91,humid,0.186,middle,216.87,0,Gujarat,2023,1
Ahmedabad,4W,27.21,78.45,35.91,1,5,public_fast,37.73,1.98,2.05,9.41,extreme_heat,0.756,middle,138.75,1,Gujarat,2026,1
Ahmedabad,4W,48.2,80.26,26.44,1,5,public_slow,127.21,4.46,9.56,8.98,humid,0.05,middle,289.22,1,Gujarat,2026,1
Ahmedabad,4W,39.73,87.99,64.08,1,5,public_slow,164.08,0.14,11.45,9.37,humid,0.468,low,238.37,0,Gujarat,2024,2
Ahmedabad,4W,33.31,85.2,12.25,3,2,public_fast,76.73,2.58,2.15,6.3,clear,0.442,high,199.87,0,Gujarat,2021,9
Ahmedabad,4W,41.17,99.85,33.87,3,3,home,337.72,3.61,7.22,6.13,rainy,0.035,high,222.33,0,Gujarat,2019,8
Ahmedabad,4W,40.14,89.37,40.84,3,3,public_fast,33.67,9.83,5.73,8.01,clear,0.174,middle,240.82,0,Gujarat,2023,4
Ahmedabad,4W,40.24,88.33,14.76,2,5,public_fast,71.5,0.69,2.24,8.19,humid,0.356,high,241.44,0,Gujarat,2024,6
Ahmedabad,4W,41.88,96.47,20.5,2,3,public_fast,64.71,0.37,3.33,7.56,humid,0.115,high,251.29,0,Gujarat,2019,6
Ahmedabad,4W,40.91,81.14,42.62,3,4,public_slow,201.88,0.25,7.41,10.09,humid,0.438,low,245.47,0,Gujarat,2024,2
Ahmedabad,4W,37.2,83.51,14.67,4,4,home,288.52,0.2,3.28,8.81,rainy,0.515,middle,200.89,0,Gujarat,2023,7
Ahmedabad,4W,34.04,84.01,19.32,1,4,public_fast,98.14,1.98,3.32,8.84,rainy,0.136,low,183.84,0,Gujarat,2024,1
Ahmedabad,4W,35.87,102.7,39.89,2,3,public_slow,214.11,0.24,6.11,9.02,rainy,0.268,middle,193.7,0,Gujarat,2020,1
Ahmedabad,4W,45.85,78.72,1,4,4,home,254.96,0.95,0.19,8.15,rainy,0.205,low,247.57,0,Gujarat,2025,8
Ahmedabad,4W,38.8,90.88,28.46,1,2,public_slow,223.84,3.59,6.37,5.88,rainy,0.165,middle,209.51,0,Gujarat,2019,3
Ahmedabad,4W,34.91,96.52,26.44,1,2,public_slow,166.76,6.05,4,5.91,clear,0.272,low,209.43,0,Gujarat,2020,8
Ahmedabad,4W,39.04,78.01,34.69,2,6,home,371.67,1.96,5.8,9.2,clear,0.302,low,234.21,0,Gujarat,2026,10
Ahmedabad,4W,42.26,73.12,35.77,3,4,home,334.01,1.7,5.99,9.48,rainy,0.511,middle,228.22,0,Gujarat,2025,8
Ahmedabad,4W,39.02,87.04,21.58,5,3,public_slow,144.09,3.48,3.79,6.98,rainy,0.185,middle,210.73,0,Gujarat,2023,1
Ahmedabad,4W,39.99,94.02,26.44,4,2,public_fast,48.31,1.25,6.07,6.94,extreme_heat,0.473,low,241.36,0,Gujarat,2019,11
Ahmedabad,4W,42.6,99.32,27.51,2,2,home,328.87,1.22,3.89,5.65,humid,0.142,high,255.58,0,Gujarat,2020,6
Ahmedabad,4W,36.73,74.04,34.9,5,4,public_slow,179.19,1.28,5.91,9.51,rainy,0.354,high,198.35,0,Gujarat,2024,11
Ahmedabad,4W,46.5,74.29,19.24,2,6,public_fast,25.31,0.26,2.77,9.82,humid,0.202,middle,279.01,1,Gujarat,2026,4
Ahmedabad,4W,42.12,79.88,15.27,3,2,public_fast,59.25,1.63,2.13,8.79,clear,0.6,middle,252.71,0,Gujarat,2023,3
Ahmedabad,4W,29.73,94.91,18.87,3,1,public_slow,162.23,2.58,3.1,7.16,humid,0.372,low,178.39,0,Gujarat,2020,5
Ahmedabad,4W,34.2,92.82,44.45,1,5,public_fast,62.05,1.98,8.36,9.11,extreme_heat,0.056,middle,174.4,0,Gujarat,2024,9
Ahmedabad,4W,36.57,88.14,24.51,3,4,public_slow,188.47,3.27,4.37,9.26,extreme_heat,0.573,high,186.53,0,Gujarat,2023,9
Ahmedabad,4W,45.07,70.88,21.08,1,4,public_slow,133.45,1.43,3.15,8.9,humid,0.209,middle,270.41,0,Gujarat,2025,7
Ahmedabad,4W,37.01,110.11,39.38,1,1,public_fast,53.23,0.24,7.96,7.67,humid,0.103,middle,222.06,0,Gujarat,2020,3
Ahmedabad,4W,32.6,94.54,55.31,4,1,home,164.6,1.49,8.04,7.64,extreme_heat,0.176,high,166.27,0,Gujarat,2020,11
Ahmedabad,4W,40.92,95.9,33.42,1,1,public_slow,194.78,1.83,6.02,7.84,rainy,0.404,middle,220.96,0,Gujarat,2021,2
Ahmedabad,4W,39.72,82.32,24.31,3,3,home,353.8,0.2,4.72,8.11,humid,0.444,low,238.29,0,Gujarat,2024,10
Ahmedabad,4W,34.09,91.49,22.55,3,2,home,393.75,0.97,4.25,6.47,clear,0.214,middle,204.57,0,Gujarat,2022,4
Ahmedabad,4W,36.86,97.32,10.87,2,1,public_slow,137.69,1.57,1.54,6.39,clear,0.075,middle,221.14,0,Gujarat,2019,5
Ahmedabad,4W,37.69,81.67,27.77,5,3,public_fast,48.87,0.35,3.87,6.27,extreme_heat,0.306,high,192.24,0,Gujarat,2021,7
Ahmedabad,4W,33.33,92.89,20.47,4,3,public_slow,187.66,10.72,3.38,7.54,clear,0.108,middle,199.99,0,Gujarat,2022,6
Ahmedabad,4W,37.46,104.12,10.82,2,2,public_fast,28.5,4.68,1.91,6.62,extreme_heat,0.343,middle,191.04,0,Gujarat,2020,7
Ahmedabad,4W,45.85,100.35,15.62,2,2,public_slow,194.7,1.07,2.97,7.72,rainy,0.494,high,247.6,0,Gujarat,2019,4
Ahmedabad,4W,34.85,87.91,23.9,3,2,home,247.74,1.18,3.66,8.8,extreme_heat,0.271,middle,177.72,0,Gujarat,2023,12
Ahmedabad,4W,38.83,84.09,30.07,1,3,public_slow,201.07,0.95,6.78,7.8,clear,0.017,high,233,0,Gujarat,2022,6
Ahmedabad,4W,41.95,80.52,27.38,1,4,home,313.57,3.49,4.01,7.74,extreme_heat,0.121,middle,213.97,0,Gujarat,2024,10
Ahmedabad,4W,50.42,94.09,41.96,3,2,public_slow,226.65,2.22,6.54,5.06,extreme_heat,0.366,low,257.12,0,Gujarat,2019,8
Ahmedabad,4W,38.76,97.25,24.82,2,3,public_fast,47.49,3.17,3.74,6.99,rainy,0.245,low,209.32,0,Gujarat,2020,6
Ahmedabad,4W,43.75,103.22,46.18,2,2,home,360.81,2.4,7.85,6.46,humid,0.48,low,262.51,0,Gujarat,2020,1
Ahmedabad,4W,40.67,103.27,26.28,2,1,public_slow,243.54,3.84,4.18,5.81,rainy,0.051,middle,219.63,0,Gujarat,2020,11
Ahmedabad,4W,39.17,101.36,3.65,2,5,home,251.75,0.88,0.95,8.09,rainy,0.164,low,211.54,0,Gujarat,2022,7
Ahmedabad,4W,36.81,94.14,25.12,3,3,public_fast,6.53,0.54,4.18,8.1,rainy,0.243,low,198.75,0,Gujarat,2023,7
Ahmedabad,4W,40.03,102.01,37.92,3,4,public_slow,209.83,0.1,7.29,5.61,extreme_heat,0.33,middle,204.16,0,Gujarat,2020,10
Ahmedabad,4W,33.66,94.09,30.03,3,4,public_fast,90.58,2.81,5.16,7.95,clear,0.131,high,201.94,0,Gujarat,2022,10
Ahmedabad,4W,45.96,79.92,25.88,3,5,public_fast,65.97,1.21,4.35,10.32,clear,0.373,middle,275.77,0,Gujarat,2026,10
Ahmedabad,4W,44.86,81.12,25.89,1,4,home,327.88,0.79,4.19,6.91,clear,0.295,high,269.16,0,Gujarat,2023,9
Ahmedabad,4W,37.16,71.24,1.17,3,5,home,253.96,0.32,0.2,7.69,rainy,0.177,high,200.65,1,Gujarat,2025,5
Ahmedabad,4W,44.98,91.12,22.35,2,1,public_fast,62.92,0.02,3.41,7.18,clear,0.149,low,269.91,0,Gujarat,2022,10
Ahmedabad,4W,36.74,91.03,35.24,2,4,home,338.32,1.31,5.68,9.59,clear,0.332,high,220.44,0,Gujarat,2022,4
Ahmedabad,4W,36.36,87.02,1,2,6,public_slow,115.24,4.53,0.14,8.65,rainy,0.129,low,196.32,1,Gujarat,2025,9
Ahmedabad,4W,38.25,85.67,20.27,4,3,public_fast,65.08,0.01,3.84,6.86,extreme_heat,0.539,middle,195.08,0,Gujarat,2023,2
Ahmedabad,4W,39.13,87.46,26.44,2,4,public_slow,212.06,2.19,6,7.32,humid,0.165,middle,234.75,0,Gujarat,2024,2
Ahmedabad,4W,39.27,82.86,55.9,2,3,public_slow,272.24,3.29,8.01,10.39,rainy,0.236,high,212.07,0,Gujarat,2024,6
Ahmedabad,4W,45.03,103.72,9.5,2,1,public_slow,207.8,1.28,1.37,6.07,clear,0.334,low,270.18,0,Gujarat,2020,9
Ahmedabad,4W,47.61,99.88,51.93,2,3,public_slow,116.54,2.21,10.96,6.8,extreme_heat,0.269,low,257.12,0,Gujarat,2023,8
Ahmedabad,4W,36.32,89.37,8.67,3,4,public_fast,79.5,1.91,1.34,9.38,extreme_heat,0.22,high,185.22,0,Gujarat,2026,8
Ahmedabad,4W,44.2,91.77,35.28,2,1,home,253.11,1.36,5.36,5.29,clear,0.157,middle,265.21,0,Gujarat,2021,7
Ahmedabad,4W,41.25,95.41,39.22,3,2,public_fast,87.67,0.85,6.95,5.73,humid,0.055,middle,247.5,0,Gujarat,2020,5
Ahmedabad,4W,41.66,86.17,48.18,4,2,public_slow,93.02,0.37,7.99,8.52,extreme_heat,0.109,high,224.79,0,Gujarat,2023,9
Ahmedabad,4W,33.51,80.53,24.85,4,3.23,public_slow,220.51,6.52,4.99,9.35,humid,0.081,middle,201.05,1,Gujarat,2025,5
Ahmedabad,4W,47.06,79.74,1,4,5,home,382.91,1.5,0.22,8.16,extreme_heat,0.075,middle,240.02,0,Gujarat,2026,2
Ahmedabad,4W,33.16,88.22,50.59,3,2,public_slow,376.71,1.64,8.03,5.58,humid,0.217,low,198.94,0,Gujarat,2021,7
Ahmedabad,4W,39.01,80.92,55.54,3,5,public_slow,196.39,2.2,9.06,8.24,extreme_heat,0.063,high,198.95,0,Gujarat,2026,7
Ahmedabad,4W,35.96,104.22,32.81,3,2,home,354.92,0.75,4.52,5.45,clear,0.407,low,215.77,0,Gujarat,2019,6
Ahmedabad,4W,38.7,104.56,26.44,3,2,public_slow,206.74,0.99,3.7,6.17,clear,0.629,middle,232.17,0,Gujarat,2020,2
Ahmedabad,4W,41.27,83.2,23.12,2,2,public_fast,79.76,5.02,2.92,6.85,rainy,0.064,middle,222.86,0,Gujarat,2023,9
Ahmedabad,4W,39.62,95.38,45.52,3,2,public_fast,30.49,2.73,7.09,6.95,humid,0.241,low,237.73,0,Gujarat,2021,1
Ahmedabad,4W,40.4,98.92,54.03,3,2,home,180.33,0.71,9.96,5.8,extreme_heat,0.055,high,206.06,0,Gujarat,2023,8
Ahmedabad,4W,40.66,90.24,29.21,3,2,public_slow,158.49,1.59,4,9.83,extreme_heat,0.247,middle,207.39,0,Gujarat,2023,5
Ahmedabad,4W,41.15,92.3,20.82,2,2,public_slow,160.77,2.76,3.41,6.62,extreme_heat,0.1,high,209.86,0,Gujarat,2021,2
Ahmedabad,4W,32.29,86.28,25.98,1,5,public_slow,126.62,12.63,4.16,8.28,rainy,0.135,low,174.37,1,Gujarat,2021,8
Ahmedabad,4W,39.94,79.44,13.15,2,4,home,376.66,8.21,2.27,8.2,clear,0.342,middle,239.67,0,Gujarat,2023,8
Bangalore,4W,41.45,89.73,22.75,3,4,home,180.33,2.15,4.67,6.17,rainy,0.216,low,223.83,0,Karnataka,2022,12
Bangalore,4W,37.38,93.45,6.67,2,4,public_fast,55.19,1.98,1.32,7.13,humid,0.327,middle,224.26,0,Karnataka,2022,9
Bangalore,4W,31.65,90.82,6.38,3,4,home,378.95,1.15,1.08,7.25,humid,0.561,low,189.91,0,Karnataka,2025,1
Bangalore,4W,37.27,89.96,2.82,1,4,public_fast,59.69,0.21,0.47,8.58,humid,0.389,middle,223.61,0,Karnataka,2023,12
Bangalore,4W,46.61,95.1,15.99,1,2,public_fast,180.33,0.43,3.58,7.32,extreme_heat,0.259,middle,237.69,0,Karnataka,2023,8
Bangalore,4W,38.49,89.35,35.98,2,3,public_slow,192.65,3.9,6.1,7.97,extreme_heat,0.046,low,196.3,0,Karnataka,2022,12
Bangalore,4W,45.19,80.4,1,1,3,public_fast,71.03,5.39,0.16,9.2,extreme_heat,0.265,low,230.48,0,Karnataka,2023,5
Bangalore,4W,38.37,89.44,34.15,3,3,public_slow,122.87,0.34,6.54,8.26,rainy,0.076,middle,207.21,0,Karnataka,2022,4
Bangalore,4W,38,77.42,29.9,2,6,public_slow,208.12,0.41,3.7,10.04,clear,0.236,high,228.03,0,Karnataka,2023,8
Bangalore,4W,32.29,78.84,33.95,1,4,public_fast,55.28,6.26,7.01,9.74,extreme_heat,0.301,low,224.79,0,Karnataka,2025,4
Bangalore,4W,41.17,96.18,12.46,2,4,home,294.5,1.98,2.62,6.61,rainy,0.449,high,222.31,0,Karnataka,2022,9
Bangalore,4W,46.22,87.38,33.82,3,3,public_fast,91.13,6.08,4.03,8.49,humid,0.306,middle,277.3,0,Karnataka,2023,6
Bangalore,4W,48.52,93.42,19.81,4,3.23,home,232.69,2.09,3.28,6.23,extreme_heat,0.216,high,247.45,0,Karnataka,2021,12
Bangalore,4W,36.7,79.13,33.05,1,6,public_slow,163.7,1.23,6.92,9.91,clear,0.217,low,220.23,0,Karnataka,2025,6
Bangalore,4W,42.14,82.49,16.58,2,3,home,400.49,5.58,2.59,7.23,extreme_heat,0.017,middle,214.91,0,Karnataka,2022,7
Bangalore,4W,41.16,94.93,16.61,1,1,public_slow,180.33,2.48,3.85,8.26,humid,0.028,low,246.95,0,Karnataka,2022,8
Bangalore,4W,44.1,80.25,35.44,4,3,home,238.6,4.03,5.36,8.78,humid,0.024,high,224.79,0,Karnataka,2024,4
Bangalore,4W,38.88,94.78,51.76,3,3,public_slow,144.65,2.14,8.68,6.15,humid,0.194,high,233.3,0,Karnataka,2019,9
Bangalore,4W,42.23,90.99,24.83,3,3,public_fast,68.14,2.5,4.16,9.21,extreme_heat,0.401,middle,215.38,0,Karnataka,2022,4
Bangalore,4W,46.57,84.92,11.98,1,4,public_fast,29.35,0.64,1.95,7.37,clear,0.324,middle,279.41,0,Karnataka,2024,12
Bangalore,4W,44.02,107.95,38.24,3,3,public_slow,258.96,1.75,7.07,6.88,extreme_heat,0.165,middle,224.79,0,Karnataka,2020,11
Bangalore,4W,48.16,81.33,35.27,1,3,public_slow,227.85,2.4,6.19,10.29,humid,0.5,middle,288.93,0,Karnataka,2024,6
Bangalore,4W,44.49,82.78,6.42,1,5,public_slow,213.54,1.79,1.13,9.21,humid,0.118,middle,266.96,0,Karnataka,2024,10
Bangalore,4W,42.61,89.14,5.95,3,2,public_slow,180.33,3.01,0.99,7.61,rainy,0.481,high,224.79,0,Karnataka,2021,3
Bangalore,4W,45.99,81.14,40.01,3,3,public_slow,146.09,1.47,4.37,9.32,humid,0.319,high,275.92,0,Karnataka,2024,8
Bangalore,4W,40.46,84.64,29.13,2.53,4,public_fast,65.24,0.38,6.75,9.23,extreme_heat,0.168,middle,206.34,0,Karnataka,2023,10
Bangalore,4W,37.57,94.45,36.42,2,3,public_slow,216.65,1.81,7.57,8.49,rainy,0.158,middle,202.89,0,Karnataka,2019,5
Bangalore,4W,38.59,78.85,12.03,2,5,public_fast,55.91,0.8,1.86,8.61,rainy,0.205,middle,208.38,0,Karnataka,2025,12
Bangalore,4W,36.54,102.13,37.66,5,2,home,259.77,1.33,6.8,6.35,clear,0.027,middle,219.21,0,Karnataka,2020,12
Bangalore,4W,40.62,107.99,28.25,2,1,home,321.91,0.02,4.85,6.24,clear,0.143,middle,243.73,0,Karnataka,2019,9
Bangalore,4W,49.45,100.06,31.39,4,1,home,428.12,0.51,6.43,5.66,rainy,0.247,high,267.01,0,Karnataka,2023,8
Bangalore,4W,44.46,72.61,15.49,4,6,public_slow,180.33,2.04,2.5,11.1,clear,0.246,middle,266.77,1,Karnataka,2026,11
Bangalore,4W,35.01,102.41,18.7,3,1,public_slow,156.03,4.03,3.94,5.67,extreme_heat,0.584,low,178.57,0,Karnataka,2022,8
Bangalore,4W,31.95,88.91,20.69,3,3,public_slow,157.41,0.43,3.26,6.65,clear,0.443,low,191.71,0,Karnataka,2022,12
Bangalore,4W,37.89,83.91,21.49,3,6,public_slow,195.13,2.57,3.46,8.98,extreme_heat,0.352,high,193.23,0,Karnataka,2024,3
Bangalore,4W,43.88,94.86,37.86,4,4,public_slow,199.88,3.24,5.94,7.86,extreme_heat,0.569,high,223.8,0,Karnataka,2022,7
Bangalore,4W,45.58,87.54,1,3,3,public_slow,140.35,1.53,0.15,7.27,humid,0.098,low,273.51,0,Karnataka,2023,4
Bangalore,4W,39.99,70.08,21.41,4,4,home,376.89,6.27,3.2,9.05,extreme_heat,0.105,low,214.59,1,Karnataka,2025,4
Bangalore,4W,45.95,79.98,30.17,1,6,public_slow,176.15,0.73,4.46,10.25,extreme_heat,0.53,low,234.36,0,Karnataka,2026,2
Bangalore,4W,32.3,80.93,19.59,1,5,home,180.33,4.33,4.45,8.81,clear,0.248,middle,193.79,1,Karnataka,2026,1
Bangalore,4W,48.53,92.22,38.19,1,4,public_slow,209,2.7,5.62,8.3,clear,0.081,middle,291.16,0,Karnataka,2023,3
Bangalore,4W,38.5,94.11,18.74,3,3.23,public_slow,182.83,1.98,3.58,7.93,clear,0.452,middle,230.99,0,Karnataka,2019,12
Bangalore,4W,50.87,77.96,134.71,2,4,public_slow,165.77,1.98,7.44,9.28,extreme_heat,0.723,low,259.46,0,Karnataka,2026,9
Bangalore,4W,38.84,86.23,18.02,3,3,home,308.54,2.68,3.67,8,humid,0.247,middle,233.02,0,Karnataka,2024,12
Bangalore,4W,36.42,95.26,48.23,3,4,public_slow,102,0.11,7.41,7,extreme_heat,0.238,middle,185.76,0,Karnataka,2023,8
Bangalore,4W,39.99,79.97,52.32,1,6,public_fast,50.58,3.14,10.18,9.85,clear,0.081,high,226.05,1,Karnataka,2025,4
Bangalore,4W,41.78,102.4,20.49,2,2,public_fast,45.31,0.17,3.64,6.47,humid,0.051,middle,250.65,0,Karnataka,2021,11
Bangalore,4W,29.92,104.35,5.24,2,2,home,299.71,5.48,0.96,5.54,rainy,0.551,high,161.56,0,Karnataka,2020,6
Bangalore,4W,43.04,84.82,28.6,1,5,public_slow,213.17,2.21,4.6,7.72,rainy,0.197,high,232.4,0,Karnataka,2026,5
Bangalore,4W,45.21,95.76,34.77,1,2,public_slow,182.45,1.21,6.43,8.09,humid,0.107,high,271.26,0,Karnataka,2020,3
Bangalore,4W,37.92,89.66,34.59,4,4,public_fast,51.03,2.21,6.09,7.22,rainy,0.09,low,224.79,0,Karnataka,2023,10
Bangalore,4W,36.78,94.81,18.8,4,3,home,172.36,1.51,2.49,6.08,humid,0.16,high,220.71,0,Karnataka,2019,2
Bangalore,4W,41.95,91.82,41.21,3,2,public_fast,48.33,2.64,5.36,6.18,extreme_heat,0.426,high,213.96,0,Karnataka,2023,8
Bangalore,4W,41.75,91.77,42.55,3,1,public_fast,42.15,0.12,6.3,6.63,humid,0.362,low,250.52,0,Karnataka,2020,12
Bangalore,4W,44.05,92.73,33.99,1,2,home,393.84,4.63,5.13,6.3,rainy,0.245,low,237.88,0,Karnataka,2021,4
Bangalore,4W,41,100.37,16.87,4,1,home,255.3,1.72,3.04,5.05,extreme_heat,0.245,middle,209.12,0,Karnataka,2019,11
Bangalore,4W,33.3,84.05,44.66,2,6,public_slow,221.44,3.74,7.72,9.41,extreme_heat,0.292,middle,169.85,1,Karnataka,2023,8
Bangalore,4W,30.93,97.87,29.67,3,2,public_slow,203.56,3.59,4.37,6.4,humid,0.75,high,185.57,0,Karnataka,2019,11
Bangalore,4W,43.1,95.25,22.33,2,4,public_slow,167.94,0.09,3.99,6.71,humid,0.241,middle,224.79,0,Karnataka,2023,1
Bangalore,4W,36.16,79.29,18.87,3,6,public_fast,58.56,0.82,3.49,7.68,extreme_heat,0.283,middle,195.28,0,Karnataka,2025,6
Bangalore,4W,44.88,94.52,1,2,5,home,181.88,2.52,0.16,10.76,extreme_heat,0.268,low,242.35,0,Karnataka,2025,8
Bangalore,4W,34.77,80.25,20.15,3,3.23,public_slow,129.6,4.96,4.8,7.89,clear,0.145,middle,208.63,1,Karnataka,2024,2
Bangalore,4W,44.05,80.39,23.29,4,4,public_slow,239.92,1.22,4.29,8.84,clear,0.223,middle,264.31,0,Karnataka,2026,11
Bangalore,4W,37.51,103,7.76,4,2,public_slow,205.07,3.73,1.55,4.99,extreme_heat,0.29,low,191.29,0,Karnataka,2020,2
Bangalore,4W,47.85,97.56,43.45,3,2,public_slow,180.33,0.5,7.32,7.73,clear,0.522,middle,287.11,0,Karnataka,2020,1
Bangalore,4W,42.57,84.37,17.19,4,4,public_slow,236.18,2.36,5.16,8.66,rainy,0.397,middle,229.87,0,Karnataka,2021,10
Bangalore,4W,34.27,67.65,4.14,5,5,public_fast,45.52,11.7,0.73,8.75,clear,0.168,middle,205.59,1,Karnataka,2026,12
Bangalore,4W,40.21,92.83,6.95,1,4,public_slow,220.22,2.43,1.17,6.13,rainy,0.506,high,217.12,0,Karnataka,2022,1
Bangalore,4W,43.02,105.46,11.22,2,3,public_slow,205.56,1.96,2.88,4.5,extreme_heat,0.404,high,219.42,0,Karnataka,2019,10
Bangalore,4W,29.53,96.1,33.22,2,1,public_slow,218.47,0.23,4.98,7.01,humid,0.258,middle,177.21,0,Karnataka,2020,9
Bangalore,4W,42.38,85.81,22.34,4,2,home,377.19,0.23,4.95,6.3,rainy,0.366,low,228.88,0,Karnataka,2019,10
Bangalore,4W,47.06,81.59,48.47,3,4,public_fast,56.87,2.28,9.25,8.84,humid,0.117,low,282.33,0,Karnataka,2023,1
Bangalore,4W,48.22,95.78,44.88,3,3,home,267.77,1.97,5.93,6.47,humid,0.085,low,289.34,0,Karnataka,2022,10
Bangalore,4W,39.62,87.97,52.26,4,2,home,355.66,4.53,6.85,7.84,clear,0.076,middle,237.7,0,Karnataka,2021,7
Bangalore,4W,33.07,86.06,32.47,1,3,public_fast,46.19,0.68,9.31,8.82,rainy,0.094,high,178.55,0,Karnataka,2022,12
Bangalore,4W,35.61,89.34,43.65,3,5,home,372.93,3.97,8.09,7.17,rainy,0.067,middle,192.3,1,Karnataka,2025,4
Bangalore,4W,34.75,83.47,44.21,1,4,public_slow,172.71,0.8,8.78,9.08,extreme_heat,0.372,middle,177.21,0,Karnataka,2025,11
Bangalore,4W,48.36,72.96,42.05,3,4,public_slow,127.05,0.21,5.11,11.21,extreme_heat,0.446,middle,246.63,0,Karnataka,2026,5
Bangalore,4W,37.82,91.13,32.4,3,2,home,262.3,0.18,4.88,9.14,humid,0.629,high,226.94,0,Karnataka,2020,11
Bangalore,4W,37.34,90.45,31.18,2,5,public_fast,36.82,0.18,7.65,9.66,humid,0.213,middle,224.06,0,Karnataka,2025,10
Bangalore,4W,36.95,90.42,1,1,4,public_fast,74.19,0.14,0.19,8.65,extreme_heat,0.577,low,188.43,0,Karnataka,2022,9
Bangalore,4W,39.77,100.59,26.9,3,3,public_slow,306.07,6.88,4.41,9.02,rainy,0.224,middle,214.78,0,Karnataka,2023,11
Bangalore,4W,39.78,75.84,45.41,3,3,home,408.22,0.16,9.56,9.15,extreme_heat,0.481,low,202.86,0,Karnataka,2025,9
Bangalore,4W,37.76,92.99,40.26,4,4,home,263.17,2.41,4.7,9.04,humid,0.263,low,226.54,0,Karnataka,2022,2
Bangalore,4W,40.79,99.25,16.78,4,3,public_slow,284.86,1.07,3.48,8.88,rainy,0.312,middle,220.27,0,Karnataka,2022,9
Bangalore,4W,37.88,96.61,3.88,2,3,public_fast,71.01,0.89,0.69,7.62,clear,0.464,middle,227.27,0,Karnataka,2019,6
Bangalore,4W,31.39,82.24,18.96,3,1,public_fast,72.81,0.26,2.96,6.63,humid,0.31,middle,188.32,0,Karnataka,2023,2
Bangalore,4W,39.71,77.59,19.2,3,5,public_slow,185.94,1.98,4.37,8.11,extreme_heat,0.52,low,202.54,0,Karnataka,2023,5
Bangalore,4W,45.84,107.05,27.48,4,3,public_fast,37.17,0.02,4.37,4.86,extreme_heat,0.313,middle,233.79,0,Karnataka,2020,5
Bangalore,4W,44.8,94.45,1,2,3,public_fast,57.66,0.16,0.13,5.23,clear,0.305,middle,268.78,0,Karnataka,2021,4
Bangalore,4W,32.75,97.52,16.93,1,1,public_slow,233.44,1.4,3.89,5.84,humid,0.173,low,224.79,0,Karnataka,2020,7
Bangalore,4W,39.86,84.22,23.83,2,3,public_fast,32.86,2.36,3.23,7.43,extreme_heat,0.112,high,203.26,0,Karnataka,2023,12
Bangalore,4W,38.71,84.86,15.58,2,3,public_slow,174.59,3.02,2.29,10.02,clear,0.29,high,232.25,0,Karnataka,2024,6
Bangalore,4W,48.44,95.6,23.66,3,3,home,246.95,0.7,3.65,7.1,extreme_heat,0.345,middle,247.02,0,Karnataka,2021,9
Bangalore,4W,37.55,94.96,35.4,2,2,public_slow,173.71,0.84,6.51,5.96,extreme_heat,0.381,middle,191.48,0,Karnataka,2020,8
Bangalore,4W,41.59,80.93,35.35,2,2,public_fast,39.89,1.98,4.84,5.66,clear,0.093,middle,249.53,0,Karnataka,2021,8
Bangalore,4W,36.74,89.94,19,4,2,public_slow,205.33,0.23,2.65,6.74,humid,0.284,middle,220.46,0,Karnataka,2021,1
Bangalore,4W,44.01,89.37,1,2,2,public_fast,6.64,1.16,0.12,5.1,extreme_heat,0.433,low,224.43,0,Karnataka,2019,1
Bangalore,4W,34.41,90.52,26.14,2,2,public_slow,228.61,2.56,3.67,6.61,rainy,0.408,low,185.84,0,Karnataka,2019,7
Bangalore,4W,45.79,84.25,32.65,4,1,public_slow,163.44,6.7,4.86,8.24,extreme_heat,0.069,high,233.51,0,Karnataka,2021,12
Bangalore,4W,49.02,88.98,15.54,4,3,public_slow,222.12,3.79,2.09,7.63,humid,0.285,middle,294.14,0,Karnataka,2025,6
Bangalore,4W,35.13,108.51,16.45,3,2,home,280.24,1.42,3.79,5.68,rainy,0.461,low,224.79,0,Karnataka,2019,3
Bangalore,4W,39.65,95.56,46.46,3,3,public_fast,48.55,1.98,7.02,7.08,rainy,0.218,low,214.08,0,Karnataka,2019,10
Bangalore,4W,34.58,92.92,18.41,2,3,home,362.1,0.38,3.21,7.88,clear,0.471,middle,207.45,0,Karnataka,2023,7
Bangalore,4W,41.8,94.15,16.04,2.53,2,public_fast,64.83,0.19,2.93,7.06,rainy,0.143,middle,225.73,0,Karnataka,2020,3
Bangalore,4W,42.37,93.18,24.57,2,3,public_fast,88.87,0.63,3.05,6.58,humid,0.558,low,254.25,0,Karnataka,2022,1
Bangalore,4W,47.01,102.12,61.23,3,1,home,182.03,0.5,3.59,7.12,rainy,0.072,middle,253.86,0,Karnataka,2019,3
Bangalore,4W,32.49,96.94,10.37,1,1,home,303.04,5.08,2.03,6.59,clear,0.125,low,194.96,0,Karnataka,2021,6
Bangalore,4W,46.05,80.57,15.58,2,5,home,263.08,0.26,2.53,8.91,clear,0.179,low,276.29,0,Karnataka,2024,11
Bangalore,4W,41.73,94.48,13.87,3,1,public_fast,31.1,3.18,2.96,4.59,clear,0.258,high,250.36,0,Karnataka,2019,1
Bangalore,4W,47.71,90.61,21.4,2,4,public_slow,206.58,6.53,3.1,5.36,extreme_heat,0.504,high,243.34,0,Karnataka,2021,11
Bangalore,4W,44.89,99.19,48.47,4,3,public_fast,77.37,0.98,8.46,8.34,extreme_heat,0.144,low,228.95,0,Karnataka,2023,2
Bangalore,4W,33.88,88.58,11.13,3,4,public_fast,90.4,2.8,1.76,7.38,clear,0.33,low,203.26,0,Karnataka,2021,2
Bangalore,4W,39.99,84.02,43.4,1,4,home,252.52,0.71,2.14,8.73,humid,0.29,high,223.88,0,Karnataka,2025,5
Bangalore,4W,42.56,94.67,48.83,3,4,public_fast,48.61,1.89,6.78,7.62,clear,0.153,middle,255.34,0,Karnataka,2022,6
Bangalore,4W,41.78,102.59,1,4,2,public_fast,80.05,4.1,0.16,8.11,humid,0.73,low,250.66,0,Karnataka,2020,1
Bangalore,4W,38,87.9,50.91,3,1,public_fast,51.58,1.98,10.94,6.74,humid,0.097,low,228.02,0,Karnataka,2021,5
Bangalore,4W,39.49,101.58,26.44,4,3,public_slow,212.63,0.71,5.47,4.19,clear,0.124,low,236.94,0,Karnataka,2019,10
Bangalore,4W,37.26,83.09,54.54,4,3.23,public_slow,275.65,0.45,9.93,9.62,extreme_heat,0.384,low,190.01,0,Karnataka,2023,10
Bangalore,4W,50.21,99.74,31.73,2,1,home,249.9,0.88,6.29,5.3,clear,0.129,middle,301.26,0,Karnataka,2019,9
Bangalore,4W,38.19,81.89,23.7,4,4,public_slow,271.27,0.77,3.49,8.76,humid,0.256,low,229.17,0,Karnataka,2026,3
Bangalore,4W,37.94,87.84,42.39,3,5,public_slow,212,0.74,9.19,7.91,clear,0.257,low,227.67,0,Karnataka,2023,7
Bangalore,4W,39.21,95.65,46.65,1,1,home,180.33,0.85,9.66,6.91,humid,0.215,middle,235.28,0,Karnataka,2021,1
Bangalore,4W,40.42,84.03,37.22,4,4,public_fast,39.21,0.26,7.1,10.41,clear,0.285,middle,242.55,0,Karnataka,2023,2
Bangalore,4W,35.17,81.7,42.73,3,2,public_fast,34.12,1.74,6.16,8.11,extreme_heat,0.239,high,179.39,0,Karnataka,2023,5
Bangalore,4W,41.76,78.85,27.83,1,6,home,336.8,0.2,4.08,11.03,rainy,0.42,low,225.5,0,Karnataka,2026,5
Bangalore,4W,47.78,92.46,33.41,2,3,home,345.57,1.16,9.5,7.54,humid,0.309,low,224.79,0,Karnataka,2022,5
Bangalore,4W,38.25,86.51,24.37,3,3,public_fast,54.62,5.04,3.13,6.73,rainy,0.253,middle,206.56,0,Karnataka,2022,5
Bangalore,4W,36.18,96.78,42.54,4,3,home,259.28,0.15,4.37,8.65,humid,0.156,high,217.09,0,Karnataka,2022,8
Bangalore,4W,41.15,70.66,40.67,3,4,home,405.78,0.91,6.53,9.92,clear,0.039,middle,246.88,0,Karnataka,2026,6
Bangalore,4W,42.05,88.12,42.98,2,2,public_slow,257.99,4.24,7.91,8.3,rainy,0.303,middle,227.05,0,Karnataka,2022,7
Bangalore,4W,50.7,97.2,15.64,2,2,home,180.33,0.1,3.17,6.4,humid,0.203,low,304.17,0,Karnataka,2020,12
Bangalore,4W,31.13,81.6,11.31,3,5,public_fast,66.06,1.39,2.22,10.43,rainy,0.416,middle,168.12,0,Karnataka,2024,8
Bangalore,4W,46.93,85.97,26.44,1,5,public_slow,118.9,0.32,4.24,8.33,humid,0.112,middle,281.58,0,Karnataka,2024,5
Bangalore,4W,41.62,85.41,18.87,3,4,home,294.19,2.55,7.31,10.95,extreme_heat,0.386,middle,212.24,0,Karnataka,2024,6
Bangalore,4W,41,89.37,16.61,3,4,home,351.9,1.21,3.4,7.1,extreme_heat,0.421,middle,209.11,0,Karnataka,2020,6
Bangalore,4W,51.38,85.73,50.85,3,3,public_fast,74.11,2.9,7.43,8.9,clear,0.147,middle,308.26,0,Karnataka,2024,8
Bangalore,4W,41.74,104.76,18.66,1,1,public_fast,48.86,2.12,3.12,6.39,humid,0.272,middle,250.43,0,Karnataka,2019,11
Bangalore,4W,40.85,89.37,41.85,2,3.23,home,179.13,3.04,7.29,7.72,extreme_heat,0.252,high,208.35,0,Karnataka,2023,3
Bangalore,4W,37.41,82.1,35.56,3,6,public_fast,58.25,4.18,6.37,6.93,humid,0.214,middle,224.46,1,Karnataka,2024,3
Bangalore,4W,42.25,74.77,27.78,4,6,public_slow,191.61,3.27,6,8.77,extreme_heat,0.039,low,215.47,1,Karnataka,2026,5
Bangalore,4W,34.49,83.74,55.72,1,4,public_fast,42.9,0.86,4,9.97,humid,0.104,low,206.97,0,Karnataka,2025,11
Bangalore,4W,40.39,98.62,12.18,1,1,public_slow,199,0.18,1.71,5.61,clear,0.238,middle,242.36,0,Karnataka,2021,2
Bangalore,4W,39.36,98.77,12.65,2.53,3,public_fast,41.84,5.48,2.37,7.27,rainy,0.069,low,212.53,0,Karnataka,2023,8
Bangalore,4W,38.09,89.37,9.26,2.53,5,home,332.66,2.64,1.43,7.75,extreme_heat,0.217,middle,194.26,0,Karnataka,2023,8
Bangalore,4W,44.27,79.99,43.22,2,5,public_slow,210.97,3.22,8.59,7.72,humid,0.149,middle,265.6,1,Karnataka,2026,2
Bangalore,4W,40.43,90.04,7.01,4,3,home,398.11,0.65,0.97,4.28,extreme_heat,0.289,low,206.17,0,Karnataka,2020,4
Bangalore,4W,43.98,83.52,10.5,4,2,public_slow,100.5,0.91,1.58,9.64,humid,0.189,low,263.91,0,Karnataka,2025,12
Bangalore,4W,40.32,99.65,21.42,3,3,public_slow,63.67,2.09,2.91,7.93,rainy,0.703,low,217.72,0,Karnataka,2022,4
Bangalore,4W,46.33,87.07,21.93,2,4,public_slow,156.88,0.61,3.88,8.41,humid,0.045,middle,224.79,0,Karnataka,2023,8
Bangalore,4W,40.81,100.19,42.85,2,2,public_slow,210.51,1.05,7.93,7.95,clear,0.268,low,244.86,0,Karnataka,2019,3
Bangalore,4W,32.06,107.21,46.37,1,1,public_slow,225.26,0.29,10,6.59,extreme_heat,0.29,low,163.53,0,Karnataka,2020,10
Bangalore,4W,38.79,92.84,22.74,4,3,public_slow,157.47,2.49,2.82,6.32,rainy,0.186,low,209.49,0,Karnataka,2022,11
Bangalore,4W,41.65,89.27,1,2,3,home,218.15,0.91,0.13,6.77,humid,0.361,high,249.9,0,Karnataka,2021,12
Bangalore,4W,44.17,88.08,36.12,2,4,home,289.99,0.22,5.43,8.7,rainy,0.17,middle,238.53,0,Karnataka,2022,12
Bangalore,4W,48.01,83.17,26.55,4,3,home,306.99,0.46,4.99,9.87,humid,0.247,low,288.06,0,Karnataka,2025,7
Bangalore,4W,40.5,86.59,31.64,3,4,public_fast,81.24,1.34,4.13,9.63,extreme_heat,0.427,low,206.55,0,Karnataka,2025,12
Bangalore,4W,49.46,89.46,63.27,1,2,public_slow,236.4,2.61,8.1,8.2,clear,0.29,high,296.75,0,Karnataka,2023,9
Bangalore,4W,43.34,103.22,40.03,2,2,public_fast,91.61,3.56,6.08,7.25,rainy,0.263,low,234.05,0,Karnataka,2021,8
Bangalore,4W,44.06,101.31,11.3,3,1,home,287.67,0.21,1.45,6.23,clear,0.116,low,264.38,0,Karnataka,2019,3
Bangalore,4W,39.27,81.66,25.64,2,4,home,332.92,2.42,3.5,7.32,extreme_heat,0.185,middle,200.26,0,Karnataka,2021,12
Bangalore,4W,37.07,77.49,39.87,3,3,public_fast,60.42,3.74,7.58,10.19,extreme_heat,0.139,low,189.06,0,Karnataka,2025,4
Bangalore,4W,36.71,79.43,44.05,2,5,home,292.1,0.82,5.73,11.77,clear,0.058,middle,220.23,0,Karnataka,2026,9
Bangalore,4W,40.14,88.76,25.78,2,3,public_slow,185.07,2.05,2.92,7.48,humid,0.365,low,240.84,0,Karnataka,2022,7
Bangalore,4W,41.92,103.45,1,3,1,home,302.7,1.98,0.15,5.9,clear,0.456,low,251.51,0,Karnataka,2019,1
Bangalore,4W,39.44,100.44,14.56,3,1,home,180.33,1.63,2.69,8.96,rainy,0.269,middle,212.96,0,Karnataka,2020,3
Bangalore,4W,44.03,101.17,45.01,2,3,home,306.65,0.02,9.36,6.36,clear,0.067,middle,264.2,0,Karnataka,2019,12
Bangalore,4W,39.76,80.47,24.39,4,3,public_fast,180.33,1.98,3.04,7.05,extreme_heat,0.353,high,202.8,0,Karnataka,2025,1
Bangalore,4W,44.74,87.11,19.74,2,3,public_fast,86.2,2.23,3.1,7.97,humid,0.449,high,268.43,0,Karnataka,2022,10
Bangalore,4W,36.01,89.64,26.44,5,2,public_slow,63.54,0.47,4.44,6.27,clear,0.304,middle,216.04,0,Karnataka,2021,12
Bangalore,4W,43.09,81.69,15.34,2,3,public_fast,-16.34,0.2,2.62,7.54,clear,0.103,middle,258.56,0,Karnataka,2023,4
Bangalore,4W,42.68,86.61,27.54,4,3,home,269.52,0.29,4.91,8.49,extreme_heat,0.12,middle,217.66,0,Karnataka,2023,10
Bangalore,4W,36.35,94.69,29.9,2,2,public_fast,37.93,9.07,5.42,7.98,humid,0.06,high,218.12,0,Karnataka,2022,2
Bangalore,4W,41.03,83.51,41.29,4,4,public_fast,49.09,1.98,6.72,7.98,rainy,0.21,middle,221.56,0,Karnataka,2023,12
Bangalore,4W,37.94,92.98,29.54,2,4,public_slow,233.66,0.35,4.75,5.12,rainy,0.29,middle,204.85,0,Karnataka,2020,11
Bangalore,4W,35.42,74.74,1,2,5,home,369.11,1.94,0.13,9.42,humid,0.201,high,212.52,1,Karnataka,2026,6
Bangalore,4W,42.7,97.82,25.64,3,3,public_slow,141.88,1.92,4.99,4.88,extreme_heat,0.191,low,217.78,0,Karnataka,2019,3
Bangalore,4W,39.68,89.83,5.23,3,2,public_slow,194.65,1.1,0.8,8.05,extreme_heat,0.213,middle,202.35,0,Karnataka,2021,12
Bangalore,4W,39.99,92.11,20.94,1,4,home,375.38,0.18,3.9,9.69,humid,0.127,middle,232.81,0,Karnataka,2023,9
Bangalore,4W,41.59,92.77,7.99,4,3,home,352.27,4.72,1.03,7.72,rainy,0.263,low,224.6,0,Karnataka,2021,10
Bangalore,4W,41.74,89.37,13.04,4,6,public_slow,194.24,8.47,2.11,9.06,rainy,0.301,middle,225.4,1,Karnataka,2026,2
Bangalore,4W,43.25,102.75,14.7,1,5,home,237.92,0.13,2.78,5.06,humid,0.276,high,259.48,0,Karnataka,2021,9
Bangalore,4W,40.99,76.45,28.59,3,4,public_fast,98.15,0.01,4.37,7.89,humid,0.29,middle,245.96,0,Karnataka,2024,5
Bangalore,4W,32.68,98.14,60.31,4,3,public_fast,36.71,0.58,16.45,7.98,rainy,0.352,low,176.45,0,Karnataka,2020,8
Bangalore,4W,37.1,95.43,44.59,2,1,public_fast,73.6,1.98,5.58,8.58,extreme_heat,0.353,low,189.23,0,Karnataka,2021,3
Bangalore,4W,45.58,80.58,18.26,2.53,6,public_fast,80.48,1.03,2.91,8.92,extreme_heat,0.283,low,232.47,0,Karnataka,2024,8
Bangalore,4W,43.48,89.37,28.12,2,4,public_slow,180,1.01,3.71,6.78,clear,0.379,low,260.91,0,Karnataka,2021,2
Bangalore,4W,31.14,74.79,26.98,2,4,public_fast,72.95,3.66,4.73,9.79,clear,0.033,low,186.86,1,Karnataka,2025,6
Bangalore,4W,31.33,75.95,8.35,2,5,home,283.89,0.3,1.41,9.35,rainy,0.589,middle,169.16,0,Karnataka,2025,2
Bangalore,4W,37.34,81.5,1,3,5,public_slow,298.39,1.04,0.16,9.03,humid,0.251,low,224.02,0,Karnataka,2026,9
Bangalore,4W,41.62,89.69,14.21,3,4,home,285.45,0.91,2.04,10.1,rainy,0.174,middle,224.73,0,Karnataka,2024,7
Bangalore,4W,42.43,77.28,20.64,3,4,public_slow,104.22,1.48,3.3,8.96,clear,0.063,low,254.57,0,Karnataka,2025,12
Bangalore,4W,39.99,107.13,12.03,3,1,home,347.48,2.84,1.9,5.88,extreme_heat,0.113,middle,238.56,0,Karnataka,2019,11
Bangalore,4W,44.35,84.55,32.06,6,4,public_fast,62.01,3.42,5.02,8.64,humid,0.204,middle,266.08,0,Karnataka,2024,12
Bangalore,4W,40.87,82.49,37.87,2,4,public_slow,182.93,6.5,8.71,8.55,rainy,0.129,middle,220.71,0,Karnataka,2026,12
Bangalore,4W,32.69,71.05,44.12,3,4,home,277.34,2.34,4.37,8.37,rainy,0.15,middle,176.53,0,Karnataka,2026,7
Bangalore,4W,39.21,84.12,10.1,3,4,public_fast,69.82,1.43,1.39,8.86,clear,0.36,high,235.26,0,Karnataka,2024,9
Bangalore,4W,34.93,76.71,24.25,3,5,public_slow,180.8,2.58,3.8,10.02,clear,0.361,low,209.57,0,Karnataka,2026,5
Bangalore,4W,36.93,79.25,95.25,2,5,public_slow,234.17,3.66,6.15,8.37,extreme_heat,0.365,low,188.35,1,Karnataka,2025,4
Bangalore,4W,42.57,84.52,51.94,1,5,public_slow,191.79,0.17,8.47,7.24,clear,0.323,low,255.41,0,Karnataka,2023,7
Bangalore,4W,41.65,83.97,24.72,4,6,public_fast,57.93,0.16,4.17,8.92,clear,0.505,high,249.9,0,Karnataka,2025,11
Bangalore,4W,41.67,79.14,28.99,2,4,public_fast,48.13,2.95,4.66,9.3,rainy,0.095,middle,224.99,0,Karnataka,2024,3
Bangalore,4W,46.69,99.75,17.49,1,2,public_fast,91.17,3.11,2.44,6.98,extreme_heat,0.108,low,238.13,0,Karnataka,2020,6
Bangalore,4W,34.07,79.42,20.31,4,6,public_fast,56.31,0.52,4,10.65,clear,0.23,high,204.44,0,Karnataka,2026,1
Bangalore,4W,37.3,96.77,38.8,1,3,public_slow,177.82,3.95,7.74,8.2,extreme_heat,0.21,low,190.21,0,Karnataka,2023,7
Bangalore,4W,43.84,87.36,39.34,2,4,public_fast,46.45,1.96,7.04,8.06,humid,0.49,low,263.06,0,Karnataka,2023,3
Bangalore,4W,37.27,80.46,34.9,2,3,public_slow,217.74,0.35,7.32,9.1,extreme_heat,0.637,low,190.08,0,Karnataka,2023,4
Bangalore,4W,45.59,77.62,26.44,1,5,public_fast,69.57,0.09,2.91,8.8,rainy,0.189,low,246.2,0,Karnataka,2026,2
Bangalore,4W,39.48,105.07,32.78,3,1,public_fast,180.33,1.98,5.64,4.93,clear,0.233,middle,236.86,0,Karnataka,2019,10
Bangalore,4W,41.99,102.46,33.23,3,2,public_slow,227.49,0.24,5.56,6.8,extreme_heat,0.42,middle,214.12,0,Karnataka,2020,12
Bangalore,4W,29.77,101.19,29.73,2,2,public_slow,130.84,2.21,4.17,6.76,rainy,0.493,middle,160.76,0,Karnataka,2020,7
Bangalore,4W,48.62,100.62,38.94,3,3,home,190.84,0.94,9.06,6.71,humid,0.074,low,291.74,0,Karnataka,2022,11
Bangalore,4W,47.16,80.98,53.94,5,5,public_fast,18.78,1.4,9.96,7.44,extreme_heat,0.44,low,240.49,0,Karnataka,2025,10
Bangalore,4W,39.74,78.31,40.69,3,5,public_slow,183.17,1.35,6.23,7.52,extreme_heat,0.365,low,238.43,0,Karnataka,2026,10
Bangalore,4W,43.15,97.4,20.35,3,2,public_slow,225.19,3.63,4.37,6.69,rainy,0.263,high,232.99,0,Karnataka,2019,12
Bangalore,4W,40.51,101.01,45.99,4,2,public_slow,192.16,1.92,7.54,6.1,clear,0.103,low,243.08,0,Karnataka,2019,8
Bangalore,4W,42.68,85.67,1,2,4,home,270.67,6.63,0.14,8.66,extreme_heat,0.523,middle,217.67,0,Karnataka,2024,9
Bangalore,4W,39.75,72.33,40.66,3,5,home,174.66,2.54,6.72,8.97,extreme_heat,0.249,high,202.73,1,Karnataka,2026,12
Bangalore,4W,33.84,84.73,1,2,4,home,377.5,5,0.17,9.3,humid,0.358,high,203.01,0,Karnataka,2025,11
Bangalore,4W,25.2,90.89,28.77,3,3,public_fast,50.32,0.36,5.68,5.44,clear,0.285,low,151.23,0,Karnataka,2021,7
Bangalore,4W,42.25,74.6,42.91,3,4,public_fast,70.23,0.35,6.74,10.71,rainy,0.272,low,228.13,0,Karnataka,2026,12
Bangalore,4W,40.42,89.37,20.38,3,5,home,343.94,1.52,3.4,9.7,clear,0.359,low,242.53,1,Karnataka,2026,11
Bangalore,4W,38.71,93.63,1,3,3,public_slow,190.78,0.65,0.22,6.01,extreme_heat,0.15,middle,197.43,0,Karnataka,2021,11
Bangalore,4W,36.25,72.85,8.25,3,6,public_slow,213.11,1.57,1.38,8.67,extreme_heat,0.622,middle,184.87,1,Karnataka,2026,1
Bangalore,4W,41.59,104,54.63,2,1,public_fast,80.56,4.02,9.56,7.61,rainy,0.112,middle,224.59,0,Karnataka,2019,2
Bangalore,4W,42.73,102.6,20.71,4,4,public_fast,48.41,0.41,3.33,6.84,rainy,0.215,low,230.74,0,Karnataka,2022,6
Bangalore,4W,40.7,92.49,47.1,1,2,public_slow,173.36,1.45,8.77,5.4,rainy,0.328,low,219.79,0,Karnataka,2021,8
Bangalore,4W,41.8,87.36,36.88,3,4,public_slow,194.68,0.27,6.67,8.9,extreme_heat,0.333,middle,213.18,0,Karnataka,2025,2
Bangalore,4W,35.89,90.17,32.96,2,3,public_slow,192.12,1.36,6.45,7.36,humid,0.108,low,215.37,0,Karnataka,2024,7
Bangalore,4W,48.95,91.83,44.52,2.53,3,home,272.95,2.91,9.2,7.69,humid,0.235,low,293.67,0,Karnataka,2021,11
Bangalore,4W,38.23,82.73,8.25,2,2,home,345.58,7.47,1.84,6.14,extreme_heat,0.216,high,194.98,0,Karnataka,2020,2
Bangalore,4W,39.79,83.22,14.13,2,1,home,147.53,1.85,2.22,7.82,rainy,0.425,low,214.89,0,Karnataka,2023,7
Bangalore,4W,42.99,95.25,42.59,2,4,public_slow,263.81,1.98,7.21,7.65,extreme_heat,0.198,low,219.26,0,Karnataka,2022,7
Bangalore,4W,43.1,83.29,35.81,2,4,public_fast,62.42,0.41,4.63,8.18,clear,0.321,middle,258.57,0,Karnataka,2023,10
Bangalore,4W,39.99,79.26,30.85,3,5,home,379.05,0.28,4.55,9.87,clear,0.213,low,214.48,0,Karnataka,2026,5
Bangalore,4W,39.67,89.48,25.68,3,2,public_fast,54.74,0.71,4.17,8.07,humid,0.186,low,224.79,0,Karnataka,2023,1
Bangalore,4W,48.12,96.33,13.95,3,2,home,275.07,0.28,3.02,6.09,rainy,0.304,middle,259.86,0,Karnataka,2019,11
Bangalore,4W,41.57,89.37,54.14,3,1,home,307.74,2.57,7.76,6.61,clear,0.178,middle,249.42,0,Karnataka,2020,9
Bangalore,4W,40.22,90.59,53.97,1,5,public_fast,73.15,0.59,8.43,7.45,humid,0.128,middle,241.34,0,Karnataka,2023,7
Bangalore,4W,26.73,77.63,51.02,3,5,home,331.23,0.54,8.46,9.45,extreme_heat,0.551,low,136.35,0,Karnataka,2025,7
Bangalore,4W,34.41,82.77,37.88,3,5,home,179.09,1.92,5.83,7.72,rainy,0.417,low,185.81,0,Karnataka,2024,8
Bangalore,4W,43.84,89.37,1,4,3,home,263.51,2.66,0.25,9.1,humid,0.408,low,263.07,0,Karnataka,2022,2
Bangalore,4W,41.95,102.48,15.59,3,2,home,239.62,0.19,2.68,7.25,extreme_heat,0.733,middle,213.96,0,Karnataka,2021,4
Bangalore,4W,42.78,83.65,13.74,2,5,home,154.9,0.51,2.84,10.28,humid,0.29,middle,256.69,0,Karnataka,2024,4
Bangalore,4W,44.24,89.81,47.37,4,1,public_fast,90.71,0.9,8.06,5.11,humid,0.088,low,265.41,0,Karnataka,2020,7
Bangalore,4W,35.55,89.98,29.9,2,4,public_slow,163.98,4.02,4.06,5.86,extreme_heat,0.22,middle,181.29,0,Karnataka,2022,8
Bangalore,4W,44.08,94.33,22.82,3,3,public_fast,70.4,0.03,3.81,8.35,clear,0.231,middle,264.47,0,Karnataka,2021,1
Bangalore,4W,38.88,78.45,19.67,3,5,public_slow,139.76,5.86,3.66,9.27,humid,0.321,low,233.27,1,Karnataka,2026,8
Bangalore,4W,43,87.58,25.15,2,1,public_slow,175.73,0.3,4.37,6.19,rainy,0.637,low,232.21,0,Karnataka,2020,2
Bangalore,4W,29.32,95.15,12,3,2,home,443.59,3.73,4.37,7.58,humid,0.618,low,175.91,0,Karnataka,2023,2
Bangalore,4W,35.59,79.34,27.57,4,4,public_slow,127.5,1.69,4.58,6.18,extreme_heat,0.293,middle,181.49,0,Karnataka,2023,2
Bangalore,4W,37.66,73.57,20.67,3,3,home,294.44,1.56,4.04,7.21,extreme_heat,0.218,middle,192.07,0,Karnataka,2026,6
Bangalore,4W,47.01,87.88,22.45,4,3,public_fast,55.66,1.98,3.68,9.86,rainy,0.035,middle,253.85,0,Karnataka,2022,5
Bangalore,4W,34.69,91.04,1,2,3,home,281.18,2.02,0.16,6.22,extreme_heat,0.566,low,224.79,0,Karnataka,2021,6
Bangalore,4W,43.56,103.5,8.43,2,2,home,268.71,0.23,1.21,6,clear,0.537,middle,261.39,0,Karnataka,2019,8
Bangalore,4W,41.64,80.42,17.6,3,5,public_fast,77.2,0.22,2.76,9.31,humid,0.207,low,249.87,0,Karnataka,2026,2
Bangalore,4W,44.31,86.89,26.97,3,4,public_slow,200.51,4.18,4.36,8.19,extreme_heat,0.48,middle,225.99,0,Karnataka,2023,12
Bangalore,4W,32.28,93.47,12.44,3,1,home,367.28,1.52,1.94,6.01,clear,0.364,low,193.71,0,Karnataka,2020,11
Bangalore,4W,40.14,88.79,25.79,2,4,home,374.08,0.17,4.8,9.01,extreme_heat,0.218,low,204.72,0,Karnataka,2023,8
Bangalore,4W,36.4,96.96,22.51,2,5,public_fast,94.27,0.12,4.61,8.18,extreme_heat,0.147,middle,218.37,0,Karnataka,2021,6
Bangalore,4W,34.92,87.37,1,2,4,public_fast,41.95,0.3,0.13,7.29,rainy,0.713,middle,188.55,0,Karnataka,2023,11
Bangalore,4W,38.98,96.9,37.18,3,2,public_slow,145.69,0.23,4.37,7.46,extreme_heat,0.274,high,198.81,0,Karnataka,2022,12
Bangalore,4W,32.66,88.51,63.74,2.53,1,public_fast,54.49,0.39,10.19,5.83,extreme_heat,0.192,middle,195.98,0,Karnataka,2022,3
Bangalore,4W,38.42,87.48,5.28,3,4,home,226.63,0.86,0.81,7.74,extreme_heat,0.214,middle,230.55,0,Karnataka,2024,3
Bangalore,4W,48.93,93.49,37.72,2,6,public_slow,162.18,3.92,5.53,7.36,extreme_heat,0.25,low,249.52,1,Karnataka,2024,8
Bangalore,4W,37.13,99.05,1,2,3,public_slow,200.18,0.15,0.19,5.33,clear,0.219,high,222.8,0,Karnataka,2020,5
Bangalore,4W,38.75,73.66,23.49,1,5,public_fast,39.39,1.63,4.22,8.54,extreme_heat,0.23,middle,197.64,1,Karnataka,2026,12
Bangalore,4W,43.93,93.28,25.25,2,4,home,251.6,3.9,4.93,7.46,extreme_heat,0.139,middle,263.58,0,Karnataka,2023,8
Bangalore,4W,40.08,85.06,3.95,3,6,public_fast,58.84,0.12,0.57,11.66,humid,0.399,middle,240.46,0,Karnataka,2026,9
Bangalore,4W,47.48,86.34,33.87,1,3,public_slow,174.4,3.32,5.85,7.05,extreme_heat,0.173,low,242.15,0,Karnataka,2021,4
Bangalore,4W,44.66,102.31,18.06,3,1,public_slow,251.6,1.56,3.44,7.96,extreme_heat,0.421,low,227.77,0,Karnataka,2019,7
Bangalore,4W,39.67,83.63,1,3,2,home,323.35,3.77,0.17,9.69,humid,0.082,high,238.03,0,Karnataka,2023,7
Bangalore,4W,41.47,89.37,23.99,2.53,1,public_fast,52.76,0.35,4.06,5.6,rainy,0.076,low,223.93,0,Karnataka,2019,5
Bangalore,4W,43.06,82.36,18.68,1,2,home,286.61,0.37,5.39,7.83,rainy,0.123,middle,232.54,0,Karnataka,2022,10
Bangalore,4W,39.14,102.38,52.51,4,1,public_fast,62.81,1.2,10.42,5.8,clear,0.293,middle,234.86,0,Karnataka,2020,7
Bangalore,4W,35.39,89.76,3.36,2,5,home,288.07,0.17,0.46,7.57,humid,0.471,middle,212.33,0,Karnataka,2024,1
Bangalore,4W,34.43,82.61,22.06,2,5,home,245.04,8.06,3.54,9.43,clear,0.242,low,206.61,1,Karnataka,2025,4
Bangalore,4W,31.35,82.35,36.58,2,4,public_fast,30.59,2.75,7.55,7.88,humid,0.237,middle,188.11,0,Karnataka,2024,12
Bangalore,4W,51.6,87.76,28.5,2,4,public_fast,53.98,0.15,5.53,7.65,rainy,0.241,low,278.66,0,Karnataka,2025,8
Bangalore,4W,34.57,103.27,28.15,2,3.23,public_slow,187.84,0.13,4.37,5.29,humid,0.4,high,207.43,0,Karnataka,2020,1
Bangalore,4W,48.36,107.51,56.17,3,1,home,337.75,0.73,8.93,6.22,rainy,0.092,high,261.15,0,Karnataka,2020,1
Bangalore,4W,41.4,83.97,10.36,1,3,home,202.19,0.29,2.01,7.19,humid,0.29,middle,248.39,0,Karnataka,2022,9
Bangalore,4W,38.53,94.43,19.37,4,1,public_slow,210.82,0.8,2.35,5.02,humid,0.133,high,231.19,0,Karnataka,2019,4
Bangalore,4W,33.32,97.05,15.35,2,2,public_fast,180.33,3.31,3.19,7.89,extreme_heat,0.495,low,169.93,0,Karnataka,2022,12
Bangalore,4W,36.92,86.01,22.38,3,2,home,206.81,0.34,4.37,7.73,clear,0.105,low,221.53,0,Karnataka,2024,3
Bangalore,4W,40.77,88.6,57.6,3,3,home,166.11,2.89,12.17,4.83,rainy,0.25,low,220.17,0,Karnataka,2020,5
Bangalore,4W,40.16,90.36,1,1,2,home,392.73,0.05,0.18,5.76,rainy,0.394,low,216.84,0,Karnataka,2021,11
Bangalore,4W,35.92,75.18,31.74,2,5,home,263.79,3.2,5.79,9.58,extreme_heat,0.552,high,183.17,1,Karnataka,2026,4
Bangalore,4W,38.29,96.58,20.16,4,1,public_fast,30.82,0.72,3.01,5.39,humid,0.322,middle,229.76,0,Karnataka,2020,3
Bangalore,4W,32.32,96.75,44.99,2,1,public_slow,209.14,2.59,6.86,6.58,humid,0.329,low,193.9,0,Karnataka,2020,1
Bangalore,4W,37.79,105.63,4.32,3,1,public_slow,277.09,0.68,0.73,6.82,humid,0.119,high,226.75,0,Karnataka,2020,1
Bangalore,4W,37.88,81.66,23.08,2,3,home,291.16,3.14,4.06,7.85,rainy,0.472,middle,204.54,0,Karnataka,2023,2
Bangalore,4W,42.95,67.7,24.43,2,6,public_fast,72.41,0.02,4.09,9.9,humid,0.369,middle,257.73,1,Karnataka,2026,7
Bangalore,4W,37.49,78.83,40.5,3,5,home,272.26,1.39,6.1,11.06,clear,0.365,middle,224.92,0,Karnataka,2023,8
Bangalore,4W,33.06,75.11,25.22,4,3.23,public_slow,193.07,0.34,4.5,9.18,extreme_heat,0.124,low,178.51,0,Karnataka,2026,3
Bangalore,4W,48.22,86.44,35.88,4,3,home,253.94,2.09,5.3,9.01,clear,0.404,middle,289.34,0,Karnataka,2025,3
Bangalore,4W,46.72,91.92,23.1,2,4,public_fast,75.83,0.56,3.89,7.48,humid,0.257,low,280.32,0,Karnataka,2022,3
Bangalore,4W,37.42,91.8,25.83,4,4,public_slow,216.07,0.22,4.82,7.18,clear,0.214,low,224.52,0,Karnataka,2024,6
Bangalore,4W,43.69,106.82,9.81,2,1,home,278.75,0.21,1.79,5.26,extreme_heat,0.505,low,262.13,0,Karnataka,2019,11
Bangalore,4W,46.06,88.97,28.46,2.53,2,public_slow,158.31,3.84,4.37,5.49,clear,0.582,middle,276.37,0,Karnataka,2019,3
Bangalore,4W,38.08,76.66,15.65,4,4,public_fast,67.54,2.57,2.31,8.83,extreme_heat,0.272,middle,205.64,0,Karnataka,2025,8
Bangalore,4W,42.25,86.59,26.44,4,6,public_slow,128.16,2.01,9.91,8.97,extreme_heat,0.769,middle,215.46,0,Karnataka,2024,2
Bangalore,4W,45.91,79.83,15.72,2,6,public_slow,179,0.08,2.42,8,extreme_heat,0.081,high,234.12,0,Karnataka,2026,10
Bangalore,4W,39.75,81.95,57.2,3,3,home,362.73,0.52,9.06,9.25,clear,0.619,low,238.51,0,Karnataka,2023,8
Bangalore,4W,40.36,94.78,2.81,3,1,public_slow,106.42,0.57,0.36,5.36,humid,0.654,high,242.18,0,Karnataka,2021,2
Bangalore,4W,40.85,101.35,53.59,4,3.23,public_slow,195.23,1.98,8.5,5.25,extreme_heat,0.529,middle,208.35,0,Karnataka,2019,1
Bangalore,4W,50.43,86.19,30.39,1,3,public_slow,169.56,0.26,6.69,7.84,extreme_heat,0.042,high,257.18,0,Karnataka,2023,10
Bangalore,4W,52.85,87.67,18.22,3,4,public_fast,66.92,4.13,3.19,8.9,rainy,0.549,middle,285.39,0,Karnataka,2025,8
Bangalore,4W,40.54,74.93,20.18,2.53,4,public_fast,27.52,1.21,3.44,9.81,clear,0.275,low,243.24,0,Karnataka,2026,12
Bangalore,4W,39,101.74,40.91,3,4,public_slow,53.21,1.86,4.37,5.72,humid,0.399,middle,234.02,0,Karnataka,2019,12
Bangalore,4W,41.33,89.13,15.98,1,1,public_fast,59.61,1.98,3.12,7.08,humid,0.466,high,247.95,0,Karnataka,2022,8
Bangalore,4W,45.6,90.21,17.98,3,2,public_slow,209.75,4.53,3.03,7.35,clear,0.118,low,273.57,0,Karnataka,2020,4
Bangalore,4W,42.96,96.34,44.07,2,3.23,home,315.3,1.21,11.02,7.72,extreme_heat,0.187,middle,219.07,0,Karnataka,2019,11
Bangalore,4W,34.8,83.74,51.86,3,5,public_slow,203.95,1.98,8.8,9.3,rainy,0.586,low,187.93,0,Karnataka,2025,4
Bangalore,4W,41.44,84.91,32.38,4,5,home,284.23,0.54,4.43,9.96,extreme_heat,0.358,low,211.32,0,Karnataka,2026,3
Bangalore,4W,47.9,84.17,31,3,4,public_fast,52.4,1.51,7.75,9.13,rainy,0.043,middle,258.64,0,Karnataka,2022,10
Bangalore,4W,33.9,80.76,33.95,2,3,public_slow,115.1,7.71,4.92,9.17,extreme_heat,0.125,low,172.91,0,Karnataka,2024,8
Bangalore,4W,38.62,101.67,30.46,1,1,home,180.33,2.46,4.97,6.59,rainy,0.228,high,208.54,0,Karnataka,2019,6
Bangalore,4W,41.48,87.89,117.85,5,3,public_slow,213.74,0.6,6.27,6.79,extreme_heat,0.175,low,211.55,0,Karnataka,2023,12
Bangalore,4W,39.12,81.25,28.07,2,5,public_slow,177.33,1.02,4.21,9,rainy,0.246,middle,211.26,0,Karnataka,2026,3
Bangalore,4W,47.95,96.92,4.81,1,2,home,311.54,0.44,4.37,6.96,rainy,0.221,low,258.92,0,Karnataka,2021,6
Bangalore,4W,41.12,92.63,13.75,4,1,public_slow,180.33,1.29,2.16,5.29,clear,0.306,high,246.73,0,Karnataka,2019,9
Chennai,4W,37.14,74.38,1,3,6,home,348.99,3.08,4.37,7.98,extreme_heat,0.266,low,189.43,1,Tamil Nadu,2026,8
Chennai,4W,43.07,103.79,17.04,3,1,public_fast,54.5,0.07,3.4,3.7,clear,0.043,high,258.43,0,Tamil Nadu,2019,10
Chennai,4W,44.09,89.55,25.37,2,2,public_fast,75.07,1.56,4.37,5.15,humid,0.463,middle,264.53,0,Tamil Nadu,2020,10
Chennai,4W,42.84,94,52.18,2,3,public_slow,132.48,3.46,2.55,7.15,extreme_heat,0.075,low,218.5,0,Tamil Nadu,2022,4
Chennai,4W,41.54,86.08,37.91,1,4,public_fast,56.66,3,5.83,9.28,extreme_heat,0.131,low,211.84,0,Tamil Nadu,2025,9
Chennai,4W,37.69,78.77,7.8,2,5,public_slow,160.97,0.05,1.36,9.4,clear,0.335,high,226.14,0,Tamil Nadu,2023,8
Chennai,4W,36.28,96.62,22.83,3,1,public_slow,167.68,0.1,3.91,4.11,humid,0.186,middle,217.65,0,Tamil Nadu,2019,9
Chennai,4W,45.57,100.58,35.77,2,2,home,301.18,0.86,5.12,7.17,clear,0.264,low,273.43,0,Tamil Nadu,2020,3
Chennai,4W,41.95,74.66,33.02,2.53,2,public_fast,60.07,0.82,5.13,9.83,humid,0.377,low,251.69,0,Tamil Nadu,2026,3
Chennai,4W,49.96,87.1,27.59,3,4,public_fast,108.89,0.99,5.23,6.96,extreme_heat,0.029,low,254.82,0,Tamil Nadu,2022,7
Chennai,4W,39.33,111.08,33.35,2.53,1,home,307.47,0.36,4.96,5.2,rainy,0.136,middle,212.39,0,Tamil Nadu,2019,12
Chennai,4W,41.11,97.43,18.64,2,2,home,302.47,0.42,4.04,5.76,humid,0.485,high,246.64,0,Tamil Nadu,2020,2
Chennai,4W,41.78,89.37,83.9,3,1,home,203.71,1.5,4.81,6.15,clear,0.042,middle,250.65,0,Tamil Nadu,2020,6
Chennai,4W,43.45,96.44,35.37,1,3,home,240.11,1.95,5.89,7.5,humid,0.224,high,260.7,0,Tamil Nadu,2022,1
Chennai,4W,31.88,97.44,26.44,3,4,home,249.83,0.1,3.29,8.31,humid,0.264,low,191.3,0,Tamil Nadu,2023,11
Chennai,4W,33.63,91.39,25.77,1,5,public_fast,42.9,5.65,4.51,10.82,humid,0.045,middle,201.76,1,Tamil Nadu,2023,5
Chennai,4W,41.37,72.05,26.44,1,5,home,198.65,2.1,4.01,10.21,humid,0.382,high,248.25,1,Tamil Nadu,2026,9
Chennai,4W,46.79,84.47,22.93,3,4,home,332.89,1.98,3.12,9.23,clear,0.081,high,280.72,0,Tamil Nadu,2025,5
Chennai,4W,37.04,96.99,7.95,2,1,home,280.51,0.24,1.46,7.62,humid,0.501,low,222.26,0,Tamil Nadu,2021,11
Chennai,4W,37.07,86.88,18.15,1,1,public_slow,227.51,1.38,2.27,8.69,clear,0.063,low,222.43,0,Tamil Nadu,2021,1
Chennai,4W,42.64,97.26,26.16,3,3,public_slow,385.14,3,4.6,7.96,clear,0.433,middle,255.82,0,Tamil Nadu,2020,3
Chennai,4W,35.18,85.93,14.14,4,4,home,278.46,0.79,1.68,8.73,clear,0.055,low,211.06,0,Tamil Nadu,2023,8
Chennai,4W,35.99,80.01,18.3,3,5,home,206.43,5.56,2.8,7.92,humid,0.392,low,215.96,1,Tamil Nadu,2025,8
Chennai,4W,42.06,89.37,11.07,1,3,public_fast,67.32,1.03,2.56,7.16,humid,0.707,low,252.38,0,Tamil Nadu,2019,12
Chennai,4W,33.75,107.17,1,2.53,1,public_fast,58.11,2.83,0.14,6.41,rainy,0.496,middle,182.26,0,Tamil Nadu,2019,9
Chennai,4W,37.66,78.01,40.28,2,3,public_fast,53.97,3.11,7.62,9.33,humid,0.184,low,225.97,0,Tamil Nadu,2025,4
Chennai,4W,46.69,85.83,40.03,2,5,public_fast,13.25,2.25,6.66,10.09,clear,0.242,low,280.12,0,Tamil Nadu,2025,8
Chennai,4W,39.95,89.37,9.64,1,1,public_slow,184.13,0.74,2.01,4.53,extreme_heat,0.157,middle,203.75,0,Tamil Nadu,2020,4
Chennai,4W,37.16,84.56,29.35,2,5,public_slow,217.22,2,5.58,8.34,extreme_heat,0.181,middle,189.52,0,Tamil Nadu,2025,8
Chennai,4W,37.01,100.08,5.39,1,2,public_fast,71.23,0.79,0.86,6.3,extreme_heat,0.436,middle,188.77,0,Tamil Nadu,2020,7
Chennai,4W,38.5,79.77,28.29,1,5,home,256.63,8.66,4.97,6.82,humid,0.161,middle,230.98,1,Tamil Nadu,2025,6
Chennai,4W,34.03,81.96,6.62,2,4,public_fast,47.29,2.12,1.18,6.36,humid,0.615,low,204.18,0,Tamil Nadu,2023,10
Chennai,4W,45.35,99.98,27.77,3,1,public_slow,202.8,2.52,4.85,5.32,clear,0.444,low,272.08,0,Tamil Nadu,2019,8
Chennai,4W,36.79,107.12,21.56,4,2,public_fast,82.91,0.11,4.42,4.52,humid,0.266,middle,220.74,0,Tamil Nadu,2019,12
Chennai,4W,33.45,85.58,21.8,2,2,public_fast,63.05,1.53,2.96,7.73,extreme_heat,0.236,low,170.6,0,Tamil Nadu,2020,9
Chennai,4W,32.74,85.97,10.8,2,4,home,229.13,1.15,2.43,7.93,humid,0.689,middle,196.47,0,Tamil Nadu,2023,10
Chennai,4W,39.45,96.02,46.14,1,3,public_slow,49.4,1.68,12.03,6.08,extreme_heat,0.192,low,201.19,0,Tamil Nadu,2020,8
Chennai,4W,42.24,109.9,20.65,1,1,public_slow,256.63,0.49,4.7,6.05,humid,0.395,middle,253.43,0,Tamil Nadu,2019,11
Chennai,4W,41.8,90.09,26.22,2,4,public_fast,56.52,0.13,5.21,9,rainy,0.323,low,225.72,0,Tamil Nadu,2023,11
Chennai,4W,35.79,103.17,15.04,3,2,public_slow,199.06,0.31,1.88,4.62,humid,0.205,middle,214.75,0,Tamil Nadu,2019,7
Chennai,4W,40.14,89.19,43.68,2,3,public_fast,26.22,0.08,7.61,6.63,rainy,0.115,low,216.75,0,Tamil Nadu,2022,2
Chennai,4W,44.72,82.75,28.85,3,5,home,257.52,3.36,4.78,7.81,rainy,0.348,low,241.46,1,Tamil Nadu,2024,1
Chennai,4W,43.23,83.29,34.51,2,4,public_fast,82.85,3.11,7.88,9.16,clear,0.306,middle,259.39,0,Tamil Nadu,2026,3
Chennai,4W,42.87,94.79,32.35,2,2,home,349.96,3.82,4.37,6.91,extreme_heat,0.404,low,218.64,0,Tamil Nadu,2024,5
Chennai,4W,35.58,91.76,16.4,1,4,home,290.18,0.56,3.34,7.15,humid,0.569,low,213.46,0,Tamil Nadu,2022,4
Chennai,4W,38.61,83.16,18.75,4,5,public_slow,156.21,5.33,3.27,8.83,clear,0.538,middle,231.68,1,Tamil Nadu,2025,1
Chennai,4W,39.8,91.51,11.04,3,5,home,308.59,0.46,2.77,9.5,extreme_heat,0.182,low,202.96,0,Tamil Nadu,2023,4
Chennai,4W,41.33,90.03,55.72,3,2,home,257.38,0.19,9.4,7.85,rainy,0.201,high,223.19,0,Tamil Nadu,2021,9
Chennai,4W,48.55,102.13,54.56,1,3,home,402.2,0.92,9.92,4.93,clear,0.593,middle,291.32,0,Tamil Nadu,2019,4
Chennai,4W,40.02,96.7,12.3,1,2,public_fast,67.08,3.24,4.37,8.89,extreme_heat,0.415,low,204.11,0,Tamil Nadu,2021,6
Chennai,4W,41.12,82.29,22.92,3,4,home,296.35,0.06,3.49,9.24,rainy,0.307,high,222.07,0,Tamil Nadu,2025,4
Chennai,4W,27.25,80.8,33.34,3,4,public_slow,350.73,2.29,4.29,6.7,humid,0.45,middle,163.51,0,Tamil Nadu,2024,2
Chennai,4W,43.09,100.61,30.46,4,2,public_fast,79.95,1.98,5.36,5.37,clear,0.528,middle,258.53,0,Tamil Nadu,2019,9
Chennai,4W,40.55,90.97,139.38,3,4,home,309.34,3.75,6.99,9.48,rainy,0.11,high,218.97,0,Tamil Nadu,2024,7
Chennai,4W,29.46,76.59,29.65,3,7,public_slow,125.37,0.44,4.37,9.59,extreme_heat,0.69,middle,150.25,0,Tamil Nadu,2026,7
Chennai,4W,40.01,81.89,47.54,3,3,home,358.53,4.06,8.25,9.63,rainy,0.282,high,216.08,0,Tamil Nadu,2026,7
Chennai,4W,37.93,82.71,41.44,2,6,public_slow,57.04,0.61,8.81,9.2,humid,0.306,middle,227.6,0,Tamil Nadu,2026,6
Chennai,4W,38.43,102.93,30.96,1,1,public_fast,41.26,1.71,8.54,5.97,rainy,0.212,low,207.54,0,Tamil Nadu,2019,2
Chennai,4W,42.86,99.99,33.88,2,2,public_slow,168.24,3.18,5.51,6.29,rainy,0.394,middle,231.45,0,Tamil Nadu,2020,4
Chennai,4W,39.03,87.66,36.44,3,6,home,331.21,2.55,5.1,8.78,humid,0.255,middle,234.18,0,Tamil Nadu,2024,1
Chennai,4W,39.51,79.57,13.18,3,5,public_fast,56.68,0.11,2.24,9.56,clear,0.058,high,237.09,0,Tamil Nadu,2026,4
Chennai,4W,41.86,98.44,26.98,4,3,public_slow,213.51,0.2,5.13,7.97,rainy,0.51,low,226.03,0,Tamil Nadu,2023,8
Chennai,4W,44.14,103.85,19.91,3,2,home,251.53,0.99,3.31,6.17,clear,0.112,low,264.83,0,Tamil Nadu,2020,7
Chennai,4W,42.46,87.48,22.86,2,4,home,219.06,0.83,4.86,8.66,rainy,0.107,high,229.3,0,Tamil Nadu,2023,12
Chennai,4W,47.1,88.22,25.27,3,5,public_slow,133.42,2.58,3.72,10.32,humid,0.172,low,282.63,0,Tamil Nadu,2025,5
Chennai,4W,50.43,77.25,52.57,3,5,public_fast,58.26,0.57,8.97,8.61,humid,0.416,middle,302.57,0,Tamil Nadu,2026,8
Chennai,4W,47.04,108.95,5,1,2,home,311.89,2.18,0.86,4.2,rainy,0.132,middle,254.02,0,Tamil Nadu,2019,6
Chennai,4W,40.93,95.61,42.04,1,4,public_slow,142.52,3.44,8.2,8.35,clear,0.504,middle,245.58,0,Tamil Nadu,2024,3
Chennai,4W,43.85,78.12,33.24,2,5,public_fast,70.08,1.24,5.58,9.71,extreme_heat,0.303,middle,223.62,0,Tamil Nadu,2026,7
Chennai,4W,38.72,89.47,17.88,3,2,public_slow,221.42,9.5,3.47,8.18,clear,0.067,middle,232.34,0,Tamil Nadu,2023,10
Chennai,4W,46.98,95.58,18.21,3,2,home,292.08,0.09,4.37,5.05,clear,0.401,middle,281.9,0,Tamil Nadu,2019,4
Chennai,4W,39.24,81.64,17.93,4,2,home,270.59,0.39,3.08,7.03,humid,0.29,low,235.42,0,Tamil Nadu,2023,5
Chennai,4W,50.26,86.75,163.95,1,2,public_slow,218.6,1.07,9.6,7.66,rainy,0.582,high,271.42,0,Tamil Nadu,2020,11
Chennai,4W,32.53,96.02,12.41,2,2,public_fast,79.43,0.77,2.04,7.77,humid,0.566,high,195.2,0,Tamil Nadu,2021,7
Chennai,4W,46.06,85.65,34.51,2,4,public_fast,68.41,1.13,6.3,6.9,clear,0.892,low,276.39,0,Tamil Nadu,2025,6
Chennai,4W,39.2,81,24.38,3,5,public_slow,233.18,3.97,4.49,7.75,clear,0.508,middle,235.22,1,Tamil Nadu,2024,7
Chennai,4W,44.71,83.01,32.77,2,5,public_slow,173.32,0.97,6.5,8.6,humid,0.599,low,268.26,0,Tamil Nadu,2025,1
Chennai,4W,41.17,91.34,1.1,2,2,public_fast,43,2.84,0.23,9.41,rainy,0.291,middle,222.3,0,Tamil Nadu,2021,6
Chennai,4W,42.87,101,18.68,4,4,home,373.81,4.22,4.53,5.46,rainy,0.447,low,231.5,0,Tamil Nadu,2019,4
Chennai,4W,35.81,89.44,57.05,3,3,public_slow,127.09,2.33,9.41,7.96,rainy,0.611,low,193.37,0,Tamil Nadu,2021,2
Chennai,4W,45.69,94.64,17.75,2,4,public_fast,60.19,0.03,2.46,7.04,extreme_heat,0.179,low,233.01,0,Tamil Nadu,2022,2
Chennai,4W,41.23,108.22,35.8,1,1,public_slow,221.76,0.1,5.46,7.16,humid,0.119,high,247.39,0,Tamil Nadu,2019,9
Chennai,4W,41.03,84.71,32.8,2,4,public_slow,170.3,0.98,6.18,8.03,rainy,0.102,middle,221.55,0,Tamil Nadu,2025,4
Chennai,4W,41.61,81.05,23.65,3,5,home,232.42,1.64,4.25,10.13,humid,0.386,middle,249.63,0,Tamil Nadu,2026,9
Chennai,4W,36.5,82.8,38.97,3,4,public_slow,243.35,0.84,6.59,7.46,humid,0.199,low,219.01,0,Tamil Nadu,2025,6
Chennai,4W,43.46,85.58,14.6,2,2,public_fast,55.67,0.22,2.77,5.9,extreme_heat,0.397,high,221.67,0,Tamil Nadu,2021,4
Chennai,4W,39.51,88.56,10.14,4,3,home,283.95,4.65,1.94,6.57,rainy,0.574,low,213.35,0,Tamil Nadu,2022,10
Chennai,4W,35.79,94.91,11.5,3,4,home,404.51,1.72,2.21,8.67,clear,0.105,low,214.76,0,Tamil Nadu,2022,1
Chennai,4W,41.52,88.32,22.54,2,3,home,317.32,0.4,4.37,7.6,extreme_heat,0.378,low,211.77,0,Tamil Nadu,2022,7
Chennai,4W,41.59,75.35,48.93,3,5,public_slow,199.78,1.2,11.03,10.88,extreme_heat,0.187,low,212.12,0,Tamil Nadu,2026,6
Chennai,4W,38.29,92.92,11.47,3,2,home,316.8,0.73,2.77,7.71,clear,0.297,low,229.72,0,Tamil Nadu,2021,7
Chennai,4W,31.89,86.25,14.05,4,3,public_slow,181.05,0.88,4.37,9.3,extreme_heat,0.266,low,162.66,0,Tamil Nadu,2025,9
Chennai,4W,38,91.42,17.87,1,4,public_slow,133.64,1.48,2.13,8.16,clear,0.191,middle,227.99,0,Tamil Nadu,2024,5
Chennai,4W,44.13,89.52,27.36,1,2,public_slow,41.13,0.15,3.67,7.05,rainy,0.364,middle,238.28,0,Tamil Nadu,2020,8
Chennai,4W,44.24,96.82,25.57,4,2,home,316.09,1.99,4.51,6.43,extreme_heat,0.161,low,225.61,0,Tamil Nadu,2020,7
Chennai,4W,34.1,89.73,27.22,2,5,public_slow,218.34,0.87,5.21,11.08,rainy,0.331,high,184.12,0,Tamil Nadu,2025,12
Chennai,4W,47.01,99.16,28.65,4,1,public_slow,145.04,3.1,5.88,5.59,humid,0.097,low,282.03,0,Tamil Nadu,2019,5
Chennai,4W,38.74,76.16,50.94,3,4,public_fast,60.29,5.5,6.39,8.58,extreme_heat,0.404,high,197.56,0,Tamil Nadu,2024,2
Chennai,4W,42.46,85.76,19.63,1,3,public_fast,44.46,0.54,3.93,9.69,extreme_heat,0.242,high,216.54,0,Tamil Nadu,2023,9
Chennai,4W,46.73,82.16,16.54,2,5,public_fast,35.85,0.22,2.27,7.45,clear,0.245,low,280.37,0,Tamil Nadu,2023,3
Chennai,4W,38.92,76.45,6.59,4,4,public_fast,43.73,3.36,1.1,8.49,humid,0.101,high,233.51,0,Tamil Nadu,2026,5
Chennai,4W,43.27,92.11,26.44,2,3,public_slow,105.52,2.39,6.42,7.53,humid,0.295,middle,259.64,0,Tamil Nadu,2021,8
Chennai,4W,35.61,83.98,20.13,1,4,public_slow,119.52,6.61,3.82,7.72,rainy,0.28,low,192.27,0,Tamil Nadu,2025,9
Chennai,4W,40.57,97.93,23.81,4,2,home,281.08,3.01,3.49,6.49,extreme_heat,0.517,low,206.91,0,Tamil Nadu,2021,3
Chennai,4W,42.45,78.64,19.8,3,4,home,379.03,0.27,2.86,9.75,clear,0.262,low,254.72,0,Tamil Nadu,2026,9
Chennai,4W,38.41,81.44,30.26,3,3,public_slow,196.38,0.48,4.78,8.45,extreme_heat,0.29,high,195.89,0,Tamil Nadu,2024,9
Chennai,4W,42.43,94.27,1,2,1,home,352.75,2.98,0.18,6.37,extreme_heat,0.104,low,216.4,0,Tamil Nadu,2019,4
Chennai,4W,42.98,88.73,34.1,2,5,public_fast,78.72,0.65,6.24,8.37,humid,0.183,middle,257.87,0,Tamil Nadu,2024,9
Chennai,4W,44.18,95.53,29.39,2,4,public_fast,70.14,0.05,5.65,5.18,extreme_heat,0.43,middle,225.31,0,Tamil Nadu,2019,6
Chennai,4W,38.46,84.88,36.54,2,4,public_slow,173.56,3.18,5.99,8.27,rainy,0.086,middle,207.7,0,Tamil Nadu,2024,1
Chennai,4W,42.36,89.4,11.91,4,3,public_fast,38.51,0.62,2.23,6.16,humid,0.257,low,254.14,0,Tamil Nadu,2023,1
Chennai,4W,34.56,81.97,3.39,2,5,public_slow,161.58,1.48,0.52,8.16,humid,0.368,middle,207.38,0,Tamil Nadu,2024,5
Chennai,4W,42.96,89.31,18.1,1,5,home,273.49,0.8,3.21,9.23,clear,0.382,low,257.76,0,Tamil Nadu,2024,3
Chennai,4W,45.08,87.05,24.36,1,4,public_slow,180.33,3.62,5,8.07,extreme_heat,0.2,middle,229.92,0,Tamil Nadu,2024,6
Chennai,4W,38.51,83.12,20.68,4,6,public_fast,68.08,1.78,3.57,7.72,humid,0.421,high,231.08,0,Tamil Nadu,2025,12
Chennai,4W,43.2,89.27,31.28,3,4,public_slow,219.14,2.55,8.04,8.95,clear,0.25,high,259.21,0,Tamil Nadu,2026,3
Chennai,4W,45.47,79.3,30.75,2,4,public_slow,201.5,1.44,4.99,6.88,clear,0.181,middle,272.83,0,Tamil Nadu,2023,7
Chennai,4W,35.55,89.85,13.59,3,3,public_fast,20.8,0.58,2.22,6.3,extreme_heat,0.261,middle,181.31,0,Tamil Nadu,2021,7
Chennai,4W,45.67,98.13,21.12,1,3,public_fast,35.94,1.26,3.2,5.76,humid,0.069,low,274,0,Tamil Nadu,2021,6
Chennai,4W,39.99,95.41,21.76,2,1,public_slow,147.99,3.44,4.37,4.73,clear,0.132,middle,229.99,0,Tamil Nadu,2021,1
Chennai,4W,42.58,81.93,27.93,2,4,public_slow,160.85,2.3,3.7,7.62,humid,0.23,middle,255.5,0,Tamil Nadu,2025,4
Chennai,4W,41.13,85.65,56.47,1,5,home,330.29,0.37,11.43,10.04,extreme_heat,0.15,low,209.74,0,Tamil Nadu,2026,12
Chennai,4W,44.36,104,9.7,2.53,3,public_slow,233.52,1.89,2.08,7.72,rainy,0.487,middle,239.56,0,Tamil Nadu,2023,8
Chennai,4W,36.1,98.86,7.53,1,4,public_fast,71.65,0.6,1.14,6.34,humid,0.369,low,216.58,0,Tamil Nadu,2021,8
Chennai,4W,33.5,94.17,28.56,3,6,home,362.56,2.17,4.61,6.46,extreme_heat,0.379,high,170.86,0,Tamil Nadu,2025,12
Chennai,4W,41.56,81.29,27.8,2,5,public_slow,182.94,1.01,4.14,6.87,rainy,0.219,low,224.79,0,Tamil Nadu,2023,10
Chennai,4W,32.86,96.57,27.76,3,1,home,387.12,0.58,4.03,5.71,extreme_heat,0.137,middle,167.57,0,Tamil Nadu,2019,5
Chennai,4W,48.01,86.47,1,2,4,public_slow,260.4,3.66,0.15,9.89,extreme_heat,0.247,low,244.87,0,Tamil Nadu,2024,5
Chennai,4W,39.66,91.62,33,3,1,public_slow,140.77,8.83,3.99,6.18,clear,0.27,low,237.96,0,Tamil Nadu,2019,10
Chennai,4W,32.58,91.42,33.78,2,2,public_slow,168.97,1.64,5.95,6.92,extreme_heat,0.603,middle,166.18,0,Tamil Nadu,2022,8
Chennai,4W,44.73,89.37,25.7,3,2,home,372.65,3.54,3.88,5.79,clear,0.308,middle,268.41,0,Tamil Nadu,2021,2
Chennai,4W,47.62,100.72,31.85,2,2,home,181.51,1.13,4.94,6.29,rainy,0.578,low,257.12,0,Tamil Nadu,2019,8
Chennai,4W,46.07,96.77,43.09,3,1,home,275.5,4.03,7.64,8.57,clear,0.673,low,276.41,0,Tamil Nadu,2021,2
Chennai,4W,30.49,84.96,15.15,2,4,public_slow,186.53,0.33,4.37,7.52,rainy,0.52,high,164.64,0,Tamil Nadu,2023,5
Chennai,4W,43.12,110.06,30.34,1,1,public_fast,64.65,2.32,5.15,4.67,extreme_heat,0.062,high,219.91,0,Tamil Nadu,2019,8
Chennai,4W,41.77,97.62,28.67,2,4,home,355.79,0.53,4.5,8.33,humid,0.091,low,250.63,0,Tamil Nadu,2022,10
Chennai,4W,43.87,85.31,26.44,3,5,public_fast,72.88,1.51,4.73,9.57,clear,0.164,middle,263.2,0,Tamil Nadu,2026,9
Chennai,4W,32.25,79.35,34.11,2,3,public_fast,77.2,1.18,4.37,9.81,rainy,0.242,high,174.17,0,Tamil Nadu,2026,5
Chennai,4W,36.63,96.27,29.7,1,2,public_slow,171.6,0.65,4.61,6.39,rainy,0.017,middle,197.83,0,Tamil Nadu,2020,7
Chennai,4W,42.73,86.78,9.86,2,5,home,256.28,0.07,2.07,10.19,extreme_heat,0.212,low,217.92,0,Tamil Nadu,2025,8
Chennai,4W,34.55,84.93,38.77,3,2,home,347.51,3.01,6.4,7.15,humid,0.689,low,207.29,0,Tamil Nadu,2022,4
Chennai,4W,49.73,89.37,23.46,3,5,public_fast,52.21,0.63,3.92,9.2,clear,0.518,low,298.36,0,Tamil Nadu,2026,12
Chennai,4W,38.9,98.71,28.38,4,2,home,314.01,0.06,4.73,6.52,humid,0.062,low,233.41,0,Tamil Nadu,2019,10
Chennai,4W,46.82,90.28,39.21,1,2,public_fast,21.58,2.56,8.6,6.55,extreme_heat,0.558,low,238.78,0,Tamil Nadu,2022,3
Chennai,4W,40.1,84.17,42.01,2,4,home,295.94,2.39,6.03,8.5,humid,0.458,low,240.62,0,Tamil Nadu,2026,11
Chennai,4W,33.11,81.37,16.68,3,5,public_fast,19.06,1.88,3.03,10.13,clear,0.174,middle,198.69,0,Tamil Nadu,2025,4
Chennai,4W,39.99,97.05,26.44,2,2,home,369.53,3.35,1.1,7.53,humid,0.16,low,192.36,0,Tamil Nadu,2020,2
Chennai,4W,41.6,104.09,29.75,2,2,public_fast,47.42,0.83,5.05,7.22,clear,0.247,low,249.63,0,Tamil Nadu,2020,3
Chennai,4W,44.1,79.3,26.44,3,3,home,340.68,0.52,3.03,10.94,extreme_heat,0.478,low,224.92,0,Tamil Nadu,2025,11
Chennai,4W,34.99,92.46,2.8,3,2,public_fast,53.56,0.59,0.35,7.72,humid,0.24,high,209.95,0,Tamil Nadu,2020,9
Chennai,4W,43.65,94.68,40.18,1,5,public_slow,87.54,1.98,7.01,7.66,humid,0.437,middle,261.89,0,Tamil Nadu,2022,5
Chennai,4W,42.43,92.44,1,1,4,public_slow,93.11,6.44,0.19,5.95,extreme_heat,0.228,middle,216.41,0,Tamil Nadu,2022,12
Chennai,4W,36.75,99.89,43.85,2,1,public_fast,62.24,0.61,8.56,7.38,humid,0.363,middle,220.51,0,Tamil Nadu,2019,3
Chennai,4W,42.76,78.78,33.8,4,4,public_fast,180.33,3.63,7.37,9.63,humid,0.097,high,256.55,0,Tamil Nadu,2025,8
Chennai,4W,39.99,89.27,1,2,3,public_slow,197.63,1.45,4.37,7.12,humid,0.24,low,203.76,0,Tamil Nadu,2021,11
Chennai,4W,44.6,86.56,24.04,2,1,public_slow,180.33,1.45,4.12,6.89,extreme_heat,0.175,middle,227.45,0,Tamil Nadu,2021,3
Chennai,4W,44.92,96.73,24.15,3,2,public_fast,77.57,0.9,3.89,5.09,rainy,0.461,middle,242.57,0,Tamil Nadu,2020,11
Chennai,4W,44.51,82.24,6.92,3,5,home,364.49,0.79,1.18,8.82,extreme_heat,0.162,middle,227.01,0,Tamil Nadu,2026,8
Chennai,4W,32.84,103.72,26.44,2,1,public_slow,211.12,3.34,4.43,6.62,rainy,0.313,middle,177.33,0,Tamil Nadu,2021,6
Chennai,4W,33.26,95.3,25.63,2,2,public_fast,91.5,0.14,4.1,7.07,humid,0.058,high,199.56,0,Tamil Nadu,2019,11
Chennai,4W,37.96,84.75,21.13,3,4,public_fast,52.58,0.35,3.28,6.81,humid,0.29,low,227.77,0,Tamil Nadu,2023,10
Chennai,4W,39.06,72.51,14.54,2,5,public_fast,80.05,0.42,2.29,9.41,extreme_heat,0.333,high,199.2,1,Tamil Nadu,2026,7
Chennai,4W,38.09,96.68,1.47,1,1,public_slow,182.2,1.75,0.24,6.23,humid,0.064,low,228.53,0,Tamil Nadu,2019,1
Chennai,4W,40.92,91.33,31.67,3,3,home,242.7,3.2,4.14,6.83,humid,0.178,middle,245.52,0,Tamil Nadu,2021,10
Chennai,4W,39.89,88.37,22.83,3,2,home,379.1,0.58,3.93,6.68,extreme_heat,0.312,low,203.42,0,Tamil Nadu,2021,11
Chennai,4W,38.34,88.82,31.47,2,5,public_fast,68.79,0.05,5.41,9.35,extreme_heat,0.564,high,195.54,0,Tamil Nadu,2023,9
Chennai,4W,45.98,88.75,48.26,1,5,public_fast,71.57,0.6,7.3,8.63,extreme_heat,0.128,high,234.48,0,Tamil Nadu,2024,6
Chennai,4W,38.22,91.33,46.62,3,5,home,387.28,0.9,8.96,6.61,rainy,0.178,low,206.41,0,Tamil Nadu,2022,1
Chennai,4W,38.65,82.87,44.08,5,4,home,332.1,0.35,5.65,9.58,humid,0.099,middle,231.88,0,Tamil Nadu,2025,4
Chennai,4W,41.41,109.82,19.15,3,3,home,259.01,0.72,3.74,7.76,humid,0.123,middle,248.45,0,Tamil Nadu,2019,5
Chennai,4W,41.36,86.32,16.95,2,5,public_slow,246.89,1.38,2.44,8.91,humid,0.144,high,248.15,0,Tamil Nadu,2024,12
Chennai,4W,37.32,85.35,19.82,1,4,home,317.21,1.34,3.42,7.01,extreme_heat,0.249,low,190.34,0,Tamil Nadu,2022,9
Chennai,4W,30.45,78.2,6.51,3,5,public_slow,158.64,1.98,0.85,9.02,humid,0.583,high,182.72,0,Tamil Nadu,2025,12
Chennai,4W,38.52,83.5,1,2,3,public_fast,42.65,1.57,0.14,6.81,humid,0.299,middle,231.14,0,Tamil Nadu,2023,7
Chennai,4W,38.54,91.49,17.38,1,1,home,303.83,0,2.93,6.8,extreme_heat,0.667,high,196.55,0,Tamil Nadu,2020,10
Chennai,4W,37.98,76.23,35.52,3,5,public_slow,180.72,0.02,6.96,10.66,rainy,0.056,low,205.1,0,Tamil Nadu,2026,1
Chennai,4W,46.84,88.52,2.9,2,6,public_fast,30.27,5.78,0.52,8.6,extreme_heat,0.208,middle,238.91,1,Tamil Nadu,2025,11
Chennai,4W,40.22,89.37,56.95,2,1,home,287.28,3,12.1,5.2,humid,0.26,high,241.32,0,Tamil Nadu,2020,1
Chennai,4W,42.05,80.39,30.14,2,4,home,465.29,0.9,5.55,10.15,extreme_heat,0.202,low,214.43,0,Tamil Nadu,2024,11
Chennai,4W,40.82,85.22,21.38,3,3.23,public_slow,203.79,4.54,3.72,7.17,extreme_heat,0.537,middle,208.19,0,Tamil Nadu,2023,1
Chennai,4W,48.82,84.5,21.82,3,2,public_fast,42.72,0.72,3.2,7.91,humid,0.329,low,292.95,0,Tamil Nadu,2022,4
Chennai,4W,34.1,76.27,21.93,1,4,public_fast,70.83,1.98,4.73,10.15,extreme_heat,0.125,low,224.79,0,Tamil Nadu,2026,4
Chennai,4W,42.81,82.3,50.38,2.53,3,public_fast,39.83,0.28,9.09,8.75,rainy,0.774,middle,231.17,0,Tamil Nadu,2026,7
Chennai,4W,41.45,89.94,33.81,3,3.23,home,234.21,0.33,5.94,9.41,extreme_heat,0.23,high,211.37,0,Tamil Nadu,2023,4
Chennai,4W,41.28,101.19,26.44,3,1,public_fast,65.99,1.63,5.21,5.77,clear,0.233,middle,247.66,0,Tamil Nadu,2019,11
Chennai,4W,43.55,104.3,19.83,4,2,public_fast,82.26,2.13,3.79,6.21,rainy,0.31,middle,235.18,0,Tamil Nadu,2020,2
Chennai,4W,40.51,100.34,24.72,2,3.23,public_slow,139.45,6.23,4.37,6.17,extreme_heat,0.251,low,206.6,0,Tamil Nadu,2020,9
Chennai,4W,36.77,96.22,1.42,2.53,4,public_fast,71.29,8.26,0.17,7.51,humid,0.386,high,220.63,0,Tamil Nadu,2022,7
Chennai,4W,44.67,81.66,17.62,2,4,public_slow,221.82,4.53,2.71,9.91,extreme_heat,0.632,high,224.79,0,Tamil Nadu,2026,5
Chennai,4W,43.68,80.68,55.34,1,6,home,314.24,0.53,9.33,7.77,rainy,0.66,low,235.85,0,Tamil Nadu,2026,10
Chennai,4W,35.04,85.58,9.57,3,5,home,382.36,5.51,2.16,8.44,rainy,0.592,low,189.24,1,Tamil Nadu,2024,1
Chennai,4W,44.2,92.03,38.91,4,3,home,324.93,1.26,7.34,7.12,humid,0.08,low,265.19,0,Tamil Nadu,2022,11
Chennai,4W,34.76,100.2,45.64,3,2,public_slow,211.61,4.72,7.71,6.44,humid,0.462,middle,208.54,0,Tamil Nadu,2021,12
Chennai,4W,44.53,91.49,39.58,2,5,home,278.2,2.75,7.62,5.57,rainy,0.489,middle,240.47,0,Tamil Nadu,2023,4
Chennai,4W,40.56,92.3,23.04,2,4,home,184.09,1.83,3.61,6.61,extreme_heat,0.276,low,206.84,0,Tamil Nadu,2024,10
Chennai,4W,39.99,86.15,18.73,3,1,public_slow,144.2,10.26,2.86,6.79,extreme_heat,0.14,low,214.24,0,Tamil Nadu,2022,5
Chennai,4W,39.07,86.53,17.41,4,5,home,322.15,0.8,2.4,6.82,rainy,0.507,middle,210.97,0,Tamil Nadu,2024,7
Chennai,4W,39.92,95.64,27.61,1,2,public_fast,66.93,1.62,4.36,7.69,extreme_heat,0.489,middle,203.58,0,Tamil Nadu,2022,11
Chennai,4W,38.34,93.73,33.64,4,2,public_slow,202.98,2.74,6.62,6.35,rainy,0.143,high,207.01,0,Tamil Nadu,2022,11
Chennai,4W,38.78,102.78,26.44,3,3,public_slow,134.58,1.73,4.37,6.84,extreme_heat,0.293,high,197.79,0,Tamil Nadu,2019,2
Chennai,4W,37.01,91.48,33,2.53,2,home,395.12,2.79,5.23,8.03,humid,0.185,middle,222.03,0,Tamil Nadu,2022,10
Chennai,4W,41.86,92.15,28.65,2,1,public_fast,50.8,0.7,4.6,8.22,clear,0.111,low,251.18,0,Tamil Nadu,2021,6
Chennai,4W,44.8,71.05,65.18,2,4,home,267.81,2.01,12.7,10.25,rainy,0.693,low,241.92,0,Tamil Nadu,2025,2
Chennai,4W,50.13,100.72,10.6,2,1,home,285.66,1.99,1.85,6.19,rainy,0.806,low,270.68,0,Tamil Nadu,2019,7
Chennai,4W,29.72,95.06,34.03,2,5,public_fast,41.29,5.83,6,7.09,clear,0.35,middle,178.3,1,Tamil Nadu,2024,9
Chennai,4W,39.53,95.14,12.23,4,2,public_fast,58.22,5.22,2.02,7.1,clear,0.081,middle,237.17,0,Tamil Nadu,2020,3
Chennai,4W,45.83,103.99,28.94,3,3,public_slow,133.13,7.1,5.76,7.86,clear,0.171,low,274.96,0,Tamil Nadu,2022,10
Chennai,4W,44.37,82.02,31.15,2,5,home,259.95,12.93,4.78,10.7,humid,0.099,low,266.23,1,Tamil Nadu,2026,3
Chennai,4W,31.6,81.84,114.24,3,4,public_fast,48.83,3.43,8.74,8.41,rainy,0.347,middle,170.63,0,Tamil Nadu,2024,3
Chennai,4W,39.88,81.51,22.68,2,5,home,247,0.63,3.6,8.35,humid,0.246,low,239.27,0,Tamil Nadu,2023,6
Chennai,4W,38.64,83.21,26.44,3,5,public_slow,130.91,0.79,5.53,9.84,clear,0.173,middle,231.82,0,Tamil Nadu,2025,12
Chennai,4W,41.96,90.04,6.91,1,4,public_fast,31.25,3.24,1.21,8.96,humid,0.127,middle,251.76,0,Tamil Nadu,2023,9
Chennai,4W,43.78,85.91,24.07,3,3,public_fast,50.07,0.53,4.01,8.25,extreme_heat,0.187,high,223.27,0,Tamil Nadu,2023,8
Chennai,4W,32.46,80.46,10.55,2,5,public_slow,71.13,0.43,1.41,7.73,rainy,0.29,middle,175.28,0,Tamil Nadu,2023,9
Chennai,4W,44.15,103.77,32.19,1,1,public_fast,55.8,0.3,4.37,4.69,humid,0.496,high,264.88,0,Tamil Nadu,2019,1
Chennai,4W,41.46,85.03,3.75,2,3,public_fast,62.72,2.11,0.74,8.48,clear,0.039,high,248.76,0,Tamil Nadu,2023,9
Chennai,4W,45.48,92.32,27.58,3,4,home,302.38,0.6,4.17,6.31,rainy,0.516,low,245.6,0,Tamil Nadu,2022,1
Chennai,4W,37.88,90.38,27.77,4,3,public_fast,55.94,4.55,4.79,7.09,rainy,0.364,high,204.53,0,Tamil Nadu,2021,9
Chennai,4W,51.87,83.28,15.93,3,4,public_slow,147.19,0.5,2.69,10.69,clear,0.209,low,311.23,0,Tamil Nadu,2026,6
Chennai,4W,37.9,92.78,32.52,4,2,home,345.08,0.58,4.97,6.69,clear,0.302,high,227.42,0,Tamil Nadu,2021,2
Chennai,4W,34.35,96.62,56.43,1,1,home,180.33,0.6,10.32,5.72,humid,0.209,middle,206.08,0,Tamil Nadu,2020,8
Chennai,4W,36.3,96.39,57.9,3,1,home,318.45,4.63,8.46,6.4,clear,0.29,low,217.78,0,Tamil Nadu,2020,4
Chennai,4W,38.31,82.68,14.85,2,3,public_fast,34.15,1.98,2.87,8.61,humid,0.391,low,229.84,0,Tamil Nadu,2025,10
Chennai,4W,35.31,102.41,36.71,4,3,public_slow,180.36,3.22,7.56,6.06,extreme_heat,0.337,middle,180.08,0,Tamil Nadu,2021,5
Chennai,4W,39.5,93.35,31.66,3,4,public_fast,21.8,1.55,3.88,6.48,extreme_heat,0.175,high,201.47,0,Tamil Nadu,2023,3
Chennai,4W,34.46,99.5,31.61,3,3,home,248.36,0.06,5.21,5.58,extreme_heat,0.08,low,175.72,0,Tamil Nadu,2020,1
Chennai,4W,35.49,95.78,30.82,2.53,6,home,256.28,0.94,6.67,5.94,clear,0.498,low,212.97,0,Tamil Nadu,2023,5
Chennai,4W,44.68,89.88,23.75,3,4,public_slow,179.6,1.66,6.32,8.41,rainy,0.145,low,241.26,0,Tamil Nadu,2023,12
Chennai,4W,45.85,78.93,97.04,3,3,home,330.65,0.8,6.07,9.15,rainy,0.153,low,247.61,0,Tamil Nadu,2026,9
Chennai,4W,41.1,84.24,44.02,2,3,public_fast,180.33,0.62,9.34,9.26,clear,0.326,middle,246.6,0,Tamil Nadu,2025,5
Chennai,4W,40.06,95.62,34.29,2,2,public_slow,231.57,2.56,5.21,5.64,extreme_heat,0.299,low,204.28,0,Tamil Nadu,2021,3
Chennai,4W,40.14,80.03,43.97,3,5,public_fast,126.97,0.86,8.48,10.45,extreme_heat,0.123,middle,204.7,0,Tamil Nadu,2026,9
Chennai,4W,44.21,82.11,9.83,2,4,public_fast,74.75,2.11,1.87,9.25,rainy,0.154,high,238.74,0,Tamil Nadu,2025,11
Chennai,4W,50.38,88.45,28.99,2,5,public_fast,43.79,9.14,3.71,8.3,humid,0.301,low,302.26,1,Tamil Nadu,2022,6
Chennai,4W,38.52,90.31,1,3,3,public_slow,176.6,1.63,0.25,6.78,extreme_heat,0.234,low,196.45,0,Tamil Nadu,2022,11
Chennai,4W,31.31,72.79,26.44,3,5,public_slow,196.56,1.98,5.63,7.46,clear,0.476,low,187.87,1,Tamil Nadu,2024,5
Chennai,4W,39.16,90.65,27.71,2,2,home,332.02,1.04,4.08,6.06,humid,0.087,high,234.97,0,Tamil Nadu,2021,5
Chennai,4W,41.39,92.56,13.65,2,2,public_slow,187.28,2.92,2.63,7.12,clear,0.461,low,248.34,0,Tamil Nadu,2020,8
Chennai,4W,46.07,85.91,18.31,3,3,home,232.43,0.82,2.99,7.99,humid,0.244,middle,276.43,0,Tamil Nadu,2022,3
Chennai,4W,40.18,91.81,23.16,2,2,public_slow,180.33,0.11,4.04,5.07,rainy,0.346,middle,216.98,0,Tamil Nadu,2019,10
Chennai,4W,40.13,84.36,46.6,1,5,home,180.33,0.96,7.2,7.97,humid,0.023,high,240.76,0,Tamil Nadu,2026,8
Chennai,4W,43.01,97.65,10.83,2,5,public_slow,151.74,6.24,1.73,8.99,humid,0.234,middle,258.08,1,Tamil Nadu,2023,8
Chennai,4W,39.99,96.39,1.98,1,2,public_fast,53.52,4.44,0.35,6.68,humid,0.176,middle,278.89,0,Tamil Nadu,2019,12
Chennai,4W,44.48,89.37,19.55,3,4,home,333.45,1.8,2.62,9.79,clear,0.307,high,266.9,0,Tamil Nadu,2026,9
Chennai,4W,30.67,102.13,31.61,2,2,home,283.94,1.59,5.09,7.34,rainy,0.132,low,165.59,0,Tamil Nadu,2020,1
Chennai,4W,34.62,88.78,16.2,3,2,public_slow,198.84,0.77,4.37,8.11,extreme_heat,0.493,middle,176.57,0,Tamil Nadu,2023,12
Chennai,4W,45.57,99.67,17.35,3,2,public_slow,120.02,2.95,2.22,3.71,rainy,0.243,low,246.1,0,Tamil Nadu,2019,5
Chennai,4W,44.83,100.73,37.66,2,5,home,348.92,1.42,5.44,9.13,humid,0.387,middle,268.99,0,Tamil Nadu,2022,12
Chennai,4W,43.84,80.76,2.46,3,4,public_fast,25.32,1.92,0.48,9.73,rainy,0.188,high,236.74,0,Tamil Nadu,2025,2
Chennai,4W,49.31,99.06,19.73,4,3,public_fast,69.95,0.89,3.9,6.7,humid,0.284,high,295.88,0,Tamil Nadu,2021,1
Chennai,4W,39.86,92.03,30,3,3,home,266.05,1.61,3.99,7.69,clear,0.151,high,239.19,0,Tamil Nadu,2023,12
Chennai,4W,39.81,86.38,17.57,2,3,public_fast,70.25,5.56,2.8,8.98,clear,0.174,low,238.88,0,Tamil Nadu,2024,11
Chennai,4W,47.38,84.31,46.25,2,1,public_slow,206.03,1.13,8.09,7.3,extreme_heat,0.645,high,241.64,0,Tamil Nadu,2024,12
Chennai,4W,35.09,104.97,26.6,2,3,home,306.47,0.75,3.91,7.59,humid,0.367,high,210.56,0,Tamil Nadu,2021,5
Chennai,4W,43.44,86.88,8.35,3,5,public_slow,151.31,4.62,1.08,6.26,clear,0.137,middle,260.66,1,Tamil Nadu,2024,10
Chennai,4W,50.28,100.41,22.18,3,1,public_fast,60.28,3.56,3.61,5.25,rainy,0.293,low,271.5,0,Tamil Nadu,2019,1
Chennai,4W,42.06,97.69,26.44,2,2,public_fast,49.53,1.89,5.52,7.35,humid,0.235,low,252.39,0,Tamil Nadu,2019,10
Chennai,4W,37.44,81.96,53.32,2,3.23,home,270.66,2.26,9.25,7.72,rainy,0.094,middle,202.16,0,Tamil Nadu,2023,8
Chennai,4W,37.08,90.23,21.08,2.53,8,public_fast,73.18,1.38,4.05,10.4,clear,0.082,middle,222.49,0,Tamil Nadu,2025,6
Chennai,4W,36.4,104.78,22.98,3,2,home,386.72,4.5,5.76,6.06,humid,0.5,middle,218.41,0,Tamil Nadu,2019,3
Chennai,4W,42.69,92.87,36,3,3,public_fast,41.8,1.74,4.77,8.5,rainy,0.653,middle,230.53,0,Tamil Nadu,2023,4
Chennai,4W,44.09,79.67,36.11,3,6,public_fast,107.36,0.2,4.84,8.06,rainy,0.108,low,238.06,0,Tamil Nadu,2024,11
Chennai,4W,33.63,94.03,43.87,1,2,public_slow,180.33,0.66,8.02,4.31,clear,0.168,high,201.78,0,Tamil Nadu,2020,4
Chennai,4W,37.36,93.33,33.15,2,3,public_slow,148.79,1.99,5.05,4.83,extreme_heat,0.59,low,190.51,0,Tamil Nadu,2019,4
Chennai,4W,45.08,99.36,20.32,3,2,public_slow,285.71,4.58,2.93,4.44,extreme_heat,0.202,low,229.93,0,Tamil Nadu,2019,5
Chennai,4W,37.88,75.26,33.57,4,6,public_slow,179.79,0.2,6.66,7.72,humid,0.29,low,227.27,0,Tamil Nadu,2026,7
Chennai,4W,41.63,90.54,14.55,3,3,public_fast,68.77,0.31,2.37,6.68,humid,0.114,low,249.78,0,Tamil Nadu,2022,8
Chennai,4W,47.65,96.75,41.88,2.53,1,public_slow,171.63,3.55,6.86,6.51,extreme_heat,0.265,low,243,0,Tamil Nadu,2022,11
Chennai,4W,40.43,76.99,62.67,1,4,home,353.51,1,7.76,7.62,humid,0.475,low,242.61,0,Tamil Nadu,2025,5
Chennai,4W,37.15,102.55,68.51,1,2,public_fast,57.47,1.12,12.12,7.24,clear,0.086,middle,222.91,0,Tamil Nadu,2019,9
Chennai,4W,27.96,98.67,33.55,3,1,public_fast,72.28,3.03,4.99,7.55,clear,0.311,high,167.78,0,Tamil Nadu,2020,9
Chennai,4W,39.99,101.04,27.51,3,1,public_fast,89.8,0.87,3.84,6.9,extreme_heat,0.25,middle,224.79,0,Tamil Nadu,2019,2
Chennai,4W,45.66,98.65,26.44,2,1,public_slow,215.74,1.84,8.86,5.35,extreme_heat,0.37,low,232.85,0,Tamil Nadu,2019,8
Chennai,4W,37.67,98.05,12.15,1,2,home,245.58,2.49,2.34,4.58,humid,0.209,low,226.03,0,Tamil Nadu,2019,11
Chennai,4W,45.32,83.94,26.53,2,5,public_slow,183.94,3.42,4.35,7.78,extreme_heat,0.099,middle,231.14,1,Tamil Nadu,2026,4
Chennai,4W,45.78,90.61,10.86,2,3,home,345.36,6.62,1.77,7.72,clear,0.343,low,274.69,0,Tamil Nadu,2024,8
Chennai,4W,38.21,87.05,15.73,4,5,public_fast,72.34,7.44,2.39,6.92,extreme_heat,0.524,low,194.89,1,Tamil Nadu,2023,3
Chennai,4W,33.44,85.39,41.97,3,2,home,332.58,2.15,9.52,6.42,clear,0.51,middle,224.79,0,Tamil Nadu,2019,9
Chennai,4W,46.05,80.6,45.96,3,3.23,home,258.87,0.07,8.61,8.45,extreme_heat,0.106,low,234.86,0,Tamil Nadu,2024,11
Chennai,4W,40.91,95.37,1,2,3,public_slow,192,1.91,0.15,4.96,clear,0.399,middle,245.47,0,Tamil Nadu,2020,4
Chennai,4W,38.43,106.49,27.64,3,1,public_slow,168.23,3.37,4.61,7.45,rainy,0.288,low,207.54,0,Tamil Nadu,2019,11
Chennai,4W,40.48,71.77,1,3,5,home,381.51,0.07,0.19,7.72,clear,0.445,high,242.88,1,Tamil Nadu,2026,12
Chennai,4W,45.91,81.92,34.26,2,6,public_fast,71.67,0.32,4.19,8.34,clear,0.255,high,275.46,0,Tamil Nadu,2026,5
Chennai,4W,30.32,77.88,7.55,3,3,public_slow,244.99,3.55,1.32,10.15,clear,0.295,low,181.93,0,Tamil Nadu,2026,9
Chennai,4W,43.8,90.05,25.26,4,4,home,324.7,1.98,3.97,8.54,extreme_heat,0.154,middle,262.8,0,Tamil Nadu,2025,9
Chennai,4W,40.14,76.29,35.04,4,5,public_slow,161.57,1.04,5.86,9.12,rainy,0.179,middle,216.76,0,Tamil Nadu,2026,9
Chennai,4W,47.94,87.57,26.19,2,5,home,222.31,1.21,4.39,6.39,extreme_heat,0.347,middle,244.52,0,Tamil Nadu,2025,11
Chennai,4W,39.99,76.16,12.17,4,6,public_slow,113.76,0.71,1.72,7.33,clear,0.357,middle,224.79,0,Tamil Nadu,2026,9
Chennai,4W,39.99,76.76,22.05,2,4,home,271.56,0.67,2.92,6.68,rainy,0.213,low,234.31,0,Tamil Nadu,2026,4
Chennai,4W,35,85.02,46.47,2,3.23,public_slow,185.66,1.28,7.67,7.92,humid,0.247,low,210,0,Tamil Nadu,2024,10
Chennai,4W,46.49,96.72,21.86,1,4,public_fast,47.2,3.9,3.02,6.35,rainy,0.385,low,251.04,0,Tamil Nadu,2021,3
Chennai,4W,37.34,76.73,22.28,1,4,public_fast,44.02,0.78,5.09,7.69,humid,0.249,middle,224.02,0,Tamil Nadu,2025,3
Chennai,4W,39.33,92.43,24.76,3,2,home,391.06,4.42,4.18,7.22,clear,0.295,high,235.99,0,Tamil Nadu,2022,4
Chennai,4W,41.56,92.06,90.27,2,3,public_slow,127.61,0.99,5.19,6.85,extreme_heat,0.144,middle,211.97,0,Tamil Nadu,2023,6
Chennai,4W,34.96,93.86,6.51,2,2,home,318.17,1.6,1.15,6.17,extreme_heat,0.227,high,178.31,0,Tamil Nadu,2021,9
Chennai,4W,42.45,87.92,36,3,4,public_slow,182.88,3.76,4.37,9.32,extreme_heat,0.464,low,216.49,0,Tamil Nadu,2023,5
Chennai,4W,42.07,89.66,12.41,3,2,public_fast,45.38,2.5,1.94,7.72,extreme_heat,0.142,low,214.55,0,Tamil Nadu,2023,3
Chennai,4W,33.56,95.54,41.56,1,2,public_slow,173.95,0.81,6.41,6.09,extreme_heat,0.2,low,171.16,0,Tamil Nadu,2019,5
Chennai,4W,37.88,85.73,35.71,3,4,public_fast,76.78,1.05,9.34,7.88,humid,0.634,middle,227.28,0,Tamil Nadu,2023,1
Chennai,4W,40.48,84.64,33.89,2,4,public_fast,64.15,5.02,7.37,8.57,clear,0.057,high,242.9,0,Tamil Nadu,2025,10
Chennai,4W,39.9,81.72,16.03,3,4,public_slow,228.8,1.98,3.13,7.37,humid,0.222,low,239.39,0,Tamil Nadu,2024,1
Chennai,4W,33.37,80.85,11.13,2,5,public_slow,199.99,1.43,2.46,7.56,extreme_heat,0.664,low,170.17,0,Tamil Nadu,2025,4
Chennai,4W,36.15,74.18,26.49,3,4,public_fast,42.72,2.23,4.82,7.85,humid,0.49,middle,216.91,0,Tamil Nadu,2024,2
Chennai,4W,37.74,92.08,44.33,3,3,home,296.62,3.23,7.1,5.34,extreme_heat,0.144,middle,226.43,0,Tamil Nadu,2021,3
Chennai,4W,46.07,95.09,29.11,3,4,home,282.9,0.1,4.21,7,extreme_heat,0.116,low,234.96,0,Tamil Nadu,2021,3
Chennai,4W,32.21,82.44,11.64,3,3,home,187.49,13.34,2.12,8.81,rainy,0.455,high,173.96,0,Tamil Nadu,2025,11
Delhi,4W,43.25,93.89,33.05,2.53,1,public_fast,72.41,4.2,6.93,5.84,extreme_heat,0.288,low,220.55,0,Delhi,2019,8
Delhi,4W,44.24,88.19,21.45,5,4,home,189.86,6.34,4.88,8.83,humid,0.458,middle,265.46,0,Delhi,2024,8
Delhi,4W,40.8,89.97,33.41,3,2,public_fast,62.82,2.25,6.76,8.62,extreme_heat,0.415,low,208.06,0,Delhi,2022,6
Delhi,4W,33.73,91.92,26.44,2,3,public_slow,294.74,0.69,4.94,5.83,rainy,0.559,middle,182.12,0,Delhi,2022,11
Delhi,4W,42.43,82.66,12.93,2,4,public_fast,55.94,3.43,2.08,8.72,clear,0.49,low,254.55,0,Delhi,2023,8
Delhi,4W,41.22,73.55,10.22,2,3.23,home,306.63,0.18,1.59,8.87,extreme_heat,0.745,high,210.21,0,Delhi,2026,12
Delhi,4W,44.03,94.38,9.63,1,3,public_slow,140.19,0.97,1.25,9.34,humid,0.217,high,264.17,0,Delhi,2021,8
Delhi,4W,37.26,81.32,35.86,1,5,home,455.27,0.93,5.43,6.8,humid,0.267,low,223.56,0,Delhi,2023,10
Delhi,4W,39.99,100.19,41.38,1,1,public_fast,9.55,1.03,7.93,5.85,rainy,0.446,low,245.2,0,Delhi,2019,9
Delhi,4W,37.67,93.86,1,2,1,home,219.63,1.33,0.14,6.64,clear,0.179,middle,226,0,Delhi,2023,8
Delhi,4W,33.02,83.13,13.27,3,3,public_slow,156.18,0.46,2.95,8.03,rainy,0.406,high,178.3,0,Delhi,2023,11
Delhi,4W,42.29,83.03,13.56,1,3,public_fast,52.13,2.05,3.07,8.88,humid,0.107,low,253.72,0,Delhi,2024,1
Delhi,4W,43.11,101.87,6.26,4,3,public_fast,56.42,2.8,1.14,6.59,extreme_heat,0.448,high,219.84,0,Delhi,2020,9
Delhi,4W,32.58,76.29,11.64,4,5,public_slow,174.11,5.71,3.23,9.03,humid,0.16,middle,195.46,1,Delhi,2025,8
Delhi,4W,44.43,83.4,10.8,2,5,public_slow,191.25,1.3,1.61,9.23,rainy,0.342,middle,239.9,0,Delhi,2026,6
Delhi,4W,42.72,76.53,22.9,3,4,public_fast,65.12,0.16,3.88,7.88,clear,0.358,low,256.33,0,Delhi,2025,12
Delhi,4W,37.77,97.48,32.89,3,2,public_fast,36.14,2.66,5.69,5.61,humid,0.29,middle,226.63,0,Delhi,2019,6
Delhi,4W,39.7,82.89,1,3,2,public_slow,196.49,2.67,0.2,6.7,extreme_heat,0.313,middle,202.47,0,Delhi,2022,10
Delhi,4W,38.69,85,43.53,6,4,home,403.7,5.49,8.82,8.41,rainy,0.218,low,208.93,0,Delhi,2023,12
Delhi,4W,52.93,84.57,17.22,3,5,home,261.33,0.4,2.63,7.59,extreme_heat,0.223,high,224.79,0,Delhi,2025,8
Delhi,4W,42.51,94.8,23.16,3,2,public_fast,60.37,2.39,4.07,6.99,clear,0.216,low,255.06,0,Delhi,2021,5
Delhi,4W,39.99,88.82,14.49,1,3,public_fast,86.46,0.86,2.13,8.74,humid,0.242,low,247.29,0,Delhi,2023,10
Delhi,4W,45.43,96.26,17.17,3,1,public_slow,227.85,0.77,2.23,7.96,clear,0.461,high,272.57,0,Delhi,2020,10
Delhi,4W,39.99,98.44,30.3,3,3,public_slow,230.87,0.76,6.97,7.72,extreme_heat,0.143,low,229.41,0,Delhi,2021,4
Delhi,4W,45.98,89.11,32.21,2,4,home,281.69,0.96,4.57,8.18,humid,0.269,middle,275.9,0,Delhi,2022,1
Delhi,4W,43.51,89.37,9.2,2,4,public_slow,106.75,0.22,1.25,7.72,rainy,0.331,high,234.97,0,Delhi,2026,2
Delhi,4W,38.16,107.72,39,2,2,public_fast,94.34,0.67,5.43,4.96,humid,0.437,low,228.94,0,Delhi,2019,4
Delhi,4W,49.09,85.98,37.9,3,4,public_slow,163.64,2.66,6.93,9.71,rainy,0.133,middle,265.07,0,Delhi,2026,6
Delhi,4W,41.22,86.75,14.07,2,4,public_fast,24.41,2.49,2.33,8.62,humid,0.138,middle,247.32,0,Delhi,2023,9
Delhi,4W,39.36,81.19,34.85,2,3,home,387.53,7.01,5.59,8.27,humid,0.251,middle,236.16,0,Delhi,2024,4
Delhi,4W,36.67,100.79,1,3,3,public_slow,99.52,0.04,0.17,7.72,rainy,0.344,low,198.03,0,Delhi,2020,10
Delhi,4W,41.7,92.14,26.48,2,3,home,297.78,7.62,5.43,3.26,humid,0.231,middle,250.23,0,Delhi,2019,1
Delhi,4W,44.65,79.45,23.53,2,2,public_slow,214.21,1.1,4.21,9.33,clear,0.403,high,267.9,0,Delhi,2023,5
Delhi,4W,45.51,78.74,28.63,2.53,3,home,342.15,0.35,4.33,10.95,rainy,0.089,low,245.76,0,Delhi,2025,2
Delhi,4W,38.42,82.33,23.58,2,3,public_slow,242.1,4.92,3.29,9.25,humid,0.279,low,230.55,0,Delhi,2025,4
Delhi,4W,40.03,94.65,1,2,3,public_slow,168.4,1.15,0.17,8.93,rainy,0.154,low,216.16,0,Delhi,2021,1
Delhi,4W,44.51,80.96,36.49,2,2,public_slow,233.1,2.27,5.26,8.84,humid,0.324,low,267.08,0,Delhi,2025,6
Delhi,4W,34.87,89.37,32.49,4,4,public_fast,180.33,0.41,5.73,8.79,humid,0.439,high,209.24,0,Delhi,2023,12
Delhi,4W,39.47,84.68,45.16,3,5,home,373.97,1.98,7.86,9.68,humid,0.194,middle,236.81,0,Delhi,2026,5
Delhi,4W,33.35,92.65,11.36,2,3,public_slow,88.3,0.93,2.32,5.68,rainy,0.193,high,180.09,0,Delhi,2021,5
Delhi,4W,34.22,90.86,1,2,5,public_fast,63.07,1.3,0.17,6.08,rainy,0.3,low,184.8,0,Delhi,2023,8
Delhi,4W,35.22,84.11,42.27,1,4,public_slow,200.38,0.12,6.46,8.63,extreme_heat,0.148,high,179.62,0,Delhi,2026,11
Delhi,4W,39.09,85.68,31.46,3,3,home,292.19,0.13,4.8,7.09,humid,0.349,low,234.57,0,Delhi,2022,1
Delhi,4W,39.99,91.06,18.53,1,3,public_slow,180.33,3.02,3.34,7.37,clear,0.424,low,245.13,0,Delhi,2022,6
Delhi,4W,44.28,101.24,29.7,1,3,home,325.44,1.52,3.83,8.07,rainy,0.21,low,239.09,0,Delhi,2021,3
Delhi,4W,34.98,86.8,26.16,1,5,home,279.23,2.08,4.09,8.37,clear,0.364,low,209.88,0,Delhi,2024,4
Delhi,4W,52.67,81.8,22.57,5,4,home,314.68,6.31,3.64,9.2,rainy,0.149,middle,284.43,0,Delhi,2025,1
Delhi,4W,28.62,86.38,3.29,4,4,home,263.59,3.42,0.62,6.99,humid,0.056,high,171.72,0,Delhi,2022,9
Delhi,4W,40.45,75.94,20.88,2,7,public_fast,35.54,2.35,3.61,9.8,humid,0.229,middle,242.73,0,Delhi,2026,7
Delhi,4W,35.11,97.87,24.59,2,1,home,216.87,0.94,5.16,5.97,rainy,0.25,low,189.61,0,Delhi,2020,7
Delhi,4W,40.28,90.26,38.32,2,4,public_fast,71.47,1.05,6.95,7.37,rainy,0.446,high,217.51,0,Delhi,2019,11
Delhi,4W,39.84,74.91,44.51,2,4,public_slow,165.29,1.76,8.07,9.58,rainy,0.121,high,215.14,0,Delhi,2025,1
Delhi,4W,41.62,88.8,14.65,3,4,home,332.85,1.46,2.5,8.14,rainy,0.241,middle,224.72,0,Delhi,2022,8
Delhi,4W,40.12,89.11,26.37,2,3.23,home,295.65,2.78,5.53,7.1,extreme_heat,0.036,middle,204.61,0,Delhi,2024,9
Delhi,4W,35.02,96.85,45.59,3,2,public_slow,134.9,2.16,11.03,4.78,extreme_heat,0.085,middle,210.13,0,Delhi,2019,10
Delhi,4W,42.57,90.5,26.88,1,2,home,268.16,9.97,4.08,8.25,humid,0.207,low,255.41,0,Delhi,2021,10
Delhi,4W,33.57,95.96,17.37,3,1,public_fast,35.93,2.26,2.49,6.77,extreme_heat,0.256,low,171.22,0,Delhi,2021,10
Delhi,4W,46.56,82.48,22.78,3,5,home,253.92,6.29,4.21,8.94,clear,0.258,low,279.36,1,Delhi,2026,4
Delhi,4W,45.69,106.1,135.07,4,1,public_fast,55.84,2.07,6.55,5.39,extreme_heat,0.611,middle,233.04,0,Delhi,2019,1
Delhi,4W,37.68,86.83,41.95,2,3,public_fast,82.72,2.12,6.76,7.9,humid,0.172,high,226.07,0,Delhi,2022,12
Delhi,4W,41.35,98.18,26.44,4,3,home,315.36,0.93,3.09,5.51,extreme_heat,0.418,middle,248.12,0,Delhi,2022,11
Delhi,4W,42.95,93.38,57.39,3,1,home,312.43,1.27,8.07,5.46,rainy,0.223,low,231.9,0,Delhi,2019,6
Delhi,4W,29.87,94.17,1,3,2,home,388.12,3.58,0.2,5.59,extreme_heat,0.032,middle,179.23,0,Delhi,2020,10
Delhi,4W,47.67,77.13,6.42,4,4,public_fast,41.28,1.98,1.32,8.5,extreme_heat,0.201,low,243.1,0,Delhi,2024,6
Delhi,4W,35.11,82.29,1,3,5,public_fast,33.38,4.03,0.21,8.63,rainy,0.079,high,189.58,1,Delhi,2026,11
Delhi,4W,43.19,90.13,15.52,4,3,public_fast,80.77,1.61,2.22,5.68,rainy,0.171,high,233.24,0,Delhi,2021,6
Delhi,4W,45.25,96.54,3.92,2,3,public_slow,186.37,0.59,0.92,6.56,clear,0.18,low,271.53,0,Delhi,2020,10
Delhi,4W,41.14,95.86,43.71,3,2,home,390.79,2.1,7.31,7.55,clear,0.193,middle,246.85,0,Delhi,2020,3
Delhi,4W,39.99,85.74,1,2,2,public_fast,64.9,0.37,0.25,7.65,humid,0.245,middle,211,0,Delhi,2023,5
Delhi,4W,40.59,79.86,36.11,4,4,public_fast,39.77,0.34,7.21,9.22,clear,0.385,middle,243.53,0,Delhi,2024,12
Delhi,4W,39.16,81.17,11.4,3,3,public_slow,165,0.27,1.77,9.34,humid,0.191,middle,234.96,0,Delhi,2026,10
Delhi,4W,40.04,91.63,1,2,4,public_slow,191.74,2.8,0.16,6.55,humid,0.078,low,240.25,0,Delhi,2021,12
Delhi,4W,47.64,98.67,11.34,1,3,public_fast,76.59,0.89,2.15,6.12,extreme_heat,0.31,low,242.95,0,Delhi,2020,8
Delhi,4W,39.91,84.57,7.97,3,5,home,348.95,1.78,1.44,8.64,rainy,0.292,middle,215.49,0,Delhi,2023,5
Delhi,4W,41.19,85.66,29.85,2,5,public_slow,170.38,0.04,7.61,9.15,rainy,0.35,middle,222.44,0,Delhi,2025,3
Delhi,4W,34.65,89.24,13.48,2,4,public_fast,55.31,0.33,2.77,8.61,clear,0.347,low,207.89,0,Delhi,2025,11
Delhi,4W,42.03,92.62,57.88,3,1,public_slow,221.97,8.19,10.23,6.2,humid,0.226,low,252.19,0,Delhi,2019,10
Delhi,4W,32.96,87.81,41.75,4,2,public_slow,348.25,0.02,6.67,7.91,rainy,0.536,low,177.97,0,Delhi,2021,1
Delhi,4W,46.04,104.51,4.93,3,1,public_slow,237.94,0.04,1,4.85,clear,0.279,middle,276.25,0,Delhi,2019,7
Delhi,4W,30.6,78.39,38.29,3,4,public_fast,47.72,0.04,6.05,8.55,humid,0.209,middle,183.59,0,Delhi,2024,1
Delhi,4W,35.95,94.82,3.53,1,3,public_fast,90,2.89,0.47,6.33,clear,0.343,middle,215.68,0,Delhi,2021,4
Delhi,4W,40.74,77.95,33.77,2,3,public_slow,122.69,0.69,6.3,8.93,humid,0.207,low,244.45,0,Delhi,2024,9
Delhi,4W,38,74.72,27.08,1,6,home,265.09,0.45,4.44,7.72,humid,0.17,middle,228.01,1,Delhi,2025,3
Delhi,4W,38.54,94.76,26.25,1,3,public_slow,201.21,1.81,3.88,7.72,rainy,0.222,middle,208.1,0,Delhi,2021,4
Delhi,4W,43.01,89.37,37.71,5,4,public_slow,163.29,2.41,6.66,8.41,clear,0.034,high,258.07,0,Delhi,2024,10
Delhi,4W,40.58,98.76,30.23,2,2,public_slow,194.9,1.38,4.97,8.04,extreme_heat,0.474,high,206.95,0,Delhi,2020,1
Delhi,4W,42.13,84.81,26.81,1,5,public_fast,91.36,0.75,4.37,9.78,rainy,0.122,low,227.49,0,Delhi,2026,1
Delhi,4W,46.9,84.36,18.6,3,3,public_slow,187.75,0,2.88,8.82,extreme_heat,0.442,middle,239.17,0,Delhi,2024,7
Delhi,4W,30.86,89.84,23.84,2,1,home,393.43,0.97,3.99,5.16,extreme_heat,0.747,low,157.37,0,Delhi,2020,12
Delhi,4W,46.47,99.96,1,3,2,public_slow,197.46,1.14,0.12,6.54,extreme_heat,0.331,low,237.01,0,Delhi,2020,9
Delhi,4W,42.36,98.14,37.14,3,3,public_fast,77.38,0.21,5.18,6.14,rainy,0.29,high,228.75,0,Delhi,2021,11
Delhi,4W,39.14,69.37,20.43,1,3.23,public_slow,143.35,0.25,3.79,7.54,clear,0.144,low,234.87,0,Delhi,2026,5
Delhi,4W,45.11,93.84,28.22,2,3,public_slow,159.68,0.93,5.04,7.95,extreme_heat,0.255,high,230.06,0,Delhi,2021,1
Delhi,4W,37.88,75.83,37.06,1,4,home,199.96,0.39,4.71,9.64,rainy,0.169,middle,204.54,0,Delhi,2026,2
Delhi,4W,43.26,106.29,24.23,5,2,home,266.74,0.58,4.18,6.04,humid,0.189,low,259.55,0,Delhi,2019,9
Delhi,4W,34.45,94.58,38.74,3,1,public_fast,81.29,0.71,6.27,8.71,rainy,0.628,middle,186.04,0,Delhi,2021,4
Delhi,4W,38.07,77.74,12.57,3,6,public_fast,32.84,1.84,2.01,9.58,extreme_heat,0.229,low,194.16,0,Delhi,2026,10
Delhi,4W,43.04,78.49,26.44,2,1,home,180.33,2.51,0.98,7.19,rainy,0.051,high,232.4,0,Delhi,2022,11
Delhi,4W,34.55,76.71,12.29,2,3,public_slow,134.51,2.63,2.14,7.99,extreme_heat,0.465,low,224.79,0,Delhi,2024,6
Delhi,4W,43.27,98.67,27.04,3,2,public_fast,49.92,0.08,5.06,6.96,rainy,0.447,high,233.68,0,Delhi,2021,4
Delhi,4W,32.85,82.26,15.82,2,4,public_fast,77.44,0.13,2.85,9.78,extreme_heat,0.392,middle,167.54,0,Delhi,2024,2
Delhi,4W,34.02,100.73,10.54,4,3,home,204.32,3.17,1.97,6.51,extreme_heat,0.283,middle,173.48,0,Delhi,2021,1
Delhi,4W,47.79,95.99,33.28,3,1,home,318.87,0.07,7.84,6.13,rainy,0.188,middle,258.08,0,Delhi,2020,9
Delhi,4W,40.17,80.6,28.74,3,5,home,268.55,0.2,4.81,10.1,extreme_heat,0.126,middle,204.87,0,Delhi,2025,7
Delhi,4W,39.29,76,32.97,5,6,public_fast,64.81,3.69,5.34,11.1,clear,0.179,low,235.76,1,Delhi,2026,8
Delhi,4W,39.99,74.7,14.42,2,5,public_slow,129.59,0.72,1.99,7.72,clear,0.768,high,253.6,1,Delhi,2025,4
Delhi,4W,40.13,90.46,43.81,1,3,public_fast,64.19,1.98,6.06,7.54,humid,0.516,middle,240.8,0,Delhi,2025,9
Delhi,4W,38.37,103.92,21.12,3,3.23,home,351.96,7.8,3.88,5.11,rainy,0.267,low,207.2,0,Delhi,2019,12
Delhi,4W,39.35,105.54,18.03,4,1,public_fast,57.25,1.98,3.11,5.17,clear,0.579,middle,236.08,0,Delhi,2019,7
Delhi,4W,47.38,85.71,25.43,3,3,public_slow,151.59,2.34,3.52,8.33,humid,0.026,low,284.28,0,Delhi,2024,6
Delhi,4W,37.34,85.14,34.69,1,3,public_slow,215.04,0.55,7.86,7.72,extreme_heat,0.224,high,190.43,0,Delhi,2024,12
Delhi,4W,38.9,89.82,33.04,2,4,public_fast,40.71,4.82,6.02,7.58,extreme_heat,0.177,high,198.39,0,Delhi,2023,10
Delhi,4W,38.31,86.11,28.94,2,4,public_slow,257.7,1.33,6.23,8.27,humid,0.236,high,229.87,0,Delhi,2024,10
Delhi,4W,39.11,96.67,13.05,3,3,home,245.4,0.54,2.09,5.6,clear,0.018,high,234.67,0,Delhi,2020,10
Delhi,4W,41.05,100.81,1.98,2,2,public_fast,54.14,5.93,0.4,5.85,extreme_heat,0.255,low,209.34,0,Delhi,2019,8
Delhi,4W,44.25,92.21,1,4,4,home,294.93,0.08,0.2,8.13,extreme_heat,0.373,middle,225.67,0,Delhi,2025,7
Delhi,4W,32.63,96.32,57.27,2,2,home,301.25,0.15,7.17,6.13,clear,0.272,middle,195.79,0,Delhi,2019,7
Delhi,4W,43.7,84.66,18.96,4,4,home,233.97,0.37,3.33,8.67,extreme_heat,0.234,high,222.86,0,Delhi,2023,2
Delhi,4W,39.89,87.22,17.07,5,3,public_fast,48.57,0.3,3.27,8.25,humid,0.411,high,239.34,0,Delhi,2022,5
Delhi,4W,38.58,87.33,52.7,3,3,public_fast,95.69,1.67,2.92,8.1,extreme_heat,0.22,low,196.75,0,Delhi,2022,11
Delhi,4W,53.17,93.71,44.45,2,3,public_fast,48.95,1.98,7.42,8.69,rainy,0.29,low,287.11,0,Delhi,2022,6
Delhi,4W,34.65,83.32,58.8,1,4,public_slow,167.94,3.92,17.69,7.17,rainy,0.155,middle,187.13,0,Delhi,2023,12
Delhi,4W,39.48,75.36,1,3,4,public_slow,89.86,1.28,0.12,8.55,extreme_heat,0.573,middle,201.32,0,Delhi,2025,8
Delhi,4W,27.16,103.4,1,3,1,public_slow,219.93,3.22,0.21,4.81,extreme_heat,0.385,low,138.52,0,Delhi,2019,2
Delhi,4W,40.11,100.13,1,2.53,1,public_fast,180.33,0.49,0.15,6.05,clear,0.337,middle,240.67,0,Delhi,2019,10
Delhi,4W,36.16,84.1,4.46,1,8,home,386.82,1.27,0.74,10.33,humid,0.07,middle,216.93,0,Delhi,2025,8
Delhi,4W,43.07,104.39,27.03,3,3,public_slow,143.83,4.57,4.55,6.9,clear,0.104,middle,258.39,0,Delhi,2019,4
Delhi,4W,37.27,90.19,21.09,2,6,home,302.86,2.49,3.85,8.66,rainy,0.55,middle,201.28,0,Delhi,2023,8
Delhi,4W,39.86,83.21,34.24,3,6,public_slow,180.06,2.91,5.02,7.56,humid,0.341,low,239.13,0,Delhi,2025,11
Delhi,4W,40.46,93.16,16.28,1,1,home,318.68,4.91,3.08,7.22,extreme_heat,0.134,low,206.34,0,Delhi,2023,8
Delhi,4W,41.04,89.04,33.87,3,3,home,205.39,1.89,7.21,6.51,extreme_heat,0.124,high,209.32,0,Delhi,2021,12
Delhi,4W,35.55,104.49,18.61,4,4,public_slow,174.97,5.23,2.92,5.8,clear,0.165,middle,213.27,0,Delhi,2021,4
Delhi,4W,40.94,95.02,26.9,5,2,home,306.83,0.14,6.21,6.12,humid,0.324,middle,245.64,0,Delhi,2019,1
Delhi,4W,32.46,93.82,30.64,3,3,public_slow,141.58,0.14,3.7,6.09,humid,0.216,low,194.79,0,Delhi,2020,12
Delhi,4W,41.37,98.65,34.81,2,4,home,366.61,0.67,4.93,7.01,humid,0.104,low,248.19,0,Delhi,2022,1
Delhi,4W,39.9,106.21,31.79,2,3,public_slow,133.17,0.34,6.84,6.07,humid,0.523,high,239.41,0,Delhi,2021,11
Delhi,4W,33.61,81.25,40.76,2,3,public_fast,76.53,1.22,8.03,7.4,extreme_heat,0.296,middle,171.41,0,Delhi,2023,11
Delhi,4W,44.31,78.55,51.2,4,4,public_slow,130.8,1.57,7.6,10.23,rainy,0.365,high,239.3,0,Delhi,2026,6
Delhi,4W,39.58,81.19,47.1,2.53,4,home,265.3,2.53,8.27,9.69,extreme_heat,0.062,middle,201.85,0,Delhi,2025,6
Delhi,4W,35.33,93.85,32.07,4,5,home,278.66,0.72,6.61,7.05,clear,0.587,middle,224.79,0,Delhi,2021,9
Delhi,4W,42.33,83.9,21.25,2,4,home,362.33,0.22,3.75,8.93,extreme_heat,0.322,middle,224.79,0,Delhi,2026,9
Delhi,4W,35.26,92,14.84,4,2,home,354.41,7.73,2.23,7.49,clear,0.449,low,211.54,0,Delhi,2020,10
Delhi,4W,38.64,84.92,1,3,5,public_fast,86.4,2.32,0.17,9.31,extreme_heat,0.343,low,197.05,0,Delhi,2024,2
Delhi,4W,33.41,93.27,32.53,1,5,public_slow,180.8,2.24,5.42,7.3,rainy,0.63,high,180.39,0,Delhi,2022,3
Delhi,4W,43.4,85.72,28.38,2,6,home,345.15,2.1,4.2,7.67,rainy,0.483,low,234.35,0,Delhi,2025,8
Delhi,4W,35.82,91.33,6.46,3,3,home,346.56,1.2,1.27,6.2,humid,0.267,middle,214.93,0,Delhi,2022,5
Delhi,4W,38.15,91.25,21.9,2,3,public_slow,215.25,3.66,2.92,6.02,rainy,0.127,low,206.02,0,Delhi,2021,7
Delhi,4W,35.78,95.45,51.92,3,5,public_fast,71.24,0.1,7.1,7.63,clear,0.374,middle,214.7,0,Delhi,2024,8
Delhi,4W,40.22,96.09,28.89,2,3,home,181.36,0.63,4.87,5.89,humid,0.191,low,241.34,0,Delhi,2020,2
Delhi,4W,34.1,78.19,49.61,4,4,home,163.57,1.14,7.18,8.8,extreme_heat,0.137,low,173.91,0,Delhi,2025,10
Delhi,4W,38.01,80.38,1,3,4,public_slow,180.33,2.47,0.17,8.21,extreme_heat,0.103,middle,193.87,0,Delhi,2024,7
Delhi,4W,41.97,90.04,46.32,2,4,home,352.21,4.79,8.68,8.95,rainy,0.346,low,226.65,0,Delhi,2025,10
Delhi,4W,41.07,84.99,15.4,2,2,public_slow,191.86,2.35,2.56,9.21,clear,0.242,high,246.44,0,Delhi,2022,9
Delhi,4W,38.13,94.27,30.31,2,3,public_fast,39.12,3.13,4.06,7.44,rainy,0.257,high,205.89,0,Delhi,2022,8
Delhi,4W,39.43,101.09,17.55,5,1,public_slow,174.83,0.4,2.73,7.72,clear,0.231,low,236.6,0,Delhi,2019,10
Delhi,4W,35.69,89.37,36.44,4,4,public_fast,43.29,0.1,4.78,9.34,humid,0.235,high,214.15,0,Delhi,2025,5
Delhi,4W,29.88,91.94,14.21,3,4,public_fast,110.49,1.77,1.93,7.03,extreme_heat,0.517,low,179.3,0,Delhi,2020,12
Delhi,4W,43.07,82.74,1,5,3.23,public_fast,86.29,1.85,0.14,10.02,rainy,0.317,high,232.56,0,Delhi,2026,9
Delhi,4W,35.37,97.52,37.41,3,2,public_fast,56.62,0.77,6.72,5.92,rainy,0.157,low,190.98,0,Delhi,2019,2
Delhi,4W,43.92,82.22,26.48,2,4,public_slow,240.7,1.57,5.18,7.28,extreme_heat,0.24,low,223.97,0,Delhi,2023,8
Delhi,4W,34.94,70.9,27.87,2,5,home,277.43,2.41,5.06,8.68,extreme_heat,0.267,middle,178.2,1,Delhi,2026,11
Delhi,4W,37.5,89.41,36.69,3,4,public_slow,216.09,3.43,7.02,7.03,rainy,0.095,middle,202.49,0,Delhi,2021,11
Delhi,4W,38.41,85.67,4.36,3,1,public_slow,149.06,0.24,0.78,7.65,clear,0.347,high,230.49,0,Delhi,2023,9
Delhi,4W,37.8,85.86,42.82,4,3,public_slow,135.97,0.06,6.6,9.26,rainy,0.208,high,204.13,0,Delhi,2024,6
Delhi,4W,38.79,96.31,25.61,2,3,public_slow,235.2,0.53,5.62,7.14,extreme_heat,0.44,low,197.82,0,Delhi,2021,8
Delhi,4W,38.34,82.63,41.31,1,5,public_slow,237.94,5.99,6.2,10.51,rainy,0.358,high,207.06,1,Delhi,2026,2
Delhi,4W,39.89,88.28,28.68,1,3,public_slow,212.29,0,4.98,7.13,humid,0.281,low,239.37,0,Delhi,2021,7
Delhi,4W,37.26,83.5,46.85,4,4,public_slow,152.72,0.05,6.92,9.9,humid,0.142,high,223.53,0,Delhi,2023,8
Delhi,4W,40.63,93.6,18.39,3,1,public_fast,44.83,6.38,2.52,7,clear,0.07,middle,243.79,0,Delhi,2019,1
Delhi,4W,38.86,79.82,19.36,2,6,public_fast,58.04,2.63,4.37,9.17,rainy,0.609,low,209.83,0,Delhi,2025,5
Delhi,4W,31.35,87.46,16.02,2,5,public_fast,68.91,1.99,2.89,10.57,rainy,0.404,low,169.29,0,Delhi,2024,8
Delhi,4W,38.55,86.65,27.96,3,5,public_fast,81.25,0.31,4.74,8.46,rainy,0.268,middle,208.18,0,Delhi,2026,9
Delhi,4W,42.15,92.71,2.67,2,2,home,342.75,2.61,0.4,8.95,humid,0.125,high,252.9,0,Delhi,2025,10
Delhi,4W,44.24,105.64,23.62,3,2,home,355.67,0.62,4.62,7.72,humid,0.517,low,265.42,0,Delhi,2020,11
Delhi,4W,41.97,101.81,4.24,2,2,public_fast,30.79,0.32,0.62,4.71,humid,0.595,low,251.81,0,Delhi,2019,7
Delhi,4W,39.17,97.85,23.64,4,1,home,202.31,0.36,4.87,6.8,clear,0.056,middle,235.03,0,Delhi,2019,12
Delhi,4W,37.25,83.64,18.32,1,5,home,215.51,2.24,2.53,8.27,clear,0.537,high,223.48,0,Delhi,2024,5
Delhi,4W,44.27,95.46,30.54,2,3,public_slow,181.6,2.79,4.58,7.66,rainy,0.055,low,239.07,0,Delhi,2021,5
Delhi,4W,39.2,102.56,28.07,5,1,public_fast,31.22,1.68,3.19,7.72,humid,0.194,middle,235.18,0,Delhi,2019,6
Delhi,4W,38.52,77.13,38.41,2,4,public_fast,56.24,1.29,9.08,9.09,humid,0.29,low,231.1,0,Delhi,2024,3
Delhi,4W,29.97,96.29,23.61,3,2,public_fast,52.65,4.6,3.42,7.77,humid,0.158,low,179.81,0,Delhi,2021,12
Delhi,4W,38.44,84.17,15.44,2,6,public_slow,199.9,0.54,2.77,9.66,clear,0.311,high,230.63,0,Delhi,2026,4
Delhi,4W,40.58,103.05,22.6,1,2,public_fast,77.67,0.8,3.52,7.36,clear,0.217,middle,243.5,0,Delhi,2019,8
Delhi,4W,37.38,82.78,31.56,3,4,home,186.75,0.95,5,7.58,rainy,0.076,low,201.87,0,Delhi,2021,9
Delhi,4W,36.02,96.31,8.9,2,1,public_slow,157.36,0.68,1.95,4.64,clear,0.283,high,216.12,0,Delhi,2020,6
Delhi,4W,32.09,79.29,10.74,3,3.23,public_slow,219.54,1.54,2.23,9.83,humid,0.193,low,192.57,0,Delhi,2025,10
Delhi,4W,37.97,100.91,46.65,3,1,home,308.89,1.97,7.89,7.25,clear,0.448,high,227.8,0,Delhi,2019,10
Delhi,4W,37.25,76.98,43.74,3,7,public_slow,146.11,1.23,5.59,8.65,humid,0.368,middle,224.79,0,Delhi,2026,9
Delhi,4W,41.38,74.25,29.9,4,4,public_fast,31.96,3.38,5.59,9.97,clear,0.227,low,248.26,1,Delhi,2025,3
Delhi,4W,46.85,95.52,27.13,2,3,public_fast,67.86,4.23,4.35,6.69,clear,0.263,low,281.11,0,Delhi,2023,7
Delhi,4W,38.22,89.08,38.92,2,2,home,234.11,1.51,7.43,6.9,clear,0.177,middle,229.3,0,Delhi,2023,3
Delhi,4W,44.22,88.08,27.83,3,3,home,364.06,6.62,4.37,7.72,clear,0.215,low,265.32,0,Delhi,2023,8
Delhi,4W,34.25,89.05,22.28,3,2,public_fast,71.9,0.67,4.9,8.25,rainy,0.354,high,184.96,0,Delhi,2021,6
Delhi,4W,44.64,97.5,3.61,2,2,home,292.35,0.11,0.61,6.6,humid,0.125,middle,267.87,0,Delhi,2019,6
Delhi,4W,37.35,87.46,33.06,3,5,home,321.6,2.51,4.2,8.28,rainy,0.218,low,201.71,0,Delhi,2024,4
Delhi,4W,35.99,103.24,38.05,3,2,public_fast,56.62,1.98,4.45,6.45,extreme_heat,0.201,middle,183.52,0,Delhi,2021,10
Delhi,4W,41.03,94.16,51.27,3,4,public_slow,280.76,0.18,5.47,7.94,clear,0.33,low,246.17,0,Delhi,2021,4
Delhi,4W,46.27,105.33,21.31,4,3,home,245.25,0.26,3.41,6.83,humid,0.469,low,277.62,0,Delhi,2020,10
Delhi,4W,37.47,88.47,28.84,1,4,home,223.81,2.64,4.56,9.07,extreme_heat,0.351,low,191.1,0,Delhi,2025,10
Delhi,4W,50.47,77.37,5.32,2,4,public_slow,184.81,0.48,0.75,9.33,humid,0.075,low,302.8,0,Delhi,2026,11
Delhi,4W,42.08,98.78,33.65,3,3,home,334.45,2.23,6.1,7.35,clear,0.396,middle,252.45,0,Delhi,2021,11
Delhi,4W,39.2,99.5,38.72,3,2,home,330.84,1.14,6.47,7.05,clear,0.042,middle,235.22,0,Delhi,2019,7
Delhi,4W,46.22,89.7,4.42,1,4,public_slow,129.48,0.61,0.82,8.43,rainy,0.251,middle,249.59,0,Delhi,2022,7
Delhi,4W,43.63,97.43,21.08,4,2,home,273.71,0.83,3.51,8.11,clear,0.225,low,261.76,0,Delhi,2024,12
Delhi,4W,40.91,70.19,13.41,4,4,public_slow,225.44,0.01,2.37,9.83,humid,0.152,low,245.46,0,Delhi,2026,9
Delhi,4W,40.36,89.37,25.15,4,5,public_slow,233.01,0.94,5.32,7.24,extreme_heat,0.475,middle,205.85,0,Delhi,2024,6
Delhi,4W,47.94,89.37,25.59,2,4,public_slow,186.56,0.48,4.37,9.07,extreme_heat,0.144,low,244.5,0,Delhi,2024,11
Delhi,4W,39.17,104.4,24.69,4,1,home,378.79,2.82,4.29,7.42,extreme_heat,0.134,low,199.74,0,Delhi,2019,11
Delhi,4W,32.43,90.63,2.08,2,4,public_slow,180.33,0.22,0.42,9.73,rainy,0.373,high,175.11,0,Delhi,2025,5
Delhi,4W,35.64,95.2,33.68,1,3,public_slow,118.63,0.02,6.39,8.73,extreme_heat,0.572,high,181.78,0,Delhi,2022,8
Delhi,4W,37.56,90.38,23.84,2,3,public_slow,153.79,0.29,3.36,7.39,humid,0.457,low,225.38,0,Delhi,2021,8
Delhi,4W,39.99,97.55,37.35,2,3,home,360.55,0.03,6.77,7.55,clear,0.627,low,224.18,0,Delhi,2019,10
Delhi,4W,38.99,101.5,29.01,2,3.23,public_slow,210.16,1.49,4.79,4.79,humid,0.066,high,233.94,0,Delhi,2019,12
Delhi,4W,42.28,94,1.77,2.53,4,public_slow,180.33,1.69,0.31,8,rainy,0.424,high,228.32,0,Delhi,2022,3
Delhi,4W,45.88,89.13,70.66,4,3,home,263.86,0.71,4.37,7,extreme_heat,0.309,low,275.26,0,Delhi,2024,10
Delhi,4W,36.82,88.86,1,2,2,public_slow,222.02,6.83,0.16,7.15,extreme_heat,0.408,low,187.77,0,Delhi,2022,9
Delhi,4W,34,85.11,11.5,2,6,public_fast,68.28,3.95,1.56,7.56,rainy,0.578,low,183.58,1,Delhi,2022,3
Delhi,4W,38.57,91.78,8.12,2,3,public_fast,31.71,0.43,1.32,7.09,humid,0.198,high,231.43,0,Delhi,2021,3
Delhi,4W,43.05,80.99,30.41,2,5,public_slow,173.31,2.04,4.48,7.61,clear,0.275,low,258.32,0,Delhi,2025,4
Delhi,4W,31.39,91.91,43.81,1,2,home,307.52,7.36,6.85,8.86,rainy,0.257,middle,169.48,0,Delhi,2021,5
Delhi,4W,37.09,95.2,35.53,3,5,public_fast,57.97,5.53,5.65,8.73,humid,0.487,low,222.52,1,Delhi,2023,12
Delhi,4W,44.63,80.08,1,3,2,home,269.75,6.01,0.17,7.69,humid,0.236,middle,267.78,0,Delhi,2024,7
Delhi,4W,43.68,88.08,26.51,2,2,public_slow,146.55,0.45,3.79,6.36,extreme_heat,0.527,low,222.75,0,Delhi,2021,5
Delhi,4W,41.4,85.52,13,4,4,public_fast,39.01,3,2.66,7.72,extreme_heat,0.192,low,211.12,0,Delhi,2023,5
Delhi,4W,42.71,95.66,8.54,3,3,public_slow,211.37,0.1,1.44,7.4,clear,0.318,high,256.23,0,Delhi,2023,3
Delhi,4W,34.87,89.01,22.8,4,4,home,355.51,7.7,3.81,8.61,rainy,0.421,low,188.29,0,Delhi,2023,9
Delhi,4W,34.27,84.22,5.73,2,4,public_fast,34.81,6.29,1.14,9.49,rainy,0.2,high,185.04,0,Delhi,2026,6
Delhi,4W,34.37,91.8,41.05,4,3.23,public_fast,32.89,1.7,13.67,5.29,clear,0.166,high,206.24,0,Delhi,2020,2
Delhi,4W,39.28,89.37,34.89,3,3.23,public_slow,168.95,4.14,5.3,10.29,humid,0.101,low,235.7,1,Delhi,2026,10
Delhi,4W,34.94,105.38,1,2,2,home,324.46,3.63,0.16,7.66,rainy,0.278,high,188.68,0,Delhi,2021,11
Delhi,4W,45.67,89.37,21.64,2,2,home,290.55,2.29,4.6,7.29,extreme_heat,0.172,middle,232.91,0,Delhi,2020,6
Delhi,4W,47.77,92,27.8,2,2,public_slow,188.55,8.14,5.09,7.29,humid,0.76,low,286.59,0,Delhi,2020,1
Delhi,4W,39.74,101.39,23.9,3,1,public_slow,214.14,0.98,3.66,5.48,rainy,0.465,middle,214.61,0,Delhi,2020,4
Delhi,4W,44.74,94.68,28.02,4,2,public_slow,136.08,2.46,3.83,8.04,extreme_heat,0.483,middle,228.19,0,Delhi,2023,4
Delhi,4W,34.12,93.95,34.28,1,1,home,249.56,3.8,6.83,7.02,humid,0.237,middle,204.74,0,Delhi,2019,11
Delhi,4W,30.26,78.53,45.75,2,5,home,241.18,0.08,6.61,8.98,extreme_heat,0.457,middle,224.79,0,Delhi,2026,12
Delhi,4W,45.67,91.34,21.95,3,3,public_fast,33.81,3.86,4.37,9.76,rainy,0.261,low,246.63,0,Delhi,2023,5
Delhi,4W,46.35,96.97,14.77,2,2,home,453.34,0.64,2.55,5.5,humid,0.29,middle,278.09,0,Delhi,2021,12
Delhi,4W,44.29,93.95,21.34,2,3,public_fast,61.52,11.1,3.32,9.22,rainy,0.175,high,239.16,0,Delhi,2023,8
Delhi,4W,47.16,99.69,24.66,1,1,home,319.77,1.26,4.38,6.04,extreme_heat,0.493,high,240.5,0,Delhi,2019,8
Delhi,4W,29.58,108.27,115.15,2,1,public_fast,39,0.72,8.39,6.36,rainy,0.29,middle,159.75,0,Delhi,2019,9
Delhi,4W,41.13,74.72,20,2,4,home,242.35,2.07,2.93,8,clear,0.218,middle,246.79,0,Delhi,2025,12
Delhi,4W,43.17,105.54,30.89,1,1,public_slow,175.58,4.64,6.3,5.55,rainy,0.739,middle,233.11,0,Delhi,2019,4
Delhi,4W,44.11,91.27,15.85,2,2,public_slow,187.17,1.06,0.85,7.85,extreme_heat,0.182,low,264.68,0,Delhi,2023,10
Delhi,4W,36.17,76.57,116.6,2,5,public_slow,200.46,3.2,7.17,9.62,humid,0.625,middle,217.04,1,Delhi,2026,8
Delhi,4W,37.63,82.88,15.76,2,5,home,328.53,1.98,2.36,8.37,rainy,0.488,low,203.18,0,Delhi,2025,1
Delhi,4W,39.9,79.97,37.12,4,3.23,public_fast,59.4,1.08,5.09,9.9,extreme_heat,0.374,high,239.4,0,Delhi,2025,1
Delhi,4W,39.9,98.38,5.99,4,2,public_slow,127.76,4.61,0.85,5.57,clear,0.144,middle,239.4,0,Delhi,2020,5
Delhi,4W,35.49,97.24,8.33,3,2,public_fast,180.33,1.15,1.28,6.46,extreme_heat,0.328,low,181.01,0,Delhi,2020,7
Delhi,4W,45.53,78.41,26.44,1,4,home,352.51,1.19,6.83,9.36,clear,0.296,high,273.18,0,Delhi,2025,8
Delhi,4W,42.3,97.12,25.06,2,2,public_slow,266.6,1.2,3.97,5.59,rainy,0.135,middle,228.44,0,Delhi,2020,6
Delhi,4W,39.99,90.05,50.42,2,2,home,281.52,0.57,8.05,6.11,humid,0.104,middle,258.62,0,Delhi,2021,12
Delhi,4W,43.76,89.37,40.77,3,1,public_fast,79.86,7.52,6.95,6.85,humid,0.193,high,262.59,0,Delhi,2019,12
Delhi,4W,46.34,87.88,13.57,3,1,home,276.28,1.54,2.11,5.21,rainy,0.603,low,250.26,0,Delhi,2023,8
Delhi,4W,39.99,108.51,31.83,3,1,home,306.01,1.34,4.88,5.76,clear,0.114,high,242.49,0,Delhi,2020,7
Delhi,4W,39.99,94,29.1,4,1,public_fast,64.66,1.84,5.13,6.22,extreme_heat,0.541,low,163.86,0,Delhi,2020,8
Delhi,4W,51.65,87.45,48.31,3,3,public_fast,23.97,0.01,8.38,6.92,extreme_heat,0.072,low,263.4,0,Delhi,2024,11
Delhi,4W,39.99,78.32,42.47,2,4,public_slow,198.15,0.87,7.67,8.45,rainy,0.366,low,220.42,0,Delhi,2024,12
Delhi,4W,36.99,81.74,43.32,4,3,home,279.94,0.11,6.78,9.38,extreme_heat,0.43,low,199.77,0,Delhi,2025,5
Delhi,4W,39.61,84.76,16.61,3,3,public_slow,259.22,2.9,2.73,7.61,rainy,0.415,middle,213.9,0,Delhi,2024,4
Delhi,4W,30.97,75.74,26.44,3,6,public_fast,52.75,0.57,1.51,9.38,extreme_heat,0.185,low,157.92,0,Delhi,2026,11
Delhi,4W,39.58,105.47,26.38,3,3,public_slow,175.07,2,4.14,5.61,rainy,0.321,low,224.79,0,Delhi,2019,10
Delhi,4W,40.8,81.95,1,2,5,public_slow,146.54,0.84,0.15,8.32,rainy,0.35,middle,220.32,0,Delhi,2026,7
Delhi,4W,42.3,91.65,18.69,4,1,public_slow,171.96,0.82,2.6,6.82,rainy,0.242,middle,228.42,0,Delhi,2022,12
Delhi,4W,45.23,97.94,16.44,2,2,home,325.99,0.33,3.25,6.02,rainy,0.222,high,244.24,0,Delhi,2019,8
Delhi,4W,39.77,92.76,46.32,1,5,public_slow,187,3.55,7.87,8.62,humid,0.234,middle,238.63,0,Delhi,2024,1
Delhi,4W,45.12,78.09,1,4,2,home,180.33,0.3,0.17,7.72,clear,0.383,low,270.71,0,Delhi,2023,7
Delhi,4W,43.57,101.82,34.5,3,1,public_slow,160.02,3.37,5.21,6.18,rainy,0.199,low,235.26,0,Delhi,2020,2
Delhi,4W,39.99,90.56,25.58,4,1,public_fast,67.9,2.52,3.95,6.72,clear,0.099,high,249.2,0,Delhi,2019,2
Hyderabad,4W,48.33,105.07,26.44,1,1,public_slow,155.01,0.56,0.19,6.03,rainy,0.426,low,260.97,0,Telangana,2019,1
Hyderabad,4W,36.88,88.57,22.14,2,5,public_slow,214.8,4.06,3.65,10,clear,0.254,low,221.29,1,Telangana,2026,9
Hyderabad,4W,41.3,75,35.8,2,6,public_slow,159.41,0.07,5.38,7.89,humid,0.193,middle,247.82,1,Telangana,2025,6
Hyderabad,4W,38.93,92.46,36.69,1,4,home,383.74,0.91,4.65,6.44,rainy,0.158,middle,210.2,0,Telangana,2021,7
Hyderabad,4W,42.69,82.56,36.39,1,4,public_fast,88.69,2.2,5.45,9.04,extreme_heat,0.225,middle,256.12,0,Telangana,2026,5
Hyderabad,4W,41.61,99.77,25.28,3,3,public_fast,73.85,2.63,4.43,6.23,clear,0.323,low,249.65,0,Telangana,2022,12
Hyderabad,4W,41.37,88.76,43.82,2.53,3,public_slow,226.58,0.74,10.48,8.73,rainy,0.236,high,223.4,0,Telangana,2023,1
Hyderabad,4W,38.9,91.05,1.67,5,4,home,306.05,0.27,0.39,8.04,extreme_heat,0.263,middle,224.79,0,Telangana,2023,2
Hyderabad,4W,41.99,107.44,41.67,3,2,public_slow,161.2,1.92,7.36,6.2,extreme_heat,0.325,low,214.15,0,Telangana,2019,5
Hyderabad,4W,39.99,89.37,29.02,1,3,home,296.93,0.66,4.28,6.52,humid,0.363,middle,223.51,0,Telangana,2020,12
Hyderabad,4W,36.35,83.71,21.56,2,6,home,324.05,0.7,3.19,9.91,extreme_heat,0.465,low,185.4,0,Telangana,2026,5
Hyderabad,4W,39.71,105.64,26.71,2,1,public_fast,180.33,2.36,5.17,5.55,extreme_heat,0.185,middle,202.53,0,Telangana,2019,4
Hyderabad,4W,50.93,98.77,36.03,3,2,public_fast,23.03,0.62,6.86,3.96,rainy,0.145,low,275.01,0,Telangana,2023,8
Hyderabad,4W,43.08,88.43,22.19,2,3,public_slow,203.57,2.79,4.36,5.84,extreme_heat,0.269,high,219.72,0,Telangana,2021,4
Hyderabad,4W,37.29,92.22,46.98,1,3,public_fast,56.14,5.29,7.22,5.73,extreme_heat,0.304,middle,190.16,0,Telangana,2021,7
Hyderabad,4W,43.03,93.36,32.96,4,2,public_fast,62.31,0.78,4.37,7.47,rainy,0.301,middle,232.35,0,Telangana,2022,12
Hyderabad,4W,41.62,91.82,12.17,1,3.23,public_fast,38.95,5.02,2.18,6.02,humid,0.243,low,249.73,0,Telangana,2020,7
Hyderabad,4W,36.99,85.26,49.44,3,3,public_fast,71.73,2.54,8.17,8.05,humid,0.211,low,221.93,0,Telangana,2023,10
Hyderabad,4W,43.6,100.85,32.23,3,1,public_slow,147.15,5.06,7.89,6.95,humid,0.304,high,261.58,0,Telangana,2019,8
Hyderabad,4W,34.09,95.1,1,4,2,home,325.32,1.64,0.16,6.18,humid,0.382,low,204.55,0,Telangana,2021,4
Hyderabad,4W,37.95,84.08,34.65,4,5,public_slow,176.83,0.12,5.32,9.48,rainy,0.644,low,204.92,0,Telangana,2026,10
Hyderabad,4W,46.02,85.35,42.62,3,3,public_fast,64.55,1.79,11.7,7.03,clear,0.13,low,276.13,0,Telangana,2024,6
Hyderabad,4W,35.98,88.78,45.51,3,3,public_slow,186.39,2.88,6.79,6.47,clear,0.239,low,215.87,0,Telangana,2022,12
Hyderabad,4W,36.28,92.41,24.22,2,2,public_fast,81.96,2.34,3.86,4.63,humid,0.189,middle,217.69,0,Telangana,2021,12
Hyderabad,4W,44.79,76.49,82.63,3,3,public_slow,205.5,6.28,4.77,9.65,humid,0.405,high,268.74,0,Telangana,2026,11
Hyderabad,4W,41.02,91.06,17.68,3,2,public_fast,55.75,0.27,2.45,6.75,rainy,0.512,low,221.52,0,Telangana,2020,5
Hyderabad,4W,44.3,89.05,29.44,2,2,home,316.81,0.57,4.77,8.61,rainy,0.432,high,239.23,0,Telangana,2023,8
Hyderabad,4W,36.56,93.01,10.15,3,2,public_slow,207.36,0.28,1.66,7.13,extreme_heat,0.605,low,186.45,0,Telangana,2021,10
Hyderabad,4W,30.13,90.65,1,3,1,public_fast,70.9,3.53,0.15,7.18,clear,0.18,low,180.78,0,Telangana,2021,5
Hyderabad,4W,41.22,83.32,25.44,3,4,public_fast,45.65,3.97,4.35,9.5,clear,0.403,high,247.34,0,Telangana,2026,1
Hyderabad,4W,38.77,71.2,41.68,3,6,public_slow,157.01,2.07,6.07,10.78,extreme_heat,0.494,middle,197.71,1,Telangana,2026,9
Hyderabad,4W,39.99,87.44,71.07,2.53,1,public_slow,234.76,1.79,10.51,7.61,extreme_heat,0.083,low,225.98,0,Telangana,2023,6
Hyderabad,4W,39.2,87.81,33.67,3,1,public_fast,17.12,5.77,6.56,10.09,rainy,0.177,middle,211.7,0,Telangana,2022,7
Hyderabad,4W,40.96,75.71,9.74,3,5,home,239.34,2.8,1.57,9.51,extreme_heat,0.242,high,208.91,0,Telangana,2026,3
Hyderabad,4W,46.77,86.56,19.24,2,6,public_slow,200.91,0.02,3.63,8.93,clear,0.605,low,280.63,0,Telangana,2023,9
Hyderabad,4W,41.46,74.83,14.8,3,5,public_slow,198.68,1.22,1.81,9.12,humid,0.677,low,248.76,1,Telangana,2026,9
Hyderabad,4W,37.48,69.05,41.79,3,5,public_slow,127.31,4.19,7.65,8.64,extreme_heat,0.226,low,191.15,1,Telangana,2025,4
Hyderabad,4W,38.71,75.06,38.13,3,3,home,336.49,0.47,6.2,8.7,extreme_heat,0.255,low,197.41,0,Telangana,2025,1
Hyderabad,4W,43.93,87.79,24.74,3,2,public_slow,182.39,0.72,3.77,6.85,rainy,0.339,low,237.2,0,Telangana,2023,7
Hyderabad,4W,43.89,88.91,8.34,2,5,public_slow,134.05,1.98,1.42,8.73,extreme_heat,0.136,high,224.79,0,Telangana,2024,10
Hyderabad,4W,41.2,85.91,41.96,3,4,public_slow,215.5,1.95,5.88,10.65,extreme_heat,0.282,middle,210.1,0,Telangana,2026,12
Hyderabad,4W,35.66,98.15,1,2,2,public_fast,83.17,4.66,0.13,6.85,extreme_heat,0.052,low,224.79,0,Telangana,2019,5
Hyderabad,4W,39.99,101.83,19.38,4,3,public_slow,213.92,0.21,2.55,6.18,rainy,0.264,middle,236.65,0,Telangana,2019,12
Hyderabad,4W,40.77,79.85,5.7,1,3,home,348.45,4.6,0.75,5.92,rainy,0.425,low,220.13,0,Telangana,2023,11
Hyderabad,4W,43.57,89.35,25.34,2,2,public_slow,205.96,2.07,4.02,6.73,extreme_heat,0.139,high,222.2,0,Telangana,2020,9
Hyderabad,4W,42.28,76.25,25.36,2,5,home,265.83,1.39,3.59,8.01,extreme_heat,0.132,high,215.65,0,Telangana,2025,10
Hyderabad,4W,40.15,106.62,32.72,2,2,home,342.3,0.52,4.47,7.07,rainy,0.291,middle,216.8,0,Telangana,2019,12
Hyderabad,4W,37.53,83.17,32.68,3,3,public_fast,68.53,0.76,5.77,7.78,extreme_heat,0.108,low,191.43,0,Telangana,2022,7
Hyderabad,4W,45.91,95.77,82.39,3,3,home,299.62,1.37,3.72,6.54,clear,0.197,low,275.47,0,Telangana,2020,9
Hyderabad,4W,34.96,88.27,9.37,2,2,home,392.51,0.4,1.31,6.82,rainy,0.014,middle,224.79,0,Telangana,2022,7
Hyderabad,4W,38.68,101.56,29.77,3,2,public_slow,253.46,4.5,4.25,7.67,extreme_heat,0.671,low,197.25,0,Telangana,2020,9
Hyderabad,4W,39.53,86.95,1,2.53,5,public_slow,177.98,1.16,0.23,6.59,extreme_heat,0.437,low,201.61,0,Telangana,2023,3
Hyderabad,4W,37.82,101.57,25.83,3,1,home,338.43,1.03,4.44,8.27,humid,0.169,low,226.93,0,Telangana,2021,9
Hyderabad,4W,38.22,73.35,21.78,3,5,public_slow,115.73,5.28,3.29,7.72,extreme_heat,0.062,low,194.92,1,Telangana,2025,3
Hyderabad,4W,50.57,79.58,43.41,3,5,home,265.69,1.55,7.05,7.68,extreme_heat,0.092,middle,257.91,0,Telangana,2025,8
Hyderabad,4W,29.12,94.08,48.22,4,1,public_slow,170.28,0.84,4.37,5.38,clear,0.384,high,174.72,0,Telangana,2023,8
Hyderabad,4W,36.2,86.04,15.69,2.53,5,public_slow,182.44,0.89,2.53,9.68,rainy,0.092,middle,195.48,0,Telangana,2026,6
Hyderabad,4W,40.92,85.53,18.9,3,3,public_fast,44.26,1.47,3.19,6.64,rainy,0.463,low,220.98,0,Telangana,2021,3
Hyderabad,4W,42.63,88.92,13.33,2,4,public_fast,84.71,0.05,2.13,8.93,extreme_heat,0.146,low,224.79,0,Telangana,2024,11
Hyderabad,4W,40.22,84.31,32.94,2,4,public_fast,68.44,0.76,3.7,6.02,extreme_heat,0.086,low,205.12,0,Telangana,2022,9
Hyderabad,4W,35.61,81.76,16.49,2,4,home,475.41,0.45,2.73,8.54,extreme_heat,0.248,high,181.59,0,Telangana,2025,6
Hyderabad,4W,45.78,109.55,1.42,3,3,home,271.9,1.69,0.25,6.17,extreme_heat,0.306,low,233.5,0,Telangana,2020,1
Hyderabad,4W,47.24,78.16,25.44,2,3,public_slow,229.29,4.76,5.02,7.32,rainy,0.697,middle,255.08,0,Telangana,2025,10
Hyderabad,4W,43.47,85.42,5.37,2,1,public_fast,97.89,0.58,1,5.62,humid,0.254,middle,260.84,0,Telangana,2019,10
Hyderabad,4W,38.76,97.21,42.35,2.53,1,home,356.22,1.31,9.15,5.47,humid,0.178,middle,232.55,0,Telangana,2019,1
Hyderabad,4W,48.93,80.77,29.3,3,4,public_slow,51.71,1.9,3.92,9.32,extreme_heat,0.379,high,249.52,0,Telangana,2025,6
Hyderabad,4W,36.61,89.68,31.18,3,4,home,313.49,0.17,5.91,8.62,humid,0.554,middle,219.63,0,Telangana,2023,5
Hyderabad,4W,43.62,94.12,52.12,3,1,public_slow,258.03,2.18,9.53,5.18,humid,0.123,high,261.75,0,Telangana,2019,11
Hyderabad,4W,37.44,85.6,37.98,3,4,home,383.88,1.55,6.39,9.63,humid,0.496,high,224.67,0,Telangana,2026,1
Hyderabad,4W,37.92,74.29,31.52,3,4,public_slow,186.25,0.01,4.09,7.41,humid,0.122,low,227.51,0,Telangana,2025,1
Hyderabad,4W,37.59,73.98,25.17,2,6,home,368.08,1.06,3.36,9.56,extreme_heat,0.29,middle,224.79,1,Telangana,2026,11
Hyderabad,4W,39.99,87.24,48.32,1,6,public_slow,135.93,0.02,8.21,9.45,clear,0.055,middle,281.56,0,Telangana,2026,8
Hyderabad,4W,36.87,94.8,9.87,3,1,home,354.36,1.98,1.93,4.25,rainy,0.433,high,199.11,0,Telangana,2019,1
Hyderabad,4W,39.91,79.83,27.66,4,5,public_fast,51.61,0.44,5.29,9.84,extreme_heat,0.479,low,224.79,0,Telangana,2025,4
Hyderabad,4W,45.64,86.57,49.36,3,2,public_slow,195.16,1.61,6.5,7.85,extreme_heat,0.119,low,273.82,0,Telangana,2024,6
Hyderabad,4W,41.69,83.9,37.36,1,4,public_slow,180.47,0,5.14,8.58,rainy,0.136,low,224.79,0,Telangana,2026,7
Hyderabad,4W,45.16,74.1,43.17,4,7,public_fast,71.61,12.36,6.04,7.84,extreme_heat,0.456,low,230.32,1,Telangana,2025,9
Hyderabad,4W,36.89,86.6,17.12,1,3,public_fast,89.43,2.48,3.05,8.06,humid,0.231,low,221.33,0,Telangana,2023,9
Hyderabad,4W,44.33,85.9,26.7,2,1,public_fast,78.22,0.74,6.81,9.27,rainy,0.309,low,239.4,0,Telangana,2023,6
Hyderabad,4W,39.17,81.47,31.02,2,6,public_fast,65.74,0.32,5.04,10.35,clear,0.279,middle,235.03,0,Telangana,2023,8
Hyderabad,4W,42.52,81.64,28.57,2,3,public_slow,180.33,1.36,4.31,8.41,clear,0.208,high,255.15,0,Telangana,2024,3
Hyderabad,4W,43.28,89.1,26.44,1,4,home,210.93,8.14,9.03,7.77,clear,0.307,low,259.7,0,Telangana,2023,10
Hyderabad,4W,40.62,94.61,18.11,3,4,public_slow,199.59,2.66,3.44,7.9,extreme_heat,0.188,high,207.17,0,Telangana,2024,7
Hyderabad,4W,38.77,85.75,40.13,3,3,public_slow,178.81,0.67,5.79,6.32,extreme_heat,0.593,middle,197.73,0,Telangana,2022,5
Hyderabad,4W,38.3,85.79,46.86,1,5,public_slow,166.35,1.36,7.49,6.36,humid,0.153,middle,229.82,0,Telangana,2021,3
Hyderabad,4W,41.44,85.73,12.64,3,3,public_slow,186.31,2.09,2.19,7.54,humid,0.399,low,248.66,0,Telangana,2024,2
Hyderabad,4W,36.39,90.91,15.45,2,3,home,273.96,0.8,2.11,6.67,rainy,0.369,middle,196.49,0,Telangana,2020,5
Hyderabad,4W,40.12,86.41,24.87,1,5,public_fast,17.99,1.9,6.64,8.3,clear,0.206,high,240.74,0,Telangana,2025,5
Hyderabad,4W,43.5,92.25,1,2,4,public_slow,181.5,6.11,0.13,7.27,rainy,0.246,middle,234.89,0,Telangana,2020,11
Hyderabad,4W,35,85.03,24.33,3,4,public_slow,114.33,0.44,5.18,9.9,rainy,0.638,middle,189.02,0,Telangana,2026,5
Hyderabad,4W,39.99,89.9,34.62,1,1,public_slow,195.74,2.21,5.2,7.91,clear,0.08,middle,272.97,0,Telangana,2020,5
Hyderabad,4W,35.47,95.2,26.47,2,1,public_slow,251.04,8.22,5.43,6.54,rainy,0.443,low,191.56,0,Telangana,2021,10
Hyderabad,4W,41.65,98.42,23.2,3,1,home,434.63,0.27,3.46,6.4,rainy,0.082,middle,224.94,0,Telangana,2021,8
Hyderabad,4W,46.51,91.81,36.7,2,1,public_slow,148.06,1.45,6.28,9.59,clear,0.35,low,279.04,0,Telangana,2022,10
Hyderabad,4W,42.27,67.54,21.45,2.53,4,public_slow,230.83,1.88,3.47,8.5,humid,0.29,low,253.63,0,Telangana,2026,3
Hyderabad,4W,37.24,106.21,18.98,2,1,public_slow,144.12,4.48,2.86,7.23,clear,0.261,low,223.47,0,Telangana,2019,12
Hyderabad,4W,34.32,76.09,32.69,2,4,public_slow,236.83,0.33,5.48,8.46,clear,0.181,low,205.94,0,Telangana,2023,8
Hyderabad,4W,46.68,75.73,1,3,3,public_slow,207.35,1.27,0.18,8.9,rainy,0.044,low,252.09,0,Telangana,2025,6
Hyderabad,4W,44.71,83.88,34.62,2,5,home,370.49,1.95,6.66,8.3,rainy,0.132,low,241.46,0,Telangana,2024,5
Hyderabad,4W,37.04,81.14,14.35,2,4,public_slow,142.1,0.28,2.75,7.61,clear,0.323,high,222.23,0,Telangana,2023,8
Hyderabad,4W,48.59,89.17,6.97,2,3,home,288.76,0.31,1.18,8.94,extreme_heat,0.466,high,291.52,0,Telangana,2024,1
Hyderabad,4W,39.81,81.16,32.16,3,3,home,277.39,0.34,5.62,9.13,rainy,0.116,high,214.99,0,Telangana,2023,4
Hyderabad,4W,39.29,100.8,26.44,2,2,public_fast,26.85,0.51,4.77,6.67,extreme_heat,0.458,high,235.72,0,Telangana,2020,1
Hyderabad,4W,37.01,85.53,13.64,4,5,home,366.43,2.28,2.16,8.66,humid,0.127,low,222.06,0,Telangana,2025,8
Hyderabad,4W,36.1,94.48,16.8,2.53,1,public_slow,208.52,1.54,2.17,8.8,extreme_heat,0.781,middle,184.09,0,Telangana,2021,7
Hyderabad,4W,38.36,77.17,59.82,2.53,6,public_slow,240,3.26,8.53,10.06,extreme_heat,0.211,high,195.62,1,Telangana,2023,8
Hyderabad,4W,28.39,94.7,26.44,2,2,public_fast,50.67,4.73,5.86,6.65,extreme_heat,0.102,low,144.77,0,Telangana,2020,7
Hyderabad,4W,36.47,82.11,46.41,2,3,home,316.22,4.4,5.53,9.07,rainy,0.053,low,196.91,0,Telangana,2025,6
Hyderabad,4W,35.34,92.88,2.66,1,4,public_slow,135.63,1.59,0.5,8.94,rainy,0.121,low,190.84,0,Telangana,2021,12
Hyderabad,4W,44.18,102.72,26.44,3,3,public_fast,57.03,2.5,5.88,6.77,humid,0.287,low,265.11,0,Telangana,2023,2
Hyderabad,4W,45.64,88.84,26.44,1,5,public_slow,187.84,2.9,5.2,8.48,clear,0.132,middle,273.81,0,Telangana,2023,4
Hyderabad,4W,36.45,80.83,28.44,4,4,public_fast,180.33,2.9,4.93,9.45,extreme_heat,0.044,middle,185.88,0,Telangana,2025,3
Hyderabad,4W,35.34,94.88,26.08,2,2,public_slow,180.17,7.69,4.3,5.89,extreme_heat,0.226,low,180.25,0,Telangana,2019,7
Hyderabad,4W,39.37,84.45,33.44,3,5,public_fast,57.05,4.01,5.57,8.45,extreme_heat,0.229,low,200.81,1,Telangana,2026,12
Hyderabad,4W,39.99,75.01,26.44,3,5,public_slow,178.14,0.3,5.87,9.01,clear,0.164,middle,239.91,0,Telangana,2026,10
Hyderabad,4W,46.43,83.56,26.89,2,3,public_fast,71.9,1.21,6.54,6.65,clear,0.345,low,278.6,0,Telangana,2022,7
Hyderabad,4W,42.22,93.02,42.89,2,2,public_slow,194.68,0.48,8.63,6.95,humid,0.609,middle,253.34,0,Telangana,2022,2
Hyderabad,4W,44.22,72.45,39.85,4,6,public_fast,41.53,1.41,4.86,8.23,extreme_heat,0.42,low,225.5,1,Telangana,2026,4
Hyderabad,4W,35.89,87.03,15.08,2.53,7,public_slow,145.13,1.42,2.93,9.68,humid,0.389,low,215.36,0,Telangana,2026,7
Hyderabad,4W,43.82,105.1,15.4,2,3,public_fast,62.97,2.49,2.67,5.71,extreme_heat,0.407,high,223.49,0,Telangana,2019,12
Hyderabad,4W,40.81,109.36,47.16,2,2,public_slow,218.04,6.71,7.62,8.43,extreme_heat,0.494,middle,244.84,0,Telangana,2019,5
Hyderabad,4W,37.92,88.39,11.92,4,2,public_fast,57.1,0.68,1.83,7.42,humid,0.554,middle,227.53,0,Telangana,2021,3
Hyderabad,4W,38.99,75.92,19.35,2.53,4,public_slow,114.79,1.04,3.01,9.43,humid,0.256,middle,233.96,0,Telangana,2025,7
Hyderabad,4W,40.5,83.53,4.97,3,2,public_slow,209.68,1.98,0.97,7.1,extreme_heat,0.301,high,206.56,0,Telangana,2022,4
Hyderabad,4W,27.87,87.66,13.05,3,3,home,283.75,2.56,1.74,8.78,rainy,0.211,high,150.47,0,Telangana,2024,5
Hyderabad,4W,45.01,79.49,56.69,2,4,home,210.03,0.47,10.44,9.69,clear,0.442,high,270.04,0,Telangana,2026,9
Hyderabad,4W,38.97,77.27,1,4,4,public_fast,57.1,3.09,0.17,6.86,extreme_heat,0.293,middle,198.74,0,Telangana,2023,7
Hyderabad,4W,47.03,101.48,27.13,3,1,public_fast,57.28,1.2,6.33,5.85,rainy,0.31,middle,253.97,0,Telangana,2020,8
Hyderabad,4W,45.63,88.61,10.53,2,3.23,home,246.89,0.42,1.66,9.73,rainy,0.231,high,246.43,0,Telangana,2023,6
Hyderabad,4W,52.56,90.9,14.71,3,3,home,320.43,2.02,2.71,9.2,rainy,0.451,middle,283.8,0,Telangana,2024,3
Hyderabad,4W,41.22,86.43,41.55,3,5,public_slow,289.56,0.03,8.47,10.27,humid,0.569,high,247.34,0,Telangana,2026,7
Hyderabad,4W,35.61,90,36.22,2,2,public_slow,136.06,2.47,6.79,5.58,humid,0.336,middle,213.67,0,Telangana,2023,8
Hyderabad,4W,39.55,83.49,39.79,3,4,home,302.72,0.82,7.61,8.43,rainy,0.153,middle,213.59,0,Telangana,2023,7
Hyderabad,4W,46.6,96.82,41.7,2,2,public_slow,164.24,2.04,10.03,6.39,humid,0.29,middle,279.62,0,Telangana,2019,6
Hyderabad,4W,46.77,98.57,22.55,3,5,public_slow,189.74,1.13,3.16,7,rainy,0.223,middle,252.56,0,Telangana,2022,6
Hyderabad,4W,48.53,85.73,23.55,3,2,public_slow,176.68,2.06,4.54,9.1,extreme_heat,0.083,middle,247.48,0,Telangana,2023,8
Hyderabad,4W,31.51,87.92,33.07,4,3,public_slow,249.73,1.58,5.31,6.02,clear,0.367,low,189.08,0,Telangana,2022,2
Hyderabad,4W,34.99,99.79,36.34,2,4,public_fast,180.33,0.9,5.55,7.72,extreme_heat,0.537,low,178.45,0,Telangana,2021,12
Hyderabad,4W,36.66,99.79,25.22,4,2,public_slow,234.83,0.65,3.99,5.31,extreme_heat,0.174,low,186.97,0,Telangana,2020,6
Hyderabad,4W,39.95,92.12,7.71,2,1,public_fast,180.33,0.63,0.96,6.86,extreme_heat,0.158,high,239.7,0,Telangana,2020,1
Hyderabad,4W,47.64,89.83,21.14,1,3,public_slow,181.52,2.09,4.68,7.72,extreme_heat,0.29,low,242.96,0,Telangana,2024,9
Hyderabad,4W,43.18,83.26,1.07,2,4,public_fast,40.66,0.63,0.15,7.68,humid,0.096,middle,259.1,0,Telangana,2022,4
Hyderabad,4W,46.02,92.67,19.84,1,2,home,348.98,0.61,2.94,5.69,rainy,0.121,high,248.52,0,Telangana,2020,11
Hyderabad,4W,29.69,87.8,27.94,4,6,public_fast,82.74,1.23,4.17,7.02,extreme_heat,0.591,low,151.42,0,Telangana,2024,4
Hyderabad,4W,37.69,90.18,34.66,3,3.23,public_slow,177.65,3.87,7.14,8.71,rainy,0.29,low,203.55,0,Telangana,2023,7
Hyderabad,4W,43.06,93.04,32.04,4,4,public_fast,43.24,1.78,5.44,6.81,extreme_heat,0.167,low,219.59,0,Telangana,2024,8
Hyderabad,4W,30.95,86.95,17.13,2.53,3,public_fast,97.43,0.32,3.5,8.94,humid,0.372,middle,185.69,0,Telangana,2025,4
Hyderabad,4W,41.45,94.1,13.49,4,2,public_fast,65.54,1.39,1.87,5.59,extreme_heat,0.109,low,211.39,0,Telangana,2021,8
Hyderabad,4W,41.05,91.39,19.5,1,4,public_slow,173.89,1.9,3.02,7.51,rainy,0.399,middle,221.65,0,Telangana,2024,11
Hyderabad,4W,45.68,91.6,28.47,5,3.23,public_fast,6.56,3.54,5.77,7.7,rainy,0.157,middle,246.66,0,Telangana,2022,7
Hyderabad,4W,34.27,77.68,38.23,3,4,public_slow,112.85,1.15,5.91,8.49,extreme_heat,0.259,middle,174.78,0,Telangana,2024,8
Hyderabad,4W,36.94,81.4,10.37,1,3,public_slow,249.77,0.33,1.94,9.52,extreme_heat,0.247,middle,188.4,0,Telangana,2023,12
Hyderabad,4W,37.86,76.59,13.31,2,5,public_fast,101.83,0.66,2.36,9.28,humid,0.39,middle,227.17,0,Telangana,2026,1
Hyderabad,4W,49.63,86.09,38.92,2.53,5,public_slow,226.73,0.33,7.67,7.93,rainy,0.69,low,267.99,0,Telangana,2023,8
Hyderabad,4W,42.59,94.54,13.74,3,3,public_slow,224.36,1.79,4.37,7.2,clear,0.196,middle,255.54,0,Telangana,2021,10
Hyderabad,4W,39.23,89.37,86.96,1,2,public_slow,225.14,0.86,6.48,5.91,clear,0.178,low,235.39,0,Telangana,2019,9
Hyderabad,4W,43.25,95.27,12.8,2,3,public_slow,254.04,2.59,2.16,7.06,humid,0.126,middle,259.5,0,Telangana,2021,10
Hyderabad,4W,39.99,89.14,34.13,2,4,public_fast,54.44,0.01,4.88,9.01,rainy,0.212,low,184.37,0,Telangana,2026,7
Hyderabad,4W,39.99,75.65,27.57,2,4,home,241.7,8.87,4.14,9.3,rainy,0.184,middle,228.15,0,Telangana,2023,8
Hyderabad,4W,36.39,89.38,1,1,3,public_slow,175.41,0.13,0.17,9.65,humid,0.531,high,224.79,0,Telangana,2025,4
Hyderabad,4W,35.57,86.19,20.74,1,6,home,259.49,0.88,3.08,10.69,rainy,0.499,middle,224.79,0,Telangana,2025,4
Hyderabad,4W,39.99,86.06,9.09,3,4,public_slow,130.81,0.44,2.34,7.72,rainy,0.494,low,239.46,0,Telangana,2026,1
Hyderabad,4W,44.07,83.92,20.32,3,7,public_fast,51.41,2.43,5.75,10.86,humid,0.373,low,264.43,0,Telangana,2025,1
Hyderabad,4W,38.35,86.52,33.48,5,5,public_slow,134.7,0.4,5.82,10.31,clear,0.499,high,230.09,0,Telangana,2025,10
Hyderabad,4W,38.92,93.47,13.37,4,2,public_slow,179.29,4.36,4.37,6.98,clear,0.23,low,233.53,0,Telangana,2021,1
Hyderabad,4W,40.24,89.37,39.3,1,3,public_fast,28.26,1.48,4.37,6.77,clear,0.491,middle,241.47,0,Telangana,2021,8
Hyderabad,4W,46.14,101.43,56.99,4,2,public_slow,179.29,1.06,8.19,7.88,humid,0.29,middle,276.84,0,Telangana,2021,12
Hyderabad,4W,49.62,94.39,18.17,3,1,public_slow,151.1,0.76,2.82,8.2,extreme_heat,0.265,middle,253.05,0,Telangana,2021,8
Hyderabad,4W,41.89,95.95,8.74,3,3,public_fast,81.31,6.71,1.3,9.16,clear,0.079,low,251.34,0,Telangana,2022,10
Hyderabad,4W,40.65,83.43,16.08,2,4,public_fast,70.27,0.4,2.35,9.73,clear,0.409,low,243.9,0,Telangana,2026,10
Hyderabad,4W,36.28,94.87,27.07,3,1,home,217.46,3.81,4.33,5.49,humid,0.23,high,217.66,0,Telangana,2023,8
Hyderabad,4W,39.99,83.8,11.12,4,3,public_fast,62.3,5.29,2.04,7.3,rainy,0.29,middle,173.96,0,Telangana,2026,9
Hyderabad,4W,37.46,80.95,19.4,1,4,public_fast,63.09,1.43,5.18,7.88,extreme_heat,0.29,high,191.03,0,Telangana,2025,8
Hyderabad,4W,42.12,78.67,26.79,3,5,public_fast,43.67,0.99,4.03,9.92,humid,0.27,low,252.71,0,Telangana,2026,3
Hyderabad,4W,36.15,101.63,17.38,3,1,home,290.33,11.06,3.39,4.56,clear,0.285,low,216.92,0,Telangana,2019,8
Hyderabad,4W,38.28,92.08,50.38,3,1,public_slow,246.53,0.16,9.37,6.47,rainy,0.143,high,206.71,0,Telangana,2020,4
Hyderabad,4W,43.28,98.62,32.34,2,2,public_slow,97.45,1.47,6.67,7.03,rainy,0.153,middle,233.7,0,Telangana,2022,12
Hyderabad,4W,44.35,73.48,20.57,3,6,public_fast,77.81,2.62,3.45,11.23,clear,0.246,high,266.08,1,Telangana,2026,7
Hyderabad,4W,40.53,84.21,2.99,2,5,home,336.57,1.13,4.37,7.93,extreme_heat,0.163,low,206.7,0,Telangana,2023,8
Hyderabad,4W,44.25,82.44,29.91,2,2,public_slow,217.89,1.44,5.64,6.35,clear,0.411,low,265.48,0,Telangana,2022,3
Hyderabad,4W,38.41,79.56,84.73,2,4,home,250.92,0.58,6.02,7.48,humid,0.102,low,230.44,0,Telangana,2025,3
Hyderabad,4W,43.26,82.81,18.01,2,3,public_slow,242.47,1.8,3.47,7.02,rainy,0.307,low,233.61,0,Telangana,2022,11
Hyderabad,4W,43.96,84,18.91,1,3,public_fast,53.46,0.14,3.66,8.24,humid,0.313,low,263.78,0,Telangana,2025,12
Hyderabad,4W,40.94,89.37,9.71,3,5,public_fast,72.33,2.96,1.79,7.26,humid,0.253,low,245.62,0,Telangana,2026,3
Hyderabad,4W,27.37,85.66,41.89,2.53,6,home,386.47,2.78,6.27,7.98,rainy,0.15,middle,147.81,0,Telangana,2024,6
Hyderabad,4W,36.56,87.21,20.6,4,5,public_fast,66.8,6.77,2.9,7.37,rainy,0.337,low,197.4,1,Telangana,2025,5
Hyderabad,4W,39.48,75.1,30.83,2,7,home,298.18,1.18,5.68,9.76,extreme_heat,0.472,low,201.34,0,Telangana,2026,11
Hyderabad,4W,35.6,84.63,67.14,3,4,public_slow,152.28,5.78,11.04,9.36,rainy,0.097,middle,192.25,0,Telangana,2026,2
Hyderabad,4W,43.19,77.48,19.25,3,5,public_slow,199.55,3.46,4.05,10.34,extreme_heat,0.404,low,220.24,1,Telangana,2026,8
Hyderabad,4W,41.63,104.13,35.33,4,1,home,447.25,0.55,7.38,6.86,extreme_heat,0.256,middle,212.29,0,Telangana,2019,10
Hyderabad,4W,39.99,87.55,15.41,1,4,public_fast,180.33,0.18,2.5,8.7,extreme_heat,0.23,middle,165.52,0,Telangana,2024,4
Hyderabad,4W,41.62,73.18,32.36,1,4,public_fast,180.33,0.84,6.87,9.4,extreme_heat,0.511,low,212.27,0,Telangana,2026,5
Hyderabad,4W,36.66,75.65,1,3,3.23,public_slow,158.91,0.46,0.15,10.93,extreme_heat,0.392,middle,186.96,0,Telangana,2026,2
Hyderabad,4W,33.26,99.38,1,2,1,home,387.43,1.67,0.17,4.7,rainy,0.399,middle,179.61,0,Telangana,2019,3
Hyderabad,4W,41.87,76.91,24.6,3,6,public_slow,229.59,0.84,6.49,8.21,extreme_heat,0.294,low,213.51,0,Telangana,2025,7
Hyderabad,4W,37.79,87.17,19.94,2,3.23,home,291.56,2.28,3.63,8.72,humid,0.092,low,226.72,0,Telangana,2023,11
Hyderabad,4W,45,84.89,6.35,3,4,public_slow,272.73,4.78,0.98,8.31,humid,0.272,high,270.02,0,Telangana,2024,10
Hyderabad,4W,43.16,82.09,36.08,2,3,public_fast,87.83,1.21,4.73,8.64,clear,0.405,middle,258.99,0,Telangana,2024,9
Hyderabad,4W,48.92,99.11,51.37,3,4,home,341.61,1.48,10.63,6.2,clear,0.073,middle,293.5,0,Telangana,2021,12
Hyderabad,4W,40.17,86.81,53.92,2,4,public_fast,74.59,0.94,2.5,9.74,clear,0.44,high,241.02,0,Telangana,2024,6
Hyderabad,4W,45.45,95.99,10.23,5,4,public_fast,77.09,2.81,1.63,8.28,extreme_heat,0.52,low,231.79,0,Telangana,2021,9
Hyderabad,4W,41.74,103.11,30.13,1,1,public_fast,60.21,6.07,5.27,5.33,rainy,0.315,middle,225.41,0,Telangana,2019,6
Hyderabad,4W,54.24,111.23,10.93,2,1,public_fast,66.28,0.89,2.53,5.74,clear,0.162,middle,325.43,0,Telangana,2020,9
Hyderabad,4W,52.99,97.38,50.28,3,1,public_fast,58.28,3.54,7.64,8.47,rainy,0.318,middle,286.14,0,Telangana,2022,7
Hyderabad,4W,50.73,85.63,22.12,3,3,home,266.87,3.08,3.7,7.05,rainy,0.441,low,273.96,0,Telangana,2024,6
Hyderabad,4W,41.86,83.89,23.49,3,2,home,250.77,1.53,4.87,8.87,clear,0.098,middle,251.17,0,Telangana,2023,9
Hyderabad,4W,38.2,97.1,15.11,1,4,public_slow,244.66,0.78,2.43,6.21,humid,0.653,low,229.21,0,Telangana,2020,4
Hyderabad,4W,47.67,97.95,3.63,4,1,home,180.33,3.81,0.63,6.7,extreme_heat,0.373,low,243.1,0,Telangana,2020,2
Hyderabad,4W,37.76,82.27,25.68,3,5,public_fast,102.88,1.22,3.45,10.12,clear,0.26,high,226.53,0,Telangana,2026,10
Hyderabad,4W,39.26,79.32,40.88,4,6,public_fast,61.71,0.66,5.88,9.62,humid,0.184,middle,235.58,0,Telangana,2023,8
Hyderabad,4W,46.67,87.59,12.96,3,5,public_fast,37.66,2.11,2.74,10.27,humid,0.347,middle,280.02,0,Telangana,2025,10
Hyderabad,4W,44.43,77.55,30.56,3,3,public_slow,225.95,1.12,4.9,9.31,rainy,0.229,middle,239.94,0,Telangana,2025,5
Hyderabad,4W,37.92,100.13,34.27,3,1,public_slow,202.73,0.6,5.82,6.2,extreme_heat,0.032,low,193.4,0,Telangana,2019,12
Hyderabad,4W,32.4,83.22,42.67,2,5,public_fast,63.09,3.69,7.02,11.28,clear,0.193,low,194.41,1,Telangana,2025,9
Hyderabad,4W,41.06,81.57,26.44,3,5,public_fast,180.33,0.91,3.57,9.81,extreme_heat,0.228,middle,209.42,0,Telangana,2026,7
Hyderabad,4W,31.22,88.56,34.37,3,3,public_slow,162.28,4.86,5.7,5.88,extreme_heat,0.266,low,159.21,0,Telangana,2021,4
Hyderabad,4W,35.42,80.63,27.41,4,5,public_slow,120.51,0.03,4.44,8,humid,0.559,middle,212.49,0,Telangana,2024,4
Hyderabad,4W,36.12,83.61,1,1,4,public_fast,68.99,3.18,0.18,10.76,extreme_heat,0.345,low,184.21,0,Telangana,2026,9
Hyderabad,4W,42.24,91.65,26.26,2,2,public_fast,68.61,1.13,4.37,7.52,humid,0.312,high,253.46,0,Telangana,2021,9
Hyderabad,4W,32.79,79.07,44.55,2,5,home,244.68,0.15,5.76,8.94,extreme_heat,0.034,low,167.23,0,Telangana,2025,8
Hyderabad,4W,36.45,97.65,141.05,2,2,home,291.06,0.08,12.67,8.17,humid,0.064,middle,218.7,0,Telangana,2020,6
Hyderabad,4W,37.42,88.81,11.76,3,3,public_fast,48.47,2.75,1.57,8.19,humid,0.289,middle,224.53,0,Telangana,2024,11
Hyderabad,4W,44.17,87.36,8.68,3,5,public_fast,180.33,0.57,2.02,8.64,humid,0.264,middle,265.03,0,Telangana,2023,4
Hyderabad,4W,37.49,88.12,30.93,3,2,public_fast,23.7,2.69,3.99,6.88,rainy,0.183,middle,202.47,0,Telangana,2021,9
Hyderabad,4W,41.98,87.49,26.34,3,4,home,271.08,1.81,4.54,7.64,rainy,0.205,middle,226.7,0,Telangana,2025,5
Hyderabad,4W,40.47,86.86,14.56,1,5,public_slow,115.02,0.26,2.46,9.37,clear,0.442,high,242.84,0,Telangana,2025,10
Hyderabad,4W,29.8,78.29,14.34,1,6,public_slow,160.84,0.29,2.1,9.97,clear,0.396,middle,178.79,0,Telangana,2026,9
Hyderabad,4W,40.63,89.1,41.49,2,2,public_fast,81.92,1.09,5.77,6.39,humid,0.681,low,243.78,0,Telangana,2021,8
Hyderabad,4W,46.74,82.4,17.59,3,1,public_slow,204.79,0.19,2.31,7.52,humid,0.501,low,280.45,0,Telangana,2020,4
Hyderabad,4W,41.39,92.6,57.51,2,2,home,276.58,0.35,8.58,8.4,rainy,0.057,high,223.52,0,Telangana,2020,3
Hyderabad,4W,38.57,84.29,32.45,2,3,home,351.48,0.27,5.8,8.86,extreme_heat,0.099,low,196.72,0,Telangana,2023,1
Hyderabad,4W,49.18,88.42,4.88,3,3,public_slow,149.6,0.95,4.37,6.49,extreme_heat,0.481,low,250.81,0,Telangana,2021,7
Hyderabad,4W,28.31,94.27,3.21,2,3,public_slow,141.24,2.13,0.48,5.4,clear,0.412,low,169.84,0,Telangana,2019,11
Hyderabad,4W,48.76,100.05,19.42,2,4,public_slow,219.53,1.4,3.74,5.32,extreme_heat,0.185,middle,248.69,0,Telangana,2020,7
Hyderabad,4W,35.71,99.54,44.3,1,1,public_slow,180.33,0.55,7.61,6.97,clear,0.485,low,214.23,0,Telangana,2019,12
Hyderabad,4W,41.61,85.29,32.67,4,6,public_slow,260.86,0.1,7.79,8.72,humid,0.449,middle,249.65,0,Telangana,2024,8
Hyderabad,4W,27.62,95.58,17.93,3,4,home,314.43,3.49,3.49,5.36,clear,0.238,high,165.72,0,Telangana,2021,11
Hyderabad,4W,54.23,95.08,12.73,1,2,public_fast,72.53,0.41,2.13,6.93,extreme_heat,0.153,high,224.79,0,Telangana,2021,11
Hyderabad,4W,33.46,82.27,32.96,4,4,public_slow,248.82,0.03,5.97,7.7,clear,0.269,high,200.77,0,Telangana,2021,11
Hyderabad,4W,44.27,73.08,24.73,3,5,public_slow,304.79,1.24,5.39,7.72,rainy,0.424,high,239.04,1,Telangana,2026,9
Hyderabad,4W,41.26,94.92,33.53,3,2,public_slow,253.4,0.1,4.65,7.72,extreme_heat,0.162,low,210.43,0,Telangana,2019,2
Hyderabad,4W,38.63,93.21,39.52,4,3,home,314.63,1.32,8.14,8.42,humid,0.484,high,231.77,0,Telangana,2022,2
Hyderabad,4W,40.42,99.01,37.83,1,2,public_fast,99.05,2.07,5.83,7.04,clear,0.381,middle,242.54,0,Telangana,2021,11
Hyderabad,4W,38.46,86.39,30.1,2,1,public_slow,180.33,2.35,5.34,7.25,rainy,0.29,low,207.68,0,Telangana,2023,12
Hyderabad,4W,33.39,103.44,17.42,1,1,public_slow,255.31,0.25,2.76,7.02,rainy,0.313,middle,180.31,0,Telangana,2019,7
Hyderabad,4W,31.45,75.2,26.44,2,5,home,208.67,1.08,8.35,9.73,humid,0.413,low,188.69,0,Telangana,2025,7
Hyderabad,4W,41.2,74.06,28.88,2,3,home,332.53,1.23,3.73,9.47,extreme_heat,0.256,middle,210.1,0,Telangana,2025,5
Hyderabad,4W,42.04,102.93,10.39,1,3,public_fast,63.4,1.45,1.65,6.52,extreme_heat,0.437,low,214.42,0,Telangana,2019,10
Hyderabad,4W,42.41,100.55,12.71,2,1,public_slow,162.15,0.92,2.1,7.15,humid,0.186,middle,254.48,0,Telangana,2019,9
Hyderabad,4W,39.99,105.25,30.04,2.53,2,home,180.14,5.11,6.08,4.73,humid,0.29,middle,171.75,0,Telangana,2019,10
Hyderabad,4W,35.55,106.44,6.75,2,1,public_slow,196.44,1.4,0.86,4.83,clear,0.049,middle,213.33,0,Telangana,2020,1
Hyderabad,4W,38.69,98.08,19.53,5,1,public_slow,187.56,1.36,2.53,5.66,rainy,0.37,high,208.92,0,Telangana,2019,8
Hyderabad,4W,43.22,79.49,35.67,2,4,public_fast,59.91,2.54,6.85,8.68,extreme_heat,0.042,high,220.4,0,Telangana,2024,2
Hyderabad,4W,43.8,92.06,46.86,2,3.23,public_slow,186.32,0.84,10.36,8.44,clear,0.5,low,262.8,0,Telangana,2023,8
Hyderabad,4W,42.3,79.54,14.74,5,3,home,211.58,0.09,2.51,10.86,humid,0.647,high,253.79,0,Telangana,2025,8
Hyderabad,4W,40.35,79.35,34.53,3,5,public_fast,43.36,0.54,5.45,12.02,clear,0.235,low,242.09,0,Telangana,2026,4
Hyderabad,4W,42.52,97.48,26.95,2,3,public_fast,51.96,0.65,4.12,5.58,rainy,0.222,low,229.59,0,Telangana,2019,7
Hyderabad,4W,39.99,85.14,26.44,1,5,home,311.7,5.81,5.04,6.82,rainy,0.274,middle,205.46,1,Telangana,2025,5
Hyderabad,4W,43.74,101.93,26.44,2,1,public_fast,180.33,7.54,7.42,5.53,rainy,0.463,middle,236.18,0,Telangana,2019,12
Hyderabad,4W,43.35,104.04,10.28,2.53,2,public_fast,72.39,1.98,1.28,4.96,humid,0.389,middle,260.07,0,Telangana,2020,2
Hyderabad,4W,42.92,89.37,42.06,3,1,public_slow,135.9,4.36,7.2,6.15,extreme_heat,0.149,low,218.89,0,Telangana,2019,10
Hyderabad,4W,48.78,96.39,34.97,2,3,home,288.7,1.84,6.65,7.72,humid,0.065,high,292.67,0,Telangana,2020,10
Hyderabad,4W,35.86,89.54,32.17,2,2,home,277.25,0.32,4.13,7.82,humid,0.29,low,215.14,0,Telangana,2021,4
Hyderabad,4W,36.71,98.66,25.03,4,1,home,360.05,2.68,4.89,7.31,rainy,0.148,middle,198.24,0,Telangana,2022,4
Hyderabad,4W,43.13,80.11,7.95,3,7,public_slow,176.96,1.92,1.22,7.14,humid,0.311,low,258.8,0,Telangana,2024,11
Hyderabad,4W,52,88.89,58.51,2,4,public_slow,191.84,3.94,13.5,7.72,rainy,0.221,high,280.79,0,Telangana,2022,9
Hyderabad,4W,36.34,88.21,1,4,2,public_fast,31.39,0.85,0.15,7.12,humid,0.185,low,218.05,0,Telangana,2022,1
Hyderabad,4W,35.57,86.98,27.43,1,6,public_slow,134.61,2.61,3.89,8.31,rainy,0.209,middle,192.1,0,Telangana,2025,6
Hyderabad,4W,26.31,98.69,33.78,1,3.23,public_slow,85.07,1.96,6.17,5.98,humid,0.24,low,157.88,0,Telangana,2020,8
Hyderabad,4W,41.27,104.57,3.6,4,3.23,public_slow,107.75,3.71,0.58,7.5,clear,0.052,low,247.64,0,Telangana,2020,3
Hyderabad,4W,33.56,92.26,47.45,2,4,public_fast,57.8,2.44,7.02,8.31,extreme_heat,0.367,high,171.13,0,Telangana,2022,11
Hyderabad,4W,35.91,80,30.21,3,4,home,352.83,0.74,6.26,8.63,extreme_heat,0.289,low,183.16,0,Telangana,2026,9
Hyderabad,4W,39.26,89.37,45.84,1,3,public_fast,87.75,7.69,5.5,7.39,extreme_heat,0.284,high,212.03,0,Telangana,2024,8
Hyderabad,4W,47.5,90.09,48.07,2.53,3,public_fast,39.02,2.32,6.15,8.35,clear,0.097,middle,285.01,0,Telangana,2023,8
Hyderabad,4W,36.85,81.94,29.53,5,4,public_slow,184.57,1.47,4.32,8.82,clear,0.236,low,221.13,0,Telangana,2024,4
Hyderabad,4W,44.51,78.78,30.58,4,6,home,242.67,0.53,4.7,8.76,humid,0.353,low,267.04,0,Telangana,2026,1
Hyderabad,4W,41.43,103.33,22.92,3,1,public_slow,264.55,1.43,2.78,7.04,rainy,0.229,high,223.74,0,Telangana,2021,10
Hyderabad,4W,41.5,87.7,52.29,1,6,home,327.46,0.25,6.51,11.24,rainy,0.29,middle,224.11,0,Telangana,2026,6
Hyderabad,4W,41.76,77.97,1.79,2,5,home,366.16,0,0.26,7.72,extreme_heat,0.164,low,212.97,0,Telangana,2026,10
Hyderabad,4W,26.37,93.08,13.93,2,5,public_slow,192.78,1.21,1.93,5.8,extreme_heat,0.439,low,134.5,0,Telangana,2023,5
Hyderabad,4W,39.72,85.5,54.46,2,2,home,369.07,2.86,7.9,8.35,humid,0.45,middle,238.32,0,Telangana,2023,8
Hyderabad,4W,35.58,92.69,29.9,3,3,public_fast,63.92,0.62,6.34,8.7,extreme_heat,0.303,middle,181.45,0,Telangana,2023,12
Hyderabad,4W,46.84,107.7,1.36,3,1,public_slow,220.13,0.6,0.22,7.06,extreme_heat,0.703,low,238.88,0,Telangana,2019,11
Hyderabad,4W,37.9,92.79,18.85,4,2,public_fast,83.09,6.8,2.87,5.5,humid,0.164,high,227.4,0,Telangana,2021,2
Hyderabad,4W,32.44,90.41,16.01,4,1,public_fast,53.79,0.32,2.81,8.89,humid,0.419,middle,194.67,0,Telangana,2021,7
Hyderabad,4W,38.16,91.33,42.15,2.53,4,public_fast,46.63,1.45,5.86,9.11,rainy,0.712,low,206.09,0,Telangana,2024,4
Hyderabad,4W,36.2,78.65,1,2,4,public_slow,228.79,1.34,0.15,8.66,humid,0.251,middle,217.18,0,Telangana,2026,12
Mumbai,4W,44.77,88.26,20.27,2,5,public_slow,149.09,0.68,3.33,8.26,humid,0.187,high,268.62,0,Maharashtra,2024,2
Mumbai,4W,35.53,83.33,48.41,1,4,public_fast,70.99,7.45,7.82,7.23,rainy,0.416,low,191.89,0,Maharashtra,2024,9
Mumbai,4W,33.16,102.68,40.91,5,3.23,home,250.33,3.82,5.27,5.7,rainy,0.158,middle,179.05,0,Maharashtra,2019,3
Mumbai,4W,42.46,73.85,24.25,2,5,public_slow,149.7,3.19,4.37,8.14,extreme_heat,0.207,middle,216.53,1,Maharashtra,2026,10
Mumbai,4W,39.45,86.66,38.1,2,3,public_fast,41.97,1.1,5.73,7.44,rainy,0.44,middle,224.79,0,Maharashtra,2025,1
Mumbai,4W,30.99,81.77,1,2,4,public_fast,65.67,0.13,0.13,7.71,extreme_heat,0.506,low,158.04,0,Maharashtra,2024,5
Mumbai,4W,43.89,76.24,12.73,2,3.23,public_fast,56.6,1.16,2.49,9.05,extreme_heat,0.28,middle,223.85,0,Maharashtra,2026,7
Mumbai,4W,48.52,94.23,24.07,3,4,home,278.01,6.05,3.84,6.3,extreme_heat,0.166,high,247.45,0,Maharashtra,2023,11
Mumbai,4W,41.57,84.97,31.84,2.53,3,public_fast,46.11,2.05,4.88,6.85,humid,0.03,middle,249.4,0,Maharashtra,2023,12
Mumbai,4W,45.04,85.25,1,2,5,home,369.88,3.76,0.21,7.91,clear,0.436,high,270.24,1,Maharashtra,2023,1
Mumbai,4W,36.42,96.95,48.63,5,2,public_fast,62.36,0.08,10.63,5.33,clear,0.467,low,218.55,0,Maharashtra,2019,9
Mumbai,4W,39.61,89.37,38.38,3,4,home,341.92,3.98,7.82,9.03,rainy,0.056,middle,213.89,1,Maharashtra,2025,10
Mumbai,4W,42.1,87.8,1,1,3.23,public_slow,146.5,0.02,0.15,7.72,extreme_heat,0.241,middle,227.33,0,Maharashtra,2023,8
Mumbai,4W,52.19,73.45,43.45,3,5,public_slow,235.53,0.07,6.91,9.72,clear,0.241,low,313.12,1,Maharashtra,2025,7
Mumbai,4W,38.11,71.62,40.34,4,4,public_slow,125.18,0.09,6.79,9.59,humid,0.559,middle,228.69,0,Maharashtra,2026,2
Mumbai,4W,40.94,81.06,28.05,3,5,public_slow,218.5,1.75,7.44,7.27,rainy,0.579,low,221.07,0,Maharashtra,2024,2
Mumbai,4W,39.84,89.29,46.61,3,4,public_slow,151.31,2.88,2.65,5.97,rainy,0.15,low,215.15,0,Maharashtra,2023,3
Mumbai,4W,47.4,71.44,33.02,3,4,public_slow,135.69,1.15,4.37,7.63,extreme_heat,0.227,low,241.76,0,Maharashtra,2026,7
Mumbai,4W,38.05,102.58,15.21,3,1,public_slow,158.88,1.46,2.07,7.35,rainy,0.294,low,205.46,0,Maharashtra,2019,7
Mumbai,4W,35.52,78.84,32.7,3,1,public_fast,42.7,1.42,6.44,6.48,rainy,0.103,middle,191.79,0,Maharashtra,2021,2
Mumbai,4W,40.75,84.74,44.09,2,5,home,184.76,3.13,8.19,9.27,rainy,0.173,low,224.79,1,Maharashtra,2025,10
Mumbai,4W,45.61,108,47.92,2,2,public_fast,54.95,3.36,7.17,2.76,clear,0.47,middle,273.64,0,Maharashtra,2019,7
Mumbai,4W,37.7,81.86,29.1,1,4,public_fast,81.39,1.52,4.3,8.79,humid,0.14,middle,226.19,0,Maharashtra,2025,9
Mumbai,4W,37.58,91.43,15.49,4,3,home,224.39,1.38,2.86,8.38,rainy,0.449,middle,202.95,0,Maharashtra,2023,1
Mumbai,4W,37.64,85.94,41.45,3,3,public_fast,70.45,0.97,8.57,6.97,rainy,0.094,low,203.27,0,Maharashtra,2022,10
Mumbai,4W,44.11,102.4,24.97,5,2,home,307.38,0.14,3.52,6.45,humid,0.164,high,264.66,0,Maharashtra,2021,2
Mumbai,4W,47.41,89.37,37.14,2,5,public_fast,29.94,1.77,5.95,7.96,rainy,0.412,high,256.04,0,Maharashtra,2025,7
Mumbai,4W,34.21,93.55,9.73,2,2,public_slow,140.82,1.77,1.52,7.36,extreme_heat,0.547,low,174.48,0,Maharashtra,2022,10
Mumbai,4W,44.88,77,10.58,1,5,home,180.33,0.45,1.39,9.74,rainy,0.15,high,242.34,0,Maharashtra,2025,1
Mumbai,4W,41.41,91.95,82.25,2,1,public_fast,50.27,0.73,6.31,6.7,extreme_heat,0.226,middle,211.2,0,Maharashtra,2020,7
Mumbai,4W,44.68,85.65,36.86,1,4,public_slow,194.58,3.49,5.91,9.67,extreme_heat,0.172,low,227.88,0,Maharashtra,2023,6
Mumbai,4W,44.23,86.57,1,3,1,public_fast,30.59,0.26,0.16,8.86,clear,0.275,low,265.36,0,Maharashtra,2022,6
Mumbai,4W,31.34,88.08,45.23,2,2,public_slow,217.48,2.56,6.43,8.3,extreme_heat,0.47,high,159.85,0,Maharashtra,2024,2
Mumbai,4W,36.58,93.54,24.42,3,1,public_fast,88.46,4.45,4.32,6.71,rainy,0.133,low,197.53,0,Maharashtra,2020,3
Mumbai,4W,43.47,89.37,23.1,1,4,public_fast,61.43,1.22,3.49,5.54,extreme_heat,0.604,middle,221.71,0,Maharashtra,2022,6
Mumbai,4W,44.88,89.37,15.93,3,4,home,255.22,1.93,4.4,10.33,rainy,0.308,high,242.38,0,Maharashtra,2026,1
Mumbai,4W,36.3,81.6,32.55,3,4,home,180.33,0.62,4.32,8.76,humid,0.29,middle,217.81,0,Maharashtra,2024,7
Mumbai,4W,40.06,82.56,24.76,1,3,home,466.99,1.47,4.03,7.72,extreme_heat,0.525,low,240.39,0,Maharashtra,2023,6
Mumbai,4W,42.28,89.37,148.99,3,3,public_slow,154.88,0.61,8,8.04,clear,0.14,low,253.7,0,Maharashtra,2023,7
Mumbai,4W,42.69,93.65,12.63,1,3,public_fast,55.27,9.15,2.16,9.32,humid,0.209,low,256.14,0,Maharashtra,2024,4
Mumbai,4W,39.48,91.68,36.27,3,3,public_slow,180.33,1.25,5.21,9.13,humid,0.126,high,236.86,0,Maharashtra,2020,3
Mumbai,4W,39.52,78.51,14.15,3,1,public_fast,50.11,0.52,2.43,8.54,humid,0.126,high,237.14,0,Maharashtra,2024,2
Mumbai,4W,34.56,80.07,13.5,4,4,public_slow,190.34,0.6,2.89,9.17,extreme_heat,0.601,high,176.28,0,Maharashtra,2026,3
Mumbai,4W,42.6,81.29,43.97,1,4,public_fast,40.34,1.15,7.92,7.94,clear,0.372,middle,255.59,0,Maharashtra,2025,4
Mumbai,4W,47,97.46,28.62,3,3,public_slow,78.78,8.93,6,6.76,extreme_heat,0.214,low,239.71,0,Maharashtra,2023,6
Mumbai,4W,41.64,90.76,18.16,4,3,public_slow,192.99,0.28,2.75,6.62,extreme_heat,0.102,middle,212.37,0,Maharashtra,2020,8
Mumbai,4W,41.35,82.7,1,1,3,public_fast,73.6,4.19,0.17,10.04,rainy,0.039,middle,223.31,0,Maharashtra,2024,3
Mumbai,4W,33.95,87.22,19.32,4,3,public_fast,36.18,0.78,2.83,6.83,clear,0.496,high,203.68,0,Maharashtra,2021,12
Mumbai,4W,40.91,76.77,19.48,2.53,5,public_slow,187.39,1.35,3.98,8.54,clear,0.281,low,245.48,0,Maharashtra,2026,1
Mumbai,4W,45.67,109.27,2,2.53,1,public_fast,42.35,2.3,0.34,6.93,humid,0.469,low,274.04,0,Maharashtra,2019,6
Mumbai,4W,45.01,76.73,21.1,2,5,public_slow,183.56,0.74,2.92,9.11,rainy,0.381,middle,243.07,0,Maharashtra,2026,2
Mumbai,4W,41.12,94.74,59.07,5,1,public_fast,79.51,0.88,7.46,6.39,humid,0.371,low,246.73,0,Maharashtra,2020,12
Mumbai,4W,38.54,91.11,22.18,1,4,public_fast,38.64,2.01,3.29,7.72,clear,0.765,middle,231.26,0,Maharashtra,2023,12
Mumbai,4W,39.06,82.31,31.16,2,3,public_slow,149.7,6.78,4.28,7.39,humid,0.097,middle,234.35,0,Maharashtra,2023,4
Mumbai,4W,40.04,82.99,144.41,3,4,home,300.64,2.29,8.21,9.76,humid,0.395,low,240.24,0,Maharashtra,2025,10
Mumbai,4W,49.39,83.44,16.26,2,4,home,248.63,2.96,3.3,8.39,humid,0.859,high,296.34,0,Maharashtra,2025,12
Mumbai,4W,44.27,80.36,60.03,5,6,home,218.03,0.35,11.21,9.72,rainy,0.487,middle,239.07,0,Maharashtra,2026,9
Mumbai,4W,44.95,85.1,5.27,3,1,home,224.63,0.1,0.92,6.71,rainy,0.252,low,242.75,0,Maharashtra,2022,5
Mumbai,4W,42.14,90.9,39.83,2.53,4,public_slow,185.92,0.74,7.24,7.72,clear,0.208,low,252.87,0,Maharashtra,2024,1
Mumbai,4W,43.35,103.1,4.76,1,1,public_slow,167.47,0.78,0.67,9.66,extreme_heat,0.134,middle,221.1,0,Maharashtra,2020,3
Mumbai,4W,38.42,85.46,1,3,3,public_fast,61.82,2.42,0.17,7.99,clear,0.639,low,230.51,0,Maharashtra,2025,12
Mumbai,4W,33.53,86.75,16.19,4,5,public_fast,53.75,2.62,2.5,8.95,extreme_heat,0.36,low,171,0,Maharashtra,2026,4
Mumbai,4W,43.76,89.33,25.42,1,3,public_slow,137.75,3.97,4.02,7.76,clear,0.151,low,262.56,0,Maharashtra,2021,4
Mumbai,4W,44.41,85.8,8.44,3,1,home,334.1,4.54,1.08,6.44,clear,0.207,low,266.45,0,Maharashtra,2019,6
Mumbai,4W,37.17,92.95,25.55,2.53,6,public_fast,60.11,0.45,3.41,8.96,clear,0.133,low,223,0,Maharashtra,2024,5
Mumbai,4W,41.69,79.21,8.45,2,5,public_fast,84.87,2.15,1.34,9.71,extreme_heat,0.259,middle,212.63,0,Maharashtra,2025,7
Mumbai,4W,34.57,89.37,26.93,1,3,public_slow,73.68,0.19,3.71,7.24,rainy,0.164,high,186.66,0,Maharashtra,2021,11
Mumbai,4W,39.99,82.15,26.44,2,2,public_fast,40.7,1.06,5.43,9.68,rainy,0.591,low,248.09,0,Maharashtra,2023,11
Mumbai,4W,32.24,85.51,24.82,3,5,home,300.66,2.42,4.64,8.43,rainy,0.087,middle,174.08,0,Maharashtra,2025,7
Mumbai,4W,49.22,92.15,12.89,3,4,public_slow,212.17,0.16,2.26,6.82,rainy,0.231,low,265.79,0,Maharashtra,2023,8
Mumbai,4W,38.36,86.02,48.47,4,6,home,291.83,1.29,7.55,7.41,extreme_heat,0.208,low,195.66,0,Maharashtra,2025,10
Mumbai,4W,30.56,78.36,40.63,2,4,public_slow,209.88,1.31,5.29,7.8,extreme_heat,0.276,low,155.88,0,Maharashtra,2026,6
Mumbai,4W,33.98,91.39,57.08,2,2,public_fast,63.48,0.27,10.39,5.22,clear,0.654,middle,203.89,0,Maharashtra,2019,4
Mumbai,4W,39.79,85.9,20.35,2,5,public_slow,194.49,0.94,4.57,7.82,humid,0.216,low,238.72,0,Maharashtra,2024,1
Mumbai,4W,40.44,89.37,32.66,3,3,public_fast,49.14,1.42,6.51,8.46,humid,0.574,high,242.64,0,Maharashtra,2023,2
Mumbai,4W,36.86,82.53,14.25,4,3,public_slow,144.15,1.13,2.37,9.96,extreme_heat,0.227,high,188.01,0,Maharashtra,2025,11
Mumbai,4W,43.94,96.78,69.04,4,2,home,281.79,0.34,11.35,6.85,clear,0.234,middle,263.63,0,Maharashtra,2023,8
Mumbai,4W,41.34,104.44,15.03,3,1,public_fast,65.36,2.12,2.17,6.05,humid,0.14,high,248.05,0,Maharashtra,2019,11
Mumbai,4W,39.96,81.28,2.02,2,5,home,321.18,0.56,0.3,8.88,clear,0.346,middle,239.78,0,Maharashtra,2024,3
Mumbai,4W,39.01,90.68,27.2,1,2,public_fast,61.24,3.36,4.16,5.62,clear,0.116,middle,234.07,0,Maharashtra,2021,10
Mumbai,4W,41.49,84.07,24.62,4,3,public_fast,58.17,0.64,3.09,10.39,humid,0.351,middle,248.95,0,Maharashtra,2026,11
Mumbai,4W,47.39,91.17,18.09,1,2,public_slow,163.99,1.12,5,5.96,clear,0.021,middle,284.31,0,Maharashtra,2019,2
Mumbai,4W,45.65,84.76,28.87,2,4,home,327.43,0.85,8.58,8.65,humid,0.421,low,273.88,0,Maharashtra,2025,2
Mumbai,4W,38.84,75.7,1,5,6,home,374.1,2.12,0.19,8.96,clear,0.147,middle,233.07,0,Maharashtra,2025,6
Mumbai,4W,45.98,97.69,15.93,4,2,public_fast,77.02,0.75,2.49,5.53,rainy,0.248,high,248.29,0,Maharashtra,2019,7
Mumbai,4W,31.6,81.09,26.44,2,3,home,247.75,0.72,3.74,11.12,rainy,0.233,low,170.63,0,Maharashtra,2025,10
Mumbai,4W,45.06,84.48,37.44,2,2,home,299.57,1.9,5.38,8.09,humid,0.164,low,270.34,0,Maharashtra,2025,5
Mumbai,4W,42.24,98.12,8.96,2,2,public_slow,103.84,0.53,1.27,6.59,extreme_heat,0.371,middle,215.44,0,Maharashtra,2020,11
Mumbai,4W,38.59,91.15,26.44,5,2,home,216.62,2.2,4.68,8.84,humid,0.497,middle,231.53,0,Maharashtra,2022,12
Mumbai,4W,35.85,89.21,19.32,3,1,home,297.83,0.43,3.1,6.5,rainy,0.231,high,193.61,0,Maharashtra,2020,11
Mumbai,4W,31.84,95.01,17.35,2,2,public_slow,328.29,0.34,3.01,7,rainy,0.255,middle,171.93,0,Maharashtra,2022,6
Mumbai,4W,35.77,99.54,9.69,4,1,home,318.98,3.49,1.44,6.68,extreme_heat,0.34,middle,182.41,0,Maharashtra,2020,11
Mumbai,4W,32.28,86.12,29.02,3,2,public_slow,230.21,2.02,4.48,7.93,extreme_heat,0.379,high,164.63,0,Maharashtra,2022,2
Mumbai,4W,34.05,98.39,1,2,1,public_slow,151.21,0.19,0.16,7.41,humid,0.042,high,224.79,0,Maharashtra,2020,12
Mumbai,4W,40.46,97.44,10.36,2,2,public_slow,375.39,3.48,2.25,6.8,clear,0.446,middle,242.76,0,Maharashtra,2020,10
Mumbai,4W,38.4,95.05,50.39,2.53,1,home,249.31,0.67,6.99,7.72,humid,0.21,low,230.39,0,Maharashtra,2020,12
Mumbai,4W,45.07,88.89,31.24,4,1,home,305,1.86,5.13,7.68,extreme_heat,0.113,low,229.85,0,Maharashtra,2022,3
Mumbai,4W,38.25,82.67,7.4,1,3,home,163.71,3.57,1.37,8.98,rainy,0.792,middle,206.57,0,Maharashtra,2025,10
Mumbai,4W,45.12,89.52,18.51,4,3,home,260.63,0.38,3.53,6.84,extreme_heat,0.47,middle,230.11,0,Maharashtra,2022,7
Mumbai,4W,40.96,89.37,21.61,3,5,home,320.7,1.5,4.29,9.21,rainy,0.388,middle,221.16,0,Maharashtra,2025,8
Mumbai,4W,39.99,97.56,14.5,1,4,home,311.06,0.64,2.9,6.33,rainy,0.144,middle,219.73,0,Maharashtra,2020,5
Mumbai,4W,36.24,83.8,1.82,3,4,home,278.55,1.39,0.4,6.96,extreme_heat,0.25,middle,184.84,0,Maharashtra,2025,9
Mumbai,4W,32.53,92.34,22.55,4,4,home,373.66,5.76,2.95,7.87,humid,0.247,low,195.19,0,Maharashtra,2023,5
Mumbai,4W,47.81,85.15,48.55,4,3,home,272.36,1.21,8.05,8.5,extreme_heat,0.523,low,243.81,0,Maharashtra,2024,5
Mumbai,4W,37,101.53,23.29,1,1,home,238.9,1.13,3.56,5.03,humid,0.192,middle,224.79,0,Maharashtra,2020,9
Mumbai,4W,39.99,97.72,43.58,3,2,home,285.9,5.75,5.57,7.27,humid,0.314,middle,263.9,0,Maharashtra,2019,8
Mumbai,4W,39.02,93.3,20.45,3,3,home,301.22,1.48,2.56,6.94,clear,0.114,low,234.11,0,Maharashtra,2021,5
Mumbai,4W,48.07,94.96,93.99,2,3,public_fast,47.79,3.24,5.23,6.95,rainy,0.034,high,224.79,0,Maharashtra,2021,9
Mumbai,4W,38.3,102.87,10.29,4,1,public_slow,195.53,1.8,1.75,7.16,humid,0.337,low,229.78,0,Maharashtra,2020,4
Mumbai,4W,38.5,99.64,7.16,2,3,public_fast,32.91,1.36,1.06,7.16,clear,0.504,middle,231.02,0,Maharashtra,2020,4
Mumbai,4W,36.68,94.94,1,2,4,public_slow,187.54,1.19,0.17,7.85,humid,0.195,low,220.07,0,Maharashtra,2022,7
Mumbai,4W,32.55,111.91,12.97,4,2,home,269.65,2.31,2.8,4.83,clear,0.417,low,195.32,0,Maharashtra,2023,8
Mumbai,4W,38.57,80.99,26.73,4,4,public_fast,30.7,5.34,6.38,8.05,rainy,0.177,low,208.27,0,Maharashtra,2024,12
Mumbai,4W,40.78,85.77,26.44,1,5,public_slow,180.33,0.37,1.86,7.56,extreme_heat,0.306,middle,208,0,Maharashtra,2025,6
Mumbai,4W,38.12,79.88,21.62,2,2,public_slow,239.6,0.07,4.47,9.03,extreme_heat,0.337,middle,194.44,0,Maharashtra,2025,5
Mumbai,4W,42.72,87.74,59.47,3,4,home,276,0.68,10.82,8.36,humid,0.019,middle,256.34,0,Maharashtra,2024,5
Mumbai,4W,33.19,85.04,49.2,4,6,public_slow,177.33,0.61,7.35,7.57,clear,0.366,middle,199.17,0,Maharashtra,2026,4
Mumbai,4W,31.91,95.47,29.89,2.53,2,public_slow,207.89,0.41,3.83,6.54,extreme_heat,0.282,low,162.73,0,Maharashtra,2021,9
Mumbai,4W,39.8,80.87,18.4,1,3,public_slow,178.74,0.73,3.13,8.36,humid,0.119,low,238.83,0,Maharashtra,2023,7
Mumbai,4W,45.11,89.37,26.02,3,2,public_slow,205.13,1.91,6.93,7.31,clear,0.239,middle,270.65,0,Maharashtra,2023,9
Mumbai,4W,42.2,80.05,62.3,4,5,public_slow,75.73,0.97,11.21,11.69,rainy,0.184,low,227.89,0,Maharashtra,2026,8
Mumbai,4W,40.19,96.96,15.57,3,3,home,239.53,0.18,2.14,7.23,rainy,0.421,middle,217.01,0,Maharashtra,2022,1
Mumbai,4W,36.99,95.2,4.7,4,3,home,384.94,0.21,0.72,7.71,rainy,0.196,low,199.75,0,Maharashtra,2023,9
Mumbai,4W,39.99,80.42,35.94,3,6,public_fast,25.58,0.7,5.83,9.46,extreme_heat,0.33,high,188.46,0,Maharashtra,2026,7
Mumbai,4W,40.33,88.43,30.73,1,5,public_slow,208.84,3.26,4.9,8.14,humid,0.474,middle,242,1,Maharashtra,2025,10
Mumbai,4W,43.73,85.68,5.75,2,2,public_slow,180.33,1.58,1.04,7.7,humid,0.237,low,262.37,0,Maharashtra,2022,4
Mumbai,4W,39.95,84.36,8.66,2.53,4,home,265.26,1.15,1.47,7.37,rainy,0.135,low,215.74,0,Maharashtra,2024,12
Mumbai,4W,35.38,76.81,23.42,3,5,public_slow,147.05,0.37,4.17,8.51,rainy,0.026,low,191.07,0,Maharashtra,2026,6
Mumbai,4W,43.53,89.37,8.09,3,5,public_fast,57.41,1.98,1.25,8.57,extreme_heat,0.318,middle,261.2,1,Maharashtra,2024,3
Mumbai,4W,37.8,103.56,35.64,3,3,home,319.19,0.56,7.28,7.42,extreme_heat,0.053,middle,192.79,0,Maharashtra,2021,8
Mumbai,4W,43.77,89.59,46.15,3,3,public_slow,198.34,0.49,6.83,8.8,clear,0.191,low,262.64,0,Maharashtra,2023,10
Mumbai,4W,35.33,98.64,27.03,2,1,public_slow,275.71,0.61,1.51,5.24,humid,0.442,low,211.98,0,Maharashtra,2019,1
Mumbai,4W,45.18,83.62,29.91,4,5,public_slow,151.34,1.98,4.91,8.71,clear,0.113,low,271.1,0,Maharashtra,2025,1
Mumbai,4W,45.02,83.49,19.04,2,3,public_fast,81.24,1.05,2.57,7.64,clear,0.246,low,270.11,0,Maharashtra,2023,3
Mumbai,4W,34.81,79.95,33.42,2,5,public_slow,179.4,0.98,5.07,7.37,rainy,0.449,high,187.99,0,Maharashtra,2025,1
Mumbai,4W,44.66,89.37,43.96,3,2,public_fast,73.92,2.76,6.03,6.92,rainy,0.491,low,241.14,0,Maharashtra,2020,10
Mumbai,4W,32.05,88.37,33.28,2,3,public_slow,187.18,1.17,5.31,10.15,humid,0.548,low,192.29,0,Maharashtra,2024,5
Mumbai,4W,41.84,89.53,23.67,3,3,home,288.13,3.29,6.71,7.26,rainy,0.526,low,225.93,0,Maharashtra,2020,9
Mumbai,4W,40.68,97.69,1,2,2,public_slow,194.45,0.64,0.17,4.24,rainy,0.379,middle,219.69,0,Maharashtra,2020,4
Mumbai,4W,44.69,89.37,23.5,3,1,public_slow,216.02,1.98,3.91,8.25,clear,0.154,low,268.17,0,Maharashtra,2023,6
Mumbai,4W,47.51,74.17,9.67,2,5,public_slow,156.85,0.64,1.41,10.03,rainy,0.425,middle,256.53,1,Maharashtra,2024,7
Mumbai,4W,35.14,87.26,24.28,4,2,public_fast,57.79,0.62,4.62,7.94,rainy,0.148,middle,189.73,0,Maharashtra,2023,8
Mumbai,4W,37.38,98.36,17.33,2,2,home,324.67,4.95,2.54,6.02,extreme_heat,0.29,middle,190.62,0,Maharashtra,2021,12
Mumbai,4W,37.23,94.37,14.51,3,2,public_fast,42.22,1.21,2.2,7.02,humid,0.32,middle,223.35,0,Maharashtra,2022,10
Mumbai,4W,39.99,82.13,16.26,4,4,public_slow,237.63,2.22,2.37,7.16,rainy,0.225,middle,259.54,0,Maharashtra,2024,9
Mumbai,4W,29.02,88.67,37.08,2,5,home,293.57,3.24,5.96,9.64,rainy,0.243,high,156.69,1,Maharashtra,2024,10
Mumbai,4W,38.35,107.35,32.51,3,3,public_slow,200.03,2.43,4.85,5.51,extreme_heat,0.219,middle,195.61,0,Maharashtra,2020,9
Mumbai,4W,36.02,88.95,26.6,3,5,public_fast,21.67,1.82,5.24,7.66,rainy,0.471,high,194.49,0,Maharashtra,2024,11
Mumbai,4W,34.14,85.74,28.02,2,3,public_slow,137.57,0.28,4.38,6.92,humid,0.314,low,204.83,0,Maharashtra,2024,3
Mumbai,4W,44.17,83.93,34.56,2,4,public_fast,56.9,3.57,4.6,9.25,extreme_heat,0.328,low,225.26,0,Maharashtra,2024,8
Mumbai,4W,30.57,97.36,37.31,3,2,home,330.9,6.58,5.97,6.11,clear,0.66,low,183.39,0,Maharashtra,2020,9
Mumbai,4W,26.33,95.95,44.44,3,2,public_fast,17.68,2.65,6.99,6.43,humid,0.061,high,158.01,0,Maharashtra,2020,5
Mumbai,4W,35.33,99.75,48.35,3,2,public_slow,196.32,2.67,7.71,7.96,extreme_heat,0.284,low,180.18,0,Maharashtra,2021,9
Mumbai,4W,36.31,89.9,40.71,2,3,public_fast,44.14,1.5,7.69,8.95,humid,0.574,low,217.86,0,Maharashtra,2023,8
Mumbai,4W,37.45,101.8,24.27,2,1,public_fast,40.84,0.95,3.84,7.72,clear,0.256,middle,224.68,0,Maharashtra,2020,5
Mumbai,4W,38.15,86.14,3.52,3,3,home,341.34,0.08,0.52,11.45,humid,0.225,low,228.88,0,Maharashtra,2024,8
Mumbai,4W,41.54,90.5,19.5,4,2,public_slow,191.3,3.16,3.47,7.72,extreme_heat,0.462,high,211.83,0,Maharashtra,2021,7
Mumbai,4W,38.28,89.78,26.44,3,3,public_slow,243.29,2.96,3.03,8.25,rainy,0.122,low,206.73,0,Maharashtra,2022,7
Mumbai,4W,38.59,92.42,72.26,2,1,home,187.25,0.38,12.89,6.96,rainy,0.174,high,208.38,0,Maharashtra,2022,11
Mumbai,4W,38.35,96.48,37.03,4,1,public_slow,187.26,3.63,4.42,5.65,extreme_heat,0.4,high,195.58,0,Maharashtra,2020,12
Mumbai,4W,34.75,97.53,21.52,3,2,home,263.57,5.93,3.77,7.22,clear,0.212,middle,208.52,0,Maharashtra,2021,2
Mumbai,4W,43.17,85.68,23.51,1,3,public_slow,238.74,2.95,4.92,7.5,rainy,0.393,low,233.1,0,Maharashtra,2024,10
Mumbai,4W,37.34,84.75,14.87,2,4,public_slow,195.56,0.32,3.28,8.76,extreme_heat,0.275,low,190.43,0,Maharashtra,2026,2
Mumbai,4W,34.82,81.61,1,3,5,public_fast,41.96,0.98,0.15,9.78,humid,0.082,low,208.95,0,Maharashtra,2026,4
Mumbai,4W,43.54,93.3,31.88,1,2,public_slow,100.24,0.33,5.2,7.15,clear,0.174,low,261.25,0,Maharashtra,2022,5
Mumbai,4W,44.76,90.35,50.97,3,2,public_slow,123.53,0.23,6.8,7.58,humid,0.05,middle,268.59,0,Maharashtra,2023,5
Mumbai,4W,35.51,80.03,29.67,3,4,public_slow,221.33,1.29,5.15,8.57,rainy,0.167,middle,191.73,0,Maharashtra,2024,12
Mumbai,4W,31.17,80.83,1,1,3,public_slow,221.2,0.29,0.18,7.93,extreme_heat,0.253,high,158.99,0,Maharashtra,2025,12
Mumbai,4W,40.34,104.34,43.37,1,1,public_fast,62.76,3.01,6.98,5.65,rainy,0.248,high,217.86,0,Maharashtra,2019,10
Mumbai,4W,34.69,80.28,29.88,3,5,public_slow,125.37,0.3,4.23,7.45,extreme_heat,0.502,low,176.94,0,Maharashtra,2023,8
Mumbai,4W,34.37,95.87,7.76,5,5,home,287.35,0.09,1.22,7.6,clear,0.506,low,206.22,0,Maharashtra,2023,5
Mumbai,4W,34.9,86.55,5.03,3,2,public_slow,138.77,7.98,0.86,8.38,clear,0.323,middle,209.43,0,Maharashtra,2023,8
Mumbai,4W,36.56,84.29,45.86,2,5,public_fast,42.72,0.6,10.33,9.61,rainy,0.303,middle,197.4,0,Maharashtra,2025,10
Mumbai,4W,30.53,79.43,21.05,2,6,home,338.97,3.34,4.01,8.38,humid,0.169,low,183.18,1,Maharashtra,2026,3
Mumbai,4W,45.68,98.57,34.55,4,3.23,public_slow,179.74,1.36,7.23,8.05,rainy,0.704,high,246.69,0,Maharashtra,2019,5
Mumbai,4W,32.89,96.69,49.77,3,2,public_slow,223.27,4.04,10.53,7.08,clear,0.082,high,197.35,0,Maharashtra,2021,11
Mumbai,4W,43.11,81.13,33.96,1,3,public_fast,95.92,2.17,7.24,9.37,humid,0.204,low,258.67,0,Maharashtra,2025,10
Mumbai,4W,38.08,96.96,1,2,4,public_fast,28.29,1.21,0.14,6.98,humid,0.168,middle,228.48,0,Maharashtra,2023,1
Mumbai,4W,29.32,104.9,21.23,2,3,home,313.94,0.11,3.7,6.66,rainy,0.344,middle,158.33,0,Maharashtra,2019,11
Mumbai,4W,33.18,95.65,3.14,2.53,3,public_slow,167.93,0.43,0.47,9.26,rainy,0.444,middle,179.18,0,Maharashtra,2021,10
Mumbai,4W,40.4,98.41,13.46,3,2,home,293.06,1.21,2.06,5.54,clear,0.04,high,242.42,0,Maharashtra,2020,8
Mumbai,4W,34,86.88,16.22,5,3,public_fast,11.47,0.56,1.7,8.84,humid,0.168,low,204.02,0,Maharashtra,2023,1
Mumbai,4W,36.58,73.5,32.61,3,5,public_slow,139.78,2.3,4.79,8.7,humid,0.35,low,219.47,1,Maharashtra,2026,10
Mumbai,4W,33.44,84.65,23.39,3,3,home,338.33,2.16,4.82,8.13,extreme_heat,0.293,middle,170.54,0,Maharashtra,2024,11
Mumbai,4W,34.43,95.52,21.5,4,2,public_fast,69.61,1.1,3.09,5.9,clear,0.453,low,206.55,0,Maharashtra,2020,9
Mumbai,4W,48.48,82.57,33.41,1,4,public_fast,18.93,3.46,5.15,9.98,rainy,0.273,middle,261.77,0,Maharashtra,2026,6
Mumbai,4W,37.14,82.58,33.02,3,5,home,238.72,0.74,5.09,7.9,extreme_heat,0.387,low,189.4,0,Maharashtra,2024,5
Mumbai,4W,37.63,90.16,25.26,2,4,public_fast,84.99,0.52,3.65,6.67,humid,0.173,high,225.76,0,Maharashtra,2024,11
Mumbai,4W,42.31,91.59,22.78,3,3,public_fast,70.49,4.93,3.34,7.29,clear,0.504,high,253.86,0,Maharashtra,2021,9
Mumbai,4W,37.1,80.32,22.15,3,4,public_fast,61.16,5.4,4.37,8.29,clear,0.331,middle,222.61,0,Maharashtra,2025,8
Mumbai,4W,37.43,86.52,14.46,3,4,public_fast,58.6,0.29,2.05,7.72,extreme_heat,0.111,high,224.6,0,Maharashtra,2024,7
Mumbai,4W,39.64,87.84,44.74,2,4,home,244.86,1.55,6.47,9.24,clear,0.239,high,237.81,0,Maharashtra,2025,2
Mumbai,4W,39.91,85.22,33.77,2,2,home,353.21,3.62,6.54,6.97,humid,0.568,low,239.44,0,Maharashtra,2023,7
Mumbai,4W,46.82,86.71,26.44,4,4,home,299.84,3.28,1.11,7.08,extreme_heat,0.034,middle,238.76,0,Maharashtra,2023,8
Mumbai,4W,39.34,96.23,11.13,4,4,public_slow,150.25,0.03,2,6.16,extreme_heat,0.144,low,200.63,0,Maharashtra,2022,1
Mumbai,4W,42.42,87.2,52.73,5,6,public_slow,147.89,0.63,10.09,9.75,rainy,0.075,high,229.09,0,Maharashtra,2025,9
Mumbai,4W,37.57,87.28,45.66,2,4,public_slow,195.59,1.63,7.09,5.13,humid,0.458,middle,225.42,0,Maharashtra,2023,8
Mumbai,4W,37.65,89.42,37.59,3,3,public_fast,32.86,0.58,5.77,7.95,extreme_heat,0.458,middle,192.03,0,Maharashtra,2022,4
Mumbai,4W,40.51,92.45,29.13,2,2,public_slow,208.75,3.56,5.17,7.53,extreme_heat,0.045,high,206.58,0,Maharashtra,2024,12
Mumbai,4W,38.49,97.94,31.13,2,3,public_slow,216.19,0.19,4.26,6.69,clear,0.034,low,230.92,0,Maharashtra,2021,3
Mumbai,4W,39.99,92.54,28.84,3,4,public_slow,251.54,1.32,3.55,9.46,clear,0.178,middle,256.95,0,Maharashtra,2025,1
Mumbai,4W,39.77,80.01,40.21,3,3,home,180.33,1.57,7.28,11.64,clear,0.143,middle,238.65,0,Maharashtra,2024,8
Mumbai,4W,38.13,91.75,19.1,2,5,public_slow,178.39,0.94,2.49,9.2,clear,0.29,high,228.78,0,Maharashtra,2023,4
Mumbai,4W,42.72,96.87,26.44,4,4,home,375.81,7.09,0.21,10.33,humid,0.29,low,256.33,0,Maharashtra,2024,10
Mumbai,4W,43.92,84.42,24.61,2,3.23,public_fast,47.6,1.75,4.55,8.95,extreme_heat,0.146,high,223.97,0,Maharashtra,2025,6
Mumbai,4W,40.09,88.73,11.2,2,2,home,350.43,3.15,2.05,7.39,rainy,0.53,low,216.5,0,Maharashtra,2022,3
Mumbai,4W,41.06,85.53,18.86,2,1,public_fast,94.78,3.46,4.1,6.97,rainy,0.374,high,221.75,0,Maharashtra,2020,4
Mumbai,4W,34.22,81.65,8.29,1,5,public_slow,187.93,0.77,1.53,8.54,extreme_heat,0.317,high,174.52,0,Maharashtra,2023,7
Mumbai,4W,45.05,97.05,17.31,2,2,home,180.53,13.23,3.68,6.88,humid,0.057,low,270.28,0,Maharashtra,2020,3
Mumbai,4W,40.11,100.77,43.13,1,2,public_slow,152.32,0.9,6.06,7.35,rainy,0.365,low,216.58,0,Maharashtra,2019,9
Mumbai,4W,27.69,88.72,4.85,2,5,public_fast,67.55,0.18,0.88,11.68,extreme_heat,0.055,low,141.22,0,Maharashtra,2026,9
Mumbai,4W,47.68,78.83,41.54,1,5,public_fast,59.18,0.69,6.11,9.53,clear,0.298,middle,286.05,0,Maharashtra,2025,4
Mumbai,4W,35.37,97.61,40.41,2,2,public_fast,24.35,0.45,6.76,6.36,rainy,0.442,high,191.01,0,Maharashtra,2021,4
Mumbai,4W,38.98,83.25,71.03,3,5,home,220.93,4.36,3.56,10.12,extreme_heat,0.309,high,198.78,1,Maharashtra,2025,5
Mumbai,4W,40.11,93.74,3.93,3,2,public_slow,253.58,3.28,0.53,6.63,extreme_heat,0.535,middle,204.54,0,Maharashtra,2022,3
Mumbai,4W,40.32,98.44,11.98,5,3,public_fast,54.85,1.27,1.87,6.59,clear,0.155,high,241.92,0,Maharashtra,2020,5
Mumbai,4W,28.02,92.6,44.74,2.53,3,public_slow,177.38,0.3,5.69,7.72,humid,0.442,middle,168.13,0,Maharashtra,2023,12
Mumbai,4W,41.36,103.61,9.42,3,2,public_fast,48.24,1.05,1.65,4.47,humid,0.087,middle,224.79,0,Maharashtra,2022,3
Mumbai,4W,41.75,87.16,37.93,3,3,public_fast,115.87,3.84,6.88,7.86,rainy,0.321,low,225.47,0,Maharashtra,2022,5
Mumbai,4W,34.69,84.68,31.53,4,5,public_fast,70.82,1.62,4.37,10.03,extreme_heat,0.193,middle,176.91,0,Maharashtra,2025,8
Mumbai,4W,39.37,99.24,45.9,2,3,public_fast,83.33,1.98,7.41,5.64,extreme_heat,0.325,middle,200.78,0,Maharashtra,2022,8
Mumbai,4W,42.65,77.54,23.72,4,3,public_fast,75.09,2.6,4.66,9.89,rainy,0.198,high,230.33,0,Maharashtra,2026,2
Mumbai,4W,39.99,101.15,6.79,2.53,2,public_slow,163.89,0.39,0.89,7.47,extreme_heat,0.082,middle,217.92,0,Maharashtra,2021,8
Mumbai,4W,35.28,77.04,27.47,3,5,public_slow,191.15,8.27,5.13,10.04,humid,0.413,middle,211.67,1,Maharashtra,2026,7
Mumbai,4W,34.02,82.43,17.9,3,3,public_fast,50.05,2.11,2.93,7.57,extreme_heat,0.571,middle,173.49,0,Maharashtra,2024,3
Mumbai,4W,35.17,72.23,22.62,3,5,public_fast,47.78,1.22,4.23,8.16,humid,0.105,middle,211.05,1,Maharashtra,2023,8
Mumbai,4W,32.64,86.93,1,3,3,public_fast,59.84,2.2,0.16,10.04,humid,0.16,low,195.85,0,Maharashtra,2025,7
Mumbai,4W,42.93,74.91,58.97,1,5,home,170.42,3.43,9.01,9.32,rainy,0.118,low,231.81,1,Maharashtra,2026,7
Mumbai,4W,35.94,97.33,11.67,2,2,home,308.72,3.85,1.89,7.72,humid,0.135,middle,215.62,0,Maharashtra,2020,7
Mumbai,4W,29.93,85.26,12.09,2,3,home,437.74,1.98,2.04,8.04,rainy,0.071,high,161.6,0,Maharashtra,2024,2
Mumbai,4W,42.46,97.36,28.1,3,3,home,404.73,3.07,4.39,4.2,clear,0.365,middle,254.76,0,Maharashtra,2019,5
Mumbai,4W,39.63,84.82,48.19,2,5,home,295.38,0.5,7.28,7.27,humid,0.264,low,237.78,0,Maharashtra,2022,9
Mumbai,4W,46.78,88.3,24.54,2,2,public_fast,59.1,1.06,3.47,8.5,clear,0.171,middle,280.68,0,Maharashtra,2022,12
Mumbai,4W,41.23,78.67,5.71,3,7,public_fast,59.6,3.59,0.99,10.15,humid,0.604,low,247.39,1,Maharashtra,2025,1
Mumbai,4W,32.82,98.65,19.96,3,1,public_slow,234.62,5.94,3.5,5.2,clear,0.284,high,196.93,0,Maharashtra,2021,7
Mumbai,4W,37.6,80.6,14.13,2.53,5,home,302.46,1.16,3.11,7.41,rainy,0.289,high,203.03,0,Maharashtra,2023,1
Mumbai,4W,36.78,85.8,11.23,4,3,public_slow,146.66,0.87,2.18,9.1,clear,0.15,high,220.69,0,Maharashtra,2023,1
Mumbai,4W,33.88,80.34,20.65,2,5,public_fast,56.05,1.03,3.7,7.67,clear,0.055,low,203.3,0,Maharashtra,2023,11
Mumbai,4W,43.89,78.44,23.3,1,3,home,274.81,2.42,3.88,5.62,humid,0.286,low,263.36,0,Maharashtra,2023,6
Mumbai,4W,39.99,80.29,30.49,2,5,home,304.62,1.31,4.91,6.03,clear,0.107,middle,219.21,0,Maharashtra,2023,5
Mumbai,4W,45.31,96.62,19.77,3,5,public_fast,48.6,6.08,3.33,7.95,clear,0.401,low,271.86,1,Maharashtra,2022,4
Mumbai,4W,47.06,73.89,31.09,2,6,public_fast,70.22,2.73,4.37,9.91,extreme_heat,0.253,low,224.79,1,Maharashtra,2026,5
Mumbai,4W,48.29,89.37,23.94,1,1,public_slow,140.94,0.97,4.55,6.32,clear,0.554,low,289.72,0,Maharashtra,2019,10
Mumbai,4W,35.92,91.51,8.93,1,4,public_slow,199.61,1.97,1.54,7.39,extreme_heat,0.111,middle,183.21,0,Maharashtra,2023,9
Mumbai,4W,38.38,89.37,37.55,3,3,home,293.98,0.25,5.07,3.84,extreme_heat,0.437,low,195.73,0,Maharashtra,2020,12
Mumbai,4W,35.09,76.34,33.44,2,4,home,293.93,3.09,5.49,8.66,clear,0.358,low,210.57,0,Maharashtra,2024,1
Mumbai,4W,41.54,82.99,3.05,2,5,home,435.13,0.19,0.49,9.17,extreme_heat,0.343,low,211.85,0,Maharashtra,2025,9
Mumbai,4W,46.31,84.5,5.85,2,3,home,311.99,0.86,0.89,4.55,extreme_heat,0.154,middle,236.19,0,Maharashtra,2023,8
Mumbai,4W,43.2,74.66,15.33,2,6,public_slow,173.91,1.67,4.37,9.43,rainy,0.112,middle,233.27,1,Maharashtra,2026,10
Mumbai,4W,37.67,79.3,10.21,3,4,public_fast,31.89,3.47,1.64,8.04,humid,0.207,high,226.01,0,Maharashtra,2025,7
Mumbai,4W,40.58,84.35,32.25,1,4,home,412.59,0.13,6.8,5.12,rainy,0.136,low,219.13,0,Maharashtra,2022,8
Mumbai,4W,43.21,86.28,22.14,2,4,public_slow,197.98,0.96,5.13,6.24,clear,0.194,low,259.27,0,Maharashtra,2022,8
Mumbai,4W,37.83,82.24,27.14,5,4,home,327.76,1.79,3.9,7.89,clear,0.159,middle,226.97,0,Maharashtra,2023,9
Mumbai,4W,47.76,94.92,1,4,2,public_fast,74.02,1.08,0.19,7.46,extreme_heat,0.385,middle,243.6,0,Maharashtra,2021,9
Mumbai,4W,40.39,81.05,14.15,3,3,public_fast,32.19,3.92,2.5,10.2,clear,0.44,low,242.33,0,Maharashtra,2023,8
Mumbai,4W,53.33,97.19,12.56,2,3,public_fast,63.1,0.45,2.36,5.62,extreme_heat,0.239,low,271.97,0,Maharashtra,2020,4
Mumbai,4W,39.47,93.31,28.58,4,2,public_slow,173.94,1.31,3.28,5.28,humid,0.27,middle,236.8,0,Maharashtra,2019,12
Mumbai,4W,32.11,103.03,44.62,1,3,public_slow,161.89,0.18,6.76,5.75,extreme_heat,0.193,low,163.78,0,Maharashtra,2020,6
Mumbai,4W,47.51,89.74,27.63,3,5,public_slow,227.83,0.32,6.26,8.06,humid,0.097,low,285.06,0,Maharashtra,2024,8
Mumbai,4W,37.99,97.2,10.85,3,2,home,317.19,0.28,3.15,5.43,extreme_heat,0.391,middle,193.73,0,Maharashtra,2021,4
Mumbai,4W,35.52,84.94,1,2,5,public_fast,87.55,4.06,0.19,9.83,extreme_heat,0.533,middle,181.16,1,Maharashtra,2025,6
Mumbai,4W,34.21,101.35,37.32,2,1,public_slow,189.23,1.57,6.65,7.05,rainy,0.546,low,184.74,0,Maharashtra,2021,6
Mumbai,4W,33.63,96.72,33.67,2.53,2,public_slow,49.87,0.67,4.78,5.73,clear,0.141,middle,201.76,0,Maharashtra,2020,12
Mumbai,4W,32.59,74.84,13.24,1,4,public_slow,153.63,0.26,2.49,9.1,humid,0.13,high,195.55,0,Maharashtra,2025,12
Mumbai,4W,47.12,96.31,29.83,2,4,public_fast,52.76,7.07,4.61,7.8,extreme_heat,0.103,low,240.31,0,Maharashtra,2024,3
Mumbai,4W,39.68,89.37,9.38,1,5,public_slow,191.8,6.94,1.47,8.84,humid,0.146,low,238.06,1,Maharashtra,2026,10
Mumbai,4W,34.83,85.48,37.41,4,2,public_fast,62.71,2.27,6.91,7.63,humid,0.594,middle,208.97,0,Maharashtra,2021,12
Mumbai,4W,34.53,87.89,35.35,4,3,public_fast,55.31,2.73,6.64,8.42,extreme_heat,0.238,middle,176.09,0,Maharashtra,2023,9
Mumbai,4W,46.41,87.79,18.37,1,3,public_slow,167.25,2.24,3.15,7.76,rainy,0.119,middle,250.62,0,Maharashtra,2022,8
Mumbai,4W,45.15,96.99,41.84,1,3,public_slow,187.41,0.15,8.75,8.2,clear,0.359,middle,270.92,0,Maharashtra,2021,2
Mumbai,4W,43.23,98.8,27.73,2,1,public_fast,102.66,1.04,3.98,6.79,humid,0.2,low,259.4,0,Maharashtra,2021,7
Mumbai,4W,39.32,106.82,17.94,1,1,public_slow,245.02,0.04,0.99,5.87,clear,0.371,middle,235.93,0,Maharashtra,2019,7
Mumbai,4W,36.31,74.61,12.87,2,5,public_fast,72.76,0.04,1.77,10.14,extreme_heat,0.032,middle,224.79,1,Maharashtra,2025,2
Mumbai,4W,31.83,83.53,25.68,5,4,public_slow,171.1,0.44,4.06,8.82,extreme_heat,0.358,middle,162.33,0,Maharashtra,2024,10
Mumbai,4W,27.31,84.21,24.08,2,4,public_fast,75.75,1.17,4.79,7.39,rainy,0.376,middle,147.48,0,Maharashtra,2023,6
Mumbai,4W,38.81,98.23,28.1,1,4,home,271.14,3.09,5.22,6.93,rainy,0.046,high,209.59,0,Maharashtra,2020,2
Mumbai,4W,35.16,92.81,49.49,2,2,public_fast,53.9,0.51,7.46,5.66,humid,0.28,high,210.98,0,Maharashtra,2019,9
Mumbai,4W,42.23,73.22,54.42,3,3.23,public_slow,221.9,0.38,9.29,7.72,rainy,0.315,low,228.02,1,Maharashtra,2026,9
Mumbai,4W,37.95,103.86,26.44,4,3,home,280.98,0.12,9.19,4.96,rainy,0.18,high,204.91,0,Maharashtra,2019,12
Mumbai,4W,38.81,91.94,29.53,4,4,home,303.54,0.4,4.17,6.68,humid,0.165,middle,232.87,0,Maharashtra,2022,4
Mumbai,4W,27.86,77.42,29.55,4,5,home,322.55,0.33,5.61,11.12,extreme_heat,0.139,low,167.15,0,Maharashtra,2026,8
Mumbai,4W,38.27,89.37,36.64,2,1,home,279.34,4.06,6.39,5.84,extreme_heat,0.21,high,195.19,0,Maharashtra,2019,9
Mumbai,4W,35.5,96.55,25.5,1,4,home,356.9,0.79,4.24,8.09,extreme_heat,0.29,middle,181.05,0,Maharashtra,2022,1
Mumbai,4W,42.38,93.78,25.26,1,1,public_fast,71.5,3.98,5.91,5.37,rainy,0.469,middle,224.79,0,Maharashtra,2021,4
Mumbai,4W,44.08,96.97,23.89,3,2,public_slow,181.49,0.26,3.99,6.73,extreme_heat,0.104,high,224.83,0,Maharashtra,2021,8
Mumbai,4W,42.78,99.64,1,3,1,public_slow,167.31,2.59,0.13,5.11,humid,0.511,high,256.65,0,Maharashtra,2019,7
Mumbai,4W,38.48,82.28,29.03,1,5,home,376.21,1.09,5.7,9.13,extreme_heat,0.161,middle,196.25,0,Maharashtra,2024,4
Mumbai,4W,35.75,86.45,18.18,2,3,home,306.54,0.91,2.95,6.53,extreme_heat,0.352,middle,182.31,0,Maharashtra,2022,9
Mumbai,4W,42.55,94.41,33.92,2,5,public_fast,59.41,9.59,4.62,7.98,rainy,0.22,middle,229.76,1,Maharashtra,2023,8
Mumbai,4W,26.77,86.82,27.14,2,5,public_fast,68.53,0.95,4.96,10.47,extreme_heat,0.565,low,136.53,0,Maharashtra,2025,6
Mumbai,4W,38.5,92.18,7.29,3,3,home,256.77,4.52,1.05,8.3,clear,0.737,high,231,0,Maharashtra,2022,5
Mumbai,4W,31.14,111.06,39.05,4,4,public_slow,129.43,1.36,4.37,8,clear,0.278,high,186.83,0,Maharashtra,2020,3
Mumbai,4W,33.05,83.76,16.43,3,4,public_slow,170.11,3.64,2.73,7.49,humid,0.29,high,198.33,0,Maharashtra,2024,1
Mumbai,4W,50.78,98.66,15.64,1,2,home,255.65,1.86,2.21,5.21,extreme_heat,0.322,high,258.96,0,Maharashtra,2020,2
Mumbai,4W,41.44,92.6,25.15,2,1,public_fast,51.23,2.31,1.53,6.56,extreme_heat,0.02,middle,211.32,0,Maharashtra,2021,4
Mumbai,4W,40.46,95.55,39.07,3,1,public_slow,125.3,0.78,10.07,7.69,rainy,0.385,middle,218.51,0,Maharashtra,2020,6
Mumbai,4W,41.31,79.46,22.75,3,4,public_fast,73.45,1.61,3.23,8.69,humid,0.093,middle,247.87,0,Maharashtra,2024,10
Mumbai,4W,37.45,87.85,19.39,4,4,public_slow,210.39,0.1,4.37,6.63,extreme_heat,0.394,middle,190.99,0,Maharashtra,2023,10
Mumbai,4W,39.89,95.74,27.46,2,2,home,220.44,9.88,3.61,5.07,rainy,0.167,low,215.41,0,Maharashtra,2019,12
Mumbai,4W,44.24,80.24,46.5,3,6,public_fast,91.62,2.04,7.92,8.87,extreme_heat,0.22,high,225.61,0,Maharashtra,2026,12
Mumbai,4W,39.13,101.57,27.84,3,3,home,184.65,0.32,3.66,4.27,extreme_heat,0.125,high,199.56,0,Maharashtra,2019,9
Mumbai,4W,32.29,100.57,5.87,1,3,public_slow,416.19,1.2,0.84,8.2,extreme_heat,0.29,low,164.69,0,Maharashtra,2020,10
Mumbai,4W,42.37,91.89,35.39,2,2,home,256.63,1.21,5.09,6.9,extreme_heat,0.406,high,216.08,0,Maharashtra,2020,7
Mumbai,4W,38.06,76.74,8.18,2,6,public_fast,84.87,2.28,1.16,8.37,humid,0.272,low,228.34,0,Maharashtra,2026,4
Mumbai,4W,33.15,95.66,21.15,3,3,home,352.81,0.87,2.65,7.18,clear,0.154,middle,198.88,0,Maharashtra,2022,11
Mumbai,4W,26.26,89.99,19.81,3,4,public_slow,207.92,0.71,2.86,8.72,humid,0.243,middle,157.54,0,Maharashtra,2024,10
Mumbai,4W,33.13,97.71,13.87,2,3,public_fast,68.75,1.43,2.71,6.38,humid,0.341,middle,198.75,0,Maharashtra,2019,2
Pune,4W,37.13,94.27,24.51,1,1,public_slow,45.74,1.02,3.95,6.61,rainy,0.135,low,200.51,0,Maharashtra,2020,3
Pune,4W,41.45,97.28,15.43,2,3,public_slow,155.07,4.3,3.2,7.94,rainy,0.112,middle,224.79,0,Maharashtra,2024,2
Pune,4W,41.61,99.11,49.21,4,2,public_slow,170.23,3.2,8.57,7.72,extreme_heat,0.6,middle,212.19,0,Maharashtra,2020,3
Pune,4W,41.63,79.15,23.58,3,5,public_slow,212.51,1.56,2.74,10.08,extreme_heat,0.445,middle,212.32,0,Maharashtra,2026,11
Pune,4W,38.16,92.86,26.29,1,1,public_fast,1.57,0.13,3.55,6.94,humid,0.245,middle,228.99,0,Maharashtra,2020,9
Pune,4W,40.92,110.12,25.1,2,1,public_fast,52.85,1.18,3.89,5.82,clear,0.538,middle,245.54,0,Maharashtra,2019,9
Pune,4W,39.99,78.97,50.79,3,6,public_fast,44.67,5.24,8.12,8.45,clear,0.477,middle,260.79,1,Maharashtra,2025,12
Pune,4W,43.1,96.82,7.16,3,1,public_slow,172.62,0.49,1.24,5.4,rainy,0.016,low,232.73,0,Maharashtra,2019,6
Pune,4W,33.6,78.46,13.01,1,4,public_fast,34.97,6.89,2.14,9.03,clear,0.096,low,201.62,0,Maharashtra,2026,2
Pune,4W,41.05,92.64,33.14,3,5,public_slow,191.82,2.26,4.32,8.66,rainy,0.115,middle,221.66,0,Maharashtra,2023,2
Pune,4W,47.62,94.68,51.73,1,1,public_slow,159.02,0.49,7.31,7.72,extreme_heat,0.312,middle,242.84,0,Maharashtra,2022,6
Pune,4W,42.61,84.51,59.09,1,5,home,334.42,2.89,9.64,7.22,humid,0.085,low,255.67,0,Maharashtra,2024,9
Pune,4W,39.01,70.46,29.99,3,6,public_fast,85.64,0.71,5.42,9.12,extreme_heat,0.235,low,224.79,1,Maharashtra,2026,4
Pune,4W,35.87,87.56,4.74,3,3,home,198.92,1.43,0.55,7.69,clear,0.31,high,215.22,0,Maharashtra,2022,4
Pune,4W,47.7,97.23,21.19,3,1,home,322.96,0.06,3.27,7.12,humid,0.112,low,286.21,0,Maharashtra,2019,8
Pune,4W,38.69,81.78,1,1,3.23,public_slow,248.89,1.98,0.16,8.73,humid,0.2,low,232.15,0,Maharashtra,2026,5
Pune,4W,38.69,105.41,6.12,2,1,public_slow,218.42,0.27,1.14,4.62,rainy,0.299,low,208.94,0,Maharashtra,2019,5
Pune,4W,40.36,92.29,3.42,2,4,public_slow,174.94,1.38,0.68,9.44,rainy,0.293,middle,217.95,0,Maharashtra,2025,1
Pune,4W,48.64,89.86,11.14,2,3,public_slow,159.01,0,1.98,6.67,extreme_heat,0.272,middle,248.05,0,Maharashtra,2024,11
Pune,4W,45.37,96.85,20.53,2,2,public_fast,49.45,0.16,3.52,5.99,clear,0.369,middle,272.21,0,Maharashtra,2019,6
Pune,4W,49.94,87.89,13.28,3,4,public_fast,97.94,3.14,1.85,7.61,extreme_heat,0.387,middle,254.71,0,Maharashtra,2023,6
Pune,4W,31.7,107.13,55.9,3,1,home,299.48,1.03,8.95,5.22,extreme_heat,0.247,middle,161.67,0,Maharashtra,2020,6
Pune,4W,36.92,75.26,15.91,2,4,public_fast,36.38,3.92,3.46,7.85,rainy,0.669,middle,199.35,0,Maharashtra,2025,3
Pune,4W,34.99,85.43,17.02,1,5,public_slow,211.88,2.78,2.58,10.13,clear,0.04,low,209.95,0,Maharashtra,2024,12
Pune,4W,34.92,77.16,37.29,2,5,home,365.16,0.48,6.72,9.16,extreme_heat,0.057,middle,178.09,0,Maharashtra,2026,9
Pune,4W,41.25,84.8,22.24,1,2,public_slow,125.42,3.64,3.63,5.57,clear,0.362,high,247.49,0,Maharashtra,2020,12
Pune,4W,42.57,85.41,1,3,3,public_slow,201.17,4.6,0.15,6.51,humid,0.181,middle,255.43,0,Maharashtra,2022,7
Pune,4W,35.26,92.29,38.18,2,1,home,400.62,0.61,6.2,6.04,extreme_heat,0.248,middle,179.81,0,Maharashtra,2020,9
Pune,4W,41.56,81.87,45.97,3,6,public_fast,49.17,0.82,8.19,9.4,humid,0.267,low,249.38,0,Maharashtra,2026,9
Pune,4W,43.2,89.37,31.82,4,1,public_slow,180.33,0.78,6.69,6.85,clear,0.482,middle,224.79,0,Maharashtra,2020,12
Pune,4W,40.6,93.25,42.32,3,2,home,300.18,1.62,5.79,6.68,humid,0.149,middle,243.62,0,Maharashtra,2020,3
Pune,4W,45.61,99.02,17.15,3,1,public_fast,95.18,2.47,3.56,5.55,extreme_heat,0.384,high,232.61,0,Maharashtra,2019,12
Pune,4W,37.08,89.11,2.77,1,5,public_slow,215.17,4.98,0.3,11.45,clear,0.344,middle,222.46,0,Maharashtra,2025,6
Pune,4W,46.95,73.59,33.08,1,3,public_slow,194.44,1.97,4.37,11.01,extreme_heat,0.183,low,239.43,0,Maharashtra,2026,10
Pune,4W,29.92,81.97,28.93,3,5,public_slow,231.14,1.58,5.29,8.12,humid,0.267,middle,179.54,0,Maharashtra,2026,12
Pune,4W,33.84,74.32,26.65,3,4,public_slow,225.11,0.47,5.95,10.57,extreme_heat,0.322,middle,172.59,0,Maharashtra,2026,2
Pune,4W,39.08,94.03,25.19,2,4,public_slow,219.87,0.98,6.41,8,rainy,0.614,middle,211.03,0,Maharashtra,2023,3
Pune,4W,39.89,78.02,46.86,3,4,home,262.73,2.48,6.67,7.58,rainy,0.519,low,215.39,0,Maharashtra,2026,9
Pune,4W,35.84,88.78,55.65,2,5,home,389.24,0.38,11.04,9.87,clear,0.291,low,215.07,0,Maharashtra,2025,12
Pune,4W,45.64,102.8,27.9,3,1,home,406.78,1.22,4.93,7.06,rainy,0.151,middle,224.79,0,Maharashtra,2020,5
Pune,4W,35.99,98.04,24.1,2,2,public_fast,48.9,0.64,5.22,6.06,rainy,0.48,low,194.32,0,Maharashtra,2019,1
Pune,4W,39.99,91.69,57.08,3,3,public_fast,74.29,0.38,8.67,8.42,rainy,0.225,high,251.62,0,Maharashtra,2020,8
Pune,4W,39.89,98.17,32.84,1,2,home,294.11,0.42,4.87,7.93,rainy,0.108,middle,215.43,0,Maharashtra,2021,6
Pune,4W,40.31,90.06,32.21,4,2,public_fast,61.58,4.97,7.33,7.46,clear,0.463,middle,241.83,0,Maharashtra,2021,10
Pune,4W,47.38,88.35,29.82,2,1,public_fast,98.78,2.64,5.27,7.03,rainy,0.189,high,255.84,0,Maharashtra,2021,11
Pune,4W,40.98,100.1,43.24,1,3,home,375.41,4.64,6.44,7.72,extreme_heat,0.202,low,209,0,Maharashtra,2020,8
Pune,4W,25.74,89.45,35.83,3,1,public_slow,71.91,0.75,5,7.56,rainy,0.427,middle,139.02,0,Maharashtra,2020,12
Pune,4W,38.08,93.27,21.41,2,3,public_slow,217.34,1.47,2.83,5.55,clear,0.184,low,228.46,0,Maharashtra,2023,8
Pune,4W,43.77,86.56,40.18,3,4,public_slow,114.45,0.8,6.16,9.84,rainy,0.097,middle,236.37,0,Maharashtra,2023,1
Pune,4W,45.77,98.1,18.1,3,3,public_fast,51.16,2.38,3.16,6.61,humid,0.188,low,274.62,0,Maharashtra,2020,7
Pune,4W,40.09,74.19,20.78,3,5,public_slow,180.33,2.87,3.24,8.74,extreme_heat,0.137,high,240.53,1,Maharashtra,2025,12
Pune,4W,46.39,84.51,23.82,1,5,public_fast,83.18,2.5,5.06,9.53,rainy,0.179,middle,250.53,0,Maharashtra,2024,12
Pune,4W,42.27,88,19.28,3,3,public_slow,229.45,0.87,2.93,7.71,extreme_heat,0.01,middle,224.79,0,Maharashtra,2022,12
Pune,4W,38.31,100.33,8.29,2,3.23,home,358.54,3.07,1.37,7.62,clear,0.221,high,229.86,0,Maharashtra,2021,3
Pune,4W,38.48,85.56,30.63,1,5,public_slow,198.37,1.39,5.66,7.66,clear,0.288,low,230.88,0,Maharashtra,2023,7
Pune,4W,38.35,92.68,24.38,3,6,home,307.81,0.16,3.88,7.36,humid,0.268,low,230.09,0,Maharashtra,2023,5
Pune,4W,35.95,85.1,28.22,1,2,public_fast,93.26,0.49,4.17,7.41,humid,0.427,middle,215.72,0,Maharashtra,2021,6
Pune,4W,46.19,79.14,1,3,4,home,252.37,0.64,0.18,10.2,extreme_heat,0.135,middle,235.58,0,Maharashtra,2025,8
Pune,4W,35.01,89.37,17.67,2,3,home,206.17,4.31,2.99,5.67,extreme_heat,0.14,middle,178.55,0,Maharashtra,2020,8
Pune,4W,40.61,102.16,32.32,1,1,public_fast,23.02,1.98,5.98,6.29,clear,0.236,middle,243.63,0,Maharashtra,2023,8
Pune,4W,39.53,86.08,43.89,1,4,home,341.29,3.95,4.37,6.55,humid,0.252,middle,237.15,0,Maharashtra,2026,6
Pune,4W,48.03,86.07,23.93,4,6,public_fast,28.36,3.43,3.45,8.25,rainy,0.403,middle,259.37,1,Maharashtra,2025,11
Pune,4W,37.59,93.87,13.19,2,4,public_fast,62.28,2.46,1.67,7.32,extreme_heat,0.263,middle,191.71,0,Maharashtra,2023,7
Pune,4W,44.75,90.94,49.29,3,4,public_fast,89.43,1.45,10.96,7.05,clear,0.053,low,268.47,0,Maharashtra,2021,12
Pune,4W,32.97,98.04,25.41,2,4,public_fast,60.13,2.52,3.78,8.05,extreme_heat,0.156,low,168.16,0,Maharashtra,2023,7
Pune,4W,44.01,93.61,13.27,2,4,home,388.94,0.53,2.58,9.59,humid,0.21,low,264.05,0,Maharashtra,2023,4
Pune,4W,43.87,80.23,17.78,4,2,public_fast,60.91,1.8,4.37,9.66,extreme_heat,0.307,low,223.73,0,Maharashtra,2024,10
Pune,4W,37.56,86.21,22.74,2,4,public_fast,52.31,2.37,4.46,9.77,clear,0.049,low,225.37,0,Maharashtra,2025,4
Pune,4W,41.56,94.45,17.71,3,3,public_slow,179.97,0.87,2.95,6.94,humid,0.42,low,249.36,0,Maharashtra,2021,8
Pune,4W,55.91,83.87,1,3,2,public_slow,165.69,0.73,0.16,5.62,rainy,0.111,middle,301.92,0,Maharashtra,2020,8
Pune,4W,43.56,88.34,36.37,2,2,public_fast,68.11,2.76,6.96,9.93,clear,0.29,high,261.38,0,Maharashtra,2022,5
Pune,4W,43.31,98.96,8.05,2,3,home,255.73,2.1,1.16,6.88,humid,0.582,middle,259.83,0,Maharashtra,2021,10
Pune,4W,39.42,83.93,21.35,3,3.23,public_fast,81.1,0.06,3.56,8.08,humid,0.139,low,236.49,0,Maharashtra,2023,8
Pune,4W,43.57,101.07,28.29,1,1,public_slow,278.16,0.58,5.44,2.92,humid,0.188,middle,261.43,0,Maharashtra,2019,6
Pune,4W,38.97,85.67,39.25,3,1,public_fast,62.13,4.96,6.61,7.9,humid,0.193,low,233.84,0,Maharashtra,2020,7
Pune,4W,35.62,82.63,7.75,2,4,public_fast,75.28,0.79,1.64,8.57,clear,0.301,high,213.75,0,Maharashtra,2025,9
Pune,4W,45.44,96.98,31.6,1,3,home,269.92,3.37,4.96,8.91,extreme_heat,0.356,low,231.75,0,Maharashtra,2023,11
Pune,4W,42.5,93.1,34.78,2,2,home,344.52,2.96,5.62,6.3,rainy,0.091,low,229.49,0,Maharashtra,2020,2
Pune,4W,42.92,82.99,26.42,1,4,home,316.41,3.87,4.31,8.47,humid,0.598,low,257.5,0,Maharashtra,2025,11
Pune,4W,42.93,98.25,34.21,1,1,public_slow,214.7,0.82,5.3,5.12,humid,0.134,high,257.56,0,Maharashtra,2019,12
Pune,4W,36.23,91.91,19.3,3,1,public_fast,38.57,2.1,4.37,7.72,rainy,0.45,middle,195.67,0,Maharashtra,2020,5
Pune,4W,34.76,82.19,46.53,3,3,public_fast,61.67,0.11,6.27,7.46,extreme_heat,0.432,low,177.29,0,Maharashtra,2022,7
Pune,4W,39.33,83.25,8.78,3,4,public_fast,27.16,0.56,1.87,9.28,extreme_heat,0.313,low,200.6,0,Maharashtra,2024,1
Pune,4W,39.51,75.34,20.35,1,4,public_fast,12.79,1.51,2.79,10.39,humid,0.179,low,237.03,0,Maharashtra,2025,8
Pune,4W,41.68,86.35,35.41,3,3.23,public_slow,223.56,3.51,8.69,9.83,humid,0.193,low,250.07,1,Maharashtra,2025,7
Pune,4W,44.07,84.22,23.02,2,4,public_slow,189.41,1.01,3.72,8,rainy,0.17,middle,237.96,0,Maharashtra,2022,2
Pune,4W,40.33,84.99,40.9,3,3,public_slow,230.18,1.93,5.07,6.64,humid,0.441,middle,241.96,0,Maharashtra,2023,11
Pune,4W,34.91,100.32,11.97,2,2,public_fast,57.51,1.98,3.31,7.34,rainy,0.084,low,188.53,0,Maharashtra,2019,2
Pune,4W,47.88,101.93,13.52,2,1,public_slow,165.84,3.45,2.93,5.27,extreme_heat,0.336,middle,244.2,0,Maharashtra,2019,4
Pune,4W,45.42,93.37,21.13,1,3,public_fast,77.8,0.25,4.02,6.64,extreme_heat,0.207,low,231.65,0,Maharashtra,2020,7
Pune,4W,44.05,96.13,2.78,2,1,public_fast,46.38,6.56,0.5,6.98,humid,0.195,middle,264.28,0,Maharashtra,2019,12
Pune,4W,44.89,79.37,41.47,4,4,public_fast,64.8,0.59,6.86,8.63,clear,0.294,low,269.35,0,Maharashtra,2025,5
Pune,4W,41.07,103.91,26.44,3,3,public_fast,58.26,0.43,9.14,8.13,humid,0.265,middle,246.4,0,Maharashtra,2019,10
Pune,4W,48.97,92.61,6.19,2,3,home,285.86,0.27,1.09,5.81,humid,0.309,middle,293.84,0,Maharashtra,2022,5
Pune,4W,43.56,77.55,40.83,3,5,home,314.3,0.87,5.98,9.47,humid,0.512,high,261.34,0,Maharashtra,2025,9
Pune,4W,46.11,93.98,28.03,3,2,public_fast,55.79,3.71,4.37,9.4,rainy,0.286,low,248.99,0,Maharashtra,2021,8
Pune,4W,32.83,97.16,14.29,2,2,public_fast,75.57,0.54,2.36,5.66,humid,0.009,low,196.95,0,Maharashtra,2019,10
Pune,4W,38.06,92.73,1,2,3,public_slow,111.5,1.23,0.2,7.1,clear,0.314,high,228.38,0,Maharashtra,2021,8
Pune,4W,34.54,92.92,34.27,2,5,public_slow,187.48,0.73,5.62,8.82,extreme_heat,0.329,middle,176.14,0,Maharashtra,2023,1
Pune,4W,49.26,88.1,32.23,1,1,public_slow,177.68,1.4,4.54,7.52,clear,0.401,low,295.56,0,Maharashtra,2020,10
Pune,4W,41.27,92.81,36.11,3,4,home,265.14,4.65,4.2,5.21,humid,0.149,middle,247.65,0,Maharashtra,2021,3
Pune,4W,36.14,95.88,22.71,2,3,public_slow,150.08,1.05,3.83,7.47,clear,0.556,middle,216.87,0,Maharashtra,2023,12
Pune,4W,42.39,90.89,30.47,4,4,public_slow,172.91,1.29,5.21,9.3,clear,0.364,low,254.37,0,Maharashtra,2024,1
Pune,4W,38.77,103.4,19.21,1,2,home,376.41,2.5,3.47,5.63,rainy,0.342,middle,209.37,0,Maharashtra,2019,4
Pune,4W,43.02,73.67,40.83,3,4,public_slow,145.39,1.03,6.52,8.72,rainy,0.277,high,232.33,0,Maharashtra,2025,11
Pune,4W,31.89,96.35,12.52,1,1,public_slow,246.29,0.85,4.37,7.08,humid,0.445,low,191.35,0,Maharashtra,2021,12
Pune,4W,32.14,79.63,32.11,1,5,public_slow,156.49,2.97,4.66,9.78,rainy,0.19,middle,173.54,0,Maharashtra,2024,9
Pune,4W,39.87,83.61,32.34,2,3,home,376.2,3.96,6.36,8.9,extreme_heat,0.351,high,203.33,0,Maharashtra,2023,1
Pune,4W,48.71,83.89,17.61,3,7,home,300.67,1.59,2.83,6.92,humid,0.148,low,292.26,0,Maharashtra,2025,1
Pune,4W,43.68,86.86,2.27,2,3,home,165.06,1.81,0.37,10.7,extreme_heat,0.627,middle,222.75,0,Maharashtra,2023,8
Pune,4W,50.17,79.91,22.09,2,2,public_fast,89.56,0.81,3.85,8.38,humid,0.025,low,301.02,0,Maharashtra,2024,12
Pune,4W,42.19,92.81,20.64,2,4,public_slow,247.47,5.35,4.27,7.38,clear,0.25,middle,253.17,0,Maharashtra,2022,11
Pune,4W,33.43,98.03,26.47,1,2,home,325.43,0.35,3.94,7.1,extreme_heat,0.09,high,180.55,0,Maharashtra,2021,9
Pune,4W,37.41,99.28,51.53,2,2,public_slow,123.81,0.63,7.87,7.72,humid,0.357,high,224.47,0,Maharashtra,2019,9
Pune,4W,42.42,101.05,22.26,2,1,home,182.96,4.93,3.83,7.52,clear,0.165,low,254.5,0,Maharashtra,2019,2
Pune,4W,43.43,88.56,20.8,2,1,public_slow,129.23,4.08,3.37,7.72,clear,0.256,high,260.56,0,Maharashtra,2022,8
Pune,4W,37.18,97.67,5.34,5,2,public_slow,140.53,5.29,0.81,7.5,humid,0.101,high,223.07,0,Maharashtra,2022,6
Pune,4W,50.09,71.94,30.14,3,7,public_slow,188.26,0.57,4.13,7.91,humid,0.562,low,300.52,1,Maharashtra,2026,7
Pune,4W,35.92,82.51,14.55,2,5,public_slow,136.79,1.39,1.83,8.42,extreme_heat,0.146,low,183.22,0,Maharashtra,2025,9
Pune,4W,29.54,94.91,28.18,1,4,home,228.08,0.08,4.82,4.78,rainy,0.412,low,159.53,0,Maharashtra,2020,3
Pune,4W,43.83,89.37,6.49,3,1,public_slow,143.97,4.9,1.09,9.55,clear,0.507,low,263,0,Maharashtra,2024,8
Pune,4W,39.99,96.72,48.64,2,2,home,284.82,0.2,8.97,4.72,extreme_heat,0.319,low,239.81,0,Maharashtra,2019,7
Pune,4W,45.24,90.89,44.25,4,5,home,338.46,4.91,12.16,7.22,extreme_heat,0.347,high,230.71,1,Maharashtra,2024,3
Pune,4W,49.77,96.18,26.44,1,1,public_fast,78.1,0.08,0.23,6.99,clear,0.316,high,298.6,0,Maharashtra,2020,9
Pune,4W,34.93,99.95,22.79,1,1,public_fast,101.66,2.07,3.93,7.58,clear,0.043,low,209.55,0,Maharashtra,2021,4
Pune,4W,41.64,82.2,15.62,4,4,public_fast,66.62,2.48,2.58,9.12,extreme_heat,0.118,middle,249.86,0,Maharashtra,2023,10
Pune,4W,36.58,105.98,14.27,2.53,3,public_slow,120.2,0.35,2.43,6.96,extreme_heat,0.095,low,186.57,0,Maharashtra,2020,4
Pune,4W,39.67,80.43,31.06,3,6,public_fast,-8.39,1.1,7.81,10.87,rainy,0.351,middle,214.24,0,Maharashtra,2025,5
Pune,4W,38.51,81.61,1,3,3,public_fast,49.76,0.45,0.16,7.35,rainy,0.176,middle,207.93,0,Maharashtra,2023,12
Pune,4W,36.74,95.93,52.97,3,2,home,180.33,1.41,9.17,7.18,extreme_heat,0.136,high,220.42,0,Maharashtra,2021,12
Pune,4W,42.83,89.7,32.13,2,1,home,398.05,1.6,7.66,4.05,clear,0.141,low,257,0,Maharashtra,2019,6
Pune,4W,38.78,94.42,32.35,2,5,home,182,3.41,7.46,6.24,clear,0.663,high,232.69,1,Maharashtra,2021,10
Pune,4W,33.85,86.46,1,3,1,home,339.29,0.33,0.15,7.05,clear,0.491,middle,203.08,0,Maharashtra,2020,12
Pune,4W,37.88,92.12,30.35,2,2,home,405.74,0.52,3.8,7.3,extreme_heat,0.175,middle,193.19,0,Maharashtra,2020,12
Pune,4W,28.97,82.46,20.45,3,1,public_fast,51.8,1.89,2.81,7.96,humid,0.518,low,173.82,0,Maharashtra,2025,11
Pune,4W,39.18,84.54,15.14,1,6,public_fast,75.76,0.29,2.35,11.36,extreme_heat,0.034,low,199.82,0,Maharashtra,2026,4
Pune,4W,46.75,79.81,38.06,3,4,public_slow,203.44,0.6,5.86,10.17,humid,0.246,middle,280.5,0,Maharashtra,2026,8
Pune,4W,38.45,89.83,12.92,2,3,public_fast,81.63,1.36,3.42,8.91,rainy,0.428,low,207.63,0,Maharashtra,2022,3
Pune,4W,39.79,83.7,22.55,2,6,home,253.66,2.19,4.09,9.76,extreme_heat,0.309,high,202.91,0,Maharashtra,2024,11
Pune,4W,44.42,82.86,36.39,3,2,home,311.82,0.24,6.81,7.72,clear,0.29,low,266.55,0,Maharashtra,2023,10
Pune,4W,37.87,81.6,20.62,5,4,public_fast,45.63,1.65,3.65,9.88,extreme_heat,0.251,middle,193.12,0,Maharashtra,2023,8
Pune,4W,41.2,80.06,5.03,3,5,public_slow,117.43,4.09,0.84,9.46,extreme_heat,0.035,low,222.47,1,Maharashtra,2025,10
Pune,4W,31.79,83.54,18.39,3,5,public_slow,288.82,1.2,2.75,6.65,extreme_heat,0.258,middle,162.11,0,Maharashtra,2023,8
Pune,4W,43.29,81.94,23.8,3,5,home,325.77,1.09,3.91,9.64,humid,0.516,high,259.72,0,Maharashtra,2026,4
Pune,4W,29.56,83.82,25.68,5,2,public_fast,64.1,0.36,4.54,7.77,rainy,0.455,middle,159.62,0,Maharashtra,2024,4
Pune,4W,43.51,83.35,20.13,1,5,home,261.75,0.25,3.12,9.19,rainy,0.205,middle,234.94,0,Maharashtra,2024,2
Pune,4W,38.1,88.13,53.79,3,3,home,274.41,0.12,7.57,8.27,rainy,0.467,high,205.76,0,Maharashtra,2024,1
Pune,4W,39.99,91.64,1,2,5,public_fast,43.82,5.06,0.16,10.35,humid,0.238,middle,263.55,1,Maharashtra,2023,8
Pune,4W,37.91,89.37,28.29,3,2,public_slow,180.57,3.95,6.38,7.4,rainy,0.377,low,204.71,0,Maharashtra,2020,5
Pune,4W,40.38,76.09,26.64,3,5,home,217.43,1.49,3.82,8.12,clear,0.18,middle,242.28,0,Maharashtra,2024,8
Pune,4W,49.95,104.58,24.26,3,1,public_slow,204.31,0.11,4.29,6.43,rainy,0.284,middle,269.73,0,Maharashtra,2020,12
Pune,4W,33.95,83.61,46.97,3,5,public_fast,83.6,3.37,10.26,9.98,extreme_heat,0.156,middle,173.14,1,Maharashtra,2025,10
Pune,4W,37.75,98.81,26.72,1,1,public_slow,202.12,0.77,6.36,7.72,humid,0.242,low,226.49,0,Maharashtra,2019,4
Pune,4W,50.36,90.55,31.52,2,3,public_fast,47.36,4.85,5.07,7.02,clear,0.467,low,302.15,0,Maharashtra,2022,4
Pune,4W,39.93,86.68,1,3,3.23,home,367.9,0.84,4.37,9.82,rainy,0.258,low,224.79,0,Maharashtra,2022,2
Pune,4W,35.07,82.45,21.96,3,4,home,296.05,1.03,3.08,7.15,humid,0.43,low,210.43,0,Maharashtra,2022,8
Pune,4W,37.8,90.27,24.03,2,3,home,317.58,3.53,3.86,8.89,extreme_heat,0.494,middle,192.77,0,Maharashtra,2021,11
Pune,4W,29.95,105.59,25.58,3,2,home,251.73,4.8,4.63,9.31,humid,0.203,low,179.69,0,Maharashtra,2021,2
Pune,4W,44.47,89.12,51.2,5,2,home,290.2,1.98,11.55,6.61,extreme_heat,0.309,middle,226.8,0,Maharashtra,2022,8
Pune,4W,36.97,95.36,26.44,2,3,home,332.74,3.24,3.8,8.26,rainy,0.278,low,199.62,0,Maharashtra,2021,12
Pune,4W,41.14,73.19,22.37,3,6,public_slow,223.05,0.15,3.69,10.06,humid,0.517,low,246.82,1,Maharashtra,2026,2
Pune,4W,37.39,102.69,1,1,3,public_slow,264.68,1.98,0.13,8.56,humid,0.26,high,224.37,0,Maharashtra,2020,1
Pune,4W,46.68,90.99,6.23,4,4,public_slow,189.06,0.62,1,8.46,extreme_heat,0.308,middle,238.07,0,Maharashtra,2022,9
Pune,4W,37.5,91.62,22.93,2,1,public_fast,86.65,0.66,3.08,6.58,extreme_heat,0.173,low,191.25,0,Maharashtra,2020,2
Pune,4W,37.91,94.89,40.4,1,4,public_slow,223,0.2,6.91,9.38,rainy,0.296,low,204.69,0,Maharashtra,2022,10
Pune,4W,29.21,85.69,35.52,3,3,public_slow,260.28,0.83,5.2,9.53,clear,0.085,high,175.27,0,Maharashtra,2024,9
Pune,4W,41.14,78.17,12.28,2.53,6,home,127.46,0.24,2.43,8.14,clear,0.352,middle,224.79,0,Maharashtra,2026,10
Pune,4W,39.59,91.3,37.17,3,4,public_slow,202.79,0.81,7.06,9.51,humid,0.137,high,237.52,0,Maharashtra,2024,11
Pune,4W,37.82,94.34,30.49,2,2,public_fast,73.3,1.83,5.64,6.48,rainy,0.039,low,224.79,0,Maharashtra,2021,2
Pune,4W,43.43,95.19,50.82,3,1,public_slow,227.15,0.38,7.61,6.61,humid,0.145,low,260.56,0,Maharashtra,2021,1
Pune,4W,32.16,89.37,21.38,2,3,public_fast,48.59,0.63,3.22,6.74,extreme_heat,0.355,low,164.02,0,Maharashtra,2023,8
Pune,4W,41.26,98.26,1,3,3,home,232.3,0.1,0.17,5.58,extreme_heat,0.24,low,210.41,0,Maharashtra,2021,7
Pune,4W,34.22,83.02,1,1,6,public_slow,144.64,0.75,0.18,10.56,extreme_heat,0.149,middle,174.53,0,Maharashtra,2026,12
Pune,4W,38.88,71.22,41.19,2.53,6,home,351.54,1.98,10.06,7.72,clear,0.393,low,233.28,1,Maharashtra,2026,4
Pune,4W,37.39,87.27,32.21,3,5,public_slow,163.86,2.75,6.16,9.85,clear,0.1,high,224.35,0,Maharashtra,2026,11
Pune,4W,35.82,109.16,26.52,3,1,home,238.66,2.97,4.37,7.99,extreme_heat,0.705,low,182.68,0,Maharashtra,2019,3
Pune,4W,29.38,88.46,43.37,3,3,home,320.49,0.08,8.44,8.51,extreme_heat,0.163,low,149.85,0,Maharashtra,2023,2
Pune,4W,45.39,94.68,22.79,4,3,public_slow,124.85,4.97,3.9,8.33,clear,0.172,middle,272.36,0,Maharashtra,2023,8
Pune,4W,43.98,99.96,26.6,3,2,public_fast,78.8,1.44,4.02,3.77,extreme_heat,0.051,low,224.29,0,Maharashtra,2019,7
Pune,4W,35.53,83.23,33.98,2,4,home,220.02,4.24,5.83,8.8,rainy,0.07,high,191.86,0,Maharashtra,2025,6
Pune,4W,44.16,87.26,21.07,1,2,public_fast,48.72,3.41,3.59,7.87,clear,0.28,middle,264.94,0,Maharashtra,2023,10
Pune,4W,35.66,79.81,26.75,3,4,public_slow,162.51,1.9,4.48,9.46,rainy,0.135,low,192.58,0,Maharashtra,2025,4
Pune,4W,51.08,90.49,17.9,1,2,public_fast,50.16,1.4,3.06,6.06,rainy,0.242,low,275.85,0,Maharashtra,2020,2
Pune,4W,39.19,91.82,19.7,3,1,home,280.03,1.21,4.35,6.66,clear,0.613,high,235.14,0,Maharashtra,2019,3
Pune,4W,34.58,79.06,26.44,4,4,public_fast,59.68,1.32,13.93,10.34,clear,0.52,low,207.47,0,Maharashtra,2026,3
Pune,4W,35.23,78.3,37.23,1,3.23,public_fast,62.62,1.4,7.68,8.44,rainy,0.339,high,190.23,0,Maharashtra,2026,12
Pune,4W,40.95,101.51,15.01,3,2,public_slow,180.38,1.91,2.4,5.66,clear,0.31,high,245.7,0,Maharashtra,2020,7
Pune,4W,41.87,97.47,24.42,3,3,home,297.16,1.28,1.49,4.94,clear,0.29,middle,251.24,0,Maharashtra,2020,1
Pune,4W,47.53,99.9,36.56,1,3,home,273.34,3.65,4.43,9.23,rainy,0.156,middle,256.66,0,Maharashtra,2023,8
Pune,4W,39.99,76.36,27.79,4,4,home,259.2,0.48,5.05,7.03,extreme_heat,0.502,high,170.01,0,Maharashtra,2025,8
Pune,4W,47.28,103.85,22.46,2,2,public_fast,53.23,4.68,3.76,7.24,extreme_heat,0.22,low,241.14,0,Maharashtra,2020,7
Pune,4W,38.33,89.37,94.69,3,3,public_slow,126.49,2.47,4.37,7.7,humid,0.115,high,229.96,0,Maharashtra,2022,9
Pune,4W,47.72,103.29,41.48,3,1,public_slow,274.08,0.5,8.94,6.08,clear,0.207,middle,286.31,0,Maharashtra,2019,7
Pune,4W,39.99,87.12,28.4,5,4,home,353.48,0.88,4.81,9.26,extreme_heat,0.055,high,181.68,0,Maharashtra,2023,10
Pune,4W,42.39,99.11,4.3,3,2,public_slow,163.28,8.68,0.69,6.84,extreme_heat,0.171,high,216.17,0,Maharashtra,2019,9
Pune,4W,38.82,91.38,14.72,1,3,home,242.99,1.98,1.78,7.79,humid,0.261,middle,232.91,0,Maharashtra,2022,6
Pune,4W,40.98,70.37,1,2.53,5,public_fast,38.87,0.31,0.14,8.53,humid,0.062,middle,245.9,1,Maharashtra,2026,4
Pune,4W,34.41,94,47.39,1,6,public_fast,56.79,0.62,2.36,10.16,clear,0.273,low,206.48,0,Maharashtra,2025,11
Pune,4W,44.19,77.85,31.35,3,5,home,188.43,0.28,5.9,10.64,extreme_heat,0.061,middle,225.37,0,Maharashtra,2025,4
Pune,4W,37.44,101.05,28.89,3,1,public_slow,183.81,3.56,4.74,4.54,clear,0.125,middle,224.61,0,Maharashtra,2020,7
Pune,4W,38.77,81.34,37.57,1,2,public_fast,63.9,2.11,6.89,9.06,clear,0.486,middle,232.6,0,Maharashtra,2023,2
Pune,4W,47.78,91.7,20.82,2,2,public_slow,145.22,0.24,2.57,5.87,extreme_heat,0.157,high,243.65,0,Maharashtra,2020,10
Pune,4W,40.65,100.24,22.46,2,1,public_fast,180.33,0.5,3.62,5.79,extreme_heat,0.29,middle,207.33,0,Maharashtra,2019,1
Pune,4W,40.96,100.34,26.44,2,1,home,341.19,1.44,3.17,7.43,clear,0.288,high,245.77,0,Maharashtra,2019,11
Pune,4W,36.1,89.37,39.19,2,1,home,328.04,0.54,6.02,4.89,clear,0.409,low,224.79,0,Maharashtra,2020,3
Pune,4W,41.76,75.3,27.18,2,4,public_fast,79.4,0.25,5.2,9.56,humid,0.493,middle,250.57,0,Maharashtra,2026,3
Pune,4W,42.86,107.95,47.16,3,1,public_fast,54.52,0.82,7.85,3.53,rainy,0.092,low,231.45,0,Maharashtra,2019,5
Pune,4W,40.21,79.72,34.11,2,4,public_fast,87.96,0.48,6.37,6.43,extreme_heat,0.176,low,217.11,0,Maharashtra,2023,2
Pune,4W,38.88,89.41,7.5,3,4,public_fast,65.67,0.83,1.53,9.98,rainy,0.275,low,209.96,0,Maharashtra,2023,12
Pune,4W,34.28,80.02,22.72,2,5,public_fast,68.54,3.19,4.61,9.18,extreme_heat,0.27,low,205.65,1,Maharashtra,2026,5
Pune,4W,45.11,83.22,24.72,2,5,home,231.41,2.26,3.61,9.46,clear,0.307,low,270.67,0,Maharashtra,2025,8
Pune,4W,43.18,97.29,26.44,1,3,home,281.99,0.1,5.94,7.78,extreme_heat,0.161,low,220.24,0,Maharashtra,2020,3
Pune,4W,41.14,83.73,24.89,3,3,home,292.69,6.42,3.85,7.93,extreme_heat,0.527,low,246.81,0,Maharashtra,2024,10
Pune,4W,47.34,93.19,37.34,3,3,home,413.53,2.92,6.11,7.88,extreme_heat,0.227,high,241.44,0,Maharashtra,2022,4
Pune,4W,42.54,71.93,2.5,4,3,public_slow,82.48,1.98,0.41,10.13,extreme_heat,0.295,low,216.96,0,Maharashtra,2025,8
Pune,4W,37.83,74.97,31.24,2,5,home,390.21,1.46,5.67,10.38,clear,0.273,middle,226.96,1,Maharashtra,2025,5
Pune,4W,32.05,90.91,27.96,1,3,public_slow,150.6,2.47,4.33,7.63,clear,0.664,high,192.29,0,Maharashtra,2021,5
Pune,4W,34.04,82.84,32.07,4,2,public_fast,53.24,1.81,5.19,7.04,extreme_heat,0.584,low,173.58,0,Maharashtra,2024,2
Pune,4W,41.53,88.42,28.66,2,4,public_slow,204.99,0.51,5.22,7.77,humid,0.668,middle,249.16,0,Maharashtra,2023,4
Pune,4W,39.99,100.76,12.87,2,3,public_slow,167.46,3.75,2.58,6.14,extreme_heat,0.131,middle,195.77,0,Maharashtra,2020,7
Pune,4W,38.24,94.92,17.89,1,2,public_fast,70.36,1.76,4.06,5.99,extreme_heat,0.207,high,195.03,0,Maharashtra,2020,4
Pune,4W,34.76,88.82,1,2,3.23,public_fast,70.95,2.61,0.17,7.83,clear,0.171,middle,208.58,0,Maharashtra,2022,12
Pune,4W,32.44,78.64,19.51,2,3,home,253.93,2.12,3.37,7.57,rainy,0.359,low,175.17,0,Maharashtra,2023,5
Pune,4W,46.8,88.32,36.03,3,4,public_slow,263.05,0.86,5.96,7.74,rainy,0.291,low,252.74,0,Maharashtra,2024,11
Pune,4W,36.38,68.24,1,1,4,public_fast,65.21,2.09,0.15,8.46,humid,0.157,middle,218.28,0,Maharashtra,2026,4
Pune,4W,44.8,95.72,21.05,2,3,home,252.89,0.36,3.42,8.21,clear,0.051,low,268.83,0,Maharashtra,2023,8
Pune,4W,42.59,89.77,28.06,4,3,public_fast,52.12,1.76,4.19,6.36,extreme_heat,0.381,low,217.19,0,Maharashtra,2022,7
Pune,4W,39.97,86.11,1,1,5,home,170.25,1.03,0.19,7.53,extreme_heat,0.328,high,203.84,0,Maharashtra,2023,9
Pune,4W,55.6,100.91,14.11,4,3,public_fast,62.16,7.28,1.68,7.39,rainy,0.087,high,300.22,0,Maharashtra,2020,1
Pune,4W,39.99,87.82,38.63,2,4,public_fast,11.34,0.68,6.59,7.71,clear,0.501,middle,270.19,0,Maharashtra,2023,1
Pune,4W,47.84,88.27,9.97,5,4,public_slow,40.84,2.34,1.85,8.74,humid,0.128,low,287.02,0,Maharashtra,2023,4
Pune,4W,42.47,92.33,16.11,2,3,home,356.02,5.25,2.61,7.79,rainy,0.335,low,229.31,0,Maharashtra,2022,7
Pune,4W,44.61,91.92,31.95,1,1,home,346.2,2.95,5.37,9.21,rainy,0.223,middle,240.91,0,Maharashtra,2023,5
Pune,4W,44.31,86.26,26.33,4,2,public_fast,89.2,2.76,4.16,8.53,extreme_heat,0.178,low,226,0,Maharashtra,2022,5
Pune,4W,38.48,88.47,1,3,7,public_slow,178.47,0.4,0.18,10.14,extreme_heat,0.089,high,196.27,0,Maharashtra,2026,12
Pune,4W,31.59,87.59,11.45,2,4,public_slow,208.25,2.41,2.04,7.3,extreme_heat,0.238,low,161.11,0,Maharashtra,2022,5
Pune,4W,39.99,85.76,24.74,4,4,public_slow,129.18,0.27,3.99,8.76,extreme_heat,0.474,high,214.46,0,Maharashtra,2024,8
Pune,4W,34.15,88.77,27.23,4,4,public_slow,202.49,0.49,4.72,7.73,rainy,0.485,low,184.39,0,Maharashtra,2023,2
Pune,4W,40.97,91.05,1,1,2,public_fast,43.27,0.59,0.19,6.66,clear,0.479,middle,245.81,0,Maharashtra,2021,3
Pune,4W,44.16,82.21,27.94,4,5,home,315.43,1.1,4.84,9.3,clear,0.613,high,264.98,0,Maharashtra,2026,7
Pune,4W,25.69,79.66,39.2,3,5,public_fast,70.08,1.42,5.09,8.93,clear,0.257,middle,154.16,0,Maharashtra,2026,2
Pune,4W,37.92,95.2,50.38,3,2,public_fast,45.07,1.34,9.97,6.53,clear,0.321,low,227.52,0,Maharashtra,2020,7
Pune,4W,46.01,80.72,1,1,2,home,398.72,0.64,0.15,9.51,extreme_heat,0.32,middle,248.48,0,Maharashtra,2025,8
Pune,4W,31.93,82.79,26.04,2,4,home,345.45,0.53,5.39,8.06,extreme_heat,0.146,low,162.83,0,Maharashtra,2024,6
Pune,4W,41.38,81.65,20.34,2,4,public_slow,211.41,0.8,3,9.4,humid,0.248,high,248.3,0,Maharashtra,2025,5
Pune,4W,48.19,89.39,15.42,4,1,home,304.64,3.26,2.87,6.05,humid,0.147,high,289.15,0,Maharashtra,2020,8
Pune,4W,47.68,85.41,26.44,3,2,public_slow,96.9,3.28,0.13,7.84,clear,0.154,high,286.08,0,Maharashtra,2022,12
Pune,4W,31.97,100.16,1,4,4,public_slow,163.01,3.45,0.21,7.46,extreme_heat,0.63,low,191.82,0,Maharashtra,2021,2
Pune,4W,45.24,81.52,6.31,2,4,public_fast,82.82,0.45,1.04,9.58,clear,0.174,middle,271.47,0,Maharashtra,2024,9
Pune,4W,40.64,93.3,4.9,2,1,home,403.39,6.16,0.7,4.52,extreme_heat,0.107,high,207.26,0,Maharashtra,2019,11
Pune,4W,41.98,97.37,41.73,2,2,home,248.61,2.61,5.7,6.92,clear,0.393,middle,251.87,0,Maharashtra,2022,6
Pune,4W,39.97,95.89,30.83,2,3,public_fast,69.79,3.44,5.55,8.58,humid,0.42,low,239.82,0,Maharashtra,2022,7
Pune,4W,40.77,87.44,15.66,4,3,public_fast,47.55,0.52,2.32,5.95,rainy,0.458,low,220.15,0,Maharashtra,2020,12
Pune,4W,46.94,77.21,16.4,4,5,public_fast,82.83,0.66,4.37,8.92,extreme_heat,0.17,high,239.37,0,Maharashtra,2026,7
Pune,4W,38.78,77.98,22.49,3,4,public_slow,111.12,0.38,4.59,8.51,clear,0.046,middle,224.79,0,Maharashtra,2026,6
Pune,4W,39.65,82.71,26.66,3,4,public_slow,182.33,4.2,3.66,9.7,humid,0.29,high,237.89,0,Maharashtra,2025,8
Pune,4W,38.47,96.63,53.2,5,3.23,public_fast,23.65,0.67,8.52,5.85,rainy,0.312,low,207.72,0,Maharashtra,2021,11
Pune,4W,40.66,86.37,31.72,3,7,public_fast,51.64,0.44,6.96,9.8,clear,0.018,low,243.99,0,Maharashtra,2026,11
Pune,4W,38.86,82.65,96.64,2,5,public_slow,177.65,0.1,4.85,12.45,rainy,0.555,high,209.85,0,Maharashtra,2026,6
Pune,4W,40,107.06,28.19,3,2,public_slow,197.54,3.6,4.21,6.89,humid,0.311,high,240.01,0,Maharashtra,2023,8
Pune,4W,45.72,98.24,1.7,3,2,home,329.22,1.75,0.32,7.38,clear,0.079,low,274.3,0,Maharashtra,2021,6
Pune,4W,38.91,97.13,40.19,2,2,public_slow,230.98,0.6,8.45,5.66,clear,0.34,low,233.48,0,Maharashtra,2020,11
Pune,4W,41.7,84.15,26.44,3,5,public_slow,20.03,3.05,9.06,9.58,humid,0.283,high,224.79,1,Maharashtra,2026,7
Pune,4W,32.14,80.68,55.9,2,3,home,332.1,4.16,3.31,6.14,clear,0.338,low,192.87,0,Maharashtra,2023,4
Pune,4W,36.2,82.38,37.32,3,3,public_slow,210.35,0.42,6.81,6.69,humid,0.133,low,217.2,0,Maharashtra,2022,9
Pune,4W,38.16,85.16,58.8,3,1,home,374.53,5.74,9.06,7.72,clear,0.487,middle,228.96,0,Maharashtra,2023,12
Pune,4W,35.98,75.4,24.45,2,5,home,260.17,5.85,4.56,9.71,rainy,0.283,low,194.29,1,Maharashtra,2026,10
Pune,4W,33.79,96.48,37.51,1,3,public_fast,82.56,1.31,5,4.56,humid,0.284,high,202.72,0,Maharashtra,2019,12
Pune,4W,34.42,98.09,5.22,2,3,public_fast,88.55,2,0.8,5.99,rainy,0.082,low,185.85,0,Maharashtra,2021,12
Pune,4W,41.29,98.08,42.11,3,1,public_fast,60.83,0.11,7.84,7.17,extreme_heat,0.181,middle,210.57,0,Maharashtra,2019,7
Pune,4W,35.56,83.67,36.51,2,4,public_slow,136.47,4.49,9.85,8.41,extreme_heat,0.296,high,181.34,0,Maharashtra,2025,6
Pune,4W,40.94,86.76,37.14,5,2,public_slow,174.95,0.11,5.72,8.23,extreme_heat,0.395,high,208.78,0,Maharashtra,2022,7
Pune,4W,39.89,88.87,41.9,4,3,public_fast,79.85,3.59,10.02,6.39,humid,0.424,high,239.32,0,Maharashtra,2023,10
Pune,4W,39.59,85.19,17.62,1,3,public_slow,187.04,0.79,2.6,7.33,clear,0.183,low,237.55,0,Maharashtra,2022,5
Pune,4W,44.33,71.54,2.58,3,5,public_fast,74.09,2.44,0.42,8.61,extreme_heat,0.444,middle,226.06,1,Maharashtra,2023,8
Pune,4W,40.6,102.97,3.39,3,1,public_slow,225.49,1.46,0.61,4.88,humid,0.046,low,243.57,0,Maharashtra,2020,2
Pune,4W,37.67,82.64,46.52,3,5,public_fast,47.09,1.34,5.94,9.25,clear,0.51,high,226.02,0,Maharashtra,2026,4
Pune,4W,40.07,92.77,39.25,3,4,public_fast,39.7,1.84,6.38,7.97,clear,0.261,low,240.4,0,Maharashtra,2023,8
Pune,4W,37.11,95.56,29.36,2,3.23,public_fast,44.32,2.11,4.81,6.41,rainy,0.29,middle,200.4,0,Maharashtra,2022,1
Pune,4W,41.61,79.5,37.71,2,5,home,343.47,3.18,5.27,11.05,clear,0.206,middle,249.65,1,Maharashtra,2025,10
Pune,4W,40.25,96.58,17.67,2,1,public_fast,102.6,0.56,2.45,7.06,rainy,0.129,high,217.36,0,Maharashtra,2020,12
Pune,4W,34.48,89.37,15.08,4,3,home,310.08,3.77,2.07,7.85,humid,0.283,high,206.85,0,Maharashtra,2021,5
Pune,4W,32.41,89.86,32.97,3,4,home,357.16,1.33,5.68,6.86,extreme_heat,0.113,low,165.27,0,Maharashtra,2025,2
Pune,4W,34.27,89.47,43.03,4,6,home,325.37,2.49,7.28,8.15,rainy,0.23,middle,185.04,0,Maharashtra,2023,7
Pune,4W,34.13,99.95,59.65,2,2,home,386.65,1.2,8.1,6.69,humid,0.166,middle,204.8,0,Maharashtra,2019,7
Pune,4W,33.52,83.97,61.25,2.53,4,public_fast,82.08,0.75,12.1,9.67,humid,0.525,middle,201.09,0,Maharashtra,2024,6
Pune,4W,31.09,90.34,28.43,2,3,home,224.75,1.52,4.63,8.72,rainy,0.153,high,167.89,0,Maharashtra,2023,1
Pune,4W,43.95,88.03,15.51,1,4,public_slow,205.84,1.01,2.43,7.97,extreme_heat,0.145,middle,224.12,0,Maharashtra,2022,2
